ISO-10303-21;
HEADER;
FILE_DESCRIPTION(('Open CASCADE Model'),'2;1');
FILE_NAME('Open CASCADE Shape Model','1970-01-01T00:00:00',('Author'),(
    'Open CASCADE'),'Open CASCADE STEP processor 7.9','Open CASCADE 7.9'
  ,'Unknown');
FILE_SCHEMA(('AUTOMOTIVE_DESIGN { 1 0 10303 214 1 1 1 1 }'));
ENDSEC;
DATA;
#1 = APPLICATION_PROTOCOL_DEFINITION('international standard',
  'automotive_design',2000,#2);
#2 = APPLICATION_CONTEXT(
  'core data for automotive mechanical design processes');
#3 = SHAPE_DEFINITION_REPRESENTATION(#4,#10);
#4 = PRODUCT_DEFINITION_SHAPE('','',#5);
#5 = PRODUCT_DEFINITION('design','',#6,#9);
#6 = PRODUCT_DEFINITION_FORMATION('','',#7);
#7 = PRODUCT('g1_wrist_camera_mount','g1_wrist_camera_mount','',(#8));
#8 = PRODUCT_CONTEXT('',#2,'mechanical');
#9 = PRODUCT_DEFINITION_CONTEXT('part definition',#2,'design');
#10 = SHAPE_REPRESENTATION('',(#11,#15,#19),#23);
#11 = AXIS2_PLACEMENT_3D('',#12,#13,#14);
#12 = CARTESIAN_POINT('',(0.,0.,0.));
#13 = DIRECTION('',(0.,0.,1.));
#14 = DIRECTION('',(1.,0.,-0.));
#15 = AXIS2_PLACEMENT_3D('',#16,#17,#18);
#16 = CARTESIAN_POINT('',(0.,0.,0.));
#17 = DIRECTION('',(0.,0.,1.));
#18 = DIRECTION('',(1.,0.,-0.));
#19 = AXIS2_PLACEMENT_3D('',#20,#21,#22);
#20 = CARTESIAN_POINT('',(0.,0.,0.));
#21 = DIRECTION('',(0.,0.,1.));
#22 = DIRECTION('',(1.,0.,-0.));
#23 = ( GEOMETRIC_REPRESENTATION_CONTEXT(3) 
GLOBAL_UNCERTAINTY_ASSIGNED_CONTEXT((#27)) GLOBAL_UNIT_ASSIGNED_CONTEXT(
(#24,#25,#26)) REPRESENTATION_CONTEXT('Context #1',
  '3D Context with UNIT and UNCERTAINTY') );
#24 = ( LENGTH_UNIT() NAMED_UNIT(*) SI_UNIT(.MILLI.,.METRE.) );
#25 = ( NAMED_UNIT(*) PLANE_ANGLE_UNIT() SI_UNIT($,.RADIAN.) );
#26 = ( NAMED_UNIT(*) SI_UNIT($,.STERADIAN.) SOLID_ANGLE_UNIT() );
#27 = UNCERTAINTY_MEASURE_WITH_UNIT(LENGTH_MEASURE(5.E-07),#24,
  'distance_accuracy_value','confusion accuracy');
#28 = PRODUCT_RELATED_PRODUCT_CATEGORY('part',$,(#7));
#29 = SHAPE_DEFINITION_REPRESENTATION(#30,#36);
#30 = PRODUCT_DEFINITION_SHAPE('','',#31);
#31 = PRODUCT_DEFINITION('design','',#32,#35);
#32 = PRODUCT_DEFINITION_FORMATION('','',#33);
#33 = PRODUCT('upper','upper','',(#34));
#34 = PRODUCT_CONTEXT('',#2,'mechanical');
#35 = PRODUCT_DEFINITION_CONTEXT('part definition',#2,'design');
#36 = ADVANCED_BREP_SHAPE_REPRESENTATION('',(#11,#37),#11510);
#37 = MANIFOLD_SOLID_BREP('',#38);
#38 = CLOSED_SHELL('',(#39,#823,#1011,#1484,#1556,#1587,#1748,#1774,
    #1802,#1851,#1984,#2125,#2280,#2329,#2760,#2863,#2888,#3122,#3433,
    #3708,#3893,#3919,#3947,#3998,#4023,#4048,#4074,#4104,#4129,#4156,
    #4234,#4261,#4311,#4318,#4367,#4416,#4463,#4470,#4529,#4584,#4634,
    #4761,#4830,#4837,#4844,#5054,#5103,#5152,#5240,#5289,#5347,#5402,
    #5457,#5563,#5650,#5682,#6447,#6550,#6990,#7037,#7937,#7999,#8006,
    #8086,#8139,#8165,#8171,#8335,#8360,#8366,#8374,#8381,#8385,#8393,
    #8420,#8511,#8535,#8584,#8635,#8728,#8732,#8736,#8761,#8767,#8774,
    #8780,#8834,#9240,#9360,#9387,#9430,#9455,#9480,#9527,#9534,#9608,
    #9658,#9708,#9733,#9807,#9857,#9907,#9932,#9957,#9982,#10007,#10014,
    #10085,#10135,#10185,#10212,#10288,#10337,#10386,#10413,#10489,
    #10539,#10589,#10616,#10687,#10737,#10787,#10814,#10890,#10940,
    #10990,#11017,#11024,#11051,#11058,#11127,#11177,#11227,#11252,
    #11321,#11371,#11421,#11446,#11451,#11464,#11477,#11484,#11497));
#39 = ADVANCED_FACE('',(#40),#55,.T.);
#40 = FACE_BOUND('',#41,.F.);
#41 = EDGE_LOOP('',(#42,#78,#105,#138,#178,#204,#277,#311,#372,#406,#439
    ,#461,#490,#516,#545,#571,#604,#631,#664,#704,#730,#770,#803));
#42 = ORIENTED_EDGE('',*,*,#43,.F.);
#43 = EDGE_CURVE('',#44,#46,#48,.T.);
#44 = VERTEX_POINT('',#45);
#45 = CARTESIAN_POINT('',(-52.,34.990855948376,0.8));
#46 = VERTEX_POINT('',#47);
#47 = CARTESIAN_POINT('',(-52.,-34.99085594837,0.8));
#48 = SURFACE_CURVE('',#49,(#54,#66),.PCURVE_S1.);
#49 = CIRCLE('',#50,35.);
#50 = AXIS2_PLACEMENT_3D('',#51,#52,#53);
#51 = CARTESIAN_POINT('',(-52.,0.,0.));
#52 = DIRECTION('',(1.,0.,0.));
#53 = DIRECTION('',(0.,1.,0.));
#54 = PCURVE('',#55,#60);
#55 = CYLINDRICAL_SURFACE('',#56,35.);
#56 = AXIS2_PLACEMENT_3D('',#57,#58,#59);
#57 = CARTESIAN_POINT('',(-52.,0.,0.));
#58 = DIRECTION('',(-1.,-0.,-0.));
#59 = DIRECTION('',(0.,1.,0.));
#60 = DEFINITIONAL_REPRESENTATION('',(#61),#65);
#61 = LINE('',#62,#63);
#62 = CARTESIAN_POINT('',(-0.,0.));
#63 = VECTOR('',#64,1.);
#64 = DIRECTION('',(-1.,0.));
#65 = ( GEOMETRIC_REPRESENTATION_CONTEXT(2) 
PARAMETRIC_REPRESENTATION_CONTEXT() REPRESENTATION_CONTEXT('2D SPACE',''
  ) );
#66 = PCURVE('',#67,#72);
#67 = PLANE('',#68);
#68 = AXIS2_PLACEMENT_3D('',#69,#70,#71);
#69 = CARTESIAN_POINT('',(-52.,-1.250230978322E-15,2.32193833596E-15));
#70 = DIRECTION('',(1.,0.,0.));
#71 = DIRECTION('',(-0.,0.,1.));
#72 = DEFINITIONAL_REPRESENTATION('',(#73),#77);
#73 = CIRCLE('',#74,35.);
#74 = AXIS2_PLACEMENT_2D('',#75,#76);
#75 = CARTESIAN_POINT('',(-2.32193833596E-15,-1.250230978322E-15));
#76 = DIRECTION('',(0.,-1.));
#77 = ( GEOMETRIC_REPRESENTATION_CONTEXT(2) 
PARAMETRIC_REPRESENTATION_CONTEXT() REPRESENTATION_CONTEXT('2D SPACE',''
  ) );
#78 = ORIENTED_EDGE('',*,*,#79,.F.);
#79 = EDGE_CURVE('',#80,#44,#82,.T.);
#80 = VERTEX_POINT('',#81);
#81 = CARTESIAN_POINT('',(-47.,34.990855948376,0.8));
#82 = SURFACE_CURVE('',#83,(#87,#93),.PCURVE_S1.);
#83 = LINE('',#84,#85);
#84 = CARTESIAN_POINT('',(-52.,34.990855948376,0.8));
#85 = VECTOR('',#86,1.);
#86 = DIRECTION('',(-1.,-0.,-0.));
#87 = PCURVE('',#55,#88);
#88 = DEFINITIONAL_REPRESENTATION('',(#89),#92);
#89 = B_SPLINE_CURVE_WITH_KNOTS('',1,(#90,#91),.UNSPECIFIED.,.F.,.F.,(2,
    2),(-28.0000006,5.999999999062E-07),.PIECEWISE_BEZIER_KNOTS.);
#90 = CARTESIAN_POINT('',(-2.285913360703E-02,-28.0000006));
#91 = CARTESIAN_POINT('',(-2.285913360703E-02,5.999999999062E-07));
#92 = ( GEOMETRIC_REPRESENTATION_CONTEXT(2) 
PARAMETRIC_REPRESENTATION_CONTEXT() REPRESENTATION_CONTEXT('2D SPACE',''
  ) );
#93 = PCURVE('',#94,#99);
#94 = PLANE('',#95);
#95 = AXIS2_PLACEMENT_3D('',#96,#97,#98);
#96 = CARTESIAN_POINT('',(-120.,-120.,0.8));
#97 = DIRECTION('',(0.,0.,1.));
#98 = DIRECTION('',(1.,0.,0.));
#99 = DEFINITIONAL_REPRESENTATION('',(#100),#104);
#100 = LINE('',#101,#102);
#101 = CARTESIAN_POINT('',(68.,154.99085594837));
#102 = VECTOR('',#103,1.);
#103 = DIRECTION('',(-1.,0.));
#104 = ( GEOMETRIC_REPRESENTATION_CONTEXT(2) 
PARAMETRIC_REPRESENTATION_CONTEXT() REPRESENTATION_CONTEXT('2D SPACE',''
  ) );
#105 = ORIENTED_EDGE('',*,*,#106,.F.);
#106 = EDGE_CURVE('',#107,#80,#109,.T.);
#107 = VERTEX_POINT('',#108);
#108 = CARTESIAN_POINT('',(-47.,34.5,5.894913061276));
#109 = SURFACE_CURVE('',#110,(#115,#122),.PCURVE_S1.);
#110 = CIRCLE('',#111,35.);
#111 = AXIS2_PLACEMENT_3D('',#112,#113,#114);
#112 = CARTESIAN_POINT('',(-47.,0.,0.));
#113 = DIRECTION('',(-1.,0.,0.));
#114 = DIRECTION('',(0.,1.,0.));
#115 = PCURVE('',#55,#116);
#116 = DEFINITIONAL_REPRESENTATION('',(#117),#121);
#117 = LINE('',#118,#119);
#118 = CARTESIAN_POINT('',(-6.28318530718,-5.));
#119 = VECTOR('',#120,1.);
#120 = DIRECTION('',(1.,-0.));
#121 = ( GEOMETRIC_REPRESENTATION_CONTEXT(2) 
PARAMETRIC_REPRESENTATION_CONTEXT() REPRESENTATION_CONTEXT('2D SPACE',''
  ) );
#122 = PCURVE('',#123,#128);
#123 = PLANE('',#124);
#124 = AXIS2_PLACEMENT_3D('',#125,#126,#127);
#125 = CARTESIAN_POINT('',(-47.,31.5,0.8));
#126 = DIRECTION('',(1.,0.,0.));
#127 = DIRECTION('',(0.,0.,1.));
#128 = DEFINITIONAL_REPRESENTATION('',(#129),#137);
#129 = ( BOUNDED_CURVE() B_SPLINE_CURVE(2,(#130,#131,#132,#133,#134,#135
,#136),.UNSPECIFIED.,.T.,.F.) B_SPLINE_CURVE_WITH_KNOTS((1,2,2,2,2,1),(
    -2.094395102393,0.,2.094395102393,4.188790204786,6.28318530718,
8.377580409573),.UNSPECIFIED.) CURVE() GEOMETRIC_REPRESENTATION_ITEM() 
RATIONAL_B_SPLINE_CURVE((1.,0.5,1.,0.5,1.,0.5,1.)) REPRESENTATION_ITEM(
  '') );
#130 = CARTESIAN_POINT('',(-0.8,-3.5));
#131 = CARTESIAN_POINT('',(-61.42177826491,-3.5));
#132 = CARTESIAN_POINT('',(-31.11088913245,49.));
#133 = CARTESIAN_POINT('',(-0.8,101.5));
#134 = CARTESIAN_POINT('',(29.510889132455,49.));
#135 = CARTESIAN_POINT('',(59.821778264911,-3.5));
#136 = CARTESIAN_POINT('',(-0.8,-3.5));
#137 = ( GEOMETRIC_REPRESENTATION_CONTEXT(2) 
PARAMETRIC_REPRESENTATION_CONTEXT() REPRESENTATION_CONTEXT('2D SPACE',''
  ) );
#138 = ORIENTED_EDGE('',*,*,#139,.T.);
#139 = EDGE_CURVE('',#107,#140,#142,.T.);
#140 = VERTEX_POINT('',#141);
#141 = CARTESIAN_POINT('',(-46.92262972162,33.823069050576,9.));
#142 = SURFACE_CURVE('',#143,(#151,#162),.PCURVE_S1.);
#143 = B_SPLINE_CURVE_WITH_KNOTS('',6,(#144,#145,#146,#147,#148,#149,
    #150),.UNSPECIFIED.,.F.,.F.,(7,7),(0.,1.),.PIECEWISE_BEZIER_KNOTS.);
#144 = CARTESIAN_POINT('',(-47.,34.5,5.894913061276));
#145 = CARTESIAN_POINT('',(-47.,34.411028667054,6.415618108956));
#146 = CARTESIAN_POINT('',(-46.99683355069,34.312605885676,6.93483309904
    ));
#147 = CARTESIAN_POINT('',(-46.98923985732,34.204624040438,7.45313719175
    ));
#148 = CARTESIAN_POINT('',(-46.97568200813,34.086972550198,7.97059296436
    ));
#149 = CARTESIAN_POINT('',(-46.95426861463,33.959669018696,
    8.486641130642));
#150 = CARTESIAN_POINT('',(-46.92262968464,33.823068890921,9.0000006));
#151 = PCURVE('',#55,#152);
#152 = DEFINITIONAL_REPRESENTATION('',(#153),#161);
#153 = B_SPLINE_CURVE_WITH_KNOTS('',6,(#154,#155,#156,#157,#158,#159,
    #160),.UNSPECIFIED.,.F.,.F.,(7,7),(0.,1.),.PIECEWISE_BEZIER_KNOTS.);
#154 = CARTESIAN_POINT('',(-0.169232727714,-5.));
#155 = CARTESIAN_POINT('',(-0.184325627647,-5.));
#156 = CARTESIAN_POINT('',(-0.19942204402,-5.003166449303));
#157 = CARTESIAN_POINT('',(-0.214544999015,-5.010760142672));
#158 = CARTESIAN_POINT('',(-0.229702973995,-5.024317991864));
#159 = CARTESIAN_POINT('',(-0.244886699491,-5.045731385361));
#160 = CARTESIAN_POINT('',(-0.260064490454,-5.077370315356));
#161 = ( GEOMETRIC_REPRESENTATION_CONTEXT(2) 
PARAMETRIC_REPRESENTATION_CONTEXT() REPRESENTATION_CONTEXT('2D SPACE',''
  ) );
#162 = PCURVE('',#163,#168);
#163 = CYLINDRICAL_SURFACE('',#164,3.);
#164 = AXIS2_PLACEMENT_3D('',#165,#166,#167);
#165 = CARTESIAN_POINT('',(-44.,34.5,0.8));
#166 = DIRECTION('',(0.,0.,1.));
#167 = DIRECTION('',(-1.,-0.,0.));
#168 = DEFINITIONAL_REPRESENTATION('',(#169),#177);
#169 = B_SPLINE_CURVE_WITH_KNOTS('',6,(#170,#171,#172,#173,#174,#175,
    #176),.UNSPECIFIED.,.F.,.F.,(7,7),(0.,1.),.PIECEWISE_BEZIER_KNOTS.);
#170 = CARTESIAN_POINT('',(0.,5.094913061276));
#171 = CARTESIAN_POINT('',(2.965711098204E-02,5.615618108956));
#172 = CARTESIAN_POINT('',(6.246478445347E-02,6.13483309904));
#173 = CARTESIAN_POINT('',(9.850530985892E-02,6.65313719175));
#174 = CARTESIAN_POINT('',(0.137914151007,7.17059296436));
#175 = CARTESIAN_POINT('',(0.180864955535,7.686641130642));
#176 = CARTESIAN_POINT('',(0.227603729349,8.2000006));
#177 = ( GEOMETRIC_REPRESENTATION_CONTEXT(2) 
PARAMETRIC_REPRESENTATION_CONTEXT() REPRESENTATION_CONTEXT('2D SPACE',''
  ) );
#178 = ORIENTED_EDGE('',*,*,#179,.F.);
#179 = EDGE_CURVE('',#180,#140,#182,.T.);
#180 = VERTEX_POINT('',#181);
#181 = CARTESIAN_POINT('',(-46.0335313036,33.823069050576,9.));
#182 = SURFACE_CURVE('',#183,(#187,#193),.PCURVE_S1.);
#183 = LINE('',#184,#185);
#184 = CARTESIAN_POINT('',(-52.,33.823069050576,9.));
#185 = VECTOR('',#186,1.);
#186 = DIRECTION('',(-1.,-0.,-0.));
#187 = PCURVE('',#55,#188);
#188 = DEFINITIONAL_REPRESENTATION('',(#189),#192);
#189 = B_SPLINE_CURVE_WITH_KNOTS('',1,(#190,#191),.UNSPECIFIED.,.F.,.F.,
  (2,2),(-24.8,-3.2),.PIECEWISE_BEZIER_KNOTS.);
#190 = CARTESIAN_POINT('',(-0.260064472714,-24.8));
#191 = CARTESIAN_POINT('',(-0.260064472714,-3.2));
#192 = ( GEOMETRIC_REPRESENTATION_CONTEXT(2) 
PARAMETRIC_REPRESENTATION_CONTEXT() REPRESENTATION_CONTEXT('2D SPACE',''
  ) );
#193 = PCURVE('',#194,#199);
#194 = PLANE('',#195);
#195 = AXIS2_PLACEMENT_3D('',#196,#197,#198);
#196 = CARTESIAN_POINT('',(-47.,31.5,9.));
#197 = DIRECTION('',(0.,0.,1.));
#198 = DIRECTION('',(1.,0.,0.));
#199 = DEFINITIONAL_REPRESENTATION('',(#200),#203);
#200 = B_SPLINE_CURVE_WITH_KNOTS('',1,(#201,#202),.UNSPECIFIED.,.F.,.F.,
  (2,2),(-24.8,-3.2),.PIECEWISE_BEZIER_KNOTS.);
#201 = CARTESIAN_POINT('',(19.8,2.323069050576));
#202 = CARTESIAN_POINT('',(-1.8,2.323069050576));
#203 = ( GEOMETRIC_REPRESENTATION_CONTEXT(2) 
PARAMETRIC_REPRESENTATION_CONTEXT() REPRESENTATION_CONTEXT('2D SPACE',''
  ) );
#204 = ORIENTED_EDGE('',*,*,#205,.F.);
#205 = EDGE_CURVE('',#206,#180,#208,.T.);
#206 = VERTEX_POINT('',#207);
#207 = CARTESIAN_POINT('',(-46.01245409494,29.36939916667,
    19.037814806033));
#208 = SURFACE_CURVE('',#209,(#228,#250),.PCURVE_S1.);
#209 = B_SPLINE_CURVE_WITH_KNOTS('',5,(#210,#211,#212,#213,#214,#215,
    #216,#217,#218,#219,#220,#221,#222,#223,#224,#225,#226,#227),
  .UNSPECIFIED.,.F.,.F.,(6,4,4,4,6),(0.,0.252538195915,0.500000007325,
    0.748094345597,1.),.UNSPECIFIED.);
#210 = CARTESIAN_POINT('',(-46.01245409494,29.36939916667,
    19.037814806033));
#211 = CARTESIAN_POINT('',(-46.01754441782,29.812414607662,
    18.354380417368));
#212 = CARTESIAN_POINT('',(-46.02196040966,30.23276217841,
    17.662361252128));
#213 = CARTESIAN_POINT('',(-46.02571813489,30.630934386108,
    16.962092549267));
#214 = CARTESIAN_POINT('',(-46.0288294261,31.007300354674,16.25380373994
    ));
#215 = CARTESIAN_POINT('',(-46.03372522533,31.709799375181,
    14.835835363769));
#216 = CARTESIAN_POINT('',(-46.03553513211,32.036787589452,
    14.126475362635));
#217 = CARTESIAN_POINT('',(-46.0367392825,32.343319189042,
    13.409662008079));
#218 = CARTESIAN_POINT('',(-46.03734136293,32.629513265439,
    12.685455522997));
#219 = CARTESIAN_POINT('',(-46.0373413628,33.161905229409,
    11.220385947121));
#220 = CARTESIAN_POINT('',(-46.03673620036,33.407997254998,10.4794898523
    ));
#221 = CARTESIAN_POINT('',(-46.03552588628,33.633645940467,
    9.731167515845));
#222 = CARTESIAN_POINT('',(-46.03370669621,33.838719977748,
    8.975388347553));
#223 = CARTESIAN_POINT('',(-46.02879822995,34.210023053939,
    7.437067815935));
#224 = CARTESIAN_POINT('',(-46.02568988632,34.375605339877,
    6.654299655498));
#225 = CARTESIAN_POINT('',(-46.02193828378,34.519427062,5.863719829802)
  );
#226 = CARTESIAN_POINT('',(-46.01753166791,34.641060741889,
    5.065267719804));
#227 = CARTESIAN_POINT('',(-46.01245409494,34.739917983066,
    4.258884657968));
#228 = PCURVE('',#55,#229);
#229 = DEFINITIONAL_REPRESENTATION('',(#230),#249);
#230 = B_SPLINE_CURVE_WITH_KNOTS('',5,(#231,#232,#233,#234,#235,#236,
    #237,#238,#239,#240,#241,#242,#243,#244,#245,#246,#247,#248),
  .UNSPECIFIED.,.F.,.F.,(6,4,4,4,6),(0.,0.252538195915,0.500000007325,
    0.748094345597,1.),.UNSPECIFIED.);
#231 = CARTESIAN_POINT('',(-0.575122474052,-5.987545905054));
#232 = CARTESIAN_POINT('',(-0.551852185655,-5.982455582171));
#233 = CARTESIAN_POINT('',(-0.528728359257,-5.978039590334));
#234 = CARTESIAN_POINT('',(-0.505725131792,-5.974281865104));
#235 = CARTESIAN_POINT('',(-0.482817975458,-5.971170573895));
#236 = CARTESIAN_POINT('',(-0.437605197874,-5.966274774667));
#237 = CARTESIAN_POINT('',(-0.415296848337,-5.964464867881));
#238 = CARTESIAN_POINT('',(-0.393033996978,-5.963260717497));
#239 = CARTESIAN_POINT('',(-0.370793800225,-5.962658637061));
#240 = CARTESIAN_POINT('',(-0.326256541661,-5.962658637199));
#241 = CARTESIAN_POINT('',(-0.303959497757,-5.963263799634));
#242 = CARTESIAN_POINT('',(-0.281639625393,-5.964474113719));
#243 = CARTESIAN_POINT('',(-0.259273904735,-5.966293303782));
#244 = CARTESIAN_POINT('',(-0.214059711259,-5.971201770044));
#245 = CARTESIAN_POINT('',(-0.191209211203,-5.974310113671));
#246 = CARTESIAN_POINT('',(-0.168262997903,-5.97806171622));
#247 = CARTESIAN_POINT('',(-0.145196723903,-5.982468332087));
#248 = CARTESIAN_POINT('',(-0.121984721439,-5.987545905054));
#249 = ( GEOMETRIC_REPRESENTATION_CONTEXT(2) 
PARAMETRIC_REPRESENTATION_CONTEXT() REPRESENTATION_CONTEXT('2D SPACE',''
  ) );
#250 = PCURVE('',#251,#256);
#251 = B_SPLINE_SURFACE_WITH_KNOTS('',1,1,(
    (#252,#253)
    ,(#254,#255
  )),.UNSPECIFIED.,.F.,.F.,.F.,(2,2),(2,2),(0.,16.),(0.,1.),
  .PIECEWISE_BEZIER_KNOTS.);
#252 = CARTESIAN_POINT('',(-45.95734636006,32.925387232312,
    3.452927708832));
#253 = CARTESIAN_POINT('',(-47.15742456566,72.440326686791,
    21.004209237008));
#254 = CARTESIAN_POINT('',(-45.95734636006,27.460767417354,
    18.490810880275));
#255 = CARTESIAN_POINT('',(-47.15742456566,69.024939302443,
    30.40288621916));
#256 = DEFINITIONAL_REPRESENTATION('',(#257),#276);
#257 = B_SPLINE_CURVE_WITH_KNOTS('',5,(#258,#259,#260,#261,#262,#263,
    #264,#265,#266,#267,#268,#269,#270,#271,#272,#273,#274,#275),
  .UNSPECIFIED.,.F.,.F.,(6,4,4,4,6),(0.,0.252538195915,0.500000007325,
    0.748094345597,1.),.UNSPECIFIED.);
#258 = CARTESIAN_POINT('',(16.,4.592011972698E-02));
#259 = CARTESIAN_POINT('',(15.205397038654,5.016177902822E-02));
#260 = CARTESIAN_POINT('',(14.405531330722,5.384153241139E-02));
#261 = CARTESIAN_POINT('',(13.601402584863,5.697276603655E-02));
#262 = CARTESIAN_POINT('',(12.793938915558,5.95653397496E-02));
#263 = CARTESIAN_POINT('',(11.190341858759,6.36449065683E-02));
#264 = CARTESIAN_POINT('',(10.394313463126,6.51530639349E-02));
#265 = CARTESIAN_POINT('',(9.596724351428,6.615645719557E-02));
#266 = CARTESIAN_POINT('',(8.798363630206,6.665815819564E-02));
#267 = CARTESIAN_POINT('',(7.199595477853,6.665815808111E-02));
#268 = CARTESIAN_POINT('',(6.399194131364,6.615388891538E-02));
#269 = CARTESIAN_POINT('',(5.599570295891,6.514535957174E-02));
#270 = CARTESIAN_POINT('',(4.801519204715,6.362946664561E-02));
#271 = CARTESIAN_POINT('',(3.197971289595,5.95393446526E-02));
#272 = CARTESIAN_POINT('',(2.392555132836,5.694922709823E-02));
#273 = CARTESIAN_POINT('',(1.590461823413,5.382309537444E-02));
#274 = CARTESIAN_POINT('',(0.792612690571,5.015115479077E-02));
#275 = CARTESIAN_POINT('',(0.,4.592011972698E-02));
#276 = ( GEOMETRIC_REPRESENTATION_CONTEXT(2) 
PARAMETRIC_REPRESENTATION_CONTEXT() REPRESENTATION_CONTEXT('2D SPACE',''
  ) );
#277 = ORIENTED_EDGE('',*,*,#278,.F.);
#278 = EDGE_CURVE('',#279,#206,#281,.T.);
#279 = VERTEX_POINT('',#280);
#280 = CARTESIAN_POINT('',(-28.07663283562,29.300213449487,
    19.144124211218));
#281 = SURFACE_CURVE('',#282,(#288,#297),.PCURVE_S1.);
#282 = B_SPLINE_CURVE_WITH_KNOTS('',4,(#283,#284,#285,#286,#287),
  .UNSPECIFIED.,.F.,.F.,(5,5),(0.,1.),.PIECEWISE_BEZIER_KNOTS.);
#283 = CARTESIAN_POINT('',(-28.07663283562,29.300213449487,
    19.144124211218));
#284 = CARTESIAN_POINT('',(-32.58127101291,29.317647731637,
    19.117440922772));
#285 = CARTESIAN_POINT('',(-37.07226743997,29.334990280404,
    19.090827274731));
#286 = CARTESIAN_POINT('',(-41.5494015059,29.352240838316,
    19.064284744921));
#287 = CARTESIAN_POINT('',(-46.01245409494,29.36939916667,
    19.037814806033));
#288 = PCURVE('',#55,#289);
#289 = DEFINITIONAL_REPRESENTATION('',(#290),#296);
#290 = B_SPLINE_CURVE_WITH_KNOTS('',4,(#291,#292,#293,#294,#295),
  .UNSPECIFIED.,.F.,.F.,(5,5),(0.,1.),.PIECEWISE_BEZIER_KNOTS.);
#291 = CARTESIAN_POINT('',(-0.578746472374,-23.92336716437));
#292 = CARTESIAN_POINT('',(-0.57783578657,-19.41872898708));
#293 = CARTESIAN_POINT('',(-0.576928200059,-14.92773256003));
#294 = CARTESIAN_POINT('',(-0.576023750198,-10.45059849409));
#295 = CARTESIAN_POINT('',(-0.575122474052,-5.987545905054));
#296 = ( GEOMETRIC_REPRESENTATION_CONTEXT(2) 
PARAMETRIC_REPRESENTATION_CONTEXT() REPRESENTATION_CONTEXT('2D SPACE',''
  ) );
#297 = PCURVE('',#298,#303);
#298 = B_SPLINE_SURFACE_WITH_KNOTS('',1,1,(
    (#299,#300)
    ,(#301,#302
  )),.UNSPECIFIED.,.F.,.F.,.F.,(2,2),(2,2),(0.,18.),(0.,1.),
  .PIECEWISE_BEZIER_KNOTS.);
#299 = CARTESIAN_POINT('',(-45.95734636006,27.460767417354,
    18.490810880275));
#300 = CARTESIAN_POINT('',(-47.15742456566,69.024939302443,
    30.40288621916));
#301 = CARTESIAN_POINT('',(-28.04265363993,29.105880849891,
    19.08862902787));
#302 = CARTESIAN_POINT('',(-35.21429608558,70.121681590801,
    30.801431650889));
#303 = DEFINITIONAL_REPRESENTATION('',(#304),#310);
#304 = B_SPLINE_CURVE_WITH_KNOTS('',4,(#305,#306,#307,#308,#309),
  .UNSPECIFIED.,.F.,.F.,(5,5),(0.,1.),.PIECEWISE_BEZIER_KNOTS.);
#305 = CARTESIAN_POINT('',(18.,4.737993555783E-03));
#306 = CARTESIAN_POINT('',(13.541409477915,1.508240809684E-02));
#307 = CARTESIAN_POINT('',(9.055252796116,2.539456154764E-02));
#308 = CARTESIAN_POINT('',(4.541465156699,3.567396160909E-02));
#309 = CARTESIAN_POINT('',(0.,4.592011972698E-02));
#310 = ( GEOMETRIC_REPRESENTATION_CONTEXT(2) 
PARAMETRIC_REPRESENTATION_CONTEXT() REPRESENTATION_CONTEXT('2D SPACE',''
  ) );
#311 = ORIENTED_EDGE('',*,*,#312,.F.);
#312 = EDGE_CURVE('',#313,#279,#315,.T.);
#313 = VERTEX_POINT('',#314);
#314 = CARTESIAN_POINT('',(-28.07663283562,34.755124014394,
    4.132959562359));
#315 = SURFACE_CURVE('',#316,(#331,#349),.PCURVE_S1.);
#316 = B_SPLINE_CURVE_WITH_KNOTS('',4,(#317,#318,#319,#320,#321,#322,
    #323,#324,#325,#326,#327,#328,#329,#330),.UNSPECIFIED.,.F.,.F.,(5,3,
    3,3,5),(0.,0.252657830491,0.500000008073,0.747974600481,1.),
  .UNSPECIFIED.);
#317 = CARTESIAN_POINT('',(-28.07663283562,34.755124014394,
    4.132959562359));
#318 = CARTESIAN_POINT('',(-28.11641929898,34.632955937249,
    5.160302464635));
#319 = CARTESIAN_POINT('',(-28.14918647723,34.471305731213,6.17435879557
    ));
#320 = CARTESIAN_POINT('',(-28.17517510979,34.271691482663,
    7.175133010141));
#321 = CARTESIAN_POINT('',(-28.21342717504,33.80297520469,9.129474066654
    ));
#322 = CARTESIAN_POINT('',(-28.22596777076,33.535426723835,
    10.083580512049));
#323 = CARTESIAN_POINT('',(-28.23223810983,33.232881503159,
    11.025069007723));
#324 = CARTESIAN_POINT('',(-28.23223810865,32.556994322452,
    12.885017676245));
#325 = CARTESIAN_POINT('',(-28.22593566281,32.183476616629,
    13.803403752921));
#326 = CARTESIAN_POINT('',(-28.21333085595,31.774847260171,
    14.70893039571));
#327 = CARTESIAN_POINT('',(-28.17497982574,30.878971122621,
    16.508041065121));
#328 = CARTESIAN_POINT('',(-28.14902239429,30.390553612755,
    17.401177761424));
#329 = CARTESIAN_POINT('',(-28.11631970899,29.864687049382,
    18.280193493832));
#330 = CARTESIAN_POINT('',(-28.07663283562,29.300213449487,
    19.144124211218));
#331 = PCURVE('',#55,#332);
#332 = DEFINITIONAL_REPRESENTATION('',(#333),#348);
#333 = B_SPLINE_CURVE_WITH_KNOTS('',4,(#334,#335,#336,#337,#338,#339,
    #340,#341,#342,#343,#344,#345,#346,#347),.UNSPECIFIED.,.F.,.F.,(5,3,
    3,3,5),(0.,0.252657830491,0.500000008073,0.747974600481,1.),
  .UNSPECIFIED.);
#334 = CARTESIAN_POINT('',(-0.118360723117,-23.92336716437));
#335 = CARTESIAN_POINT('',(-0.147920188991,-23.88358070101));
#336 = CARTESIAN_POINT('',(-0.177236034072,-23.85081352276));
#337 = CARTESIAN_POINT('',(-0.206371334687,-23.8248248902));
#338 = CARTESIAN_POINT('',(-0.263793110507,-23.78657282496));
#339 = CARTESIAN_POINT('',(-0.292084467399,-23.77403222923));
#340 = CARTESIAN_POINT('',(-0.320319020826,-23.76776189016));
#341 = CARTESIAN_POINT('',(-0.37686037308,-23.76776189134));
#342 = CARTESIAN_POINT('',(-0.405167117518,-23.77406433718));
#343 = CARTESIAN_POINT('',(-0.433531101716,-23.78666914404));
#344 = CARTESIAN_POINT('',(-0.490954649859,-23.82502017425));
#345 = CARTESIAN_POINT('',(-0.520017924259,-23.8509776057));
#346 = CARTESIAN_POINT('',(-0.549260997162,-23.883680291));
#347 = CARTESIAN_POINT('',(-0.578746472374,-23.92336716437));
#348 = ( GEOMETRIC_REPRESENTATION_CONTEXT(2) 
PARAMETRIC_REPRESENTATION_CONTEXT() REPRESENTATION_CONTEXT('2D SPACE',''
  ) );
#349 = PCURVE('',#350,#355);
#350 = B_SPLINE_SURFACE_WITH_KNOTS('',1,1,(
    (#351,#352)
    ,(#353,#354
  )),.UNSPECIFIED.,.F.,.F.,.F.,(2,2),(2,2),(0.,16.),(0.,1.),
  .PIECEWISE_BEZIER_KNOTS.);
#351 = CARTESIAN_POINT('',(-28.04265363993,29.105880849891,
    19.08862902787));
#352 = CARTESIAN_POINT('',(-35.21429608558,70.121681590801,
    30.801431650889));
#353 = CARTESIAN_POINT('',(-28.04265363993,34.570500664849,
    4.050745856427));
#354 = CARTESIAN_POINT('',(-35.21429608558,73.537068975149,
    21.402754668738));
#355 = DEFINITIONAL_REPRESENTATION('',(#356),#371);
#356 = B_SPLINE_CURVE_WITH_KNOTS('',4,(#357,#358,#359,#360,#361,#362,
    #363,#364,#365,#366,#367,#368,#369,#370),.UNSPECIFIED.,.F.,.F.,(5,3,
    3,3,5),(0.,0.252657830491,0.500000008073,0.747974600481,1.),
  .UNSPECIFIED.);
#357 = CARTESIAN_POINT('',(16.,4.737993555783E-03));
#358 = CARTESIAN_POINT('',(15.007588438668,1.028574132122E-02));
#359 = CARTESIAN_POINT('',(14.005721069818,1.485473350157E-02));
#360 = CARTESIAN_POINT('',(12.997085534658,1.847853833513E-02));
#361 = CARTESIAN_POINT('',(10.992228519931,2.38123325858E-02));
#362 = CARTESIAN_POINT('',(9.996204043371,2.556096908285E-02));
#363 = CARTESIAN_POINT('',(8.998104637896,2.643529307722E-02));
#364 = CARTESIAN_POINT('',(6.999343116574,2.643529291308E-02));
#365 = CARTESIAN_POINT('',(5.998691784362,2.555649201212E-02));
#366 = CARTESIAN_POINT('',(5.000131243331,2.379890203867E-02));
#367 = CARTESIAN_POINT('',(2.995340412508,1.845130830354E-02));
#368 = CARTESIAN_POINT('',(1.989263464606,1.48318540925E-02));
#369 = CARTESIAN_POINT('',(0.989927443759,1.027185468562E-02));
#370 = CARTESIAN_POINT('',(0.,4.737993555783E-03));
#371 = ( GEOMETRIC_REPRESENTATION_CONTEXT(2) 
PARAMETRIC_REPRESENTATION_CONTEXT() REPRESENTATION_CONTEXT('2D SPACE',''
  ) );
#372 = ORIENTED_EDGE('',*,*,#373,.F.);
#373 = EDGE_CURVE('',#374,#313,#376,.T.);
#374 = VERTEX_POINT('',#375);
#375 = CARTESIAN_POINT('',(-29.,34.754351916347,4.139447170178));
#376 = SURFACE_CURVE('',#377,(#383,#392),.PCURVE_S1.);
#377 = B_SPLINE_CURVE_WITH_KNOTS('',4,(#378,#379,#380,#381,#382),
  .UNSPECIFIED.,.F.,.F.,(5,5),(0.,1.),.PIECEWISE_BEZIER_KNOTS.);
#378 = CARTESIAN_POINT('',(-46.01245409494,34.739917983066,
    4.258884657968));
#379 = CARTESIAN_POINT('',(-41.5494015059,34.743756414216,4.22757439858)
  );
#380 = CARTESIAN_POINT('',(-37.07226743996,34.747570736278,
    4.196149271942));
#381 = CARTESIAN_POINT('',(-32.58127101291,34.751360186792,
    4.164610560418));
#382 = CARTESIAN_POINT('',(-28.07663283562,34.755124014394,
    4.132959562359));
#383 = PCURVE('',#55,#384);
#384 = DEFINITIONAL_REPRESENTATION('',(#385),#391);
#385 = B_SPLINE_CURVE_WITH_KNOTS('',4,(#386,#387,#388,#389,#390),
  .UNSPECIFIED.,.F.,.F.,(5,5),(0.,1.),.PIECEWISE_BEZIER_KNOTS.);
#386 = CARTESIAN_POINT('',(-0.121984721439,-5.987545905054));
#387 = CARTESIAN_POINT('',(-0.121083445293,-10.45059849409));
#388 = CARTESIAN_POINT('',(-0.120178995432,-14.92773256003));
#389 = CARTESIAN_POINT('',(-0.119271408921,-19.41872898708));
#390 = CARTESIAN_POINT('',(-0.118360723117,-23.92336716437));
#391 = ( GEOMETRIC_REPRESENTATION_CONTEXT(2) 
PARAMETRIC_REPRESENTATION_CONTEXT() REPRESENTATION_CONTEXT('2D SPACE',''
  ) );
#392 = PCURVE('',#393,#398);
#393 = B_SPLINE_SURFACE_WITH_KNOTS('',1,1,(
    (#394,#395)
    ,(#396,#397
  )),.UNSPECIFIED.,.F.,.F.,.F.,(2,2),(2,2),(0.,18.),(0.,1.),
  .PIECEWISE_BEZIER_KNOTS.);
#394 = CARTESIAN_POINT('',(-28.04265363993,34.570500664849,
    4.050745856427));
#395 = CARTESIAN_POINT('',(-35.21429608558,73.537068975149,
    21.402754668738));
#396 = CARTESIAN_POINT('',(-45.95734636006,32.925387232312,
    3.452927708832));
#397 = CARTESIAN_POINT('',(-47.15742456566,72.440326686791,
    21.004209237008));
#398 = DEFINITIONAL_REPRESENTATION('',(#399),#405);
#399 = B_SPLINE_CURVE_WITH_KNOTS('',4,(#400,#401,#402,#403,#404),
  .UNSPECIFIED.,.F.,.F.,(5,5),(0.,1.),.PIECEWISE_BEZIER_KNOTS.);
#400 = CARTESIAN_POINT('',(18.,4.592011972698E-02));
#401 = CARTESIAN_POINT('',(13.4585348433,3.567396160908E-02));
#402 = CARTESIAN_POINT('',(8.944747203882,2.539456154764E-02));
#403 = CARTESIAN_POINT('',(4.458590522084,1.508240809684E-02));
#404 = CARTESIAN_POINT('',(0.,4.737993555783E-03));
#405 = ( GEOMETRIC_REPRESENTATION_CONTEXT(2) 
PARAMETRIC_REPRESENTATION_CONTEXT() REPRESENTATION_CONTEXT('2D SPACE',''
  ) );
#406 = ORIENTED_EDGE('',*,*,#407,.T.);
#407 = EDGE_CURVE('',#374,#408,#410,.T.);
#408 = VERTEX_POINT('',#409);
#409 = CARTESIAN_POINT('',(-29.,34.990855948376,0.8));
#410 = SURFACE_CURVE('',#411,(#416,#423),.PCURVE_S1.);
#411 = CIRCLE('',#412,35.);
#412 = AXIS2_PLACEMENT_3D('',#413,#414,#415);
#413 = CARTESIAN_POINT('',(-29.,0.,0.));
#414 = DIRECTION('',(-1.,0.,0.));
#415 = DIRECTION('',(0.,1.,0.));
#416 = PCURVE('',#55,#417);
#417 = DEFINITIONAL_REPRESENTATION('',(#418),#422);
#418 = LINE('',#419,#420);
#419 = CARTESIAN_POINT('',(-6.28318530718,-23.));
#420 = VECTOR('',#421,1.);
#421 = DIRECTION('',(1.,-0.));
#422 = ( GEOMETRIC_REPRESENTATION_CONTEXT(2) 
PARAMETRIC_REPRESENTATION_CONTEXT() REPRESENTATION_CONTEXT('2D SPACE',''
  ) );
#423 = PCURVE('',#424,#429);
#424 = PLANE('',#425);
#425 = AXIS2_PLACEMENT_3D('',#426,#427,#428);
#426 = CARTESIAN_POINT('',(-29.,31.5,0.8));
#427 = DIRECTION('',(1.,0.,0.));
#428 = DIRECTION('',(0.,0.,1.));
#429 = DEFINITIONAL_REPRESENTATION('',(#430),#438);
#430 = ( BOUNDED_CURVE() B_SPLINE_CURVE(2,(#431,#432,#433,#434,#435,#436
,#437),.UNSPECIFIED.,.T.,.F.) B_SPLINE_CURVE_WITH_KNOTS((1,2,2,2,2,1),(
    -2.094395102393,0.,2.094395102393,4.188790204786,6.28318530718,
8.377580409573),.UNSPECIFIED.) CURVE() GEOMETRIC_REPRESENTATION_ITEM() 
RATIONAL_B_SPLINE_CURVE((1.,0.5,1.,0.5,1.,0.5,1.)) REPRESENTATION_ITEM(
  '') );
#431 = CARTESIAN_POINT('',(-0.8,-3.5));
#432 = CARTESIAN_POINT('',(-61.42177826491,-3.5));
#433 = CARTESIAN_POINT('',(-31.11088913245,49.));
#434 = CARTESIAN_POINT('',(-0.8,101.5));
#435 = CARTESIAN_POINT('',(29.510889132455,49.));
#436 = CARTESIAN_POINT('',(59.821778264911,-3.5));
#437 = CARTESIAN_POINT('',(-0.8,-3.5));
#438 = ( GEOMETRIC_REPRESENTATION_CONTEXT(2) 
PARAMETRIC_REPRESENTATION_CONTEXT() REPRESENTATION_CONTEXT('2D SPACE',''
  ) );
#439 = ORIENTED_EDGE('',*,*,#440,.F.);
#440 = EDGE_CURVE('',#441,#408,#443,.T.);
#441 = VERTEX_POINT('',#442);
#442 = CARTESIAN_POINT('',(-27.,34.990855948376,0.8));
#443 = SURFACE_CURVE('',#444,(#448,#454),.PCURVE_S1.);
#444 = LINE('',#445,#446);
#445 = CARTESIAN_POINT('',(-52.,34.990855948376,0.8));
#446 = VECTOR('',#447,1.);
#447 = DIRECTION('',(-1.,-0.,-0.));
#448 = PCURVE('',#55,#449);
#449 = DEFINITIONAL_REPRESENTATION('',(#450),#453);
#450 = B_SPLINE_CURVE_WITH_KNOTS('',1,(#451,#452),.UNSPECIFIED.,.F.,.F.,
  (2,2),(-28.0000006,5.999999999062E-07),.PIECEWISE_BEZIER_KNOTS.);
#451 = CARTESIAN_POINT('',(-2.285913360703E-02,-28.0000006));
#452 = CARTESIAN_POINT('',(-2.285913360703E-02,5.999999999062E-07));
#453 = ( GEOMETRIC_REPRESENTATION_CONTEXT(2) 
PARAMETRIC_REPRESENTATION_CONTEXT() REPRESENTATION_CONTEXT('2D SPACE',''
  ) );
#454 = PCURVE('',#94,#455);
#455 = DEFINITIONAL_REPRESENTATION('',(#456),#460);
#456 = LINE('',#457,#458);
#457 = CARTESIAN_POINT('',(68.,154.99085594837));
#458 = VECTOR('',#459,1.);
#459 = DIRECTION('',(-1.,0.));
#460 = ( GEOMETRIC_REPRESENTATION_CONTEXT(2) 
PARAMETRIC_REPRESENTATION_CONTEXT() REPRESENTATION_CONTEXT('2D SPACE',''
  ) );
#461 = ORIENTED_EDGE('',*,*,#462,.F.);
#462 = EDGE_CURVE('',#463,#441,#465,.T.);
#463 = VERTEX_POINT('',#464);
#464 = CARTESIAN_POINT('',(-27.,34.481879299133,6.));
#465 = SURFACE_CURVE('',#466,(#471,#478),.PCURVE_S1.);
#466 = CIRCLE('',#467,35.);
#467 = AXIS2_PLACEMENT_3D('',#468,#469,#470);
#468 = CARTESIAN_POINT('',(-27.,0.,0.));
#469 = DIRECTION('',(-1.,0.,0.));
#470 = DIRECTION('',(0.,1.,0.));
#471 = PCURVE('',#55,#472);
#472 = DEFINITIONAL_REPRESENTATION('',(#473),#477);
#473 = LINE('',#474,#475);
#474 = CARTESIAN_POINT('',(-6.28318530718,-25.));
#475 = VECTOR('',#476,1.);
#476 = DIRECTION('',(1.,-0.));
#477 = ( GEOMETRIC_REPRESENTATION_CONTEXT(2) 
PARAMETRIC_REPRESENTATION_CONTEXT() REPRESENTATION_CONTEXT('2D SPACE',''
  ) );
#478 = PCURVE('',#479,#484);
#479 = PLANE('',#480);
#480 = AXIS2_PLACEMENT_3D('',#481,#482,#483);
#481 = CARTESIAN_POINT('',(-27.,30.2,0.8));
#482 = DIRECTION('',(-1.,0.,0.));
#483 = DIRECTION('',(0.,1.,0.));
#484 = DEFINITIONAL_REPRESENTATION('',(#485),#489);
#485 = CIRCLE('',#486,35.);
#486 = AXIS2_PLACEMENT_2D('',#487,#488);
#487 = CARTESIAN_POINT('',(-30.2,0.8));
#488 = DIRECTION('',(1.,0.));
#489 = ( GEOMETRIC_REPRESENTATION_CONTEXT(2) 
PARAMETRIC_REPRESENTATION_CONTEXT() REPRESENTATION_CONTEXT('2D SPACE',''
  ) );
#490 = ORIENTED_EDGE('',*,*,#491,.F.);
#491 = EDGE_CURVE('',#492,#463,#494,.T.);
#492 = VERTEX_POINT('',#493);
#493 = CARTESIAN_POINT('',(-24.,34.481879299133,6.));
#494 = SURFACE_CURVE('',#495,(#499,#505),.PCURVE_S1.);
#495 = LINE('',#496,#497);
#496 = CARTESIAN_POINT('',(-52.,34.481879299133,6.));
#497 = VECTOR('',#498,1.);
#498 = DIRECTION('',(-1.,-0.,-0.));
#499 = PCURVE('',#55,#500);
#500 = DEFINITIONAL_REPRESENTATION('',(#501),#504);
#501 = B_SPLINE_CURVE_WITH_KNOTS('',1,(#502,#503),.UNSPECIFIED.,.F.,.F.,
  (2,2),(-28.0000006,-23.865),.PIECEWISE_BEZIER_KNOTS.);
#502 = CARTESIAN_POINT('',(-0.172279523728,-28.0000006));
#503 = CARTESIAN_POINT('',(-0.172279523728,-23.865));
#504 = ( GEOMETRIC_REPRESENTATION_CONTEXT(2) 
PARAMETRIC_REPRESENTATION_CONTEXT() REPRESENTATION_CONTEXT('2D SPACE',''
  ) );
#505 = PCURVE('',#506,#511);
#506 = PLANE('',#507);
#507 = AXIS2_PLACEMENT_3D('',#508,#509,#510);
#508 = CARTESIAN_POINT('',(-20.16991279863,42.580455012705,6.));
#509 = DIRECTION('',(-0.,-0.,-1.));
#510 = DIRECTION('',(-1.,0.,0.));
#511 = DEFINITIONAL_REPRESENTATION('',(#512),#515);
#512 = B_SPLINE_CURVE_WITH_KNOTS('',1,(#513,#514),.UNSPECIFIED.,.F.,.F.,
  (2,2),(-28.0000006,-23.865),.PIECEWISE_BEZIER_KNOTS.);
#513 = CARTESIAN_POINT('',(3.830086601365,-8.098575713571));
#514 = CARTESIAN_POINT('',(7.965087201365,-8.098575713571));
#515 = ( GEOMETRIC_REPRESENTATION_CONTEXT(2) 
PARAMETRIC_REPRESENTATION_CONTEXT() REPRESENTATION_CONTEXT('2D SPACE',''
  ) );
#516 = ORIENTED_EDGE('',*,*,#517,.T.);
#517 = EDGE_CURVE('',#492,#518,#520,.T.);
#518 = VERTEX_POINT('',#519);
#519 = CARTESIAN_POINT('',(-24.,-34.48187929913,6.));
#520 = SURFACE_CURVE('',#521,(#526,#533),.PCURVE_S1.);
#521 = CIRCLE('',#522,35.);
#522 = AXIS2_PLACEMENT_3D('',#523,#524,#525);
#523 = CARTESIAN_POINT('',(-24.,0.,0.));
#524 = DIRECTION('',(1.,0.,0.));
#525 = DIRECTION('',(0.,1.,0.));
#526 = PCURVE('',#55,#527);
#527 = DEFINITIONAL_REPRESENTATION('',(#528),#532);
#528 = LINE('',#529,#530);
#529 = CARTESIAN_POINT('',(-0.,-28.));
#530 = VECTOR('',#531,1.);
#531 = DIRECTION('',(-1.,0.));
#532 = ( GEOMETRIC_REPRESENTATION_CONTEXT(2) 
PARAMETRIC_REPRESENTATION_CONTEXT() REPRESENTATION_CONTEXT('2D SPACE',''
  ) );
#533 = PCURVE('',#534,#539);
#534 = PLANE('',#535);
#535 = AXIS2_PLACEMENT_3D('',#536,#537,#538);
#536 = CARTESIAN_POINT('',(-24.,-1.250230978322E-15,2.32193833596E-15));
#537 = DIRECTION('',(1.,0.,0.));
#538 = DIRECTION('',(-0.,0.,1.));
#539 = DEFINITIONAL_REPRESENTATION('',(#540),#544);
#540 = CIRCLE('',#541,35.);
#541 = AXIS2_PLACEMENT_2D('',#542,#543);
#542 = CARTESIAN_POINT('',(-2.32193833596E-15,-1.250230978322E-15));
#543 = DIRECTION('',(0.,-1.));
#544 = ( GEOMETRIC_REPRESENTATION_CONTEXT(2) 
PARAMETRIC_REPRESENTATION_CONTEXT() REPRESENTATION_CONTEXT('2D SPACE',''
  ) );
#545 = ORIENTED_EDGE('',*,*,#546,.T.);
#546 = EDGE_CURVE('',#518,#547,#549,.T.);
#547 = VERTEX_POINT('',#548);
#548 = CARTESIAN_POINT('',(-27.,-34.48187929913,6.));
#549 = SURFACE_CURVE('',#550,(#554,#560),.PCURVE_S1.);
#550 = LINE('',#551,#552);
#551 = CARTESIAN_POINT('',(-52.,-34.48187929913,6.));
#552 = VECTOR('',#553,1.);
#553 = DIRECTION('',(-1.,-0.,-0.));
#554 = PCURVE('',#55,#555);
#555 = DEFINITIONAL_REPRESENTATION('',(#556),#559);
#556 = B_SPLINE_CURVE_WITH_KNOTS('',1,(#557,#558),.UNSPECIFIED.,.F.,.F.,
  (2,2),(-28.0000006,-23.865),.PIECEWISE_BEZIER_KNOTS.);
#557 = CARTESIAN_POINT('',(-2.969313129862,-28.0000006));
#558 = CARTESIAN_POINT('',(-2.969313129862,-23.865));
#559 = ( GEOMETRIC_REPRESENTATION_CONTEXT(2) 
PARAMETRIC_REPRESENTATION_CONTEXT() REPRESENTATION_CONTEXT('2D SPACE',''
  ) );
#560 = PCURVE('',#561,#566);
#561 = PLANE('',#562);
#562 = AXIS2_PLACEMENT_3D('',#563,#564,#565);
#563 = CARTESIAN_POINT('',(-20.16991279863,-42.5804550127,6.));
#564 = DIRECTION('',(0.,0.,1.));
#565 = DIRECTION('',(1.,0.,-0.));
#566 = DEFINITIONAL_REPRESENTATION('',(#567),#570);
#567 = B_SPLINE_CURVE_WITH_KNOTS('',1,(#568,#569),.UNSPECIFIED.,.F.,.F.,
  (2,2),(-28.0000006,-23.865),.PIECEWISE_BEZIER_KNOTS.);
#568 = CARTESIAN_POINT('',(-3.830086601365,8.098575713571));
#569 = CARTESIAN_POINT('',(-7.965087201365,8.098575713571));
#570 = ( GEOMETRIC_REPRESENTATION_CONTEXT(2) 
PARAMETRIC_REPRESENTATION_CONTEXT() REPRESENTATION_CONTEXT('2D SPACE',''
  ) );
#571 = ORIENTED_EDGE('',*,*,#572,.F.);
#572 = EDGE_CURVE('',#573,#547,#575,.T.);
#573 = VERTEX_POINT('',#574);
#574 = CARTESIAN_POINT('',(-27.,-34.99085594837,0.8));
#575 = SURFACE_CURVE('',#576,(#581,#588),.PCURVE_S1.);
#576 = CIRCLE('',#577,35.);
#577 = AXIS2_PLACEMENT_3D('',#578,#579,#580);
#578 = CARTESIAN_POINT('',(-27.,0.,0.));
#579 = DIRECTION('',(-1.,0.,0.));
#580 = DIRECTION('',(0.,1.,0.));
#581 = PCURVE('',#55,#582);
#582 = DEFINITIONAL_REPRESENTATION('',(#583),#587);
#583 = LINE('',#584,#585);
#584 = CARTESIAN_POINT('',(-6.28318530718,-25.));
#585 = VECTOR('',#586,1.);
#586 = DIRECTION('',(1.,-0.));
#587 = ( GEOMETRIC_REPRESENTATION_CONTEXT(2) 
PARAMETRIC_REPRESENTATION_CONTEXT() REPRESENTATION_CONTEXT('2D SPACE',''
  ) );
#588 = PCURVE('',#589,#594);
#589 = PLANE('',#590);
#590 = AXIS2_PLACEMENT_3D('',#591,#592,#593);
#591 = CARTESIAN_POINT('',(-27.,-30.2,0.8));
#592 = DIRECTION('',(1.,0.,-0.));
#593 = DIRECTION('',(0.,-1.,0.));
#594 = DEFINITIONAL_REPRESENTATION('',(#595),#603);
#595 = ( BOUNDED_CURVE() B_SPLINE_CURVE(2,(#596,#597,#598,#599,#600,#601
,#602),.UNSPECIFIED.,.T.,.F.) B_SPLINE_CURVE_WITH_KNOTS((1,2,2,2,2,1),(
    -2.094395102393,0.,2.094395102393,4.188790204786,6.28318530718,
8.377580409573),.UNSPECIFIED.) CURVE() GEOMETRIC_REPRESENTATION_ITEM() 
RATIONAL_B_SPLINE_CURVE((1.,0.5,1.,0.5,1.,0.5,1.)) REPRESENTATION_ITEM(
  '') );
#596 = CARTESIAN_POINT('',(-65.2,0.8));
#597 = CARTESIAN_POINT('',(-65.2,61.421778264911));
#598 = CARTESIAN_POINT('',(-12.7,31.110889132455));
#599 = CARTESIAN_POINT('',(39.8,0.8));
#600 = CARTESIAN_POINT('',(-12.7,-29.51088913245));
#601 = CARTESIAN_POINT('',(-65.2,-59.82177826491));
#602 = CARTESIAN_POINT('',(-65.2,0.8));
#603 = ( GEOMETRIC_REPRESENTATION_CONTEXT(2) 
PARAMETRIC_REPRESENTATION_CONTEXT() REPRESENTATION_CONTEXT('2D SPACE',''
  ) );
#604 = ORIENTED_EDGE('',*,*,#605,.T.);
#605 = EDGE_CURVE('',#573,#606,#608,.T.);
#606 = VERTEX_POINT('',#607);
#607 = CARTESIAN_POINT('',(-29.,-34.99085594837,0.8));
#608 = SURFACE_CURVE('',#609,(#613,#619),.PCURVE_S1.);
#609 = LINE('',#610,#611);
#610 = CARTESIAN_POINT('',(-52.,-34.99085594837,0.8));
#611 = VECTOR('',#612,1.);
#612 = DIRECTION('',(-1.,-0.,-0.));
#613 = PCURVE('',#55,#614);
#614 = DEFINITIONAL_REPRESENTATION('',(#615),#618);
#615 = B_SPLINE_CURVE_WITH_KNOTS('',1,(#616,#617),.UNSPECIFIED.,.F.,.F.,
  (2,2),(-28.0000006,5.999999999062E-07),.PIECEWISE_BEZIER_KNOTS.);
#616 = CARTESIAN_POINT('',(-3.118733519983,-28.0000006));
#617 = CARTESIAN_POINT('',(-3.118733519983,5.999999999062E-07));
#618 = ( GEOMETRIC_REPRESENTATION_CONTEXT(2) 
PARAMETRIC_REPRESENTATION_CONTEXT() REPRESENTATION_CONTEXT('2D SPACE',''
  ) );
#619 = PCURVE('',#620,#625);
#620 = PLANE('',#621);
#621 = AXIS2_PLACEMENT_3D('',#622,#623,#624);
#622 = CARTESIAN_POINT('',(-120.,-120.,0.8));
#623 = DIRECTION('',(0.,0.,1.));
#624 = DIRECTION('',(1.,0.,0.));
#625 = DEFINITIONAL_REPRESENTATION('',(#626),#630);
#626 = LINE('',#627,#628);
#627 = CARTESIAN_POINT('',(68.,85.009144051624));
#628 = VECTOR('',#629,1.);
#629 = DIRECTION('',(-1.,0.));
#630 = ( GEOMETRIC_REPRESENTATION_CONTEXT(2) 
PARAMETRIC_REPRESENTATION_CONTEXT() REPRESENTATION_CONTEXT('2D SPACE',''
  ) );
#631 = ORIENTED_EDGE('',*,*,#632,.T.);
#632 = EDGE_CURVE('',#606,#633,#635,.T.);
#633 = VERTEX_POINT('',#634);
#634 = CARTESIAN_POINT('',(-29.,-34.5,5.894913061276));
#635 = SURFACE_CURVE('',#636,(#641,#648),.PCURVE_S1.);
#636 = CIRCLE('',#637,35.);
#637 = AXIS2_PLACEMENT_3D('',#638,#639,#640);
#638 = CARTESIAN_POINT('',(-29.,0.,0.));
#639 = DIRECTION('',(-1.,0.,0.));
#640 = DIRECTION('',(0.,1.,0.));
#641 = PCURVE('',#55,#642);
#642 = DEFINITIONAL_REPRESENTATION('',(#643),#647);
#643 = LINE('',#644,#645);
#644 = CARTESIAN_POINT('',(-6.28318530718,-23.));
#645 = VECTOR('',#646,1.);
#646 = DIRECTION('',(1.,-0.));
#647 = ( GEOMETRIC_REPRESENTATION_CONTEXT(2) 
PARAMETRIC_REPRESENTATION_CONTEXT() REPRESENTATION_CONTEXT('2D SPACE',''
  ) );
#648 = PCURVE('',#649,#654);
#649 = PLANE('',#650);
#650 = AXIS2_PLACEMENT_3D('',#651,#652,#653);
#651 = CARTESIAN_POINT('',(-29.,-50.6,0.8));
#652 = DIRECTION('',(1.,0.,0.));
#653 = DIRECTION('',(0.,0.,1.));
#654 = DEFINITIONAL_REPRESENTATION('',(#655),#663);
#655 = ( BOUNDED_CURVE() B_SPLINE_CURVE(2,(#656,#657,#658,#659,#660,#661
,#662),.UNSPECIFIED.,.T.,.F.) B_SPLINE_CURVE_WITH_KNOTS((1,2,2,2,2,1),(
    -2.094395102393,0.,2.094395102393,4.188790204786,6.28318530718,
8.377580409573),.UNSPECIFIED.) CURVE() GEOMETRIC_REPRESENTATION_ITEM() 
RATIONAL_B_SPLINE_CURVE((1.,0.5,1.,0.5,1.,0.5,1.)) REPRESENTATION_ITEM(
  '') );
#656 = CARTESIAN_POINT('',(-0.8,-85.6));
#657 = CARTESIAN_POINT('',(-61.42177826491,-85.6));
#658 = CARTESIAN_POINT('',(-31.11088913245,-33.1));
#659 = CARTESIAN_POINT('',(-0.8,19.4));
#660 = CARTESIAN_POINT('',(29.510889132455,-33.1));
#661 = CARTESIAN_POINT('',(59.821778264911,-85.6));
#662 = CARTESIAN_POINT('',(-0.8,-85.6));
#663 = ( GEOMETRIC_REPRESENTATION_CONTEXT(2) 
PARAMETRIC_REPRESENTATION_CONTEXT() REPRESENTATION_CONTEXT('2D SPACE',''
  ) );
#664 = ORIENTED_EDGE('',*,*,#665,.T.);
#665 = EDGE_CURVE('',#633,#666,#668,.T.);
#666 = VERTEX_POINT('',#667);
#667 = CARTESIAN_POINT('',(-29.07737027837,-33.82306905057,9.));
#668 = SURFACE_CURVE('',#669,(#677,#688),.PCURVE_S1.);
#669 = B_SPLINE_CURVE_WITH_KNOTS('',6,(#670,#671,#672,#673,#674,#675,
    #676),.UNSPECIFIED.,.F.,.F.,(7,7),(0.,1.),.PIECEWISE_BEZIER_KNOTS.);
#670 = CARTESIAN_POINT('',(-29.,-34.5,5.894913061276));
#671 = CARTESIAN_POINT('',(-29.,-34.41102866705,6.415618108956));
#672 = CARTESIAN_POINT('',(-29.0031664493,-34.31260588567,6.93483309904)
  );
#673 = CARTESIAN_POINT('',(-29.01076014267,-34.20462404043,
    7.453137191751));
#674 = CARTESIAN_POINT('',(-29.02431799186,-34.08697255019,
    7.970592964359));
#675 = CARTESIAN_POINT('',(-29.04573138536,-33.95966901869,
    8.486641130642));
#676 = CARTESIAN_POINT('',(-29.07737031535,-33.82306889092,9.0000006));
#677 = PCURVE('',#55,#678);
#678 = DEFINITIONAL_REPRESENTATION('',(#679),#687);
#679 = B_SPLINE_CURVE_WITH_KNOTS('',6,(#680,#681,#682,#683,#684,#685,
    #686),.UNSPECIFIED.,.F.,.F.,(7,7),(0.,1.),.PIECEWISE_BEZIER_KNOTS.);
#680 = CARTESIAN_POINT('',(-2.972359925875,-23.));
#681 = CARTESIAN_POINT('',(-2.957267025943,-23.));
#682 = CARTESIAN_POINT('',(-2.94217060957,-22.99683355069));
#683 = CARTESIAN_POINT('',(-2.927047654575,-22.98923985732));
#684 = CARTESIAN_POINT('',(-2.911889679595,-22.97568200813));
#685 = CARTESIAN_POINT('',(-2.896705954099,-22.95426861463));
#686 = CARTESIAN_POINT('',(-2.881528163136,-22.92262968464));
#687 = ( GEOMETRIC_REPRESENTATION_CONTEXT(2) 
PARAMETRIC_REPRESENTATION_CONTEXT() REPRESENTATION_CONTEXT('2D SPACE',''
  ) );
#688 = PCURVE('',#689,#694);
#689 = CYLINDRICAL_SURFACE('',#690,3.);
#690 = AXIS2_PLACEMENT_3D('',#691,#692,#693);
#691 = CARTESIAN_POINT('',(-32.,-34.5,0.8));
#692 = DIRECTION('',(0.,0.,1.));
#693 = DIRECTION('',(1.,0.,-0.));
#694 = DEFINITIONAL_REPRESENTATION('',(#695),#703);
#695 = B_SPLINE_CURVE_WITH_KNOTS('',6,(#696,#697,#698,#699,#700,#701,
    #702),.UNSPECIFIED.,.F.,.F.,(7,7),(0.,1.),.PIECEWISE_BEZIER_KNOTS.);
#696 = CARTESIAN_POINT('',(-8.881784197001E-16,5.094913061276));
#697 = CARTESIAN_POINT('',(2.965711098206E-02,5.615618108956));
#698 = CARTESIAN_POINT('',(6.246478445346E-02,6.13483309904));
#699 = CARTESIAN_POINT('',(9.8505309859E-02,6.653137191751));
#700 = CARTESIAN_POINT('',(0.137914151007,7.170592964359));
#701 = CARTESIAN_POINT('',(0.180864955535,7.686641130642));
#702 = CARTESIAN_POINT('',(0.227603729349,8.2000006));
#703 = ( GEOMETRIC_REPRESENTATION_CONTEXT(2) 
PARAMETRIC_REPRESENTATION_CONTEXT() REPRESENTATION_CONTEXT('2D SPACE',''
  ) );
#704 = ORIENTED_EDGE('',*,*,#705,.T.);
#705 = EDGE_CURVE('',#666,#706,#708,.T.);
#706 = VERTEX_POINT('',#707);
#707 = CARTESIAN_POINT('',(-46.92262972162,-33.82306905057,9.));
#708 = SURFACE_CURVE('',#709,(#713,#719),.PCURVE_S1.);
#709 = LINE('',#710,#711);
#710 = CARTESIAN_POINT('',(-52.,-33.82306905057,9.));
#711 = VECTOR('',#712,1.);
#712 = DIRECTION('',(-1.,-0.,-0.));
#713 = PCURVE('',#55,#714);
#714 = DEFINITIONAL_REPRESENTATION('',(#715),#718);
#715 = B_SPLINE_CURVE_WITH_KNOTS('',1,(#716,#717),.UNSPECIFIED.,.F.,.F.,
  (2,2),(-24.8,-3.2),.PIECEWISE_BEZIER_KNOTS.);
#716 = CARTESIAN_POINT('',(-2.881528180875,-24.8));
#717 = CARTESIAN_POINT('',(-2.881528180875,-3.2));
#718 = ( GEOMETRIC_REPRESENTATION_CONTEXT(2) 
PARAMETRIC_REPRESENTATION_CONTEXT() REPRESENTATION_CONTEXT('2D SPACE',''
  ) );
#719 = PCURVE('',#720,#725);
#720 = PLANE('',#721);
#721 = AXIS2_PLACEMENT_3D('',#722,#723,#724);
#722 = CARTESIAN_POINT('',(-47.,-50.6,9.));
#723 = DIRECTION('',(0.,0.,1.));
#724 = DIRECTION('',(1.,0.,0.));
#725 = DEFINITIONAL_REPRESENTATION('',(#726),#729);
#726 = B_SPLINE_CURVE_WITH_KNOTS('',1,(#727,#728),.UNSPECIFIED.,.F.,.F.,
  (2,2),(-24.8,-3.2),.PIECEWISE_BEZIER_KNOTS.);
#727 = CARTESIAN_POINT('',(19.8,16.776930949424));
#728 = CARTESIAN_POINT('',(-1.8,16.776930949424));
#729 = ( GEOMETRIC_REPRESENTATION_CONTEXT(2) 
PARAMETRIC_REPRESENTATION_CONTEXT() REPRESENTATION_CONTEXT('2D SPACE',''
  ) );
#730 = ORIENTED_EDGE('',*,*,#731,.F.);
#731 = EDGE_CURVE('',#732,#706,#734,.T.);
#732 = VERTEX_POINT('',#733);
#733 = CARTESIAN_POINT('',(-47.,-34.5,5.894913061276));
#734 = SURFACE_CURVE('',#735,(#743,#754),.PCURVE_S1.);
#735 = B_SPLINE_CURVE_WITH_KNOTS('',6,(#736,#737,#738,#739,#740,#741,
    #742),.UNSPECIFIED.,.F.,.F.,(7,7),(0.,1.),.PIECEWISE_BEZIER_KNOTS.);
#736 = CARTESIAN_POINT('',(-47.,-34.5,5.894913061276));
#737 = CARTESIAN_POINT('',(-47.,-34.41102866705,6.415618108956));
#738 = CARTESIAN_POINT('',(-46.99683355069,-34.31260588567,
    6.934833099041));
#739 = CARTESIAN_POINT('',(-46.98923985732,-34.20462404043,
    7.453137191749));
#740 = CARTESIAN_POINT('',(-46.97568200813,-34.08697255019,7.97059296436
    ));
#741 = CARTESIAN_POINT('',(-46.95426861463,-33.95966901869,
    8.486641130642));
#742 = CARTESIAN_POINT('',(-46.92262968464,-33.82306889092,9.0000006));
#743 = PCURVE('',#55,#744);
#744 = DEFINITIONAL_REPRESENTATION('',(#745),#753);
#745 = B_SPLINE_CURVE_WITH_KNOTS('',6,(#746,#747,#748,#749,#750,#751,
    #752),.UNSPECIFIED.,.F.,.F.,(7,7),(0.,1.),.PIECEWISE_BEZIER_KNOTS.);
#746 = CARTESIAN_POINT('',(-2.972359925875,-5.));
#747 = CARTESIAN_POINT('',(-2.957267025943,-5.));
#748 = CARTESIAN_POINT('',(-2.94217060957,-5.003166449303));
#749 = CARTESIAN_POINT('',(-2.927047654575,-5.010760142672));
#750 = CARTESIAN_POINT('',(-2.911889679595,-5.024317991864));
#751 = CARTESIAN_POINT('',(-2.896705954099,-5.045731385361));
#752 = CARTESIAN_POINT('',(-2.881528163136,-5.077370315356));
#753 = ( GEOMETRIC_REPRESENTATION_CONTEXT(2) 
PARAMETRIC_REPRESENTATION_CONTEXT() REPRESENTATION_CONTEXT('2D SPACE',''
  ) );
#754 = PCURVE('',#755,#760);
#755 = CYLINDRICAL_SURFACE('',#756,3.);
#756 = AXIS2_PLACEMENT_3D('',#757,#758,#759);
#757 = CARTESIAN_POINT('',(-44.,-34.5,0.8));
#758 = DIRECTION('',(0.,0.,1.));
#759 = DIRECTION('',(-1.,-0.,0.));
#760 = DEFINITIONAL_REPRESENTATION('',(#761),#769);
#761 = B_SPLINE_CURVE_WITH_KNOTS('',6,(#762,#763,#764,#765,#766,#767,
    #768),.UNSPECIFIED.,.F.,.F.,(7,7),(0.,1.),.PIECEWISE_BEZIER_KNOTS.);
#762 = CARTESIAN_POINT('',(8.881784197001E-16,5.094913061276));
#763 = CARTESIAN_POINT('',(-2.965711098207E-02,5.615618108956));
#764 = CARTESIAN_POINT('',(-6.246478445353E-02,6.134833099041));
#765 = CARTESIAN_POINT('',(-9.850530985887E-02,6.653137191749));
#766 = CARTESIAN_POINT('',(-0.137914151007,7.17059296436));
#767 = CARTESIAN_POINT('',(-0.180864955535,7.686641130642));
#768 = CARTESIAN_POINT('',(-0.227603729349,8.2000006));
#769 = ( GEOMETRIC_REPRESENTATION_CONTEXT(2) 
PARAMETRIC_REPRESENTATION_CONTEXT() REPRESENTATION_CONTEXT('2D SPACE',''
  ) );
#770 = ORIENTED_EDGE('',*,*,#771,.F.);
#771 = EDGE_CURVE('',#772,#732,#774,.T.);
#772 = VERTEX_POINT('',#773);
#773 = CARTESIAN_POINT('',(-47.,-34.99085594837,0.8));
#774 = SURFACE_CURVE('',#775,(#780,#787),.PCURVE_S1.);
#775 = CIRCLE('',#776,35.);
#776 = AXIS2_PLACEMENT_3D('',#777,#778,#779);
#777 = CARTESIAN_POINT('',(-47.,0.,0.));
#778 = DIRECTION('',(-1.,0.,0.));
#779 = DIRECTION('',(0.,1.,0.));
#780 = PCURVE('',#55,#781);
#781 = DEFINITIONAL_REPRESENTATION('',(#782),#786);
#782 = LINE('',#783,#784);
#783 = CARTESIAN_POINT('',(-6.28318530718,-5.));
#784 = VECTOR('',#785,1.);
#785 = DIRECTION('',(1.,-0.));
#786 = ( GEOMETRIC_REPRESENTATION_CONTEXT(2) 
PARAMETRIC_REPRESENTATION_CONTEXT() REPRESENTATION_CONTEXT('2D SPACE',''
  ) );
#787 = PCURVE('',#788,#793);
#788 = PLANE('',#789);
#789 = AXIS2_PLACEMENT_3D('',#790,#791,#792);
#790 = CARTESIAN_POINT('',(-47.,-50.6,0.8));
#791 = DIRECTION('',(1.,0.,0.));
#792 = DIRECTION('',(0.,0.,1.));
#793 = DEFINITIONAL_REPRESENTATION('',(#794),#802);
#794 = ( BOUNDED_CURVE() B_SPLINE_CURVE(2,(#795,#796,#797,#798,#799,#800
,#801),.UNSPECIFIED.,.T.,.F.) B_SPLINE_CURVE_WITH_KNOTS((1,2,2,2,2,1),(
    -2.094395102393,0.,2.094395102393,4.188790204786,6.28318530718,
8.377580409573),.UNSPECIFIED.) CURVE() GEOMETRIC_REPRESENTATION_ITEM() 
RATIONAL_B_SPLINE_CURVE((1.,0.5,1.,0.5,1.,0.5,1.)) REPRESENTATION_ITEM(
  '') );
#795 = CARTESIAN_POINT('',(-0.8,-85.6));
#796 = CARTESIAN_POINT('',(-61.42177826491,-85.6));
#797 = CARTESIAN_POINT('',(-31.11088913245,-33.1));
#798 = CARTESIAN_POINT('',(-0.8,19.4));
#799 = CARTESIAN_POINT('',(29.510889132455,-33.1));
#800 = CARTESIAN_POINT('',(59.821778264911,-85.6));
#801 = CARTESIAN_POINT('',(-0.8,-85.6));
#802 = ( GEOMETRIC_REPRESENTATION_CONTEXT(2) 
PARAMETRIC_REPRESENTATION_CONTEXT() REPRESENTATION_CONTEXT('2D SPACE',''
  ) );
#803 = ORIENTED_EDGE('',*,*,#804,.T.);
#804 = EDGE_CURVE('',#772,#46,#805,.T.);
#805 = SURFACE_CURVE('',#806,(#810,#816),.PCURVE_S1.);
#806 = LINE('',#807,#808);
#807 = CARTESIAN_POINT('',(-52.,-34.99085594837,0.8));
#808 = VECTOR('',#809,1.);
#809 = DIRECTION('',(-1.,-0.,-0.));
#810 = PCURVE('',#55,#811);
#811 = DEFINITIONAL_REPRESENTATION('',(#812),#815);
#812 = B_SPLINE_CURVE_WITH_KNOTS('',1,(#813,#814),.UNSPECIFIED.,.F.,.F.,
  (2,2),(-28.0000006,5.999999999062E-07),.PIECEWISE_BEZIER_KNOTS.);
#813 = CARTESIAN_POINT('',(-3.118733519983,-28.0000006));
#814 = CARTESIAN_POINT('',(-3.118733519983,5.999999999062E-07));
#815 = ( GEOMETRIC_REPRESENTATION_CONTEXT(2) 
PARAMETRIC_REPRESENTATION_CONTEXT() REPRESENTATION_CONTEXT('2D SPACE',''
  ) );
#816 = PCURVE('',#620,#817);
#817 = DEFINITIONAL_REPRESENTATION('',(#818),#822);
#818 = LINE('',#819,#820);
#819 = CARTESIAN_POINT('',(68.,85.009144051624));
#820 = VECTOR('',#821,1.);
#821 = DIRECTION('',(-1.,0.));
#822 = ( GEOMETRIC_REPRESENTATION_CONTEXT(2) 
PARAMETRIC_REPRESENTATION_CONTEXT() REPRESENTATION_CONTEXT('2D SPACE',''
  ) );
#823 = ADVANCED_FACE('',(#824),#67,.F.);
#824 = FACE_BOUND('',#825,.F.);
#825 = EDGE_LOOP('',(#826,#848,#849,#871,#900,#926,#959,#985));
#826 = ORIENTED_EDGE('',*,*,#827,.F.);
#827 = EDGE_CURVE('',#44,#828,#830,.T.);
#828 = VERTEX_POINT('',#829);
#829 = CARTESIAN_POINT('',(-52.,30.789608636681,0.8));
#830 = SURFACE_CURVE('',#831,(#835,#841),.PCURVE_S1.);
#831 = LINE('',#832,#833);
#832 = CARTESIAN_POINT('',(-52.,-60.,0.8));
#833 = VECTOR('',#834,1.);
#834 = DIRECTION('',(0.,-1.,0.));
#835 = PCURVE('',#67,#836);
#836 = DEFINITIONAL_REPRESENTATION('',(#837),#840);
#837 = B_SPLINE_CURVE_WITH_KNOTS('',1,(#838,#839),.UNSPECIFIED.,.F.,.F.,
  (2,2),(-95.,-25.),.PIECEWISE_BEZIER_KNOTS.);
#838 = CARTESIAN_POINT('',(0.8,-35.));
#839 = CARTESIAN_POINT('',(0.8,35.));
#840 = ( GEOMETRIC_REPRESENTATION_CONTEXT(2) 
PARAMETRIC_REPRESENTATION_CONTEXT() REPRESENTATION_CONTEXT('2D SPACE',''
  ) );
#841 = PCURVE('',#94,#842);
#842 = DEFINITIONAL_REPRESENTATION('',(#843),#847);
#843 = LINE('',#844,#845);
#844 = CARTESIAN_POINT('',(68.,60.));
#845 = VECTOR('',#846,1.);
#846 = DIRECTION('',(0.,-1.));
#847 = ( GEOMETRIC_REPRESENTATION_CONTEXT(2) 
PARAMETRIC_REPRESENTATION_CONTEXT() REPRESENTATION_CONTEXT('2D SPACE',''
  ) );
#848 = ORIENTED_EDGE('',*,*,#43,.T.);
#849 = ORIENTED_EDGE('',*,*,#850,.F.);
#850 = EDGE_CURVE('',#851,#46,#853,.T.);
#851 = VERTEX_POINT('',#852);
#852 = CARTESIAN_POINT('',(-52.,-30.78960863668,0.8));
#853 = SURFACE_CURVE('',#854,(#858,#864),.PCURVE_S1.);
#854 = LINE('',#855,#856);
#855 = CARTESIAN_POINT('',(-52.,-60.,0.8));
#856 = VECTOR('',#857,1.);
#857 = DIRECTION('',(0.,-1.,0.));
#858 = PCURVE('',#67,#859);
#859 = DEFINITIONAL_REPRESENTATION('',(#860),#863);
#860 = B_SPLINE_CURVE_WITH_KNOTS('',1,(#861,#862),.UNSPECIFIED.,.F.,.F.,
  (2,2),(-95.,-25.),.PIECEWISE_BEZIER_KNOTS.);
#861 = CARTESIAN_POINT('',(0.8,-35.));
#862 = CARTESIAN_POINT('',(0.8,35.));
#863 = ( GEOMETRIC_REPRESENTATION_CONTEXT(2) 
PARAMETRIC_REPRESENTATION_CONTEXT() REPRESENTATION_CONTEXT('2D SPACE',''
  ) );
#864 = PCURVE('',#620,#865);
#865 = DEFINITIONAL_REPRESENTATION('',(#866),#870);
#866 = LINE('',#867,#868);
#867 = CARTESIAN_POINT('',(68.,60.));
#868 = VECTOR('',#869,1.);
#869 = DIRECTION('',(0.,-1.));
#870 = ( GEOMETRIC_REPRESENTATION_CONTEXT(2) 
PARAMETRIC_REPRESENTATION_CONTEXT() REPRESENTATION_CONTEXT('2D SPACE',''
  ) );
#871 = ORIENTED_EDGE('',*,*,#872,.F.);
#872 = EDGE_CURVE('',#873,#851,#875,.T.);
#873 = VERTEX_POINT('',#874);
#874 = CARTESIAN_POINT('',(-52.,-13.18568976631,27.834826843123));
#875 = SURFACE_CURVE('',#876,(#881,#888),.PCURVE_S1.);
#876 = CIRCLE('',#877,30.8);
#877 = AXIS2_PLACEMENT_3D('',#878,#879,#880);
#878 = CARTESIAN_POINT('',(-52.,1.671608690878E-13,1.085324868355E-16));
#879 = DIRECTION('',(1.,0.,0.));
#880 = DIRECTION('',(0.,1.,0.));
#881 = PCURVE('',#67,#882);
#882 = DEFINITIONAL_REPRESENTATION('',(#883),#887);
#883 = CIRCLE('',#884,30.8);
#884 = AXIS2_PLACEMENT_2D('',#885,#886);
#885 = CARTESIAN_POINT('',(-2.213405849125E-15,-1.684111000661E-13));
#886 = DIRECTION('',(0.,-1.));
#887 = ( GEOMETRIC_REPRESENTATION_CONTEXT(2) 
PARAMETRIC_REPRESENTATION_CONTEXT() REPRESENTATION_CONTEXT('2D SPACE',''
  ) );
#888 = PCURVE('',#889,#894);
#889 = CYLINDRICAL_SURFACE('',#890,30.8);
#890 = AXIS2_PLACEMENT_3D('',#891,#892,#893);
#891 = CARTESIAN_POINT('',(-52.,1.671608690878E-13,1.085324868355E-16));
#892 = DIRECTION('',(-1.,-0.,-0.));
#893 = DIRECTION('',(0.,1.,0.));
#894 = DEFINITIONAL_REPRESENTATION('',(#895),#899);
#895 = LINE('',#896,#897);
#896 = CARTESIAN_POINT('',(-0.,0.));
#897 = VECTOR('',#898,1.);
#898 = DIRECTION('',(-1.,0.));
#899 = ( GEOMETRIC_REPRESENTATION_CONTEXT(2) 
PARAMETRIC_REPRESENTATION_CONTEXT() REPRESENTATION_CONTEXT('2D SPACE',''
  ) );
#900 = ORIENTED_EDGE('',*,*,#901,.T.);
#901 = EDGE_CURVE('',#873,#902,#904,.T.);
#902 = VERTEX_POINT('',#903);
#903 = CARTESIAN_POINT('',(-52.,-13.18568976631,28.276802955543));
#904 = SURFACE_CURVE('',#905,(#909,#915),.PCURVE_S1.);
#905 = LINE('',#906,#907);
#906 = CARTESIAN_POINT('',(-52.,-13.18568976631,1.16096916798E-15));
#907 = VECTOR('',#908,1.);
#908 = DIRECTION('',(0.,0.,1.));
#909 = PCURVE('',#67,#910);
#910 = DEFINITIONAL_REPRESENTATION('',(#911),#914);
#911 = B_SPLINE_CURVE_WITH_KNOTS('',1,(#912,#913),.UNSPECIFIED.,.F.,.F.,
  (2,2),(27.834826843123,28.276802955543),.PIECEWISE_BEZIER_KNOTS.);
#912 = CARTESIAN_POINT('',(27.834826843123,13.18568976631));
#913 = CARTESIAN_POINT('',(28.276802955543,13.18568976631));
#914 = ( GEOMETRIC_REPRESENTATION_CONTEXT(2) 
PARAMETRIC_REPRESENTATION_CONTEXT() REPRESENTATION_CONTEXT('2D SPACE',''
  ) );
#915 = PCURVE('',#916,#921);
#916 = PLANE('',#917);
#917 = AXIS2_PLACEMENT_3D('',#918,#919,#920);
#918 = CARTESIAN_POINT('',(-55.,-13.18568976631,0.));
#919 = DIRECTION('',(0.,1.,0.));
#920 = DIRECTION('',(0.,0.,1.));
#921 = DEFINITIONAL_REPRESENTATION('',(#922),#925);
#922 = B_SPLINE_CURVE_WITH_KNOTS('',1,(#923,#924),.UNSPECIFIED.,.F.,.F.,
  (2,2),(27.834826843123,28.276802955543),.PIECEWISE_BEZIER_KNOTS.);
#923 = CARTESIAN_POINT('',(27.834826843123,3.));
#924 = CARTESIAN_POINT('',(28.276802955543,3.));
#925 = ( GEOMETRIC_REPRESENTATION_CONTEXT(2) 
PARAMETRIC_REPRESENTATION_CONTEXT() REPRESENTATION_CONTEXT('2D SPACE',''
  ) );
#926 = ORIENTED_EDGE('',*,*,#927,.T.);
#927 = EDGE_CURVE('',#902,#928,#930,.T.);
#928 = VERTEX_POINT('',#929);
#929 = CARTESIAN_POINT('',(-52.,13.18568976631,28.276802955543));
#930 = SURFACE_CURVE('',#931,(#936,#947),.PCURVE_S1.);
#931 = CIRCLE('',#932,31.2);
#932 = AXIS2_PLACEMENT_3D('',#933,#934,#935);
#933 = CARTESIAN_POINT('',(-52.,0.,0.));
#934 = DIRECTION('',(-1.,0.,0.));
#935 = DIRECTION('',(0.,1.,0.));
#936 = PCURVE('',#67,#937);
#937 = DEFINITIONAL_REPRESENTATION('',(#938),#946);
#938 = ( BOUNDED_CURVE() B_SPLINE_CURVE(2,(#939,#940,#941,#942,#943,#944
,#945),.UNSPECIFIED.,.T.,.F.) B_SPLINE_CURVE_WITH_KNOTS((1,2,2,2,2,1),(
    -2.094395102393,0.,2.094395102393,4.188790204786,6.28318530718,
8.377580409573),.UNSPECIFIED.) CURVE() GEOMETRIC_REPRESENTATION_ITEM() 
RATIONAL_B_SPLINE_CURVE((1.,0.5,1.,0.5,1.,0.5,1.)) REPRESENTATION_ITEM(
  '') );
#939 = CARTESIAN_POINT('',(-2.32193833596E-15,-31.2));
#940 = CARTESIAN_POINT('',(-54.03998519614,-31.2));
#941 = CARTESIAN_POINT('',(-27.01999259807,15.6));
#942 = CARTESIAN_POINT('',(-9.96373436264E-15,62.4));
#943 = CARTESIAN_POINT('',(27.019992598074,15.6));
#944 = CARTESIAN_POINT('',(54.039985196149,-31.2));
#945 = CARTESIAN_POINT('',(-2.32193833596E-15,-31.2));
#946 = ( GEOMETRIC_REPRESENTATION_CONTEXT(2) 
PARAMETRIC_REPRESENTATION_CONTEXT() REPRESENTATION_CONTEXT('2D SPACE',''
  ) );
#947 = PCURVE('',#948,#953);
#948 = CYLINDRICAL_SURFACE('',#949,31.2);
#949 = AXIS2_PLACEMENT_3D('',#950,#951,#952);
#950 = CARTESIAN_POINT('',(-54.,0.,0.));
#951 = DIRECTION('',(-1.,-0.,-0.));
#952 = DIRECTION('',(0.,1.,0.));
#953 = DEFINITIONAL_REPRESENTATION('',(#954),#958);
#954 = LINE('',#955,#956);
#955 = CARTESIAN_POINT('',(-6.28318530718,-2.));
#956 = VECTOR('',#957,1.);
#957 = DIRECTION('',(1.,-0.));
#958 = ( GEOMETRIC_REPRESENTATION_CONTEXT(2) 
PARAMETRIC_REPRESENTATION_CONTEXT() REPRESENTATION_CONTEXT('2D SPACE',''
  ) );
#959 = ORIENTED_EDGE('',*,*,#960,.F.);
#960 = EDGE_CURVE('',#961,#928,#963,.T.);
#961 = VERTEX_POINT('',#962);
#962 = CARTESIAN_POINT('',(-52.,13.18568976631,27.834826843123));
#963 = SURFACE_CURVE('',#964,(#968,#974),.PCURVE_S1.);
#964 = LINE('',#965,#966);
#965 = CARTESIAN_POINT('',(-52.,13.18568976631,1.16096916798E-15));
#966 = VECTOR('',#967,1.);
#967 = DIRECTION('',(0.,0.,1.));
#968 = PCURVE('',#67,#969);
#969 = DEFINITIONAL_REPRESENTATION('',(#970),#973);
#970 = B_SPLINE_CURVE_WITH_KNOTS('',1,(#971,#972),.UNSPECIFIED.,.F.,.F.,
  (2,2),(27.834826843123,28.276802955543),.PIECEWISE_BEZIER_KNOTS.);
#971 = CARTESIAN_POINT('',(27.834826843123,-13.18568976631));
#972 = CARTESIAN_POINT('',(28.276802955543,-13.18568976631));
#973 = ( GEOMETRIC_REPRESENTATION_CONTEXT(2) 
PARAMETRIC_REPRESENTATION_CONTEXT() REPRESENTATION_CONTEXT('2D SPACE',''
  ) );
#974 = PCURVE('',#975,#980);
#975 = PLANE('',#976);
#976 = AXIS2_PLACEMENT_3D('',#977,#978,#979);
#977 = CARTESIAN_POINT('',(-55.,13.18568976631,0.));
#978 = DIRECTION('',(0.,1.,0.));
#979 = DIRECTION('',(0.,0.,1.));
#980 = DEFINITIONAL_REPRESENTATION('',(#981),#984);
#981 = B_SPLINE_CURVE_WITH_KNOTS('',1,(#982,#983),.UNSPECIFIED.,.F.,.F.,
  (2,2),(27.834826843123,28.276802955543),.PIECEWISE_BEZIER_KNOTS.);
#982 = CARTESIAN_POINT('',(27.834826843123,3.));
#983 = CARTESIAN_POINT('',(28.276802955543,3.));
#984 = ( GEOMETRIC_REPRESENTATION_CONTEXT(2) 
PARAMETRIC_REPRESENTATION_CONTEXT() REPRESENTATION_CONTEXT('2D SPACE',''
  ) );
#985 = ORIENTED_EDGE('',*,*,#986,.F.);
#986 = EDGE_CURVE('',#828,#961,#987,.T.);
#987 = SURFACE_CURVE('',#988,(#993,#1000),.PCURVE_S1.);
#988 = CIRCLE('',#989,30.8);
#989 = AXIS2_PLACEMENT_3D('',#990,#991,#992);
#990 = CARTESIAN_POINT('',(-52.,1.671608690878E-13,1.085324868355E-16));
#991 = DIRECTION('',(1.,0.,0.));
#992 = DIRECTION('',(0.,1.,0.));
#993 = PCURVE('',#67,#994);
#994 = DEFINITIONAL_REPRESENTATION('',(#995),#999);
#995 = CIRCLE('',#996,30.8);
#996 = AXIS2_PLACEMENT_2D('',#997,#998);
#997 = CARTESIAN_POINT('',(-2.213405849125E-15,-1.684111000661E-13));
#998 = DIRECTION('',(0.,-1.));
#999 = ( GEOMETRIC_REPRESENTATION_CONTEXT(2) 
PARAMETRIC_REPRESENTATION_CONTEXT() REPRESENTATION_CONTEXT('2D SPACE',''
  ) );
#1000 = PCURVE('',#1001,#1006);
#1001 = CYLINDRICAL_SURFACE('',#1002,30.8);
#1002 = AXIS2_PLACEMENT_3D('',#1003,#1004,#1005);
#1003 = CARTESIAN_POINT('',(-52.,1.671608690878E-13,1.085324868355E-16)
  );
#1004 = DIRECTION('',(-1.,-0.,-0.));
#1005 = DIRECTION('',(0.,1.,0.));
#1006 = DEFINITIONAL_REPRESENTATION('',(#1007),#1010);
#1007 = B_SPLINE_CURVE_WITH_KNOTS('',1,(#1008,#1009),.UNSPECIFIED.,.F.,
  .F.,(2,2),(2.597694742392E-02,1.128399457909),
  .PIECEWISE_BEZIER_KNOTS.);
#1008 = CARTESIAN_POINT('',(-6.309162254604,0.));
#1009 = CARTESIAN_POINT('',(-7.411584765088,0.));
#1010 = ( GEOMETRIC_REPRESENTATION_CONTEXT(2) 
PARAMETRIC_REPRESENTATION_CONTEXT() REPRESENTATION_CONTEXT('2D SPACE',''
  ) );
#1011 = ADVANCED_FACE('',(#1012,#1414,#1449),#620,.F.);
#1012 = FACE_BOUND('',#1013,.F.);
#1013 = EDGE_LOOP('',(#1014,#1015,#1038,#1066,#1094,#1122,#1145,#1173,
    #1201,#1229,#1257,#1278,#1279,#1280,#1303,#1332,#1360,#1393));
#1014 = ORIENTED_EDGE('',*,*,#605,.F.);
#1015 = ORIENTED_EDGE('',*,*,#1016,.T.);
#1016 = EDGE_CURVE('',#573,#1017,#1019,.T.);
#1017 = VERTEX_POINT('',#1018);
#1018 = CARTESIAN_POINT('',(-27.,-44.,0.8));
#1019 = SURFACE_CURVE('',#1020,(#1024,#1031),.PCURVE_S1.);
#1020 = LINE('',#1021,#1022);
#1021 = CARTESIAN_POINT('',(-27.,-30.2,0.8));
#1022 = VECTOR('',#1023,1.);
#1023 = DIRECTION('',(0.,-1.,0.));
#1024 = PCURVE('',#620,#1025);
#1025 = DEFINITIONAL_REPRESENTATION('',(#1026),#1030);
#1026 = LINE('',#1027,#1028);
#1027 = CARTESIAN_POINT('',(93.,89.8));
#1028 = VECTOR('',#1029,1.);
#1029 = DIRECTION('',(0.,-1.));
#1030 = ( GEOMETRIC_REPRESENTATION_CONTEXT(2) 
PARAMETRIC_REPRESENTATION_CONTEXT() REPRESENTATION_CONTEXT('2D SPACE',''
  ) );
#1031 = PCURVE('',#589,#1032);
#1032 = DEFINITIONAL_REPRESENTATION('',(#1033),#1037);
#1033 = LINE('',#1034,#1035);
#1034 = CARTESIAN_POINT('',(0.,0.));
#1035 = VECTOR('',#1036,1.);
#1036 = DIRECTION('',(1.,0.));
#1037 = ( GEOMETRIC_REPRESENTATION_CONTEXT(2) 
PARAMETRIC_REPRESENTATION_CONTEXT() REPRESENTATION_CONTEXT('2D SPACE',''
  ) );
#1038 = ORIENTED_EDGE('',*,*,#1039,.T.);
#1039 = EDGE_CURVE('',#1017,#1040,#1042,.T.);
#1040 = VERTEX_POINT('',#1041);
#1041 = CARTESIAN_POINT('',(-16.65,-57.40484581497,0.8));
#1042 = SURFACE_CURVE('',#1043,(#1047,#1054),.PCURVE_S1.);
#1043 = LINE('',#1044,#1045);
#1044 = CARTESIAN_POINT('',(-27.,-44.,0.8));
#1045 = VECTOR('',#1046,1.);
#1046 = DIRECTION('',(0.61114096351,-0.791521776529,0.));
#1047 = PCURVE('',#620,#1048);
#1048 = DEFINITIONAL_REPRESENTATION('',(#1049),#1053);
#1049 = LINE('',#1050,#1051);
#1050 = CARTESIAN_POINT('',(93.,76.));
#1051 = VECTOR('',#1052,1.);
#1052 = DIRECTION('',(0.61114096351,-0.791521776529));
#1053 = ( GEOMETRIC_REPRESENTATION_CONTEXT(2) 
PARAMETRIC_REPRESENTATION_CONTEXT() REPRESENTATION_CONTEXT('2D SPACE',''
  ) );
#1054 = PCURVE('',#1055,#1060);
#1055 = PLANE('',#1056);
#1056 = AXIS2_PLACEMENT_3D('',#1057,#1058,#1059);
#1057 = CARTESIAN_POINT('',(-27.,-44.,0.8));
#1058 = DIRECTION('',(0.791521776529,0.61114096351,-0.));
#1059 = DIRECTION('',(0.61114096351,-0.791521776529,0.));
#1060 = DEFINITIONAL_REPRESENTATION('',(#1061),#1065);
#1061 = LINE('',#1062,#1063);
#1062 = CARTESIAN_POINT('',(0.,0.));
#1063 = VECTOR('',#1064,1.);
#1064 = DIRECTION('',(1.,0.));
#1065 = ( GEOMETRIC_REPRESENTATION_CONTEXT(2) 
PARAMETRIC_REPRESENTATION_CONTEXT() REPRESENTATION_CONTEXT('2D SPACE',''
  ) );
#1066 = ORIENTED_EDGE('',*,*,#1067,.F.);
#1067 = EDGE_CURVE('',#1068,#1040,#1070,.T.);
#1068 = VERTEX_POINT('',#1069);
#1069 = CARTESIAN_POINT('',(-16.65,-58.7,0.8));
#1070 = SURFACE_CURVE('',#1071,(#1075,#1082),.PCURVE_S1.);
#1071 = LINE('',#1072,#1073);
#1072 = CARTESIAN_POINT('',(-16.65,-58.7,0.8));
#1073 = VECTOR('',#1074,1.);
#1074 = DIRECTION('',(0.,1.,0.));
#1075 = PCURVE('',#620,#1076);
#1076 = DEFINITIONAL_REPRESENTATION('',(#1077),#1081);
#1077 = LINE('',#1078,#1079);
#1078 = CARTESIAN_POINT('',(103.35,61.3));
#1079 = VECTOR('',#1080,1.);
#1080 = DIRECTION('',(0.,1.));
#1081 = ( GEOMETRIC_REPRESENTATION_CONTEXT(2) 
PARAMETRIC_REPRESENTATION_CONTEXT() REPRESENTATION_CONTEXT('2D SPACE',''
  ) );
#1082 = PCURVE('',#1083,#1088);
#1083 = PLANE('',#1084);
#1084 = AXIS2_PLACEMENT_3D('',#1085,#1086,#1087);
#1085 = CARTESIAN_POINT('',(-16.65,-58.7,0.8));
#1086 = DIRECTION('',(1.,0.,0.));
#1087 = DIRECTION('',(0.,0.,1.));
#1088 = DEFINITIONAL_REPRESENTATION('',(#1089),#1093);
#1089 = LINE('',#1090,#1091);
#1090 = CARTESIAN_POINT('',(0.,0.));
#1091 = VECTOR('',#1092,1.);
#1092 = DIRECTION('',(0.,-1.));
#1093 = ( GEOMETRIC_REPRESENTATION_CONTEXT(2) 
PARAMETRIC_REPRESENTATION_CONTEXT() REPRESENTATION_CONTEXT('2D SPACE',''
  ) );
#1094 = ORIENTED_EDGE('',*,*,#1095,.T.);
#1095 = EDGE_CURVE('',#1068,#1096,#1098,.T.);
#1096 = VERTEX_POINT('',#1097);
#1097 = CARTESIAN_POINT('',(-15.65,-58.7,0.8));
#1098 = SURFACE_CURVE('',#1099,(#1103,#1110),.PCURVE_S1.);
#1099 = LINE('',#1100,#1101);
#1100 = CARTESIAN_POINT('',(-16.65,-58.7,0.8));
#1101 = VECTOR('',#1102,1.);
#1102 = DIRECTION('',(1.,0.,0.));
#1103 = PCURVE('',#620,#1104);
#1104 = DEFINITIONAL_REPRESENTATION('',(#1105),#1109);
#1105 = LINE('',#1106,#1107);
#1106 = CARTESIAN_POINT('',(103.35,61.3));
#1107 = VECTOR('',#1108,1.);
#1108 = DIRECTION('',(1.,0.));
#1109 = ( GEOMETRIC_REPRESENTATION_CONTEXT(2) 
PARAMETRIC_REPRESENTATION_CONTEXT() REPRESENTATION_CONTEXT('2D SPACE',''
  ) );
#1110 = PCURVE('',#1111,#1116);
#1111 = PLANE('',#1112);
#1112 = AXIS2_PLACEMENT_3D('',#1113,#1114,#1115);
#1113 = CARTESIAN_POINT('',(-16.65,-58.7,0.8));
#1114 = DIRECTION('',(0.,1.,0.));
#1115 = DIRECTION('',(0.,0.,1.));
#1116 = DEFINITIONAL_REPRESENTATION('',(#1117),#1121);
#1117 = LINE('',#1118,#1119);
#1118 = CARTESIAN_POINT('',(0.,0.));
#1119 = VECTOR('',#1120,1.);
#1120 = DIRECTION('',(0.,1.));
#1121 = ( GEOMETRIC_REPRESENTATION_CONTEXT(2) 
PARAMETRIC_REPRESENTATION_CONTEXT() REPRESENTATION_CONTEXT('2D SPACE',''
  ) );
#1122 = ORIENTED_EDGE('',*,*,#1123,.T.);
#1123 = EDGE_CURVE('',#1096,#1124,#1126,.T.);
#1124 = VERTEX_POINT('',#1125);
#1125 = CARTESIAN_POINT('',(-5.,-58.7,0.8));
#1126 = SURFACE_CURVE('',#1127,(#1131,#1138),.PCURVE_S1.);
#1127 = LINE('',#1128,#1129);
#1128 = CARTESIAN_POINT('',(-16.65,-58.7,0.8));
#1129 = VECTOR('',#1130,1.);
#1130 = DIRECTION('',(1.,0.,0.));
#1131 = PCURVE('',#620,#1132);
#1132 = DEFINITIONAL_REPRESENTATION('',(#1133),#1137);
#1133 = LINE('',#1134,#1135);
#1134 = CARTESIAN_POINT('',(103.35,61.3));
#1135 = VECTOR('',#1136,1.);
#1136 = DIRECTION('',(1.,0.));
#1137 = ( GEOMETRIC_REPRESENTATION_CONTEXT(2) 
PARAMETRIC_REPRESENTATION_CONTEXT() REPRESENTATION_CONTEXT('2D SPACE',''
  ) );
#1138 = PCURVE('',#1111,#1139);
#1139 = DEFINITIONAL_REPRESENTATION('',(#1140),#1144);
#1140 = LINE('',#1141,#1142);
#1141 = CARTESIAN_POINT('',(0.,0.));
#1142 = VECTOR('',#1143,1.);
#1143 = DIRECTION('',(0.,1.));
#1144 = ( GEOMETRIC_REPRESENTATION_CONTEXT(2) 
PARAMETRIC_REPRESENTATION_CONTEXT() REPRESENTATION_CONTEXT('2D SPACE',''
  ) );
#1145 = ORIENTED_EDGE('',*,*,#1146,.T.);
#1146 = EDGE_CURVE('',#1124,#1147,#1149,.T.);
#1147 = VERTEX_POINT('',#1148);
#1148 = CARTESIAN_POINT('',(-5.,-55.51,0.8));
#1149 = SURFACE_CURVE('',#1150,(#1154,#1161),.PCURVE_S1.);
#1150 = LINE('',#1151,#1152);
#1151 = CARTESIAN_POINT('',(-5.,-58.7,0.8));
#1152 = VECTOR('',#1153,1.);
#1153 = DIRECTION('',(0.,1.,0.));
#1154 = PCURVE('',#620,#1155);
#1155 = DEFINITIONAL_REPRESENTATION('',(#1156),#1160);
#1156 = LINE('',#1157,#1158);
#1157 = CARTESIAN_POINT('',(115.,61.3));
#1158 = VECTOR('',#1159,1.);
#1159 = DIRECTION('',(0.,1.));
#1160 = ( GEOMETRIC_REPRESENTATION_CONTEXT(2) 
PARAMETRIC_REPRESENTATION_CONTEXT() REPRESENTATION_CONTEXT('2D SPACE',''
  ) );
#1161 = PCURVE('',#1162,#1167);
#1162 = PLANE('',#1163);
#1163 = AXIS2_PLACEMENT_3D('',#1164,#1165,#1166);
#1164 = CARTESIAN_POINT('',(-5.,-58.7,0.8));
#1165 = DIRECTION('',(1.,0.,0.));
#1166 = DIRECTION('',(0.,0.,1.));
#1167 = DEFINITIONAL_REPRESENTATION('',(#1168),#1172);
#1168 = LINE('',#1169,#1170);
#1169 = CARTESIAN_POINT('',(0.,0.));
#1170 = VECTOR('',#1171,1.);
#1171 = DIRECTION('',(0.,-1.));
#1172 = ( GEOMETRIC_REPRESENTATION_CONTEXT(2) 
PARAMETRIC_REPRESENTATION_CONTEXT() REPRESENTATION_CONTEXT('2D SPACE',''
  ) );
#1173 = ORIENTED_EDGE('',*,*,#1174,.T.);
#1174 = EDGE_CURVE('',#1147,#1175,#1177,.T.);
#1175 = VERTEX_POINT('',#1176);
#1176 = CARTESIAN_POINT('',(-6.2,-54.31,0.8));
#1177 = SURFACE_CURVE('',#1178,(#1182,#1189),.PCURVE_S1.);
#1178 = LINE('',#1179,#1180);
#1179 = CARTESIAN_POINT('',(-5.,-55.51,0.8));
#1180 = VECTOR('',#1181,1.);
#1181 = DIRECTION('',(-0.707106781187,0.707106781187,0.));
#1182 = PCURVE('',#620,#1183);
#1183 = DEFINITIONAL_REPRESENTATION('',(#1184),#1188);
#1184 = LINE('',#1185,#1186);
#1185 = CARTESIAN_POINT('',(115.,64.49));
#1186 = VECTOR('',#1187,1.);
#1187 = DIRECTION('',(-0.707106781187,0.707106781187));
#1188 = ( GEOMETRIC_REPRESENTATION_CONTEXT(2) 
PARAMETRIC_REPRESENTATION_CONTEXT() REPRESENTATION_CONTEXT('2D SPACE',''
  ) );
#1189 = PCURVE('',#1190,#1195);
#1190 = PLANE('',#1191);
#1191 = AXIS2_PLACEMENT_3D('',#1192,#1193,#1194);
#1192 = CARTESIAN_POINT('',(-5.,-55.51,0.8));
#1193 = DIRECTION('',(-0.707106781187,-0.707106781187,0.));
#1194 = DIRECTION('',(-0.707106781187,0.707106781187,0.));
#1195 = DEFINITIONAL_REPRESENTATION('',(#1196),#1200);
#1196 = LINE('',#1197,#1198);
#1197 = CARTESIAN_POINT('',(0.,0.));
#1198 = VECTOR('',#1199,1.);
#1199 = DIRECTION('',(1.,0.));
#1200 = ( GEOMETRIC_REPRESENTATION_CONTEXT(2) 
PARAMETRIC_REPRESENTATION_CONTEXT() REPRESENTATION_CONTEXT('2D SPACE',''
  ) );
#1201 = ORIENTED_EDGE('',*,*,#1202,.F.);
#1202 = EDGE_CURVE('',#1203,#1175,#1205,.T.);
#1203 = VERTEX_POINT('',#1204);
#1204 = CARTESIAN_POINT('',(-15.65,-54.31,0.8));
#1205 = SURFACE_CURVE('',#1206,(#1210,#1217),.PCURVE_S1.);
#1206 = LINE('',#1207,#1208);
#1207 = CARTESIAN_POINT('',(-16.65,-54.31,0.8));
#1208 = VECTOR('',#1209,1.);
#1209 = DIRECTION('',(1.,0.,0.));
#1210 = PCURVE('',#620,#1211);
#1211 = DEFINITIONAL_REPRESENTATION('',(#1212),#1216);
#1212 = LINE('',#1213,#1214);
#1213 = CARTESIAN_POINT('',(103.35,65.69));
#1214 = VECTOR('',#1215,1.);
#1215 = DIRECTION('',(1.,0.));
#1216 = ( GEOMETRIC_REPRESENTATION_CONTEXT(2) 
PARAMETRIC_REPRESENTATION_CONTEXT() REPRESENTATION_CONTEXT('2D SPACE',''
  ) );
#1217 = PCURVE('',#1218,#1223);
#1218 = PLANE('',#1219);
#1219 = AXIS2_PLACEMENT_3D('',#1220,#1221,#1222);
#1220 = CARTESIAN_POINT('',(-16.65,-54.31,0.8));
#1221 = DIRECTION('',(0.,1.,0.));
#1222 = DIRECTION('',(0.,0.,1.));
#1223 = DEFINITIONAL_REPRESENTATION('',(#1224),#1228);
#1224 = LINE('',#1225,#1226);
#1225 = CARTESIAN_POINT('',(0.,0.));
#1226 = VECTOR('',#1227,1.);
#1227 = DIRECTION('',(0.,1.));
#1228 = ( GEOMETRIC_REPRESENTATION_CONTEXT(2) 
PARAMETRIC_REPRESENTATION_CONTEXT() REPRESENTATION_CONTEXT('2D SPACE',''
  ) );
#1229 = ORIENTED_EDGE('',*,*,#1230,.T.);
#1230 = EDGE_CURVE('',#1203,#1231,#1233,.T.);
#1231 = VERTEX_POINT('',#1232);
#1232 = CARTESIAN_POINT('',(-15.65,-30.78960863668,0.800000000001));
#1233 = SURFACE_CURVE('',#1234,(#1238,#1245),.PCURVE_S1.);
#1234 = LINE('',#1235,#1236);
#1235 = CARTESIAN_POINT('',(-15.65,-58.7,0.8));
#1236 = VECTOR('',#1237,1.);
#1237 = DIRECTION('',(0.,1.,0.));
#1238 = PCURVE('',#620,#1239);
#1239 = DEFINITIONAL_REPRESENTATION('',(#1240),#1244);
#1240 = LINE('',#1241,#1242);
#1241 = CARTESIAN_POINT('',(104.35,61.3));
#1242 = VECTOR('',#1243,1.);
#1243 = DIRECTION('',(0.,1.));
#1244 = ( GEOMETRIC_REPRESENTATION_CONTEXT(2) 
PARAMETRIC_REPRESENTATION_CONTEXT() REPRESENTATION_CONTEXT('2D SPACE',''
  ) );
#1245 = PCURVE('',#1246,#1251);
#1246 = PLANE('',#1247);
#1247 = AXIS2_PLACEMENT_3D('',#1248,#1249,#1250);
#1248 = CARTESIAN_POINT('',(-15.65,-58.7,0.8));
#1249 = DIRECTION('',(-1.,0.,0.));
#1250 = DIRECTION('',(0.,1.,0.));
#1251 = DEFINITIONAL_REPRESENTATION('',(#1252),#1256);
#1252 = LINE('',#1253,#1254);
#1253 = CARTESIAN_POINT('',(0.,0.));
#1254 = VECTOR('',#1255,1.);
#1255 = DIRECTION('',(1.,0.));
#1256 = ( GEOMETRIC_REPRESENTATION_CONTEXT(2) 
PARAMETRIC_REPRESENTATION_CONTEXT() REPRESENTATION_CONTEXT('2D SPACE',''
  ) );
#1257 = ORIENTED_EDGE('',*,*,#1258,.F.);
#1258 = EDGE_CURVE('',#851,#1231,#1259,.T.);
#1259 = SURFACE_CURVE('',#1260,(#1264,#1271),.PCURVE_S1.);
#1260 = LINE('',#1261,#1262);
#1261 = CARTESIAN_POINT('',(-52.,-30.78960863668,0.8));
#1262 = VECTOR('',#1263,1.);
#1263 = DIRECTION('',(1.,-2.736615763588E-15,3.580812858516E-14));
#1264 = PCURVE('',#620,#1265);
#1265 = DEFINITIONAL_REPRESENTATION('',(#1266),#1270);
#1266 = LINE('',#1267,#1268);
#1267 = CARTESIAN_POINT('',(68.,89.210391363319));
#1268 = VECTOR('',#1269,1.);
#1269 = DIRECTION('',(1.,-2.736615763588E-15));
#1270 = ( GEOMETRIC_REPRESENTATION_CONTEXT(2) 
PARAMETRIC_REPRESENTATION_CONTEXT() REPRESENTATION_CONTEXT('2D SPACE',''
  ) );
#1271 = PCURVE('',#889,#1272);
#1272 = DEFINITIONAL_REPRESENTATION('',(#1273),#1277);
#1273 = LINE('',#1274,#1275);
#1274 = CARTESIAN_POINT('',(-3.115615706166,0.));
#1275 = VECTOR('',#1276,1.);
#1276 = DIRECTION('',(-0.,-1.));
#1277 = ( GEOMETRIC_REPRESENTATION_CONTEXT(2) 
PARAMETRIC_REPRESENTATION_CONTEXT() REPRESENTATION_CONTEXT('2D SPACE',''
  ) );
#1278 = ORIENTED_EDGE('',*,*,#850,.T.);
#1279 = ORIENTED_EDGE('',*,*,#804,.F.);
#1280 = ORIENTED_EDGE('',*,*,#1281,.F.);
#1281 = EDGE_CURVE('',#1282,#772,#1284,.T.);
#1282 = VERTEX_POINT('',#1283);
#1283 = CARTESIAN_POINT('',(-47.,-47.6,0.8));
#1284 = SURFACE_CURVE('',#1285,(#1289,#1296),.PCURVE_S1.);
#1285 = LINE('',#1286,#1287);
#1286 = CARTESIAN_POINT('',(-47.,-50.6,0.8));
#1287 = VECTOR('',#1288,1.);
#1288 = DIRECTION('',(0.,1.,0.));
#1289 = PCURVE('',#620,#1290);
#1290 = DEFINITIONAL_REPRESENTATION('',(#1291),#1295);
#1291 = LINE('',#1292,#1293);
#1292 = CARTESIAN_POINT('',(73.,69.4));
#1293 = VECTOR('',#1294,1.);
#1294 = DIRECTION('',(0.,1.));
#1295 = ( GEOMETRIC_REPRESENTATION_CONTEXT(2) 
PARAMETRIC_REPRESENTATION_CONTEXT() REPRESENTATION_CONTEXT('2D SPACE',''
  ) );
#1296 = PCURVE('',#788,#1297);
#1297 = DEFINITIONAL_REPRESENTATION('',(#1298),#1302);
#1298 = LINE('',#1299,#1300);
#1299 = CARTESIAN_POINT('',(0.,0.));
#1300 = VECTOR('',#1301,1.);
#1301 = DIRECTION('',(0.,-1.));
#1302 = ( GEOMETRIC_REPRESENTATION_CONTEXT(2) 
PARAMETRIC_REPRESENTATION_CONTEXT() REPRESENTATION_CONTEXT('2D SPACE',''
  ) );
#1303 = ORIENTED_EDGE('',*,*,#1304,.T.);
#1304 = EDGE_CURVE('',#1282,#1305,#1307,.T.);
#1305 = VERTEX_POINT('',#1306);
#1306 = CARTESIAN_POINT('',(-44.,-50.6,0.8));
#1307 = SURFACE_CURVE('',#1308,(#1313,#1320),.PCURVE_S1.);
#1308 = CIRCLE('',#1309,3.);
#1309 = AXIS2_PLACEMENT_3D('',#1310,#1311,#1312);
#1310 = CARTESIAN_POINT('',(-44.,-47.6,0.8));
#1311 = DIRECTION('',(0.,0.,1.));
#1312 = DIRECTION('',(0.,-1.,0.));
#1313 = PCURVE('',#620,#1314);
#1314 = DEFINITIONAL_REPRESENTATION('',(#1315),#1319);
#1315 = CIRCLE('',#1316,3.);
#1316 = AXIS2_PLACEMENT_2D('',#1317,#1318);
#1317 = CARTESIAN_POINT('',(76.,72.4));
#1318 = DIRECTION('',(0.,-1.));
#1319 = ( GEOMETRIC_REPRESENTATION_CONTEXT(2) 
PARAMETRIC_REPRESENTATION_CONTEXT() REPRESENTATION_CONTEXT('2D SPACE',''
  ) );
#1320 = PCURVE('',#1321,#1326);
#1321 = CYLINDRICAL_SURFACE('',#1322,3.);
#1322 = AXIS2_PLACEMENT_3D('',#1323,#1324,#1325);
#1323 = CARTESIAN_POINT('',(-44.,-47.6,0.8));
#1324 = DIRECTION('',(0.,0.,1.));
#1325 = DIRECTION('',(-1.,-0.,0.));
#1326 = DEFINITIONAL_REPRESENTATION('',(#1327),#1331);
#1327 = LINE('',#1328,#1329);
#1328 = CARTESIAN_POINT('',(-4.712388980385,0.));
#1329 = VECTOR('',#1330,1.);
#1330 = DIRECTION('',(1.,0.));
#1331 = ( GEOMETRIC_REPRESENTATION_CONTEXT(2) 
PARAMETRIC_REPRESENTATION_CONTEXT() REPRESENTATION_CONTEXT('2D SPACE',''
  ) );
#1332 = ORIENTED_EDGE('',*,*,#1333,.T.);
#1333 = EDGE_CURVE('',#1305,#1334,#1336,.T.);
#1334 = VERTEX_POINT('',#1335);
#1335 = CARTESIAN_POINT('',(-32.,-50.6,0.8));
#1336 = SURFACE_CURVE('',#1337,(#1341,#1348),.PCURVE_S1.);
#1337 = LINE('',#1338,#1339);
#1338 = CARTESIAN_POINT('',(-47.,-50.6,0.8));
#1339 = VECTOR('',#1340,1.);
#1340 = DIRECTION('',(1.,0.,0.));
#1341 = PCURVE('',#620,#1342);
#1342 = DEFINITIONAL_REPRESENTATION('',(#1343),#1347);
#1343 = LINE('',#1344,#1345);
#1344 = CARTESIAN_POINT('',(73.,69.4));
#1345 = VECTOR('',#1346,1.);
#1346 = DIRECTION('',(1.,0.));
#1347 = ( GEOMETRIC_REPRESENTATION_CONTEXT(2) 
PARAMETRIC_REPRESENTATION_CONTEXT() REPRESENTATION_CONTEXT('2D SPACE',''
  ) );
#1348 = PCURVE('',#1349,#1354);
#1349 = PLANE('',#1350);
#1350 = AXIS2_PLACEMENT_3D('',#1351,#1352,#1353);
#1351 = CARTESIAN_POINT('',(-47.,-50.6,0.8));
#1352 = DIRECTION('',(0.,1.,0.));
#1353 = DIRECTION('',(0.,0.,1.));
#1354 = DEFINITIONAL_REPRESENTATION('',(#1355),#1359);
#1355 = LINE('',#1356,#1357);
#1356 = CARTESIAN_POINT('',(0.,0.));
#1357 = VECTOR('',#1358,1.);
#1358 = DIRECTION('',(0.,1.));
#1359 = ( GEOMETRIC_REPRESENTATION_CONTEXT(2) 
PARAMETRIC_REPRESENTATION_CONTEXT() REPRESENTATION_CONTEXT('2D SPACE',''
  ) );
#1360 = ORIENTED_EDGE('',*,*,#1361,.F.);
#1361 = EDGE_CURVE('',#1362,#1334,#1364,.T.);
#1362 = VERTEX_POINT('',#1363);
#1363 = CARTESIAN_POINT('',(-29.,-47.6,0.8));
#1364 = SURFACE_CURVE('',#1365,(#1370,#1381),.PCURVE_S1.);
#1365 = CIRCLE('',#1366,3.);
#1366 = AXIS2_PLACEMENT_3D('',#1367,#1368,#1369);
#1367 = CARTESIAN_POINT('',(-32.,-47.6,0.8));
#1368 = DIRECTION('',(-0.,-0.,-1.));
#1369 = DIRECTION('',(0.,-1.,0.));
#1370 = PCURVE('',#620,#1371);
#1371 = DEFINITIONAL_REPRESENTATION('',(#1372),#1380);
#1372 = ( BOUNDED_CURVE() B_SPLINE_CURVE(2,(#1373,#1374,#1375,#1376,
#1377,#1378,#1379),.UNSPECIFIED.,.T.,.F.) B_SPLINE_CURVE_WITH_KNOTS((1,2
    ,2,2,2,1),(-2.094395102393,0.,2.094395102393,4.188790204786,
6.28318530718,8.377580409573),.UNSPECIFIED.) CURVE() 
GEOMETRIC_REPRESENTATION_ITEM() RATIONAL_B_SPLINE_CURVE((1.,0.5,1.,0.5,
1.,0.5,1.)) REPRESENTATION_ITEM('') );
#1373 = CARTESIAN_POINT('',(88.,69.4));
#1374 = CARTESIAN_POINT('',(82.803847577293,69.4));
#1375 = CARTESIAN_POINT('',(85.401923788647,73.9));
#1376 = CARTESIAN_POINT('',(88.,78.4));
#1377 = CARTESIAN_POINT('',(90.598076211353,73.9));
#1378 = CARTESIAN_POINT('',(93.196152422707,69.4));
#1379 = CARTESIAN_POINT('',(88.,69.4));
#1380 = ( GEOMETRIC_REPRESENTATION_CONTEXT(2) 
PARAMETRIC_REPRESENTATION_CONTEXT() REPRESENTATION_CONTEXT('2D SPACE',''
  ) );
#1381 = PCURVE('',#1382,#1387);
#1382 = CYLINDRICAL_SURFACE('',#1383,3.);
#1383 = AXIS2_PLACEMENT_3D('',#1384,#1385,#1386);
#1384 = CARTESIAN_POINT('',(-32.,-47.6,0.8));
#1385 = DIRECTION('',(0.,0.,1.));
#1386 = DIRECTION('',(1.,0.,-0.));
#1387 = DEFINITIONAL_REPRESENTATION('',(#1388),#1392);
#1388 = LINE('',#1389,#1390);
#1389 = CARTESIAN_POINT('',(4.712388980385,-0.));
#1390 = VECTOR('',#1391,1.);
#1391 = DIRECTION('',(-1.,0.));
#1392 = ( GEOMETRIC_REPRESENTATION_CONTEXT(2) 
PARAMETRIC_REPRESENTATION_CONTEXT() REPRESENTATION_CONTEXT('2D SPACE',''
  ) );
#1393 = ORIENTED_EDGE('',*,*,#1394,.T.);
#1394 = EDGE_CURVE('',#1362,#606,#1395,.T.);
#1395 = SURFACE_CURVE('',#1396,(#1400,#1407),.PCURVE_S1.);
#1396 = LINE('',#1397,#1398);
#1397 = CARTESIAN_POINT('',(-29.,-50.6,0.8));
#1398 = VECTOR('',#1399,1.);
#1399 = DIRECTION('',(0.,1.,0.));
#1400 = PCURVE('',#620,#1401);
#1401 = DEFINITIONAL_REPRESENTATION('',(#1402),#1406);
#1402 = LINE('',#1403,#1404);
#1403 = CARTESIAN_POINT('',(91.,69.4));
#1404 = VECTOR('',#1405,1.);
#1405 = DIRECTION('',(0.,1.));
#1406 = ( GEOMETRIC_REPRESENTATION_CONTEXT(2) 
PARAMETRIC_REPRESENTATION_CONTEXT() REPRESENTATION_CONTEXT('2D SPACE',''
  ) );
#1407 = PCURVE('',#649,#1408);
#1408 = DEFINITIONAL_REPRESENTATION('',(#1409),#1413);
#1409 = LINE('',#1410,#1411);
#1410 = CARTESIAN_POINT('',(0.,0.));
#1411 = VECTOR('',#1412,1.);
#1412 = DIRECTION('',(0.,-1.));
#1413 = ( GEOMETRIC_REPRESENTATION_CONTEXT(2) 
PARAMETRIC_REPRESENTATION_CONTEXT() REPRESENTATION_CONTEXT('2D SPACE',''
  ) );
#1414 = FACE_BOUND('',#1415,.F.);
#1415 = EDGE_LOOP('',(#1416));
#1416 = ORIENTED_EDGE('',*,*,#1417,.T.);
#1417 = EDGE_CURVE('',#1418,#1418,#1420,.T.);
#1418 = VERTEX_POINT('',#1419);
#1419 = CARTESIAN_POINT('',(-35.8,-43.,0.8));
#1420 = SURFACE_CURVE('',#1421,(#1426,#1437),.PCURVE_S1.);
#1421 = CIRCLE('',#1422,2.2);
#1422 = AXIS2_PLACEMENT_3D('',#1423,#1424,#1425);
#1423 = CARTESIAN_POINT('',(-38.,-43.,0.8));
#1424 = DIRECTION('',(0.,0.,-1.));
#1425 = DIRECTION('',(1.,0.,0.));
#1426 = PCURVE('',#620,#1427);
#1427 = DEFINITIONAL_REPRESENTATION('',(#1428),#1436);
#1428 = ( BOUNDED_CURVE() B_SPLINE_CURVE(2,(#1429,#1430,#1431,#1432,
#1433,#1434,#1435),.UNSPECIFIED.,.T.,.F.) B_SPLINE_CURVE_WITH_KNOTS((1,2
    ,2,2,2,1),(-2.094395102393,0.,2.094395102393,4.188790204786,
6.28318530718,8.377580409573),.UNSPECIFIED.) CURVE() 
GEOMETRIC_REPRESENTATION_ITEM() RATIONAL_B_SPLINE_CURVE((1.,0.5,1.,0.5,
1.,0.5,1.)) REPRESENTATION_ITEM('') );
#1429 = CARTESIAN_POINT('',(84.2,77.));
#1430 = CARTESIAN_POINT('',(84.2,73.189488223348));
#1431 = CARTESIAN_POINT('',(80.9,75.094744111674));
#1432 = CARTESIAN_POINT('',(77.6,77.));
#1433 = CARTESIAN_POINT('',(80.9,78.905255888326));
#1434 = CARTESIAN_POINT('',(84.2,80.810511776652));
#1435 = CARTESIAN_POINT('',(84.2,77.));
#1436 = ( GEOMETRIC_REPRESENTATION_CONTEXT(2) 
PARAMETRIC_REPRESENTATION_CONTEXT() REPRESENTATION_CONTEXT('2D SPACE',''
  ) );
#1437 = PCURVE('',#1438,#1443);
#1438 = CYLINDRICAL_SURFACE('',#1439,2.2);
#1439 = AXIS2_PLACEMENT_3D('',#1440,#1441,#1442);
#1440 = CARTESIAN_POINT('',(-38.,-43.,-13.));
#1441 = DIRECTION('',(-0.,-0.,-1.));
#1442 = DIRECTION('',(1.,0.,0.));
#1443 = DEFINITIONAL_REPRESENTATION('',(#1444),#1448);
#1444 = LINE('',#1445,#1446);
#1445 = CARTESIAN_POINT('',(-6.28318530718,-13.8));
#1446 = VECTOR('',#1447,1.);
#1447 = DIRECTION('',(1.,-0.));
#1448 = ( GEOMETRIC_REPRESENTATION_CONTEXT(2) 
PARAMETRIC_REPRESENTATION_CONTEXT() REPRESENTATION_CONTEXT('2D SPACE',''
  ) );
#1449 = FACE_BOUND('',#1450,.F.);
#1450 = EDGE_LOOP('',(#1451));
#1451 = ORIENTED_EDGE('',*,*,#1452,.T.);
#1452 = EDGE_CURVE('',#1453,#1453,#1455,.T.);
#1453 = VERTEX_POINT('',#1454);
#1454 = CARTESIAN_POINT('',(-40.9,-36.5,0.8));
#1455 = SURFACE_CURVE('',#1456,(#1461,#1472),.PCURVE_S1.);
#1456 = CIRCLE('',#1457,1.6);
#1457 = AXIS2_PLACEMENT_3D('',#1458,#1459,#1460);
#1458 = CARTESIAN_POINT('',(-42.5,-36.5,0.8));
#1459 = DIRECTION('',(0.,0.,-1.));
#1460 = DIRECTION('',(1.,0.,0.));
#1461 = PCURVE('',#620,#1462);
#1462 = DEFINITIONAL_REPRESENTATION('',(#1463),#1471);
#1463 = ( BOUNDED_CURVE() B_SPLINE_CURVE(2,(#1464,#1465,#1466,#1467,
#1468,#1469,#1470),.UNSPECIFIED.,.T.,.F.) B_SPLINE_CURVE_WITH_KNOTS((1,2
    ,2,2,2,1),(-2.094395102393,0.,2.094395102393,4.188790204786,
6.28318530718,8.377580409573),.UNSPECIFIED.) CURVE() 
GEOMETRIC_REPRESENTATION_ITEM() RATIONAL_B_SPLINE_CURVE((1.,0.5,1.,0.5,
1.,0.5,1.)) REPRESENTATION_ITEM('') );
#1464 = CARTESIAN_POINT('',(79.1,83.5));
#1465 = CARTESIAN_POINT('',(79.1,80.72871870789));
#1466 = CARTESIAN_POINT('',(76.7,82.114359353945));
#1467 = CARTESIAN_POINT('',(74.3,83.5));
#1468 = CARTESIAN_POINT('',(76.7,84.885640646055));
#1469 = CARTESIAN_POINT('',(79.1,86.27128129211));
#1470 = CARTESIAN_POINT('',(79.1,83.5));
#1471 = ( GEOMETRIC_REPRESENTATION_CONTEXT(2) 
PARAMETRIC_REPRESENTATION_CONTEXT() REPRESENTATION_CONTEXT('2D SPACE',''
  ) );
#1472 = PCURVE('',#1473,#1478);
#1473 = CYLINDRICAL_SURFACE('',#1474,1.6);
#1474 = AXIS2_PLACEMENT_3D('',#1475,#1476,#1477);
#1475 = CARTESIAN_POINT('',(-42.5,-36.5,-5.4));
#1476 = DIRECTION('',(-0.,-0.,-1.));
#1477 = DIRECTION('',(1.,0.,0.));
#1478 = DEFINITIONAL_REPRESENTATION('',(#1479),#1483);
#1479 = LINE('',#1480,#1481);
#1480 = CARTESIAN_POINT('',(-6.28318530718,-6.2));
#1481 = VECTOR('',#1482,1.);
#1482 = DIRECTION('',(1.,-0.));
#1483 = ( GEOMETRIC_REPRESENTATION_CONTEXT(2) 
PARAMETRIC_REPRESENTATION_CONTEXT() REPRESENTATION_CONTEXT('2D SPACE',''
  ) );
#1484 = ADVANCED_FACE('',(#1485),#788,.F.);
#1485 = FACE_BOUND('',#1486,.F.);
#1486 = EDGE_LOOP('',(#1487,#1512,#1533,#1534,#1535));
#1487 = ORIENTED_EDGE('',*,*,#1488,.F.);
#1488 = EDGE_CURVE('',#1489,#1491,#1493,.T.);
#1489 = VERTEX_POINT('',#1490);
#1490 = CARTESIAN_POINT('',(-47.,-47.6,9.));
#1491 = VERTEX_POINT('',#1492);
#1492 = CARTESIAN_POINT('',(-47.,-34.5,9.));
#1493 = SURFACE_CURVE('',#1494,(#1498,#1505),.PCURVE_S1.);
#1494 = LINE('',#1495,#1496);
#1495 = CARTESIAN_POINT('',(-47.,-50.6,9.));
#1496 = VECTOR('',#1497,1.);
#1497 = DIRECTION('',(0.,1.,0.));
#1498 = PCURVE('',#788,#1499);
#1499 = DEFINITIONAL_REPRESENTATION('',(#1500),#1504);
#1500 = LINE('',#1501,#1502);
#1501 = CARTESIAN_POINT('',(8.2,0.));
#1502 = VECTOR('',#1503,1.);
#1503 = DIRECTION('',(0.,-1.));
#1504 = ( GEOMETRIC_REPRESENTATION_CONTEXT(2) 
PARAMETRIC_REPRESENTATION_CONTEXT() REPRESENTATION_CONTEXT('2D SPACE',''
  ) );
#1505 = PCURVE('',#720,#1506);
#1506 = DEFINITIONAL_REPRESENTATION('',(#1507),#1511);
#1507 = LINE('',#1508,#1509);
#1508 = CARTESIAN_POINT('',(0.,0.));
#1509 = VECTOR('',#1510,1.);
#1510 = DIRECTION('',(0.,1.));
#1511 = ( GEOMETRIC_REPRESENTATION_CONTEXT(2) 
PARAMETRIC_REPRESENTATION_CONTEXT() REPRESENTATION_CONTEXT('2D SPACE',''
  ) );
#1512 = ORIENTED_EDGE('',*,*,#1513,.F.);
#1513 = EDGE_CURVE('',#1282,#1489,#1514,.T.);
#1514 = SURFACE_CURVE('',#1515,(#1519,#1526),.PCURVE_S1.);
#1515 = LINE('',#1516,#1517);
#1516 = CARTESIAN_POINT('',(-47.,-47.6,0.8));
#1517 = VECTOR('',#1518,1.);
#1518 = DIRECTION('',(0.,0.,1.));
#1519 = PCURVE('',#788,#1520);
#1520 = DEFINITIONAL_REPRESENTATION('',(#1521),#1525);
#1521 = LINE('',#1522,#1523);
#1522 = CARTESIAN_POINT('',(0.,-3.));
#1523 = VECTOR('',#1524,1.);
#1524 = DIRECTION('',(1.,0.));
#1525 = ( GEOMETRIC_REPRESENTATION_CONTEXT(2) 
PARAMETRIC_REPRESENTATION_CONTEXT() REPRESENTATION_CONTEXT('2D SPACE',''
  ) );
#1526 = PCURVE('',#1321,#1527);
#1527 = DEFINITIONAL_REPRESENTATION('',(#1528),#1532);
#1528 = LINE('',#1529,#1530);
#1529 = CARTESIAN_POINT('',(0.,0.));
#1530 = VECTOR('',#1531,1.);
#1531 = DIRECTION('',(0.,1.));
#1532 = ( GEOMETRIC_REPRESENTATION_CONTEXT(2) 
PARAMETRIC_REPRESENTATION_CONTEXT() REPRESENTATION_CONTEXT('2D SPACE',''
  ) );
#1533 = ORIENTED_EDGE('',*,*,#1281,.T.);
#1534 = ORIENTED_EDGE('',*,*,#771,.T.);
#1535 = ORIENTED_EDGE('',*,*,#1536,.T.);
#1536 = EDGE_CURVE('',#732,#1491,#1537,.T.);
#1537 = SURFACE_CURVE('',#1538,(#1542,#1549),.PCURVE_S1.);
#1538 = LINE('',#1539,#1540);
#1539 = CARTESIAN_POINT('',(-47.,-34.5,0.8));
#1540 = VECTOR('',#1541,1.);
#1541 = DIRECTION('',(0.,0.,1.));
#1542 = PCURVE('',#788,#1543);
#1543 = DEFINITIONAL_REPRESENTATION('',(#1544),#1548);
#1544 = LINE('',#1545,#1546);
#1545 = CARTESIAN_POINT('',(0.,-16.1));
#1546 = VECTOR('',#1547,1.);
#1547 = DIRECTION('',(1.,0.));
#1548 = ( GEOMETRIC_REPRESENTATION_CONTEXT(2) 
PARAMETRIC_REPRESENTATION_CONTEXT() REPRESENTATION_CONTEXT('2D SPACE',''
  ) );
#1549 = PCURVE('',#755,#1550);
#1550 = DEFINITIONAL_REPRESENTATION('',(#1551),#1555);
#1551 = LINE('',#1552,#1553);
#1552 = CARTESIAN_POINT('',(-0.,0.));
#1553 = VECTOR('',#1554,1.);
#1554 = DIRECTION('',(-0.,1.));
#1555 = ( GEOMETRIC_REPRESENTATION_CONTEXT(2) 
PARAMETRIC_REPRESENTATION_CONTEXT() REPRESENTATION_CONTEXT('2D SPACE',''
  ) );
#1556 = ADVANCED_FACE('',(#1557),#755,.T.);
#1557 = FACE_BOUND('',#1558,.F.);
#1558 = EDGE_LOOP('',(#1559,#1560,#1561));
#1559 = ORIENTED_EDGE('',*,*,#1536,.F.);
#1560 = ORIENTED_EDGE('',*,*,#731,.T.);
#1561 = ORIENTED_EDGE('',*,*,#1562,.F.);
#1562 = EDGE_CURVE('',#1491,#706,#1563,.T.);
#1563 = SURFACE_CURVE('',#1564,(#1569,#1576),.PCURVE_S1.);
#1564 = CIRCLE('',#1565,3.);
#1565 = AXIS2_PLACEMENT_3D('',#1566,#1567,#1568);
#1566 = CARTESIAN_POINT('',(-44.,-34.5,9.));
#1567 = DIRECTION('',(-0.,-0.,-1.));
#1568 = DIRECTION('',(0.,-1.,0.));
#1569 = PCURVE('',#755,#1570);
#1570 = DEFINITIONAL_REPRESENTATION('',(#1571),#1575);
#1571 = LINE('',#1572,#1573);
#1572 = CARTESIAN_POINT('',(1.570796326795,8.2));
#1573 = VECTOR('',#1574,1.);
#1574 = DIRECTION('',(-1.,0.));
#1575 = ( GEOMETRIC_REPRESENTATION_CONTEXT(2) 
PARAMETRIC_REPRESENTATION_CONTEXT() REPRESENTATION_CONTEXT('2D SPACE',''
  ) );
#1576 = PCURVE('',#720,#1577);
#1577 = DEFINITIONAL_REPRESENTATION('',(#1578),#1586);
#1578 = ( BOUNDED_CURVE() B_SPLINE_CURVE(2,(#1579,#1580,#1581,#1582,
#1583,#1584,#1585),.UNSPECIFIED.,.T.,.F.) B_SPLINE_CURVE_WITH_KNOTS((1,2
    ,2,2,2,1),(-2.094395102393,0.,2.094395102393,4.188790204786,
6.28318530718,8.377580409573),.UNSPECIFIED.) CURVE() 
GEOMETRIC_REPRESENTATION_ITEM() RATIONAL_B_SPLINE_CURVE((1.,0.5,1.,0.5,
1.,0.5,1.)) REPRESENTATION_ITEM('') );
#1579 = CARTESIAN_POINT('',(3.,13.1));
#1580 = CARTESIAN_POINT('',(-2.196152422707,13.1));
#1581 = CARTESIAN_POINT('',(0.401923788647,17.6));
#1582 = CARTESIAN_POINT('',(3.,22.1));
#1583 = CARTESIAN_POINT('',(5.598076211353,17.6));
#1584 = CARTESIAN_POINT('',(8.196152422707,13.1));
#1585 = CARTESIAN_POINT('',(3.,13.1));
#1586 = ( GEOMETRIC_REPRESENTATION_CONTEXT(2) 
PARAMETRIC_REPRESENTATION_CONTEXT() REPRESENTATION_CONTEXT('2D SPACE',''
  ) );
#1587 = ADVANCED_FACE('',(#1588,#1713),#720,.T.);
#1588 = FACE_BOUND('',#1589,.T.);
#1589 = EDGE_LOOP('',(#1590,#1591,#1615,#1638,#1666,#1689,#1711,#1712));
#1590 = ORIENTED_EDGE('',*,*,#1488,.F.);
#1591 = ORIENTED_EDGE('',*,*,#1592,.T.);
#1592 = EDGE_CURVE('',#1489,#1593,#1595,.T.);
#1593 = VERTEX_POINT('',#1594);
#1594 = CARTESIAN_POINT('',(-44.,-50.6,9.));
#1595 = SURFACE_CURVE('',#1596,(#1601,#1608),.PCURVE_S1.);
#1596 = CIRCLE('',#1597,3.);
#1597 = AXIS2_PLACEMENT_3D('',#1598,#1599,#1600);
#1598 = CARTESIAN_POINT('',(-44.,-47.6,9.));
#1599 = DIRECTION('',(0.,0.,1.));
#1600 = DIRECTION('',(0.,-1.,0.));
#1601 = PCURVE('',#720,#1602);
#1602 = DEFINITIONAL_REPRESENTATION('',(#1603),#1607);
#1603 = CIRCLE('',#1604,3.);
#1604 = AXIS2_PLACEMENT_2D('',#1605,#1606);
#1605 = CARTESIAN_POINT('',(3.,3.));
#1606 = DIRECTION('',(0.,-1.));
#1607 = ( GEOMETRIC_REPRESENTATION_CONTEXT(2) 
PARAMETRIC_REPRESENTATION_CONTEXT() REPRESENTATION_CONTEXT('2D SPACE',''
  ) );
#1608 = PCURVE('',#1321,#1609);
#1609 = DEFINITIONAL_REPRESENTATION('',(#1610),#1614);
#1610 = LINE('',#1611,#1612);
#1611 = CARTESIAN_POINT('',(-4.712388980385,8.2));
#1612 = VECTOR('',#1613,1.);
#1613 = DIRECTION('',(1.,0.));
#1614 = ( GEOMETRIC_REPRESENTATION_CONTEXT(2) 
PARAMETRIC_REPRESENTATION_CONTEXT() REPRESENTATION_CONTEXT('2D SPACE',''
  ) );
#1615 = ORIENTED_EDGE('',*,*,#1616,.T.);
#1616 = EDGE_CURVE('',#1593,#1617,#1619,.T.);
#1617 = VERTEX_POINT('',#1618);
#1618 = CARTESIAN_POINT('',(-32.,-50.6,9.));
#1619 = SURFACE_CURVE('',#1620,(#1624,#1631),.PCURVE_S1.);
#1620 = LINE('',#1621,#1622);
#1621 = CARTESIAN_POINT('',(-47.,-50.6,9.));
#1622 = VECTOR('',#1623,1.);
#1623 = DIRECTION('',(1.,0.,0.));
#1624 = PCURVE('',#720,#1625);
#1625 = DEFINITIONAL_REPRESENTATION('',(#1626),#1630);
#1626 = LINE('',#1627,#1628);
#1627 = CARTESIAN_POINT('',(0.,0.));
#1628 = VECTOR('',#1629,1.);
#1629 = DIRECTION('',(1.,0.));
#1630 = ( GEOMETRIC_REPRESENTATION_CONTEXT(2) 
PARAMETRIC_REPRESENTATION_CONTEXT() REPRESENTATION_CONTEXT('2D SPACE',''
  ) );
#1631 = PCURVE('',#1349,#1632);
#1632 = DEFINITIONAL_REPRESENTATION('',(#1633),#1637);
#1633 = LINE('',#1634,#1635);
#1634 = CARTESIAN_POINT('',(8.2,0.));
#1635 = VECTOR('',#1636,1.);
#1636 = DIRECTION('',(0.,1.));
#1637 = ( GEOMETRIC_REPRESENTATION_CONTEXT(2) 
PARAMETRIC_REPRESENTATION_CONTEXT() REPRESENTATION_CONTEXT('2D SPACE',''
  ) );
#1638 = ORIENTED_EDGE('',*,*,#1639,.F.);
#1639 = EDGE_CURVE('',#1640,#1617,#1642,.T.);
#1640 = VERTEX_POINT('',#1641);
#1641 = CARTESIAN_POINT('',(-29.,-47.6,9.));
#1642 = SURFACE_CURVE('',#1643,(#1648,#1659),.PCURVE_S1.);
#1643 = CIRCLE('',#1644,3.);
#1644 = AXIS2_PLACEMENT_3D('',#1645,#1646,#1647);
#1645 = CARTESIAN_POINT('',(-32.,-47.6,9.));
#1646 = DIRECTION('',(-0.,-0.,-1.));
#1647 = DIRECTION('',(0.,-1.,0.));
#1648 = PCURVE('',#720,#1649);
#1649 = DEFINITIONAL_REPRESENTATION('',(#1650),#1658);
#1650 = ( BOUNDED_CURVE() B_SPLINE_CURVE(2,(#1651,#1652,#1653,#1654,
#1655,#1656,#1657),.UNSPECIFIED.,.T.,.F.) B_SPLINE_CURVE_WITH_KNOTS((1,2
    ,2,2,2,1),(-2.094395102393,0.,2.094395102393,4.188790204786,
6.28318530718,8.377580409573),.UNSPECIFIED.) CURVE() 
GEOMETRIC_REPRESENTATION_ITEM() RATIONAL_B_SPLINE_CURVE((1.,0.5,1.,0.5,
1.,0.5,1.)) REPRESENTATION_ITEM('') );
#1651 = CARTESIAN_POINT('',(15.,0.));
#1652 = CARTESIAN_POINT('',(9.803847577293,0.));
#1653 = CARTESIAN_POINT('',(12.401923788647,4.5));
#1654 = CARTESIAN_POINT('',(15.,9.));
#1655 = CARTESIAN_POINT('',(17.598076211353,4.5));
#1656 = CARTESIAN_POINT('',(20.196152422707,4.440892098501E-15));
#1657 = CARTESIAN_POINT('',(15.,0.));
#1658 = ( GEOMETRIC_REPRESENTATION_CONTEXT(2) 
PARAMETRIC_REPRESENTATION_CONTEXT() REPRESENTATION_CONTEXT('2D SPACE',''
  ) );
#1659 = PCURVE('',#1382,#1660);
#1660 = DEFINITIONAL_REPRESENTATION('',(#1661),#1665);
#1661 = LINE('',#1662,#1663);
#1662 = CARTESIAN_POINT('',(4.712388980385,8.2));
#1663 = VECTOR('',#1664,1.);
#1664 = DIRECTION('',(-1.,0.));
#1665 = ( GEOMETRIC_REPRESENTATION_CONTEXT(2) 
PARAMETRIC_REPRESENTATION_CONTEXT() REPRESENTATION_CONTEXT('2D SPACE',''
  ) );
#1666 = ORIENTED_EDGE('',*,*,#1667,.T.);
#1667 = EDGE_CURVE('',#1640,#1668,#1670,.T.);
#1668 = VERTEX_POINT('',#1669);
#1669 = CARTESIAN_POINT('',(-29.,-34.5,9.));
#1670 = SURFACE_CURVE('',#1671,(#1675,#1682),.PCURVE_S1.);
#1671 = LINE('',#1672,#1673);
#1672 = CARTESIAN_POINT('',(-29.,-50.6,9.));
#1673 = VECTOR('',#1674,1.);
#1674 = DIRECTION('',(0.,1.,0.));
#1675 = PCURVE('',#720,#1676);
#1676 = DEFINITIONAL_REPRESENTATION('',(#1677),#1681);
#1677 = LINE('',#1678,#1679);
#1678 = CARTESIAN_POINT('',(18.,0.));
#1679 = VECTOR('',#1680,1.);
#1680 = DIRECTION('',(0.,1.));
#1681 = ( GEOMETRIC_REPRESENTATION_CONTEXT(2) 
PARAMETRIC_REPRESENTATION_CONTEXT() REPRESENTATION_CONTEXT('2D SPACE',''
  ) );
#1682 = PCURVE('',#649,#1683);
#1683 = DEFINITIONAL_REPRESENTATION('',(#1684),#1688);
#1684 = LINE('',#1685,#1686);
#1685 = CARTESIAN_POINT('',(8.2,0.));
#1686 = VECTOR('',#1687,1.);
#1687 = DIRECTION('',(0.,-1.));
#1688 = ( GEOMETRIC_REPRESENTATION_CONTEXT(2) 
PARAMETRIC_REPRESENTATION_CONTEXT() REPRESENTATION_CONTEXT('2D SPACE',''
  ) );
#1689 = ORIENTED_EDGE('',*,*,#1690,.T.);
#1690 = EDGE_CURVE('',#1668,#666,#1691,.T.);
#1691 = SURFACE_CURVE('',#1692,(#1697,#1704),.PCURVE_S1.);
#1692 = CIRCLE('',#1693,3.);
#1693 = AXIS2_PLACEMENT_3D('',#1694,#1695,#1696);
#1694 = CARTESIAN_POINT('',(-32.,-34.5,9.));
#1695 = DIRECTION('',(0.,0.,1.));
#1696 = DIRECTION('',(0.,-1.,0.));
#1697 = PCURVE('',#720,#1698);
#1698 = DEFINITIONAL_REPRESENTATION('',(#1699),#1703);
#1699 = CIRCLE('',#1700,3.);
#1700 = AXIS2_PLACEMENT_2D('',#1701,#1702);
#1701 = CARTESIAN_POINT('',(15.,16.1));
#1702 = DIRECTION('',(0.,-1.));
#1703 = ( GEOMETRIC_REPRESENTATION_CONTEXT(2) 
PARAMETRIC_REPRESENTATION_CONTEXT() REPRESENTATION_CONTEXT('2D SPACE',''
  ) );
#1704 = PCURVE('',#689,#1705);
#1705 = DEFINITIONAL_REPRESENTATION('',(#1706),#1710);
#1706 = LINE('',#1707,#1708);
#1707 = CARTESIAN_POINT('',(-1.570796326795,8.2));
#1708 = VECTOR('',#1709,1.);
#1709 = DIRECTION('',(1.,0.));
#1710 = ( GEOMETRIC_REPRESENTATION_CONTEXT(2) 
PARAMETRIC_REPRESENTATION_CONTEXT() REPRESENTATION_CONTEXT('2D SPACE',''
  ) );
#1711 = ORIENTED_EDGE('',*,*,#705,.T.);
#1712 = ORIENTED_EDGE('',*,*,#1562,.F.);
#1713 = FACE_BOUND('',#1714,.T.);
#1714 = EDGE_LOOP('',(#1715));
#1715 = ORIENTED_EDGE('',*,*,#1716,.T.);
#1716 = EDGE_CURVE('',#1717,#1717,#1719,.T.);
#1717 = VERTEX_POINT('',#1718);
#1718 = CARTESIAN_POINT('',(-34.3,-43.,9.));
#1719 = SURFACE_CURVE('',#1720,(#1725,#1736),.PCURVE_S1.);
#1720 = CIRCLE('',#1721,3.7);
#1721 = AXIS2_PLACEMENT_3D('',#1722,#1723,#1724);
#1722 = CARTESIAN_POINT('',(-38.,-43.,9.));
#1723 = DIRECTION('',(0.,0.,-1.));
#1724 = DIRECTION('',(1.,0.,0.));
#1725 = PCURVE('',#720,#1726);
#1726 = DEFINITIONAL_REPRESENTATION('',(#1727),#1735);
#1727 = ( BOUNDED_CURVE() B_SPLINE_CURVE(2,(#1728,#1729,#1730,#1731,
#1732,#1733,#1734),.UNSPECIFIED.,.T.,.F.) B_SPLINE_CURVE_WITH_KNOTS((1,2
    ,2,2,2,1),(-2.094395102393,0.,2.094395102393,4.188790204786,
6.28318530718,8.377580409573),.UNSPECIFIED.) CURVE() 
GEOMETRIC_REPRESENTATION_ITEM() RATIONAL_B_SPLINE_CURVE((1.,0.5,1.,0.5,
1.,0.5,1.)) REPRESENTATION_ITEM('') );
#1728 = CARTESIAN_POINT('',(12.7,7.6));
#1729 = CARTESIAN_POINT('',(12.7,1.191412011995));
#1730 = CARTESIAN_POINT('',(7.15,4.395706005998));
#1731 = CARTESIAN_POINT('',(1.6,7.6));
#1732 = CARTESIAN_POINT('',(7.15,10.804293994002));
#1733 = CARTESIAN_POINT('',(12.7,14.008587988005));
#1734 = CARTESIAN_POINT('',(12.7,7.6));
#1735 = ( GEOMETRIC_REPRESENTATION_CONTEXT(2) 
PARAMETRIC_REPRESENTATION_CONTEXT() REPRESENTATION_CONTEXT('2D SPACE',''
  ) );
#1736 = PCURVE('',#1737,#1742);
#1737 = CYLINDRICAL_SURFACE('',#1738,3.7);
#1738 = AXIS2_PLACEMENT_3D('',#1739,#1740,#1741);
#1739 = CARTESIAN_POINT('',(-38.,-43.,4.8));
#1740 = DIRECTION('',(-0.,-0.,-1.));
#1741 = DIRECTION('',(1.,0.,0.));
#1742 = DEFINITIONAL_REPRESENTATION('',(#1743),#1747);
#1743 = LINE('',#1744,#1745);
#1744 = CARTESIAN_POINT('',(-6.28318530718,-4.2));
#1745 = VECTOR('',#1746,1.);
#1746 = DIRECTION('',(1.,-0.));
#1747 = ( GEOMETRIC_REPRESENTATION_CONTEXT(2) 
PARAMETRIC_REPRESENTATION_CONTEXT() REPRESENTATION_CONTEXT('2D SPACE',''
  ) );
#1748 = ADVANCED_FACE('',(#1749),#689,.T.);
#1749 = FACE_BOUND('',#1750,.T.);
#1750 = EDGE_LOOP('',(#1751,#1772,#1773));
#1751 = ORIENTED_EDGE('',*,*,#1752,.F.);
#1752 = EDGE_CURVE('',#633,#1668,#1753,.T.);
#1753 = SURFACE_CURVE('',#1754,(#1758,#1765),.PCURVE_S1.);
#1754 = LINE('',#1755,#1756);
#1755 = CARTESIAN_POINT('',(-29.,-34.5,0.8));
#1756 = VECTOR('',#1757,1.);
#1757 = DIRECTION('',(0.,0.,1.));
#1758 = PCURVE('',#689,#1759);
#1759 = DEFINITIONAL_REPRESENTATION('',(#1760),#1764);
#1760 = LINE('',#1761,#1762);
#1761 = CARTESIAN_POINT('',(0.,0.));
#1762 = VECTOR('',#1763,1.);
#1763 = DIRECTION('',(0.,1.));
#1764 = ( GEOMETRIC_REPRESENTATION_CONTEXT(2) 
PARAMETRIC_REPRESENTATION_CONTEXT() REPRESENTATION_CONTEXT('2D SPACE',''
  ) );
#1765 = PCURVE('',#649,#1766);
#1766 = DEFINITIONAL_REPRESENTATION('',(#1767),#1771);
#1767 = LINE('',#1768,#1769);
#1768 = CARTESIAN_POINT('',(0.,-16.1));
#1769 = VECTOR('',#1770,1.);
#1770 = DIRECTION('',(1.,0.));
#1771 = ( GEOMETRIC_REPRESENTATION_CONTEXT(2) 
PARAMETRIC_REPRESENTATION_CONTEXT() REPRESENTATION_CONTEXT('2D SPACE',''
  ) );
#1772 = ORIENTED_EDGE('',*,*,#665,.T.);
#1773 = ORIENTED_EDGE('',*,*,#1690,.F.);
#1774 = ADVANCED_FACE('',(#1775),#649,.T.);
#1775 = FACE_BOUND('',#1776,.T.);
#1776 = EDGE_LOOP('',(#1777,#1778,#1799,#1800,#1801));
#1777 = ORIENTED_EDGE('',*,*,#1667,.F.);
#1778 = ORIENTED_EDGE('',*,*,#1779,.F.);
#1779 = EDGE_CURVE('',#1362,#1640,#1780,.T.);
#1780 = SURFACE_CURVE('',#1781,(#1785,#1792),.PCURVE_S1.);
#1781 = LINE('',#1782,#1783);
#1782 = CARTESIAN_POINT('',(-29.,-47.6,0.8));
#1783 = VECTOR('',#1784,1.);
#1784 = DIRECTION('',(0.,0.,1.));
#1785 = PCURVE('',#649,#1786);
#1786 = DEFINITIONAL_REPRESENTATION('',(#1787),#1791);
#1787 = LINE('',#1788,#1789);
#1788 = CARTESIAN_POINT('',(0.,-3.));
#1789 = VECTOR('',#1790,1.);
#1790 = DIRECTION('',(1.,0.));
#1791 = ( GEOMETRIC_REPRESENTATION_CONTEXT(2) 
PARAMETRIC_REPRESENTATION_CONTEXT() REPRESENTATION_CONTEXT('2D SPACE',''
  ) );
#1792 = PCURVE('',#1382,#1793);
#1793 = DEFINITIONAL_REPRESENTATION('',(#1794),#1798);
#1794 = LINE('',#1795,#1796);
#1795 = CARTESIAN_POINT('',(-0.,0.));
#1796 = VECTOR('',#1797,1.);
#1797 = DIRECTION('',(-0.,1.));
#1798 = ( GEOMETRIC_REPRESENTATION_CONTEXT(2) 
PARAMETRIC_REPRESENTATION_CONTEXT() REPRESENTATION_CONTEXT('2D SPACE',''
  ) );
#1799 = ORIENTED_EDGE('',*,*,#1394,.T.);
#1800 = ORIENTED_EDGE('',*,*,#632,.T.);
#1801 = ORIENTED_EDGE('',*,*,#1752,.T.);
#1802 = ADVANCED_FACE('',(#1803),#589,.F.);
#1803 = FACE_BOUND('',#1804,.F.);
#1804 = EDGE_LOOP('',(#1805,#1806,#1807,#1830));
#1805 = ORIENTED_EDGE('',*,*,#1016,.F.);
#1806 = ORIENTED_EDGE('',*,*,#572,.T.);
#1807 = ORIENTED_EDGE('',*,*,#1808,.T.);
#1808 = EDGE_CURVE('',#547,#1809,#1811,.T.);
#1809 = VERTEX_POINT('',#1810);
#1810 = CARTESIAN_POINT('',(-27.,-44.,6.));
#1811 = SURFACE_CURVE('',#1812,(#1816,#1823),.PCURVE_S1.);
#1812 = LINE('',#1813,#1814);
#1813 = CARTESIAN_POINT('',(-27.,-30.2,6.));
#1814 = VECTOR('',#1815,1.);
#1815 = DIRECTION('',(0.,-1.,0.));
#1816 = PCURVE('',#589,#1817);
#1817 = DEFINITIONAL_REPRESENTATION('',(#1818),#1822);
#1818 = LINE('',#1819,#1820);
#1819 = CARTESIAN_POINT('',(0.,-5.2));
#1820 = VECTOR('',#1821,1.);
#1821 = DIRECTION('',(1.,0.));
#1822 = ( GEOMETRIC_REPRESENTATION_CONTEXT(2) 
PARAMETRIC_REPRESENTATION_CONTEXT() REPRESENTATION_CONTEXT('2D SPACE',''
  ) );
#1823 = PCURVE('',#561,#1824);
#1824 = DEFINITIONAL_REPRESENTATION('',(#1825),#1829);
#1825 = LINE('',#1826,#1827);
#1826 = CARTESIAN_POINT('',(-6.830087201365,12.380455012705));
#1827 = VECTOR('',#1828,1.);
#1828 = DIRECTION('',(0.,-1.));
#1829 = ( GEOMETRIC_REPRESENTATION_CONTEXT(2) 
PARAMETRIC_REPRESENTATION_CONTEXT() REPRESENTATION_CONTEXT('2D SPACE',''
  ) );
#1830 = ORIENTED_EDGE('',*,*,#1831,.F.);
#1831 = EDGE_CURVE('',#1017,#1809,#1832,.T.);
#1832 = SURFACE_CURVE('',#1833,(#1837,#1844),.PCURVE_S1.);
#1833 = LINE('',#1834,#1835);
#1834 = CARTESIAN_POINT('',(-27.,-44.,0.8));
#1835 = VECTOR('',#1836,1.);
#1836 = DIRECTION('',(0.,0.,1.));
#1837 = PCURVE('',#589,#1838);
#1838 = DEFINITIONAL_REPRESENTATION('',(#1839),#1843);
#1839 = LINE('',#1840,#1841);
#1840 = CARTESIAN_POINT('',(13.8,0.));
#1841 = VECTOR('',#1842,1.);
#1842 = DIRECTION('',(0.,-1.));
#1843 = ( GEOMETRIC_REPRESENTATION_CONTEXT(2) 
PARAMETRIC_REPRESENTATION_CONTEXT() REPRESENTATION_CONTEXT('2D SPACE',''
  ) );
#1844 = PCURVE('',#1055,#1845);
#1845 = DEFINITIONAL_REPRESENTATION('',(#1846),#1850);
#1846 = LINE('',#1847,#1848);
#1847 = CARTESIAN_POINT('',(0.,0.));
#1848 = VECTOR('',#1849,1.);
#1849 = DIRECTION('',(0.,-1.));
#1850 = ( GEOMETRIC_REPRESENTATION_CONTEXT(2) 
PARAMETRIC_REPRESENTATION_CONTEXT() REPRESENTATION_CONTEXT('2D SPACE',''
  ) );
#1851 = ADVANCED_FACE('',(#1852),#561,.T.);
#1852 = FACE_BOUND('',#1853,.T.);
#1853 = EDGE_LOOP('',(#1854,#1877,#1900,#1921,#1940,#1941,#1942,#1965));
#1854 = ORIENTED_EDGE('',*,*,#1855,.F.);
#1855 = EDGE_CURVE('',#1856,#1858,#1860,.T.);
#1856 = VERTEX_POINT('',#1857);
#1857 = CARTESIAN_POINT('',(-15.65,-54.31,6.));
#1858 = VERTEX_POINT('',#1859);
#1859 = CARTESIAN_POINT('',(-16.65,-54.31,6.));
#1860 = SURFACE_CURVE('',#1861,(#1865,#1871),.PCURVE_S1.);
#1861 = LINE('',#1862,#1863);
#1862 = CARTESIAN_POINT('',(-18.40995639931,-54.31,6.));
#1863 = VECTOR('',#1864,1.);
#1864 = DIRECTION('',(-1.,0.,0.));
#1865 = PCURVE('',#561,#1866);
#1866 = DEFINITIONAL_REPRESENTATION('',(#1867),#1870);
#1867 = B_SPLINE_CURVE_WITH_KNOTS('',1,(#1868,#1869),.UNSPECIFIED.,.F.,
  .F.,(2,2),(-2.759956399317,-1.759956399317),.PIECEWISE_BEZIER_KNOTS.);
#1868 = CARTESIAN_POINT('',(4.519912798635,-11.72954498729));
#1869 = CARTESIAN_POINT('',(3.519912798635,-11.72954498729));
#1870 = ( GEOMETRIC_REPRESENTATION_CONTEXT(2) 
PARAMETRIC_REPRESENTATION_CONTEXT() REPRESENTATION_CONTEXT('2D SPACE',''
  ) );
#1871 = PCURVE('',#1218,#1872);
#1872 = DEFINITIONAL_REPRESENTATION('',(#1873),#1876);
#1873 = B_SPLINE_CURVE_WITH_KNOTS('',1,(#1874,#1875),.UNSPECIFIED.,.F.,
  .F.,(2,2),(-2.759956399317,-1.759956399317),.PIECEWISE_BEZIER_KNOTS.);
#1874 = CARTESIAN_POINT('',(5.2,1.));
#1875 = CARTESIAN_POINT('',(5.2,0.));
#1876 = ( GEOMETRIC_REPRESENTATION_CONTEXT(2) 
PARAMETRIC_REPRESENTATION_CONTEXT() REPRESENTATION_CONTEXT('2D SPACE',''
  ) );
#1877 = ORIENTED_EDGE('',*,*,#1878,.T.);
#1878 = EDGE_CURVE('',#1856,#1879,#1881,.T.);
#1879 = VERTEX_POINT('',#1880);
#1880 = CARTESIAN_POINT('',(-15.65,-30.20993214159,6.000000000001));
#1881 = SURFACE_CURVE('',#1882,(#1886,#1893),.PCURVE_S1.);
#1882 = LINE('',#1883,#1884);
#1883 = CARTESIAN_POINT('',(-15.65,-58.7,6.));
#1884 = VECTOR('',#1885,1.);
#1885 = DIRECTION('',(0.,1.,0.));
#1886 = PCURVE('',#561,#1887);
#1887 = DEFINITIONAL_REPRESENTATION('',(#1888),#1892);
#1888 = LINE('',#1889,#1890);
#1889 = CARTESIAN_POINT('',(4.519912798635,-16.11954498729));
#1890 = VECTOR('',#1891,1.);
#1891 = DIRECTION('',(0.,1.));
#1892 = ( GEOMETRIC_REPRESENTATION_CONTEXT(2) 
PARAMETRIC_REPRESENTATION_CONTEXT() REPRESENTATION_CONTEXT('2D SPACE',''
  ) );
#1893 = PCURVE('',#1246,#1894);
#1894 = DEFINITIONAL_REPRESENTATION('',(#1895),#1899);
#1895 = LINE('',#1896,#1897);
#1896 = CARTESIAN_POINT('',(0.,-5.2));
#1897 = VECTOR('',#1898,1.);
#1898 = DIRECTION('',(1.,0.));
#1899 = ( GEOMETRIC_REPRESENTATION_CONTEXT(2) 
PARAMETRIC_REPRESENTATION_CONTEXT() REPRESENTATION_CONTEXT('2D SPACE',''
  ) );
#1900 = ORIENTED_EDGE('',*,*,#1901,.T.);
#1901 = EDGE_CURVE('',#1879,#1902,#1904,.T.);
#1902 = VERTEX_POINT('',#1903);
#1903 = CARTESIAN_POINT('',(-24.,-30.20993214159,6.));
#1904 = SURFACE_CURVE('',#1905,(#1909,#1915),.PCURVE_S1.);
#1905 = LINE('',#1906,#1907);
#1906 = CARTESIAN_POINT('',(-54.,-30.20993214159,6.));
#1907 = VECTOR('',#1908,1.);
#1908 = DIRECTION('',(-1.,-0.,-0.));
#1909 = PCURVE('',#561,#1910);
#1910 = DEFINITIONAL_REPRESENTATION('',(#1911),#1914);
#1911 = B_SPLINE_CURVE_WITH_KNOTS('',1,(#1912,#1913),.UNSPECIFIED.,.F.,
  .F.,(2,2),(-38.3500006,-25.865),.PIECEWISE_BEZIER_KNOTS.);
#1912 = CARTESIAN_POINT('',(4.519913398635,12.370522871106));
#1913 = CARTESIAN_POINT('',(-7.965087201365,12.370522871106));
#1914 = ( GEOMETRIC_REPRESENTATION_CONTEXT(2) 
PARAMETRIC_REPRESENTATION_CONTEXT() REPRESENTATION_CONTEXT('2D SPACE',''
  ) );
#1915 = PCURVE('',#889,#1916);
#1916 = DEFINITIONAL_REPRESENTATION('',(#1917),#1920);
#1917 = B_SPLINE_CURVE_WITH_KNOTS('',1,(#1918,#1919),.UNSPECIFIED.,.F.,
  .F.,(2,2),(-38.3500006,-25.865),.PIECEWISE_BEZIER_KNOTS.);
#1918 = CARTESIAN_POINT('',(-2.945533817523,-36.3500006));
#1919 = CARTESIAN_POINT('',(-2.945533817523,-23.865));
#1920 = ( GEOMETRIC_REPRESENTATION_CONTEXT(2) 
PARAMETRIC_REPRESENTATION_CONTEXT() REPRESENTATION_CONTEXT('2D SPACE',''
  ) );
#1921 = ORIENTED_EDGE('',*,*,#1922,.T.);
#1922 = EDGE_CURVE('',#1902,#518,#1923,.T.);
#1923 = SURFACE_CURVE('',#1924,(#1928,#1934),.PCURVE_S1.);
#1924 = LINE('',#1925,#1926);
#1925 = CARTESIAN_POINT('',(-24.,-21.29022750635,6.));
#1926 = VECTOR('',#1927,1.);
#1927 = DIRECTION('',(0.,-1.,0.));
#1928 = PCURVE('',#561,#1929);
#1929 = DEFINITIONAL_REPRESENTATION('',(#1930),#1933);
#1930 = B_SPLINE_CURVE_WITH_KNOTS('',1,(#1931,#1932),.UNSPECIFIED.,.F.,
  .F.,(2,2),(8.909772493648,13.700628442024),.PIECEWISE_BEZIER_KNOTS.);
#1931 = CARTESIAN_POINT('',(-3.830087201365,12.380455012705));
#1932 = CARTESIAN_POINT('',(-3.830087201365,7.589599064329));
#1933 = ( GEOMETRIC_REPRESENTATION_CONTEXT(2) 
PARAMETRIC_REPRESENTATION_CONTEXT() REPRESENTATION_CONTEXT('2D SPACE',''
  ) );
#1934 = PCURVE('',#534,#1935);
#1935 = DEFINITIONAL_REPRESENTATION('',(#1936),#1939);
#1936 = B_SPLINE_CURVE_WITH_KNOTS('',1,(#1937,#1938),.UNSPECIFIED.,.F.,
  .F.,(2,2),(8.909772493648,13.700628442024),.PIECEWISE_BEZIER_KNOTS.);
#1937 = CARTESIAN_POINT('',(6.,30.2));
#1938 = CARTESIAN_POINT('',(6.,34.990855948376));
#1939 = ( GEOMETRIC_REPRESENTATION_CONTEXT(2) 
PARAMETRIC_REPRESENTATION_CONTEXT() REPRESENTATION_CONTEXT('2D SPACE',''
  ) );
#1940 = ORIENTED_EDGE('',*,*,#546,.T.);
#1941 = ORIENTED_EDGE('',*,*,#1808,.T.);
#1942 = ORIENTED_EDGE('',*,*,#1943,.T.);
#1943 = EDGE_CURVE('',#1809,#1944,#1946,.T.);
#1944 = VERTEX_POINT('',#1945);
#1945 = CARTESIAN_POINT('',(-16.65,-57.40484581497,6.));
#1946 = SURFACE_CURVE('',#1947,(#1951,#1958),.PCURVE_S1.);
#1947 = LINE('',#1948,#1949);
#1948 = CARTESIAN_POINT('',(-27.,-44.,6.));
#1949 = VECTOR('',#1950,1.);
#1950 = DIRECTION('',(0.61114096351,-0.791521776529,0.));
#1951 = PCURVE('',#561,#1952);
#1952 = DEFINITIONAL_REPRESENTATION('',(#1953),#1957);
#1953 = LINE('',#1954,#1955);
#1954 = CARTESIAN_POINT('',(-6.830087201365,-1.419544987295));
#1955 = VECTOR('',#1956,1.);
#1956 = DIRECTION('',(0.61114096351,-0.791521776529));
#1957 = ( GEOMETRIC_REPRESENTATION_CONTEXT(2) 
PARAMETRIC_REPRESENTATION_CONTEXT() REPRESENTATION_CONTEXT('2D SPACE',''
  ) );
#1958 = PCURVE('',#1055,#1959);
#1959 = DEFINITIONAL_REPRESENTATION('',(#1960),#1964);
#1960 = LINE('',#1961,#1962);
#1961 = CARTESIAN_POINT('',(0.,-5.2));
#1962 = VECTOR('',#1963,1.);
#1963 = DIRECTION('',(1.,0.));
#1964 = ( GEOMETRIC_REPRESENTATION_CONTEXT(2) 
PARAMETRIC_REPRESENTATION_CONTEXT() REPRESENTATION_CONTEXT('2D SPACE',''
  ) );
#1965 = ORIENTED_EDGE('',*,*,#1966,.T.);
#1966 = EDGE_CURVE('',#1944,#1858,#1967,.T.);
#1967 = SURFACE_CURVE('',#1968,(#1972,#1978),.PCURVE_S1.);
#1968 = LINE('',#1969,#1970);
#1969 = CARTESIAN_POINT('',(-16.65,-50.64022750635,6.));
#1970 = VECTOR('',#1971,1.);
#1971 = DIRECTION('',(0.,1.,0.));
#1972 = PCURVE('',#561,#1973);
#1973 = DEFINITIONAL_REPRESENTATION('',(#1974),#1977);
#1974 = B_SPLINE_CURVE_WITH_KNOTS('',1,(#1975,#1976),.UNSPECIFIED.,.F.,
  .F.,(2,2),(-8.059772493648,-3.669772493648),.PIECEWISE_BEZIER_KNOTS.);
#1975 = CARTESIAN_POINT('',(3.519912798635,-16.11954498729));
#1976 = CARTESIAN_POINT('',(3.519912798635,-11.72954498729));
#1977 = ( GEOMETRIC_REPRESENTATION_CONTEXT(2) 
PARAMETRIC_REPRESENTATION_CONTEXT() REPRESENTATION_CONTEXT('2D SPACE',''
  ) );
#1978 = PCURVE('',#1083,#1979);
#1979 = DEFINITIONAL_REPRESENTATION('',(#1980),#1983);
#1980 = B_SPLINE_CURVE_WITH_KNOTS('',1,(#1981,#1982),.UNSPECIFIED.,.F.,
  .F.,(2,2),(-8.059772493648,-3.669772493648),.PIECEWISE_BEZIER_KNOTS.);
#1981 = CARTESIAN_POINT('',(5.2,0.));
#1982 = CARTESIAN_POINT('',(5.2,-4.39));
#1983 = ( GEOMETRIC_REPRESENTATION_CONTEXT(2) 
PARAMETRIC_REPRESENTATION_CONTEXT() REPRESENTATION_CONTEXT('2D SPACE',''
  ) );
#1984 = ADVANCED_FACE('',(#1985),#534,.T.);
#1985 = FACE_BOUND('',#1986,.T.);
#1986 = EDGE_LOOP('',(#1987,#2012,#2031,#2032,#2033,#2057,#2078,#2106));
#1987 = ORIENTED_EDGE('',*,*,#1988,.F.);
#1988 = EDGE_CURVE('',#1989,#1991,#1993,.T.);
#1989 = VERTEX_POINT('',#1990);
#1990 = CARTESIAN_POINT('',(-24.,30.209932141599,6.));
#1991 = VERTEX_POINT('',#1992);
#1992 = CARTESIAN_POINT('',(-24.,13.18568976631,27.834826843123));
#1993 = SURFACE_CURVE('',#1994,(#1999,#2006),.PCURVE_S1.);
#1994 = CIRCLE('',#1995,30.8);
#1995 = AXIS2_PLACEMENT_3D('',#1996,#1997,#1998);
#1996 = CARTESIAN_POINT('',(-24.,1.671608690878E-13,1.085324868355E-16)
  );
#1997 = DIRECTION('',(1.,0.,0.));
#1998 = DIRECTION('',(0.,1.,0.));
#1999 = PCURVE('',#534,#2000);
#2000 = DEFINITIONAL_REPRESENTATION('',(#2001),#2005);
#2001 = CIRCLE('',#2002,30.8);
#2002 = AXIS2_PLACEMENT_2D('',#2003,#2004);
#2003 = CARTESIAN_POINT('',(-2.213405849125E-15,-1.684111000661E-13));
#2004 = DIRECTION('',(0.,-1.));
#2005 = ( GEOMETRIC_REPRESENTATION_CONTEXT(2) 
PARAMETRIC_REPRESENTATION_CONTEXT() REPRESENTATION_CONTEXT('2D SPACE',''
  ) );
#2006 = PCURVE('',#1001,#2007);
#2007 = DEFINITIONAL_REPRESENTATION('',(#2008),#2011);
#2008 = B_SPLINE_CURVE_WITH_KNOTS('',1,(#2009,#2010),.UNSPECIFIED.,.F.,
  .F.,(2,2),(0.196058836067,1.128399457909),.PIECEWISE_BEZIER_KNOTS.);
#2009 = CARTESIAN_POINT('',(-6.479244143247,-28.));
#2010 = CARTESIAN_POINT('',(-7.411584765088,-28.));
#2011 = ( GEOMETRIC_REPRESENTATION_CONTEXT(2) 
PARAMETRIC_REPRESENTATION_CONTEXT() REPRESENTATION_CONTEXT('2D SPACE',''
  ) );
#2012 = ORIENTED_EDGE('',*,*,#2013,.T.);
#2013 = EDGE_CURVE('',#1989,#492,#2014,.T.);
#2014 = SURFACE_CURVE('',#2015,(#2019,#2025),.PCURVE_S1.);
#2015 = LINE('',#2016,#2017);
#2016 = CARTESIAN_POINT('',(-24.,21.290227506352,6.));
#2017 = VECTOR('',#2018,1.);
#2018 = DIRECTION('',(0.,1.,0.));
#2019 = PCURVE('',#534,#2020);
#2020 = DEFINITIONAL_REPRESENTATION('',(#2021),#2024);
#2021 = B_SPLINE_CURVE_WITH_KNOTS('',1,(#2022,#2023),.UNSPECIFIED.,.F.,
  .F.,(2,2),(8.909772493648,13.700628442024),.PIECEWISE_BEZIER_KNOTS.);
#2022 = CARTESIAN_POINT('',(6.,-30.2));
#2023 = CARTESIAN_POINT('',(6.,-34.99085594837));
#2024 = ( GEOMETRIC_REPRESENTATION_CONTEXT(2) 
PARAMETRIC_REPRESENTATION_CONTEXT() REPRESENTATION_CONTEXT('2D SPACE',''
  ) );
#2025 = PCURVE('',#506,#2026);
#2026 = DEFINITIONAL_REPRESENTATION('',(#2027),#2030);
#2027 = B_SPLINE_CURVE_WITH_KNOTS('',1,(#2028,#2029),.UNSPECIFIED.,.F.,
  .F.,(2,2),(8.909772493648,13.700628442024),.PIECEWISE_BEZIER_KNOTS.);
#2028 = CARTESIAN_POINT('',(3.830087201365,-12.3804550127));
#2029 = CARTESIAN_POINT('',(3.830087201365,-7.589599064329));
#2030 = ( GEOMETRIC_REPRESENTATION_CONTEXT(2) 
PARAMETRIC_REPRESENTATION_CONTEXT() REPRESENTATION_CONTEXT('2D SPACE',''
  ) );
#2031 = ORIENTED_EDGE('',*,*,#517,.T.);
#2032 = ORIENTED_EDGE('',*,*,#1922,.F.);
#2033 = ORIENTED_EDGE('',*,*,#2034,.F.);
#2034 = EDGE_CURVE('',#2035,#1902,#2037,.T.);
#2035 = VERTEX_POINT('',#2036);
#2036 = CARTESIAN_POINT('',(-24.,-13.18568976631,27.834826843123));
#2037 = SURFACE_CURVE('',#2038,(#2043,#2050),.PCURVE_S1.);
#2038 = CIRCLE('',#2039,30.8);
#2039 = AXIS2_PLACEMENT_3D('',#2040,#2041,#2042);
#2040 = CARTESIAN_POINT('',(-24.,1.671608690878E-13,1.085324868355E-16)
  );
#2041 = DIRECTION('',(1.,0.,0.));
#2042 = DIRECTION('',(0.,1.,0.));
#2043 = PCURVE('',#534,#2044);
#2044 = DEFINITIONAL_REPRESENTATION('',(#2045),#2049);
#2045 = CIRCLE('',#2046,30.8);
#2046 = AXIS2_PLACEMENT_2D('',#2047,#2048);
#2047 = CARTESIAN_POINT('',(-2.213405849125E-15,-1.684111000661E-13));
#2048 = DIRECTION('',(0.,-1.));
#2049 = ( GEOMETRIC_REPRESENTATION_CONTEXT(2) 
PARAMETRIC_REPRESENTATION_CONTEXT() REPRESENTATION_CONTEXT('2D SPACE',''
  ) );
#2050 = PCURVE('',#889,#2051);
#2051 = DEFINITIONAL_REPRESENTATION('',(#2052),#2056);
#2052 = LINE('',#2053,#2054);
#2053 = CARTESIAN_POINT('',(-0.,-28.));
#2054 = VECTOR('',#2055,1.);
#2055 = DIRECTION('',(-1.,0.));
#2056 = ( GEOMETRIC_REPRESENTATION_CONTEXT(2) 
PARAMETRIC_REPRESENTATION_CONTEXT() REPRESENTATION_CONTEXT('2D SPACE',''
  ) );
#2057 = ORIENTED_EDGE('',*,*,#2058,.T.);
#2058 = EDGE_CURVE('',#2035,#2059,#2061,.T.);
#2059 = VERTEX_POINT('',#2060);
#2060 = CARTESIAN_POINT('',(-24.,-13.18568976631,28.276802955543));
#2061 = SURFACE_CURVE('',#2062,(#2066,#2072),.PCURVE_S1.);
#2062 = LINE('',#2063,#2064);
#2063 = CARTESIAN_POINT('',(-24.,-13.18568976631,1.16096916798E-15));
#2064 = VECTOR('',#2065,1.);
#2065 = DIRECTION('',(0.,0.,1.));
#2066 = PCURVE('',#534,#2067);
#2067 = DEFINITIONAL_REPRESENTATION('',(#2068),#2071);
#2068 = B_SPLINE_CURVE_WITH_KNOTS('',1,(#2069,#2070),.UNSPECIFIED.,.F.,
  .F.,(2,2),(27.834826843123,28.276802955543),.PIECEWISE_BEZIER_KNOTS.);
#2069 = CARTESIAN_POINT('',(27.834826843123,13.18568976631));
#2070 = CARTESIAN_POINT('',(28.276802955543,13.18568976631));
#2071 = ( GEOMETRIC_REPRESENTATION_CONTEXT(2) 
PARAMETRIC_REPRESENTATION_CONTEXT() REPRESENTATION_CONTEXT('2D SPACE',''
  ) );
#2072 = PCURVE('',#916,#2073);
#2073 = DEFINITIONAL_REPRESENTATION('',(#2074),#2077);
#2074 = B_SPLINE_CURVE_WITH_KNOTS('',1,(#2075,#2076),.UNSPECIFIED.,.F.,
  .F.,(2,2),(27.834826843123,28.276802955543),.PIECEWISE_BEZIER_KNOTS.);
#2075 = CARTESIAN_POINT('',(27.834826843123,31.));
#2076 = CARTESIAN_POINT('',(28.276802955543,31.));
#2077 = ( GEOMETRIC_REPRESENTATION_CONTEXT(2) 
PARAMETRIC_REPRESENTATION_CONTEXT() REPRESENTATION_CONTEXT('2D SPACE',''
  ) );
#2078 = ORIENTED_EDGE('',*,*,#2079,.T.);
#2079 = EDGE_CURVE('',#2059,#2080,#2082,.T.);
#2080 = VERTEX_POINT('',#2081);
#2081 = CARTESIAN_POINT('',(-24.,13.18568976631,28.276802955543));
#2082 = SURFACE_CURVE('',#2083,(#2088,#2099),.PCURVE_S1.);
#2083 = CIRCLE('',#2084,31.2);
#2084 = AXIS2_PLACEMENT_3D('',#2085,#2086,#2087);
#2085 = CARTESIAN_POINT('',(-24.,0.,0.));
#2086 = DIRECTION('',(-1.,0.,0.));
#2087 = DIRECTION('',(0.,1.,0.));
#2088 = PCURVE('',#534,#2089);
#2089 = DEFINITIONAL_REPRESENTATION('',(#2090),#2098);
#2090 = ( BOUNDED_CURVE() B_SPLINE_CURVE(2,(#2091,#2092,#2093,#2094,
#2095,#2096,#2097),.UNSPECIFIED.,.T.,.F.) B_SPLINE_CURVE_WITH_KNOTS((1,2
    ,2,2,2,1),(-2.094395102393,0.,2.094395102393,4.188790204786,
6.28318530718,8.377580409573),.UNSPECIFIED.) CURVE() 
GEOMETRIC_REPRESENTATION_ITEM() RATIONAL_B_SPLINE_CURVE((1.,0.5,1.,0.5,
1.,0.5,1.)) REPRESENTATION_ITEM('') );
#2091 = CARTESIAN_POINT('',(-2.32193833596E-15,-31.2));
#2092 = CARTESIAN_POINT('',(-54.03998519614,-31.2));
#2093 = CARTESIAN_POINT('',(-27.01999259807,15.6));
#2094 = CARTESIAN_POINT('',(-9.96373436264E-15,62.4));
#2095 = CARTESIAN_POINT('',(27.019992598074,15.6));
#2096 = CARTESIAN_POINT('',(54.039985196149,-31.2));
#2097 = CARTESIAN_POINT('',(-2.32193833596E-15,-31.2));
#2098 = ( GEOMETRIC_REPRESENTATION_CONTEXT(2) 
PARAMETRIC_REPRESENTATION_CONTEXT() REPRESENTATION_CONTEXT('2D SPACE',''
  ) );
#2099 = PCURVE('',#948,#2100);
#2100 = DEFINITIONAL_REPRESENTATION('',(#2101),#2105);
#2101 = LINE('',#2102,#2103);
#2102 = CARTESIAN_POINT('',(-6.28318530718,-30.));
#2103 = VECTOR('',#2104,1.);
#2104 = DIRECTION('',(1.,-0.));
#2105 = ( GEOMETRIC_REPRESENTATION_CONTEXT(2) 
PARAMETRIC_REPRESENTATION_CONTEXT() REPRESENTATION_CONTEXT('2D SPACE',''
  ) );
#2106 = ORIENTED_EDGE('',*,*,#2107,.F.);
#2107 = EDGE_CURVE('',#1991,#2080,#2108,.T.);
#2108 = SURFACE_CURVE('',#2109,(#2113,#2119),.PCURVE_S1.);
#2109 = LINE('',#2110,#2111);
#2110 = CARTESIAN_POINT('',(-24.,13.18568976631,1.16096916798E-15));
#2111 = VECTOR('',#2112,1.);
#2112 = DIRECTION('',(0.,0.,1.));
#2113 = PCURVE('',#534,#2114);
#2114 = DEFINITIONAL_REPRESENTATION('',(#2115),#2118);
#2115 = B_SPLINE_CURVE_WITH_KNOTS('',1,(#2116,#2117),.UNSPECIFIED.,.F.,
  .F.,(2,2),(27.834826843123,28.276802955543),.PIECEWISE_BEZIER_KNOTS.);
#2116 = CARTESIAN_POINT('',(27.834826843123,-13.18568976631));
#2117 = CARTESIAN_POINT('',(28.276802955543,-13.18568976631));
#2118 = ( GEOMETRIC_REPRESENTATION_CONTEXT(2) 
PARAMETRIC_REPRESENTATION_CONTEXT() REPRESENTATION_CONTEXT('2D SPACE',''
  ) );
#2119 = PCURVE('',#975,#2120);
#2120 = DEFINITIONAL_REPRESENTATION('',(#2121),#2124);
#2121 = B_SPLINE_CURVE_WITH_KNOTS('',1,(#2122,#2123),.UNSPECIFIED.,.F.,
  .F.,(2,2),(27.834826843123,28.276802955543),.PIECEWISE_BEZIER_KNOTS.);
#2122 = CARTESIAN_POINT('',(27.834826843123,31.));
#2123 = CARTESIAN_POINT('',(28.276802955543,31.));
#2124 = ( GEOMETRIC_REPRESENTATION_CONTEXT(2) 
PARAMETRIC_REPRESENTATION_CONTEXT() REPRESENTATION_CONTEXT('2D SPACE',''
  ) );
#2125 = ADVANCED_FACE('',(#2126),#506,.F.);
#2126 = FACE_BOUND('',#2127,.F.);
#2127 = EDGE_LOOP('',(#2128,#2156,#2184,#2203,#2204,#2205,#2228,#2256));
#2128 = ORIENTED_EDGE('',*,*,#2129,.T.);
#2129 = EDGE_CURVE('',#2130,#2132,#2134,.T.);
#2130 = VERTEX_POINT('',#2131);
#2131 = CARTESIAN_POINT('',(-16.65,54.31,6.));
#2132 = VERTEX_POINT('',#2133);
#2133 = CARTESIAN_POINT('',(-15.65,54.31,6.));
#2134 = SURFACE_CURVE('',#2135,(#2139,#2145),.PCURVE_S1.);
#2135 = LINE('',#2136,#2137);
#2136 = CARTESIAN_POINT('',(-18.40995639931,54.31,6.));
#2137 = VECTOR('',#2138,1.);
#2138 = DIRECTION('',(1.,0.,0.));
#2139 = PCURVE('',#506,#2140);
#2140 = DEFINITIONAL_REPRESENTATION('',(#2141),#2144);
#2141 = B_SPLINE_CURVE_WITH_KNOTS('',1,(#2142,#2143),.UNSPECIFIED.,.F.,
  .F.,(2,2),(1.759956399317,2.759956399317),.PIECEWISE_BEZIER_KNOTS.);
#2142 = CARTESIAN_POINT('',(-3.519912798635,11.729544987295));
#2143 = CARTESIAN_POINT('',(-4.519912798635,11.729544987295));
#2144 = ( GEOMETRIC_REPRESENTATION_CONTEXT(2) 
PARAMETRIC_REPRESENTATION_CONTEXT() REPRESENTATION_CONTEXT('2D SPACE',''
  ) );
#2145 = PCURVE('',#2146,#2151);
#2146 = PLANE('',#2147);
#2147 = AXIS2_PLACEMENT_3D('',#2148,#2149,#2150);
#2148 = CARTESIAN_POINT('',(-16.65,54.31,0.8));
#2149 = DIRECTION('',(0.,1.,0.));
#2150 = DIRECTION('',(0.,0.,1.));
#2151 = DEFINITIONAL_REPRESENTATION('',(#2152),#2155);
#2152 = B_SPLINE_CURVE_WITH_KNOTS('',1,(#2153,#2154),.UNSPECIFIED.,.F.,
  .F.,(2,2),(1.759956399317,2.759956399317),.PIECEWISE_BEZIER_KNOTS.);
#2153 = CARTESIAN_POINT('',(5.2,0.));
#2154 = CARTESIAN_POINT('',(5.2,1.));
#2155 = ( GEOMETRIC_REPRESENTATION_CONTEXT(2) 
PARAMETRIC_REPRESENTATION_CONTEXT() REPRESENTATION_CONTEXT('2D SPACE',''
  ) );
#2156 = ORIENTED_EDGE('',*,*,#2157,.T.);
#2157 = EDGE_CURVE('',#2132,#2158,#2160,.T.);
#2158 = VERTEX_POINT('',#2159);
#2159 = CARTESIAN_POINT('',(-15.65,30.209932141598,6.000000000001));
#2160 = SURFACE_CURVE('',#2161,(#2165,#2172),.PCURVE_S1.);
#2161 = LINE('',#2162,#2163);
#2162 = CARTESIAN_POINT('',(-15.65,58.7,6.));
#2163 = VECTOR('',#2164,1.);
#2164 = DIRECTION('',(0.,-1.,0.));
#2165 = PCURVE('',#506,#2166);
#2166 = DEFINITIONAL_REPRESENTATION('',(#2167),#2171);
#2167 = LINE('',#2168,#2169);
#2168 = CARTESIAN_POINT('',(-4.519912798635,16.119544987295));
#2169 = VECTOR('',#2170,1.);
#2170 = DIRECTION('',(0.,-1.));
#2171 = ( GEOMETRIC_REPRESENTATION_CONTEXT(2) 
PARAMETRIC_REPRESENTATION_CONTEXT() REPRESENTATION_CONTEXT('2D SPACE',''
  ) );
#2172 = PCURVE('',#2173,#2178);
#2173 = PLANE('',#2174);
#2174 = AXIS2_PLACEMENT_3D('',#2175,#2176,#2177);
#2175 = CARTESIAN_POINT('',(-15.65,58.7,0.8));
#2176 = DIRECTION('',(1.,0.,-0.));
#2177 = DIRECTION('',(0.,-1.,0.));
#2178 = DEFINITIONAL_REPRESENTATION('',(#2179),#2183);
#2179 = LINE('',#2180,#2181);
#2180 = CARTESIAN_POINT('',(0.,-5.2));
#2181 = VECTOR('',#2182,1.);
#2182 = DIRECTION('',(1.,0.));
#2183 = ( GEOMETRIC_REPRESENTATION_CONTEXT(2) 
PARAMETRIC_REPRESENTATION_CONTEXT() REPRESENTATION_CONTEXT('2D SPACE',''
  ) );
#2184 = ORIENTED_EDGE('',*,*,#2185,.T.);
#2185 = EDGE_CURVE('',#2158,#1989,#2186,.T.);
#2186 = SURFACE_CURVE('',#2187,(#2191,#2197),.PCURVE_S1.);
#2187 = LINE('',#2188,#2189);
#2188 = CARTESIAN_POINT('',(-54.,30.209932141599,6.));
#2189 = VECTOR('',#2190,1.);
#2190 = DIRECTION('',(-1.,-0.,-0.));
#2191 = PCURVE('',#506,#2192);
#2192 = DEFINITIONAL_REPRESENTATION('',(#2193),#2196);
#2193 = B_SPLINE_CURVE_WITH_KNOTS('',1,(#2194,#2195),.UNSPECIFIED.,.F.,
  .F.,(2,2),(-38.3500006,-25.865),.PIECEWISE_BEZIER_KNOTS.);
#2194 = CARTESIAN_POINT('',(-4.519913398635,-12.3705228711));
#2195 = CARTESIAN_POINT('',(7.965087201365,-12.3705228711));
#2196 = ( GEOMETRIC_REPRESENTATION_CONTEXT(2) 
PARAMETRIC_REPRESENTATION_CONTEXT() REPRESENTATION_CONTEXT('2D SPACE',''
  ) );
#2197 = PCURVE('',#1001,#2198);
#2198 = DEFINITIONAL_REPRESENTATION('',(#2199),#2202);
#2199 = B_SPLINE_CURVE_WITH_KNOTS('',1,(#2200,#2201),.UNSPECIFIED.,.F.,
  .F.,(2,2),(-38.35,-30.),.PIECEWISE_BEZIER_KNOTS.);
#2200 = CARTESIAN_POINT('',(-6.479244143247,-36.35));
#2201 = CARTESIAN_POINT('',(-6.479244143247,-28.));
#2202 = ( GEOMETRIC_REPRESENTATION_CONTEXT(2) 
PARAMETRIC_REPRESENTATION_CONTEXT() REPRESENTATION_CONTEXT('2D SPACE',''
  ) );
#2203 = ORIENTED_EDGE('',*,*,#2013,.T.);
#2204 = ORIENTED_EDGE('',*,*,#491,.T.);
#2205 = ORIENTED_EDGE('',*,*,#2206,.T.);
#2206 = EDGE_CURVE('',#463,#2207,#2209,.T.);
#2207 = VERTEX_POINT('',#2208);
#2208 = CARTESIAN_POINT('',(-27.,44.,6.));
#2209 = SURFACE_CURVE('',#2210,(#2214,#2221),.PCURVE_S1.);
#2210 = LINE('',#2211,#2212);
#2211 = CARTESIAN_POINT('',(-27.,30.2,6.));
#2212 = VECTOR('',#2213,1.);
#2213 = DIRECTION('',(0.,1.,0.));
#2214 = PCURVE('',#506,#2215);
#2215 = DEFINITIONAL_REPRESENTATION('',(#2216),#2220);
#2216 = LINE('',#2217,#2218);
#2217 = CARTESIAN_POINT('',(6.830087201365,-12.3804550127));
#2218 = VECTOR('',#2219,1.);
#2219 = DIRECTION('',(0.,1.));
#2220 = ( GEOMETRIC_REPRESENTATION_CONTEXT(2) 
PARAMETRIC_REPRESENTATION_CONTEXT() REPRESENTATION_CONTEXT('2D SPACE',''
  ) );
#2221 = PCURVE('',#479,#2222);
#2222 = DEFINITIONAL_REPRESENTATION('',(#2223),#2227);
#2223 = LINE('',#2224,#2225);
#2224 = CARTESIAN_POINT('',(0.,-5.2));
#2225 = VECTOR('',#2226,1.);
#2226 = DIRECTION('',(1.,0.));
#2227 = ( GEOMETRIC_REPRESENTATION_CONTEXT(2) 
PARAMETRIC_REPRESENTATION_CONTEXT() REPRESENTATION_CONTEXT('2D SPACE',''
  ) );
#2228 = ORIENTED_EDGE('',*,*,#2229,.T.);
#2229 = EDGE_CURVE('',#2207,#2230,#2232,.T.);
#2230 = VERTEX_POINT('',#2231);
#2231 = CARTESIAN_POINT('',(-16.65,57.404845814978,6.));
#2232 = SURFACE_CURVE('',#2233,(#2237,#2244),.PCURVE_S1.);
#2233 = LINE('',#2234,#2235);
#2234 = CARTESIAN_POINT('',(-27.,44.,6.));
#2235 = VECTOR('',#2236,1.);
#2236 = DIRECTION('',(0.61114096351,0.791521776529,0.));
#2237 = PCURVE('',#506,#2238);
#2238 = DEFINITIONAL_REPRESENTATION('',(#2239),#2243);
#2239 = LINE('',#2240,#2241);
#2240 = CARTESIAN_POINT('',(6.830087201365,1.419544987295));
#2241 = VECTOR('',#2242,1.);
#2242 = DIRECTION('',(-0.61114096351,0.791521776529));
#2243 = ( GEOMETRIC_REPRESENTATION_CONTEXT(2) 
PARAMETRIC_REPRESENTATION_CONTEXT() REPRESENTATION_CONTEXT('2D SPACE',''
  ) );
#2244 = PCURVE('',#2245,#2250);
#2245 = PLANE('',#2246);
#2246 = AXIS2_PLACEMENT_3D('',#2247,#2248,#2249);
#2247 = CARTESIAN_POINT('',(-27.,44.,0.8));
#2248 = DIRECTION('',(-0.791521776529,0.61114096351,0.));
#2249 = DIRECTION('',(0.61114096351,0.791521776529,0.));
#2250 = DEFINITIONAL_REPRESENTATION('',(#2251),#2255);
#2251 = LINE('',#2252,#2253);
#2252 = CARTESIAN_POINT('',(0.,-5.2));
#2253 = VECTOR('',#2254,1.);
#2254 = DIRECTION('',(1.,0.));
#2255 = ( GEOMETRIC_REPRESENTATION_CONTEXT(2) 
PARAMETRIC_REPRESENTATION_CONTEXT() REPRESENTATION_CONTEXT('2D SPACE',''
  ) );
#2256 = ORIENTED_EDGE('',*,*,#2257,.T.);
#2257 = EDGE_CURVE('',#2230,#2130,#2258,.T.);
#2258 = SURFACE_CURVE('',#2259,(#2263,#2269),.PCURVE_S1.);
#2259 = LINE('',#2260,#2261);
#2260 = CARTESIAN_POINT('',(-16.65,48.445227506352,6.));
#2261 = VECTOR('',#2262,1.);
#2262 = DIRECTION('',(0.,-1.,0.));
#2263 = PCURVE('',#506,#2264);
#2264 = DEFINITIONAL_REPRESENTATION('',(#2265),#2268);
#2265 = B_SPLINE_CURVE_WITH_KNOTS('',1,(#2266,#2267),.UNSPECIFIED.,.F.,
  .F.,(2,2),(-10.25477249364,-5.864772493648),.PIECEWISE_BEZIER_KNOTS.);
#2266 = CARTESIAN_POINT('',(-3.519912798635,16.119544987295));
#2267 = CARTESIAN_POINT('',(-3.519912798635,11.729544987295));
#2268 = ( GEOMETRIC_REPRESENTATION_CONTEXT(2) 
PARAMETRIC_REPRESENTATION_CONTEXT() REPRESENTATION_CONTEXT('2D SPACE',''
  ) );
#2269 = PCURVE('',#2270,#2275);
#2270 = PLANE('',#2271);
#2271 = AXIS2_PLACEMENT_3D('',#2272,#2273,#2274);
#2272 = CARTESIAN_POINT('',(-16.65,54.31,0.8));
#2273 = DIRECTION('',(1.,0.,0.));
#2274 = DIRECTION('',(0.,0.,1.));
#2275 = DEFINITIONAL_REPRESENTATION('',(#2276),#2279);
#2276 = B_SPLINE_CURVE_WITH_KNOTS('',1,(#2277,#2278),.UNSPECIFIED.,.F.,
  .F.,(2,2),(-10.25477249364,-5.864772493648),.PIECEWISE_BEZIER_KNOTS.);
#2277 = CARTESIAN_POINT('',(5.2,-4.39));
#2278 = CARTESIAN_POINT('',(5.2,0.));
#2279 = ( GEOMETRIC_REPRESENTATION_CONTEXT(2) 
PARAMETRIC_REPRESENTATION_CONTEXT() REPRESENTATION_CONTEXT('2D SPACE',''
  ) );
#2280 = ADVANCED_FACE('',(#2281),#479,.T.);
#2281 = FACE_BOUND('',#2282,.T.);
#2282 = EDGE_LOOP('',(#2283,#2306,#2307,#2308));
#2283 = ORIENTED_EDGE('',*,*,#2284,.F.);
#2284 = EDGE_CURVE('',#441,#2285,#2287,.T.);
#2285 = VERTEX_POINT('',#2286);
#2286 = CARTESIAN_POINT('',(-27.,44.,0.8));
#2287 = SURFACE_CURVE('',#2288,(#2292,#2299),.PCURVE_S1.);
#2288 = LINE('',#2289,#2290);
#2289 = CARTESIAN_POINT('',(-27.,30.2,0.8));
#2290 = VECTOR('',#2291,1.);
#2291 = DIRECTION('',(0.,1.,0.));
#2292 = PCURVE('',#479,#2293);
#2293 = DEFINITIONAL_REPRESENTATION('',(#2294),#2298);
#2294 = LINE('',#2295,#2296);
#2295 = CARTESIAN_POINT('',(0.,0.));
#2296 = VECTOR('',#2297,1.);
#2297 = DIRECTION('',(1.,0.));
#2298 = ( GEOMETRIC_REPRESENTATION_CONTEXT(2) 
PARAMETRIC_REPRESENTATION_CONTEXT() REPRESENTATION_CONTEXT('2D SPACE',''
  ) );
#2299 = PCURVE('',#94,#2300);
#2300 = DEFINITIONAL_REPRESENTATION('',(#2301),#2305);
#2301 = LINE('',#2302,#2303);
#2302 = CARTESIAN_POINT('',(93.,150.2));
#2303 = VECTOR('',#2304,1.);
#2304 = DIRECTION('',(0.,1.));
#2305 = ( GEOMETRIC_REPRESENTATION_CONTEXT(2) 
PARAMETRIC_REPRESENTATION_CONTEXT() REPRESENTATION_CONTEXT('2D SPACE',''
  ) );
#2306 = ORIENTED_EDGE('',*,*,#462,.F.);
#2307 = ORIENTED_EDGE('',*,*,#2206,.T.);
#2308 = ORIENTED_EDGE('',*,*,#2309,.F.);
#2309 = EDGE_CURVE('',#2285,#2207,#2310,.T.);
#2310 = SURFACE_CURVE('',#2311,(#2315,#2322),.PCURVE_S1.);
#2311 = LINE('',#2312,#2313);
#2312 = CARTESIAN_POINT('',(-27.,44.,0.8));
#2313 = VECTOR('',#2314,1.);
#2314 = DIRECTION('',(0.,0.,1.));
#2315 = PCURVE('',#479,#2316);
#2316 = DEFINITIONAL_REPRESENTATION('',(#2317),#2321);
#2317 = LINE('',#2318,#2319);
#2318 = CARTESIAN_POINT('',(13.8,0.));
#2319 = VECTOR('',#2320,1.);
#2320 = DIRECTION('',(0.,-1.));
#2321 = ( GEOMETRIC_REPRESENTATION_CONTEXT(2) 
PARAMETRIC_REPRESENTATION_CONTEXT() REPRESENTATION_CONTEXT('2D SPACE',''
  ) );
#2322 = PCURVE('',#2245,#2323);
#2323 = DEFINITIONAL_REPRESENTATION('',(#2324),#2328);
#2324 = LINE('',#2325,#2326);
#2325 = CARTESIAN_POINT('',(0.,0.));
#2326 = VECTOR('',#2327,1.);
#2327 = DIRECTION('',(0.,-1.));
#2328 = ( GEOMETRIC_REPRESENTATION_CONTEXT(2) 
PARAMETRIC_REPRESENTATION_CONTEXT() REPRESENTATION_CONTEXT('2D SPACE',''
  ) );
#2329 = ADVANCED_FACE('',(#2330,#2690,#2725),#94,.F.);
#2330 = FACE_BOUND('',#2331,.F.);
#2331 = EDGE_LOOP('',(#2332,#2333,#2356,#2379,#2402,#2430,#2458,#2486,
    #2509,#2532,#2553,#2554,#2555,#2578,#2607,#2635,#2668,#2689));
#2332 = ORIENTED_EDGE('',*,*,#827,.T.);
#2333 = ORIENTED_EDGE('',*,*,#2334,.F.);
#2334 = EDGE_CURVE('',#2335,#828,#2337,.T.);
#2335 = VERTEX_POINT('',#2336);
#2336 = CARTESIAN_POINT('',(-15.65,30.789608636681,0.800000000001));
#2337 = SURFACE_CURVE('',#2338,(#2342,#2349),.PCURVE_S1.);
#2338 = LINE('',#2339,#2340);
#2339 = CARTESIAN_POINT('',(-15.65,30.789608636681,0.800000000001));
#2340 = VECTOR('',#2341,1.);
#2341 = DIRECTION('',(-1.,6.450594299885E-15,-3.659612732066E-14));
#2342 = PCURVE('',#94,#2343);
#2343 = DEFINITIONAL_REPRESENTATION('',(#2344),#2348);
#2344 = LINE('',#2345,#2346);
#2345 = CARTESIAN_POINT('',(104.35,150.78960863668));
#2346 = VECTOR('',#2347,1.);
#2347 = DIRECTION('',(-1.,6.450594299885E-15));
#2348 = ( GEOMETRIC_REPRESENTATION_CONTEXT(2) 
PARAMETRIC_REPRESENTATION_CONTEXT() REPRESENTATION_CONTEXT('2D SPACE',''
  ) );
#2349 = PCURVE('',#1001,#2350);
#2350 = DEFINITIONAL_REPRESENTATION('',(#2351),#2355);
#2351 = LINE('',#2352,#2353);
#2352 = CARTESIAN_POINT('',(-6.309162254604,-36.35));
#2353 = VECTOR('',#2354,1.);
#2354 = DIRECTION('',(-0.,1.));
#2355 = ( GEOMETRIC_REPRESENTATION_CONTEXT(2) 
PARAMETRIC_REPRESENTATION_CONTEXT() REPRESENTATION_CONTEXT('2D SPACE',''
  ) );
#2356 = ORIENTED_EDGE('',*,*,#2357,.F.);
#2357 = EDGE_CURVE('',#2358,#2335,#2360,.T.);
#2358 = VERTEX_POINT('',#2359);
#2359 = CARTESIAN_POINT('',(-15.65,54.31,0.8));
#2360 = SURFACE_CURVE('',#2361,(#2365,#2372),.PCURVE_S1.);
#2361 = LINE('',#2362,#2363);
#2362 = CARTESIAN_POINT('',(-15.65,58.7,0.8));
#2363 = VECTOR('',#2364,1.);
#2364 = DIRECTION('',(0.,-1.,0.));
#2365 = PCURVE('',#94,#2366);
#2366 = DEFINITIONAL_REPRESENTATION('',(#2367),#2371);
#2367 = LINE('',#2368,#2369);
#2368 = CARTESIAN_POINT('',(104.35,178.7));
#2369 = VECTOR('',#2370,1.);
#2370 = DIRECTION('',(0.,-1.));
#2371 = ( GEOMETRIC_REPRESENTATION_CONTEXT(2) 
PARAMETRIC_REPRESENTATION_CONTEXT() REPRESENTATION_CONTEXT('2D SPACE',''
  ) );
#2372 = PCURVE('',#2173,#2373);
#2373 = DEFINITIONAL_REPRESENTATION('',(#2374),#2378);
#2374 = LINE('',#2375,#2376);
#2375 = CARTESIAN_POINT('',(0.,0.));
#2376 = VECTOR('',#2377,1.);
#2377 = DIRECTION('',(1.,0.));
#2378 = ( GEOMETRIC_REPRESENTATION_CONTEXT(2) 
PARAMETRIC_REPRESENTATION_CONTEXT() REPRESENTATION_CONTEXT('2D SPACE',''
  ) );
#2379 = ORIENTED_EDGE('',*,*,#2380,.T.);
#2380 = EDGE_CURVE('',#2358,#2381,#2383,.T.);
#2381 = VERTEX_POINT('',#2382);
#2382 = CARTESIAN_POINT('',(-6.2,54.31,0.8));
#2383 = SURFACE_CURVE('',#2384,(#2388,#2395),.PCURVE_S1.);
#2384 = LINE('',#2385,#2386);
#2385 = CARTESIAN_POINT('',(-16.65,54.31,0.8));
#2386 = VECTOR('',#2387,1.);
#2387 = DIRECTION('',(1.,0.,0.));
#2388 = PCURVE('',#94,#2389);
#2389 = DEFINITIONAL_REPRESENTATION('',(#2390),#2394);
#2390 = LINE('',#2391,#2392);
#2391 = CARTESIAN_POINT('',(103.35,174.31));
#2392 = VECTOR('',#2393,1.);
#2393 = DIRECTION('',(1.,0.));
#2394 = ( GEOMETRIC_REPRESENTATION_CONTEXT(2) 
PARAMETRIC_REPRESENTATION_CONTEXT() REPRESENTATION_CONTEXT('2D SPACE',''
  ) );
#2395 = PCURVE('',#2146,#2396);
#2396 = DEFINITIONAL_REPRESENTATION('',(#2397),#2401);
#2397 = LINE('',#2398,#2399);
#2398 = CARTESIAN_POINT('',(0.,0.));
#2399 = VECTOR('',#2400,1.);
#2400 = DIRECTION('',(0.,1.));
#2401 = ( GEOMETRIC_REPRESENTATION_CONTEXT(2) 
PARAMETRIC_REPRESENTATION_CONTEXT() REPRESENTATION_CONTEXT('2D SPACE',''
  ) );
#2402 = ORIENTED_EDGE('',*,*,#2403,.F.);
#2403 = EDGE_CURVE('',#2404,#2381,#2406,.T.);
#2404 = VERTEX_POINT('',#2405);
#2405 = CARTESIAN_POINT('',(-5.,55.51,0.8));
#2406 = SURFACE_CURVE('',#2407,(#2411,#2418),.PCURVE_S1.);
#2407 = LINE('',#2408,#2409);
#2408 = CARTESIAN_POINT('',(-5.,55.51,0.8));
#2409 = VECTOR('',#2410,1.);
#2410 = DIRECTION('',(-0.707106781187,-0.707106781187,0.));
#2411 = PCURVE('',#94,#2412);
#2412 = DEFINITIONAL_REPRESENTATION('',(#2413),#2417);
#2413 = LINE('',#2414,#2415);
#2414 = CARTESIAN_POINT('',(115.,175.51));
#2415 = VECTOR('',#2416,1.);
#2416 = DIRECTION('',(-0.707106781187,-0.707106781187));
#2417 = ( GEOMETRIC_REPRESENTATION_CONTEXT(2) 
PARAMETRIC_REPRESENTATION_CONTEXT() REPRESENTATION_CONTEXT('2D SPACE',''
  ) );
#2418 = PCURVE('',#2419,#2424);
#2419 = PLANE('',#2420);
#2420 = AXIS2_PLACEMENT_3D('',#2421,#2422,#2423);
#2421 = CARTESIAN_POINT('',(-5.,55.51,0.8));
#2422 = DIRECTION('',(0.707106781187,-0.707106781187,0.));
#2423 = DIRECTION('',(-0.707106781187,-0.707106781187,0.));
#2424 = DEFINITIONAL_REPRESENTATION('',(#2425),#2429);
#2425 = LINE('',#2426,#2427);
#2426 = CARTESIAN_POINT('',(0.,0.));
#2427 = VECTOR('',#2428,1.);
#2428 = DIRECTION('',(1.,0.));
#2429 = ( GEOMETRIC_REPRESENTATION_CONTEXT(2) 
PARAMETRIC_REPRESENTATION_CONTEXT() REPRESENTATION_CONTEXT('2D SPACE',''
  ) );
#2430 = ORIENTED_EDGE('',*,*,#2431,.T.);
#2431 = EDGE_CURVE('',#2404,#2432,#2434,.T.);
#2432 = VERTEX_POINT('',#2433);
#2433 = CARTESIAN_POINT('',(-5.,58.7,0.8));
#2434 = SURFACE_CURVE('',#2435,(#2439,#2446),.PCURVE_S1.);
#2435 = LINE('',#2436,#2437);
#2436 = CARTESIAN_POINT('',(-5.,54.31,0.8));
#2437 = VECTOR('',#2438,1.);
#2438 = DIRECTION('',(0.,1.,0.));
#2439 = PCURVE('',#94,#2440);
#2440 = DEFINITIONAL_REPRESENTATION('',(#2441),#2445);
#2441 = LINE('',#2442,#2443);
#2442 = CARTESIAN_POINT('',(115.,174.31));
#2443 = VECTOR('',#2444,1.);
#2444 = DIRECTION('',(0.,1.));
#2445 = ( GEOMETRIC_REPRESENTATION_CONTEXT(2) 
PARAMETRIC_REPRESENTATION_CONTEXT() REPRESENTATION_CONTEXT('2D SPACE',''
  ) );
#2446 = PCURVE('',#2447,#2452);
#2447 = PLANE('',#2448);
#2448 = AXIS2_PLACEMENT_3D('',#2449,#2450,#2451);
#2449 = CARTESIAN_POINT('',(-5.,54.31,0.8));
#2450 = DIRECTION('',(1.,0.,0.));
#2451 = DIRECTION('',(0.,0.,1.));
#2452 = DEFINITIONAL_REPRESENTATION('',(#2453),#2457);
#2453 = LINE('',#2454,#2455);
#2454 = CARTESIAN_POINT('',(0.,0.));
#2455 = VECTOR('',#2456,1.);
#2456 = DIRECTION('',(0.,-1.));
#2457 = ( GEOMETRIC_REPRESENTATION_CONTEXT(2) 
PARAMETRIC_REPRESENTATION_CONTEXT() REPRESENTATION_CONTEXT('2D SPACE',''
  ) );
#2458 = ORIENTED_EDGE('',*,*,#2459,.F.);
#2459 = EDGE_CURVE('',#2460,#2432,#2462,.T.);
#2460 = VERTEX_POINT('',#2461);
#2461 = CARTESIAN_POINT('',(-15.65,58.7,0.8));
#2462 = SURFACE_CURVE('',#2463,(#2467,#2474),.PCURVE_S1.);
#2463 = LINE('',#2464,#2465);
#2464 = CARTESIAN_POINT('',(-16.65,58.7,0.8));
#2465 = VECTOR('',#2466,1.);
#2466 = DIRECTION('',(1.,0.,0.));
#2467 = PCURVE('',#94,#2468);
#2468 = DEFINITIONAL_REPRESENTATION('',(#2469),#2473);
#2469 = LINE('',#2470,#2471);
#2470 = CARTESIAN_POINT('',(103.35,178.7));
#2471 = VECTOR('',#2472,1.);
#2472 = DIRECTION('',(1.,0.));
#2473 = ( GEOMETRIC_REPRESENTATION_CONTEXT(2) 
PARAMETRIC_REPRESENTATION_CONTEXT() REPRESENTATION_CONTEXT('2D SPACE',''
  ) );
#2474 = PCURVE('',#2475,#2480);
#2475 = PLANE('',#2476);
#2476 = AXIS2_PLACEMENT_3D('',#2477,#2478,#2479);
#2477 = CARTESIAN_POINT('',(-16.65,58.7,0.8));
#2478 = DIRECTION('',(0.,1.,0.));
#2479 = DIRECTION('',(0.,0.,1.));
#2480 = DEFINITIONAL_REPRESENTATION('',(#2481),#2485);
#2481 = LINE('',#2482,#2483);
#2482 = CARTESIAN_POINT('',(0.,0.));
#2483 = VECTOR('',#2484,1.);
#2484 = DIRECTION('',(0.,1.));
#2485 = ( GEOMETRIC_REPRESENTATION_CONTEXT(2) 
PARAMETRIC_REPRESENTATION_CONTEXT() REPRESENTATION_CONTEXT('2D SPACE',''
  ) );
#2486 = ORIENTED_EDGE('',*,*,#2487,.F.);
#2487 = EDGE_CURVE('',#2488,#2460,#2490,.T.);
#2488 = VERTEX_POINT('',#2489);
#2489 = CARTESIAN_POINT('',(-16.65,58.7,0.8));
#2490 = SURFACE_CURVE('',#2491,(#2495,#2502),.PCURVE_S1.);
#2491 = LINE('',#2492,#2493);
#2492 = CARTESIAN_POINT('',(-16.65,58.7,0.8));
#2493 = VECTOR('',#2494,1.);
#2494 = DIRECTION('',(1.,0.,0.));
#2495 = PCURVE('',#94,#2496);
#2496 = DEFINITIONAL_REPRESENTATION('',(#2497),#2501);
#2497 = LINE('',#2498,#2499);
#2498 = CARTESIAN_POINT('',(103.35,178.7));
#2499 = VECTOR('',#2500,1.);
#2500 = DIRECTION('',(1.,0.));
#2501 = ( GEOMETRIC_REPRESENTATION_CONTEXT(2) 
PARAMETRIC_REPRESENTATION_CONTEXT() REPRESENTATION_CONTEXT('2D SPACE',''
  ) );
#2502 = PCURVE('',#2475,#2503);
#2503 = DEFINITIONAL_REPRESENTATION('',(#2504),#2508);
#2504 = LINE('',#2505,#2506);
#2505 = CARTESIAN_POINT('',(0.,0.));
#2506 = VECTOR('',#2507,1.);
#2507 = DIRECTION('',(0.,1.));
#2508 = ( GEOMETRIC_REPRESENTATION_CONTEXT(2) 
PARAMETRIC_REPRESENTATION_CONTEXT() REPRESENTATION_CONTEXT('2D SPACE',''
  ) );
#2509 = ORIENTED_EDGE('',*,*,#2510,.F.);
#2510 = EDGE_CURVE('',#2511,#2488,#2513,.T.);
#2511 = VERTEX_POINT('',#2512);
#2512 = CARTESIAN_POINT('',(-16.65,57.404845814978,0.8));
#2513 = SURFACE_CURVE('',#2514,(#2518,#2525),.PCURVE_S1.);
#2514 = LINE('',#2515,#2516);
#2515 = CARTESIAN_POINT('',(-16.65,54.31,0.8));
#2516 = VECTOR('',#2517,1.);
#2517 = DIRECTION('',(0.,1.,0.));
#2518 = PCURVE('',#94,#2519);
#2519 = DEFINITIONAL_REPRESENTATION('',(#2520),#2524);
#2520 = LINE('',#2521,#2522);
#2521 = CARTESIAN_POINT('',(103.35,174.31));
#2522 = VECTOR('',#2523,1.);
#2523 = DIRECTION('',(0.,1.));
#2524 = ( GEOMETRIC_REPRESENTATION_CONTEXT(2) 
PARAMETRIC_REPRESENTATION_CONTEXT() REPRESENTATION_CONTEXT('2D SPACE',''
  ) );
#2525 = PCURVE('',#2270,#2526);
#2526 = DEFINITIONAL_REPRESENTATION('',(#2527),#2531);
#2527 = LINE('',#2528,#2529);
#2528 = CARTESIAN_POINT('',(0.,0.));
#2529 = VECTOR('',#2530,1.);
#2530 = DIRECTION('',(0.,-1.));
#2531 = ( GEOMETRIC_REPRESENTATION_CONTEXT(2) 
PARAMETRIC_REPRESENTATION_CONTEXT() REPRESENTATION_CONTEXT('2D SPACE',''
  ) );
#2532 = ORIENTED_EDGE('',*,*,#2533,.F.);
#2533 = EDGE_CURVE('',#2285,#2511,#2534,.T.);
#2534 = SURFACE_CURVE('',#2535,(#2539,#2546),.PCURVE_S1.);
#2535 = LINE('',#2536,#2537);
#2536 = CARTESIAN_POINT('',(-27.,44.,0.8));
#2537 = VECTOR('',#2538,1.);
#2538 = DIRECTION('',(0.61114096351,0.791521776529,0.));
#2539 = PCURVE('',#94,#2540);
#2540 = DEFINITIONAL_REPRESENTATION('',(#2541),#2545);
#2541 = LINE('',#2542,#2543);
#2542 = CARTESIAN_POINT('',(93.,164.));
#2543 = VECTOR('',#2544,1.);
#2544 = DIRECTION('',(0.61114096351,0.791521776529));
#2545 = ( GEOMETRIC_REPRESENTATION_CONTEXT(2) 
PARAMETRIC_REPRESENTATION_CONTEXT() REPRESENTATION_CONTEXT('2D SPACE',''
  ) );
#2546 = PCURVE('',#2245,#2547);
#2547 = DEFINITIONAL_REPRESENTATION('',(#2548),#2552);
#2548 = LINE('',#2549,#2550);
#2549 = CARTESIAN_POINT('',(0.,0.));
#2550 = VECTOR('',#2551,1.);
#2551 = DIRECTION('',(1.,0.));
#2552 = ( GEOMETRIC_REPRESENTATION_CONTEXT(2) 
PARAMETRIC_REPRESENTATION_CONTEXT() REPRESENTATION_CONTEXT('2D SPACE',''
  ) );
#2553 = ORIENTED_EDGE('',*,*,#2284,.F.);
#2554 = ORIENTED_EDGE('',*,*,#440,.T.);
#2555 = ORIENTED_EDGE('',*,*,#2556,.T.);
#2556 = EDGE_CURVE('',#408,#2557,#2559,.T.);
#2557 = VERTEX_POINT('',#2558);
#2558 = CARTESIAN_POINT('',(-29.,47.6,0.8));
#2559 = SURFACE_CURVE('',#2560,(#2564,#2571),.PCURVE_S1.);
#2560 = LINE('',#2561,#2562);
#2561 = CARTESIAN_POINT('',(-29.,31.5,0.8));
#2562 = VECTOR('',#2563,1.);
#2563 = DIRECTION('',(0.,1.,0.));
#2564 = PCURVE('',#94,#2565);
#2565 = DEFINITIONAL_REPRESENTATION('',(#2566),#2570);
#2566 = LINE('',#2567,#2568);
#2567 = CARTESIAN_POINT('',(91.,151.5));
#2568 = VECTOR('',#2569,1.);
#2569 = DIRECTION('',(0.,1.));
#2570 = ( GEOMETRIC_REPRESENTATION_CONTEXT(2) 
PARAMETRIC_REPRESENTATION_CONTEXT() REPRESENTATION_CONTEXT('2D SPACE',''
  ) );
#2571 = PCURVE('',#424,#2572);
#2572 = DEFINITIONAL_REPRESENTATION('',(#2573),#2577);
#2573 = LINE('',#2574,#2575);
#2574 = CARTESIAN_POINT('',(0.,0.));
#2575 = VECTOR('',#2576,1.);
#2576 = DIRECTION('',(0.,-1.));
#2577 = ( GEOMETRIC_REPRESENTATION_CONTEXT(2) 
PARAMETRIC_REPRESENTATION_CONTEXT() REPRESENTATION_CONTEXT('2D SPACE',''
  ) );
#2578 = ORIENTED_EDGE('',*,*,#2579,.T.);
#2579 = EDGE_CURVE('',#2557,#2580,#2582,.T.);
#2580 = VERTEX_POINT('',#2581);
#2581 = CARTESIAN_POINT('',(-32.,50.6,0.8));
#2582 = SURFACE_CURVE('',#2583,(#2588,#2595),.PCURVE_S1.);
#2583 = CIRCLE('',#2584,3.);
#2584 = AXIS2_PLACEMENT_3D('',#2585,#2586,#2587);
#2585 = CARTESIAN_POINT('',(-32.,47.6,0.8));
#2586 = DIRECTION('',(0.,0.,1.));
#2587 = DIRECTION('',(0.,-1.,0.));
#2588 = PCURVE('',#94,#2589);
#2589 = DEFINITIONAL_REPRESENTATION('',(#2590),#2594);
#2590 = CIRCLE('',#2591,3.);
#2591 = AXIS2_PLACEMENT_2D('',#2592,#2593);
#2592 = CARTESIAN_POINT('',(88.,167.6));
#2593 = DIRECTION('',(0.,-1.));
#2594 = ( GEOMETRIC_REPRESENTATION_CONTEXT(2) 
PARAMETRIC_REPRESENTATION_CONTEXT() REPRESENTATION_CONTEXT('2D SPACE',''
  ) );
#2595 = PCURVE('',#2596,#2601);
#2596 = CYLINDRICAL_SURFACE('',#2597,3.);
#2597 = AXIS2_PLACEMENT_3D('',#2598,#2599,#2600);
#2598 = CARTESIAN_POINT('',(-32.,47.6,0.8));
#2599 = DIRECTION('',(0.,0.,1.));
#2600 = DIRECTION('',(1.,0.,-0.));
#2601 = DEFINITIONAL_REPRESENTATION('',(#2602),#2606);
#2602 = LINE('',#2603,#2604);
#2603 = CARTESIAN_POINT('',(-1.570796326795,0.));
#2604 = VECTOR('',#2605,1.);
#2605 = DIRECTION('',(1.,0.));
#2606 = ( GEOMETRIC_REPRESENTATION_CONTEXT(2) 
PARAMETRIC_REPRESENTATION_CONTEXT() REPRESENTATION_CONTEXT('2D SPACE',''
  ) );
#2607 = ORIENTED_EDGE('',*,*,#2608,.F.);
#2608 = EDGE_CURVE('',#2609,#2580,#2611,.T.);
#2609 = VERTEX_POINT('',#2610);
#2610 = CARTESIAN_POINT('',(-44.,50.6,0.8));
#2611 = SURFACE_CURVE('',#2612,(#2616,#2623),.PCURVE_S1.);
#2612 = LINE('',#2613,#2614);
#2613 = CARTESIAN_POINT('',(-44.,50.6,0.8));
#2614 = VECTOR('',#2615,1.);
#2615 = DIRECTION('',(1.,0.,0.));
#2616 = PCURVE('',#94,#2617);
#2617 = DEFINITIONAL_REPRESENTATION('',(#2618),#2622);
#2618 = LINE('',#2619,#2620);
#2619 = CARTESIAN_POINT('',(76.,170.6));
#2620 = VECTOR('',#2621,1.);
#2621 = DIRECTION('',(1.,0.));
#2622 = ( GEOMETRIC_REPRESENTATION_CONTEXT(2) 
PARAMETRIC_REPRESENTATION_CONTEXT() REPRESENTATION_CONTEXT('2D SPACE',''
  ) );
#2623 = PCURVE('',#2624,#2629);
#2624 = PLANE('',#2625);
#2625 = AXIS2_PLACEMENT_3D('',#2626,#2627,#2628);
#2626 = CARTESIAN_POINT('',(-47.,50.6,0.8));
#2627 = DIRECTION('',(0.,1.,0.));
#2628 = DIRECTION('',(0.,0.,1.));
#2629 = DEFINITIONAL_REPRESENTATION('',(#2630),#2634);
#2630 = LINE('',#2631,#2632);
#2631 = CARTESIAN_POINT('',(0.,3.));
#2632 = VECTOR('',#2633,1.);
#2633 = DIRECTION('',(0.,1.));
#2634 = ( GEOMETRIC_REPRESENTATION_CONTEXT(2) 
PARAMETRIC_REPRESENTATION_CONTEXT() REPRESENTATION_CONTEXT('2D SPACE',''
  ) );
#2635 = ORIENTED_EDGE('',*,*,#2636,.F.);
#2636 = EDGE_CURVE('',#2637,#2609,#2639,.T.);
#2637 = VERTEX_POINT('',#2638);
#2638 = CARTESIAN_POINT('',(-47.,47.6,0.8));
#2639 = SURFACE_CURVE('',#2640,(#2645,#2656),.PCURVE_S1.);
#2640 = CIRCLE('',#2641,3.);
#2641 = AXIS2_PLACEMENT_3D('',#2642,#2643,#2644);
#2642 = CARTESIAN_POINT('',(-44.,47.6,0.8));
#2643 = DIRECTION('',(-0.,-0.,-1.));
#2644 = DIRECTION('',(0.,-1.,0.));
#2645 = PCURVE('',#94,#2646);
#2646 = DEFINITIONAL_REPRESENTATION('',(#2647),#2655);
#2647 = ( BOUNDED_CURVE() B_SPLINE_CURVE(2,(#2648,#2649,#2650,#2651,
#2652,#2653,#2654),.UNSPECIFIED.,.T.,.F.) B_SPLINE_CURVE_WITH_KNOTS((1,2
    ,2,2,2,1),(-2.094395102393,0.,2.094395102393,4.188790204786,
6.28318530718,8.377580409573),.UNSPECIFIED.) CURVE() 
GEOMETRIC_REPRESENTATION_ITEM() RATIONAL_B_SPLINE_CURVE((1.,0.5,1.,0.5,
1.,0.5,1.)) REPRESENTATION_ITEM('') );
#2648 = CARTESIAN_POINT('',(76.,164.6));
#2649 = CARTESIAN_POINT('',(70.803847577293,164.6));
#2650 = CARTESIAN_POINT('',(73.401923788647,169.1));
#2651 = CARTESIAN_POINT('',(76.,173.6));
#2652 = CARTESIAN_POINT('',(78.598076211353,169.1));
#2653 = CARTESIAN_POINT('',(81.196152422707,164.6));
#2654 = CARTESIAN_POINT('',(76.,164.6));
#2655 = ( GEOMETRIC_REPRESENTATION_CONTEXT(2) 
PARAMETRIC_REPRESENTATION_CONTEXT() REPRESENTATION_CONTEXT('2D SPACE',''
  ) );
#2656 = PCURVE('',#2657,#2662);
#2657 = CYLINDRICAL_SURFACE('',#2658,3.);
#2658 = AXIS2_PLACEMENT_3D('',#2659,#2660,#2661);
#2659 = CARTESIAN_POINT('',(-44.,47.6,0.8));
#2660 = DIRECTION('',(0.,0.,1.));
#2661 = DIRECTION('',(-1.,-0.,0.));
#2662 = DEFINITIONAL_REPRESENTATION('',(#2663),#2667);
#2663 = LINE('',#2664,#2665);
#2664 = CARTESIAN_POINT('',(1.570796326795,-0.));
#2665 = VECTOR('',#2666,1.);
#2666 = DIRECTION('',(-1.,0.));
#2667 = ( GEOMETRIC_REPRESENTATION_CONTEXT(2) 
PARAMETRIC_REPRESENTATION_CONTEXT() REPRESENTATION_CONTEXT('2D SPACE',''
  ) );
#2668 = ORIENTED_EDGE('',*,*,#2669,.F.);
#2669 = EDGE_CURVE('',#80,#2637,#2670,.T.);
#2670 = SURFACE_CURVE('',#2671,(#2675,#2682),.PCURVE_S1.);
#2671 = LINE('',#2672,#2673);
#2672 = CARTESIAN_POINT('',(-47.,31.5,0.8));
#2673 = VECTOR('',#2674,1.);
#2674 = DIRECTION('',(0.,1.,0.));
#2675 = PCURVE('',#94,#2676);
#2676 = DEFINITIONAL_REPRESENTATION('',(#2677),#2681);
#2677 = LINE('',#2678,#2679);
#2678 = CARTESIAN_POINT('',(73.,151.5));
#2679 = VECTOR('',#2680,1.);
#2680 = DIRECTION('',(0.,1.));
#2681 = ( GEOMETRIC_REPRESENTATION_CONTEXT(2) 
PARAMETRIC_REPRESENTATION_CONTEXT() REPRESENTATION_CONTEXT('2D SPACE',''
  ) );
#2682 = PCURVE('',#123,#2683);
#2683 = DEFINITIONAL_REPRESENTATION('',(#2684),#2688);
#2684 = LINE('',#2685,#2686);
#2685 = CARTESIAN_POINT('',(0.,0.));
#2686 = VECTOR('',#2687,1.);
#2687 = DIRECTION('',(0.,-1.));
#2688 = ( GEOMETRIC_REPRESENTATION_CONTEXT(2) 
PARAMETRIC_REPRESENTATION_CONTEXT() REPRESENTATION_CONTEXT('2D SPACE',''
  ) );
#2689 = ORIENTED_EDGE('',*,*,#79,.T.);
#2690 = FACE_BOUND('',#2691,.F.);
#2691 = EDGE_LOOP('',(#2692));
#2692 = ORIENTED_EDGE('',*,*,#2693,.T.);
#2693 = EDGE_CURVE('',#2694,#2694,#2696,.T.);
#2694 = VERTEX_POINT('',#2695);
#2695 = CARTESIAN_POINT('',(-40.9,36.5,0.8));
#2696 = SURFACE_CURVE('',#2697,(#2702,#2713),.PCURVE_S1.);
#2697 = CIRCLE('',#2698,1.6);
#2698 = AXIS2_PLACEMENT_3D('',#2699,#2700,#2701);
#2699 = CARTESIAN_POINT('',(-42.5,36.5,0.8));
#2700 = DIRECTION('',(0.,0.,-1.));
#2701 = DIRECTION('',(1.,0.,0.));
#2702 = PCURVE('',#94,#2703);
#2703 = DEFINITIONAL_REPRESENTATION('',(#2704),#2712);
#2704 = ( BOUNDED_CURVE() B_SPLINE_CURVE(2,(#2705,#2706,#2707,#2708,
#2709,#2710,#2711),.UNSPECIFIED.,.T.,.F.) B_SPLINE_CURVE_WITH_KNOTS((1,2
    ,2,2,2,1),(-2.094395102393,0.,2.094395102393,4.188790204786,
6.28318530718,8.377580409573),.UNSPECIFIED.) CURVE() 
GEOMETRIC_REPRESENTATION_ITEM() RATIONAL_B_SPLINE_CURVE((1.,0.5,1.,0.5,
1.,0.5,1.)) REPRESENTATION_ITEM('') );
#2705 = CARTESIAN_POINT('',(79.1,156.5));
#2706 = CARTESIAN_POINT('',(79.1,153.72871870789));
#2707 = CARTESIAN_POINT('',(76.7,155.11435935394));
#2708 = CARTESIAN_POINT('',(74.3,156.5));
#2709 = CARTESIAN_POINT('',(76.7,157.88564064605));
#2710 = CARTESIAN_POINT('',(79.1,159.27128129211));
#2711 = CARTESIAN_POINT('',(79.1,156.5));
#2712 = ( GEOMETRIC_REPRESENTATION_CONTEXT(2) 
PARAMETRIC_REPRESENTATION_CONTEXT() REPRESENTATION_CONTEXT('2D SPACE',''
  ) );
#2713 = PCURVE('',#2714,#2719);
#2714 = CYLINDRICAL_SURFACE('',#2715,1.6);
#2715 = AXIS2_PLACEMENT_3D('',#2716,#2717,#2718);
#2716 = CARTESIAN_POINT('',(-42.5,36.5,-5.4));
#2717 = DIRECTION('',(-0.,-0.,-1.));
#2718 = DIRECTION('',(1.,0.,0.));
#2719 = DEFINITIONAL_REPRESENTATION('',(#2720),#2724);
#2720 = LINE('',#2721,#2722);
#2721 = CARTESIAN_POINT('',(-6.28318530718,-6.2));
#2722 = VECTOR('',#2723,1.);
#2723 = DIRECTION('',(1.,-0.));
#2724 = ( GEOMETRIC_REPRESENTATION_CONTEXT(2) 
PARAMETRIC_REPRESENTATION_CONTEXT() REPRESENTATION_CONTEXT('2D SPACE',''
  ) );
#2725 = FACE_BOUND('',#2726,.F.);
#2726 = EDGE_LOOP('',(#2727));
#2727 = ORIENTED_EDGE('',*,*,#2728,.T.);
#2728 = EDGE_CURVE('',#2729,#2729,#2731,.T.);
#2729 = VERTEX_POINT('',#2730);
#2730 = CARTESIAN_POINT('',(-36.35,43.,0.8));
#2731 = SURFACE_CURVE('',#2732,(#2737,#2748),.PCURVE_S1.);
#2732 = CIRCLE('',#2733,1.65);
#2733 = AXIS2_PLACEMENT_3D('',#2734,#2735,#2736);
#2734 = CARTESIAN_POINT('',(-38.,43.,0.8));
#2735 = DIRECTION('',(0.,0.,-1.));
#2736 = DIRECTION('',(1.,0.,0.));
#2737 = PCURVE('',#94,#2738);
#2738 = DEFINITIONAL_REPRESENTATION('',(#2739),#2747);
#2739 = ( BOUNDED_CURVE() B_SPLINE_CURVE(2,(#2740,#2741,#2742,#2743,
#2744,#2745,#2746),.UNSPECIFIED.,.T.,.F.) B_SPLINE_CURVE_WITH_KNOTS((1,2
    ,2,2,2,1),(-2.094395102393,0.,2.094395102393,4.188790204786,
6.28318530718,8.377580409573),.UNSPECIFIED.) CURVE() 
GEOMETRIC_REPRESENTATION_ITEM() RATIONAL_B_SPLINE_CURVE((1.,0.5,1.,0.5,
1.,0.5,1.)) REPRESENTATION_ITEM('') );
#2740 = CARTESIAN_POINT('',(83.65,163.));
#2741 = CARTESIAN_POINT('',(83.65,160.14211616751));
#2742 = CARTESIAN_POINT('',(81.175,161.57105808375));
#2743 = CARTESIAN_POINT('',(78.7,163.));
#2744 = CARTESIAN_POINT('',(81.175,164.42894191624));
#2745 = CARTESIAN_POINT('',(83.65,165.85788383248));
#2746 = CARTESIAN_POINT('',(83.65,163.));
#2747 = ( GEOMETRIC_REPRESENTATION_CONTEXT(2) 
PARAMETRIC_REPRESENTATION_CONTEXT() REPRESENTATION_CONTEXT('2D SPACE',''
  ) );
#2748 = PCURVE('',#2749,#2754);
#2749 = CYLINDRICAL_SURFACE('',#2750,1.65);
#2750 = AXIS2_PLACEMENT_3D('',#2751,#2752,#2753);
#2751 = CARTESIAN_POINT('',(-38.,43.,0.3));
#2752 = DIRECTION('',(-0.,-0.,-1.));
#2753 = DIRECTION('',(1.,0.,0.));
#2754 = DEFINITIONAL_REPRESENTATION('',(#2755),#2759);
#2755 = LINE('',#2756,#2757);
#2756 = CARTESIAN_POINT('',(-6.28318530718,-0.5));
#2757 = VECTOR('',#2758,1.);
#2758 = DIRECTION('',(1.,-0.));
#2759 = ( GEOMETRIC_REPRESENTATION_CONTEXT(2) 
PARAMETRIC_REPRESENTATION_CONTEXT() REPRESENTATION_CONTEXT('2D SPACE',''
  ) );
#2760 = ADVANCED_FACE('',(#2761),#424,.T.);
#2761 = FACE_BOUND('',#2762,.T.);
#2762 = EDGE_LOOP('',(#2763,#2793,#2813,#2840,#2841,#2842));
#2763 = ORIENTED_EDGE('',*,*,#2764,.F.);
#2764 = EDGE_CURVE('',#2765,#2767,#2769,.T.);
#2765 = VERTEX_POINT('',#2766);
#2766 = CARTESIAN_POINT('',(-29.,38.815389252535,9.));
#2767 = VERTEX_POINT('',#2768);
#2768 = CARTESIAN_POINT('',(-29.,47.6,9.));
#2769 = SURFACE_CURVE('',#2770,(#2774,#2781),.PCURVE_S1.);
#2770 = LINE('',#2771,#2772);
#2771 = CARTESIAN_POINT('',(-29.,31.5,9.));
#2772 = VECTOR('',#2773,1.);
#2773 = DIRECTION('',(0.,1.,0.));
#2774 = PCURVE('',#424,#2775);
#2775 = DEFINITIONAL_REPRESENTATION('',(#2776),#2780);
#2776 = LINE('',#2777,#2778);
#2777 = CARTESIAN_POINT('',(8.2,0.));
#2778 = VECTOR('',#2779,1.);
#2779 = DIRECTION('',(0.,-1.));
#2780 = ( GEOMETRIC_REPRESENTATION_CONTEXT(2) 
PARAMETRIC_REPRESENTATION_CONTEXT() REPRESENTATION_CONTEXT('2D SPACE',''
  ) );
#2781 = PCURVE('',#2782,#2787);
#2782 = PLANE('',#2783);
#2783 = AXIS2_PLACEMENT_3D('',#2784,#2785,#2786);
#2784 = CARTESIAN_POINT('',(-47.,31.5,9.));
#2785 = DIRECTION('',(0.,0.,1.));
#2786 = DIRECTION('',(1.,0.,0.));
#2787 = DEFINITIONAL_REPRESENTATION('',(#2788),#2792);
#2788 = LINE('',#2789,#2790);
#2789 = CARTESIAN_POINT('',(18.,0.));
#2790 = VECTOR('',#2791,1.);
#2791 = DIRECTION('',(0.,1.));
#2792 = ( GEOMETRIC_REPRESENTATION_CONTEXT(2) 
PARAMETRIC_REPRESENTATION_CONTEXT() REPRESENTATION_CONTEXT('2D SPACE',''
  ) );
#2793 = ORIENTED_EDGE('',*,*,#2794,.F.);
#2794 = EDGE_CURVE('',#2795,#2765,#2797,.T.);
#2795 = VERTEX_POINT('',#2796);
#2796 = CARTESIAN_POINT('',(-29.,39.772168569895,6.367074731177));
#2797 = SURFACE_CURVE('',#2798,(#2801,#2807),.PCURVE_S1.);
#2798 = B_SPLINE_CURVE_WITH_KNOTS('',1,(#2799,#2800),.UNSPECIFIED.,.F.,
  .F.,(2,2),(0.,1.),.PIECEWISE_BEZIER_KNOTS.);
#2799 = CARTESIAN_POINT('',(-29.,39.772168569895,6.367074731177));
#2800 = CARTESIAN_POINT('',(-29.,38.815389252535,9.));
#2801 = PCURVE('',#424,#2802);
#2802 = DEFINITIONAL_REPRESENTATION('',(#2803),#2806);
#2803 = B_SPLINE_CURVE_WITH_KNOTS('',1,(#2804,#2805),.UNSPECIFIED.,.F.,
  .F.,(2,2),(0.,1.),.PIECEWISE_BEZIER_KNOTS.);
#2804 = CARTESIAN_POINT('',(5.567074731177,-8.272168569895));
#2805 = CARTESIAN_POINT('',(8.2,-7.315389252535));
#2806 = ( GEOMETRIC_REPRESENTATION_CONTEXT(2) 
PARAMETRIC_REPRESENTATION_CONTEXT() REPRESENTATION_CONTEXT('2D SPACE',''
  ) );
#2807 = PCURVE('',#350,#2808);
#2808 = DEFINITIONAL_REPRESENTATION('',(#2809),#2812);
#2809 = B_SPLINE_CURVE_WITH_KNOTS('',1,(#2810,#2811),.UNSPECIFIED.,.F.,
  .F.,(2,2),(0.,1.),.PIECEWISE_BEZIER_KNOTS.);
#2810 = CARTESIAN_POINT('',(16.,0.133490531258));
#2811 = CARTESIAN_POINT('',(13.05099741642,0.133490531258));
#2812 = ( GEOMETRIC_REPRESENTATION_CONTEXT(2) 
PARAMETRIC_REPRESENTATION_CONTEXT() REPRESENTATION_CONTEXT('2D SPACE',''
  ) );
#2813 = ORIENTED_EDGE('',*,*,#2814,.F.);
#2814 = EDGE_CURVE('',#374,#2795,#2815,.T.);
#2815 = SURFACE_CURVE('',#2816,(#2822,#2831),.PCURVE_S1.);
#2816 = B_SPLINE_CURVE_WITH_KNOTS('',4,(#2817,#2818,#2819,#2820,#2821),
  .UNSPECIFIED.,.F.,.F.,(5,5),(0.,1.),.PIECEWISE_BEZIER_KNOTS.);
#2817 = CARTESIAN_POINT('',(-29.,34.5,4.026529266203));
#2818 = CARTESIAN_POINT('',(-29.,35.819593127208,4.612354182184));
#2819 = CARTESIAN_POINT('',(-29.,37.13822492039,5.197752320083));
#2820 = CARTESIAN_POINT('',(-29.,38.45579373734,5.782678556491));
#2821 = CARTESIAN_POINT('',(-29.,39.772168569895,6.367074731177));
#2822 = PCURVE('',#424,#2823);
#2823 = DEFINITIONAL_REPRESENTATION('',(#2824),#2830);
#2824 = B_SPLINE_CURVE_WITH_KNOTS('',4,(#2825,#2826,#2827,#2828,#2829),
  .UNSPECIFIED.,.F.,.F.,(5,5),(0.,1.),.PIECEWISE_BEZIER_KNOTS.);
#2825 = CARTESIAN_POINT('',(3.226529266203,-3.));
#2826 = CARTESIAN_POINT('',(3.812354182184,-4.319593127208));
#2827 = CARTESIAN_POINT('',(4.397752320083,-5.63822492039));
#2828 = CARTESIAN_POINT('',(4.982678556491,-6.95579373734));
#2829 = CARTESIAN_POINT('',(5.567074731177,-8.272168569895));
#2830 = ( GEOMETRIC_REPRESENTATION_CONTEXT(2) 
PARAMETRIC_REPRESENTATION_CONTEXT() REPRESENTATION_CONTEXT('2D SPACE',''
  ) );
#2831 = PCURVE('',#393,#2832);
#2832 = DEFINITIONAL_REPRESENTATION('',(#2833),#2839);
#2833 = B_SPLINE_CURVE_WITH_KNOTS('',4,(#2834,#2835,#2836,#2837,#2838),
  .UNSPECIFIED.,.F.,.F.,(5,5),(0.,1.),.PIECEWISE_BEZIER_KNOTS.);
#2834 = CARTESIAN_POINT('',(0.958879059928,4.394390730227E-04));
#2835 = CARTESIAN_POINT('',(0.729522937462,3.374135354849E-02));
#2836 = CARTESIAN_POINT('',(0.493543360544,6.7019007316E-02));
#2837 = CARTESIAN_POINT('',(0.250529211433,0.100269835282));
#2838 = CARTESIAN_POINT('',(0.,0.133490531258));
#2839 = ( GEOMETRIC_REPRESENTATION_CONTEXT(2) 
PARAMETRIC_REPRESENTATION_CONTEXT() REPRESENTATION_CONTEXT('2D SPACE',''
  ) );
#2840 = ORIENTED_EDGE('',*,*,#407,.T.);
#2841 = ORIENTED_EDGE('',*,*,#2556,.T.);
#2842 = ORIENTED_EDGE('',*,*,#2843,.T.);
#2843 = EDGE_CURVE('',#2557,#2767,#2844,.T.);
#2844 = SURFACE_CURVE('',#2845,(#2849,#2856),.PCURVE_S1.);
#2845 = LINE('',#2846,#2847);
#2846 = CARTESIAN_POINT('',(-29.,47.6,0.8));
#2847 = VECTOR('',#2848,1.);
#2848 = DIRECTION('',(0.,0.,1.));
#2849 = PCURVE('',#424,#2850);
#2850 = DEFINITIONAL_REPRESENTATION('',(#2851),#2855);
#2851 = LINE('',#2852,#2853);
#2852 = CARTESIAN_POINT('',(0.,-16.1));
#2853 = VECTOR('',#2854,1.);
#2854 = DIRECTION('',(1.,0.));
#2855 = ( GEOMETRIC_REPRESENTATION_CONTEXT(2) 
PARAMETRIC_REPRESENTATION_CONTEXT() REPRESENTATION_CONTEXT('2D SPACE',''
  ) );
#2856 = PCURVE('',#2596,#2857);
#2857 = DEFINITIONAL_REPRESENTATION('',(#2858),#2862);
#2858 = LINE('',#2859,#2860);
#2859 = CARTESIAN_POINT('',(0.,0.));
#2860 = VECTOR('',#2861,1.);
#2861 = DIRECTION('',(0.,1.));
#2862 = ( GEOMETRIC_REPRESENTATION_CONTEXT(2) 
PARAMETRIC_REPRESENTATION_CONTEXT() REPRESENTATION_CONTEXT('2D SPACE',''
  ) );
#2863 = ADVANCED_FACE('',(#2864),#393,.T.);
#2864 = FACE_BOUND('',#2865,.T.);
#2865 = EDGE_LOOP('',(#2866,#2886,#2887));
#2866 = ORIENTED_EDGE('',*,*,#2867,.F.);
#2867 = EDGE_CURVE('',#313,#2795,#2868,.T.);
#2868 = SURFACE_CURVE('',#2869,(#2872,#2879),.PCURVE_S1.);
#2869 = B_SPLINE_CURVE_WITH_KNOTS('',1,(#2870,#2871),.UNSPECIFIED.,.F.,
  .F.,(2,2),(0.,1.),.PIECEWISE_BEZIER_KNOTS.);
#2870 = CARTESIAN_POINT('',(-28.04265363993,34.570500664849,
    4.050745856427));
#2871 = CARTESIAN_POINT('',(-35.21429608558,73.537068975149,
    21.402754668738));
#2872 = PCURVE('',#393,#2873);
#2873 = DEFINITIONAL_REPRESENTATION('',(#2874),#2878);
#2874 = LINE('',#2875,#2876);
#2875 = CARTESIAN_POINT('',(0.,0.));
#2876 = VECTOR('',#2877,1.);
#2877 = DIRECTION('',(0.,1.));
#2878 = ( GEOMETRIC_REPRESENTATION_CONTEXT(2) 
PARAMETRIC_REPRESENTATION_CONTEXT() REPRESENTATION_CONTEXT('2D SPACE',''
  ) );
#2879 = PCURVE('',#350,#2880);
#2880 = DEFINITIONAL_REPRESENTATION('',(#2881),#2885);
#2881 = LINE('',#2882,#2883);
#2882 = CARTESIAN_POINT('',(16.,0.));
#2883 = VECTOR('',#2884,1.);
#2884 = DIRECTION('',(0.,1.));
#2885 = ( GEOMETRIC_REPRESENTATION_CONTEXT(2) 
PARAMETRIC_REPRESENTATION_CONTEXT() REPRESENTATION_CONTEXT('2D SPACE',''
  ) );
#2886 = ORIENTED_EDGE('',*,*,#373,.F.);
#2887 = ORIENTED_EDGE('',*,*,#2814,.T.);
#2888 = ADVANCED_FACE('',(#2889),#350,.T.);
#2889 = FACE_BOUND('',#2890,.T.);
#2890 = EDGE_LOOP('',(#2891,#2913,#2914,#2915,#2916,#2948,#2975,#3045));
#2891 = ORIENTED_EDGE('',*,*,#2892,.F.);
#2892 = EDGE_CURVE('',#279,#2893,#2895,.T.);
#2893 = VERTEX_POINT('',#2894);
#2894 = CARTESIAN_POINT('',(-33.1488787667,58.309220799548,
    27.428170145791));
#2895 = SURFACE_CURVE('',#2896,(#2899,#2906),.PCURVE_S1.);
#2896 = B_SPLINE_CURVE_WITH_KNOTS('',1,(#2897,#2898),.UNSPECIFIED.,.F.,
  .F.,(2,2),(0.,1.),.PIECEWISE_BEZIER_KNOTS.);
#2897 = CARTESIAN_POINT('',(-28.04265363993,29.105880849891,
    19.08862902787));
#2898 = CARTESIAN_POINT('',(-35.21429608558,70.121681590801,
    30.801431650889));
#2899 = PCURVE('',#350,#2900);
#2900 = DEFINITIONAL_REPRESENTATION('',(#2901),#2905);
#2901 = LINE('',#2902,#2903);
#2902 = CARTESIAN_POINT('',(0.,0.));
#2903 = VECTOR('',#2904,1.);
#2904 = DIRECTION('',(0.,1.));
#2905 = ( GEOMETRIC_REPRESENTATION_CONTEXT(2) 
PARAMETRIC_REPRESENTATION_CONTEXT() REPRESENTATION_CONTEXT('2D SPACE',''
  ) );
#2906 = PCURVE('',#298,#2907);
#2907 = DEFINITIONAL_REPRESENTATION('',(#2908),#2912);
#2908 = LINE('',#2909,#2910);
#2909 = CARTESIAN_POINT('',(18.,0.));
#2910 = VECTOR('',#2911,1.);
#2911 = DIRECTION('',(0.,1.));
#2912 = ( GEOMETRIC_REPRESENTATION_CONTEXT(2) 
PARAMETRIC_REPRESENTATION_CONTEXT() REPRESENTATION_CONTEXT('2D SPACE',''
  ) );
#2913 = ORIENTED_EDGE('',*,*,#312,.F.);
#2914 = ORIENTED_EDGE('',*,*,#2867,.T.);
#2915 = ORIENTED_EDGE('',*,*,#2794,.T.);
#2916 = ORIENTED_EDGE('',*,*,#2917,.T.);
#2917 = EDGE_CURVE('',#2765,#2918,#2920,.T.);
#2918 = VERTEX_POINT('',#2919);
#2919 = CARTESIAN_POINT('',(-30.08819669344,45.684801709565,9.));
#2920 = SURFACE_CURVE('',#2921,(#2928,#2938),.PCURVE_S1.);
#2921 = B_SPLINE_CURVE_WITH_KNOTS('',5,(#2922,#2923,#2924,#2925,#2926,
    #2927),.UNSPECIFIED.,.F.,.F.,(6,6),(0.,1.),
  .PIECEWISE_BEZIER_KNOTS.);
#2922 = CARTESIAN_POINT('',(-29.,38.815389252535,9.));
#2923 = CARTESIAN_POINT('',(-29.21960965524,40.201709676502,9.));
#2924 = CARTESIAN_POINT('',(-29.43830962889,41.582287592618,9.));
#2925 = CARTESIAN_POINT('',(-29.65602873827,42.956673649039,9.));
#2926 = CARTESIAN_POINT('',(-29.87268702744,44.324363111353,9.));
#2927 = CARTESIAN_POINT('',(-30.08819669344,45.684801709565,9.));
#2928 = PCURVE('',#350,#2929);
#2929 = DEFINITIONAL_REPRESENTATION('',(#2930),#2937);
#2930 = B_SPLINE_CURVE_WITH_KNOTS('',5,(#2931,#2932,#2933,#2934,#2935,
    #2936),.UNSPECIFIED.,.F.,.F.,(6,6),(0.,1.),
  .PIECEWISE_BEZIER_KNOTS.);
#2931 = CARTESIAN_POINT('',(13.05099741642,0.133490531258));
#2932 = CARTESIAN_POINT('',(13.610488864889,0.16411247831));
#2933 = CARTESIAN_POINT('',(14.184571116583,0.194607581113));
#2934 = CARTESIAN_POINT('',(14.773804450901,0.224965914094));
#2935 = CARTESIAN_POINT('',(15.378758823896,0.255176328348));
#2936 = CARTESIAN_POINT('',(16.,0.285226580802));
#2937 = ( GEOMETRIC_REPRESENTATION_CONTEXT(2) 
PARAMETRIC_REPRESENTATION_CONTEXT() REPRESENTATION_CONTEXT('2D SPACE',''
  ) );
#2938 = PCURVE('',#2782,#2939);
#2939 = DEFINITIONAL_REPRESENTATION('',(#2940),#2947);
#2940 = B_SPLINE_CURVE_WITH_KNOTS('',5,(#2941,#2942,#2943,#2944,#2945,
    #2946),.UNSPECIFIED.,.F.,.F.,(6,6),(0.,1.),
  .PIECEWISE_BEZIER_KNOTS.);
#2941 = CARTESIAN_POINT('',(18.,7.315389252535));
#2942 = CARTESIAN_POINT('',(17.780390344757,8.701709676502));
#2943 = CARTESIAN_POINT('',(17.561690371105,10.082287592618));
#2944 = CARTESIAN_POINT('',(17.343971261725,11.456673649039));
#2945 = CARTESIAN_POINT('',(17.127312972555,12.824363111353));
#2946 = CARTESIAN_POINT('',(16.911803306559,14.184801709565));
#2947 = ( GEOMETRIC_REPRESENTATION_CONTEXT(2) 
PARAMETRIC_REPRESENTATION_CONTEXT() REPRESENTATION_CONTEXT('2D SPACE',''
  ) );
#2948 = ORIENTED_EDGE('',*,*,#2949,.T.);
#2949 = EDGE_CURVE('',#2918,#2950,#2952,.T.);
#2950 = VERTEX_POINT('',#2951);
#2951 = CARTESIAN_POINT('',(-32.63293142582,59.511422394109,
    15.157063718112));
#2952 = SURFACE_CURVE('',#2953,(#2956,#2963),.PCURVE_S1.);
#2953 = B_SPLINE_CURVE_WITH_KNOTS('',1,(#2954,#2955),.UNSPECIFIED.,.F.,
  .F.,(2,2),(0.,1.),.PIECEWISE_BEZIER_KNOTS.);
#2954 = CARTESIAN_POINT('',(-28.04265363993,34.570500664849,
    4.050745856427));
#2955 = CARTESIAN_POINT('',(-35.21429608558,73.537068975149,
    21.402754668738));
#2956 = PCURVE('',#350,#2957);
#2957 = DEFINITIONAL_REPRESENTATION('',(#2958),#2962);
#2958 = LINE('',#2959,#2960);
#2959 = CARTESIAN_POINT('',(16.,0.));
#2960 = VECTOR('',#2961,1.);
#2961 = DIRECTION('',(0.,1.));
#2962 = ( GEOMETRIC_REPRESENTATION_CONTEXT(2) 
PARAMETRIC_REPRESENTATION_CONTEXT() REPRESENTATION_CONTEXT('2D SPACE',''
  ) );
#2963 = PCURVE('',#2964,#2969);
#2964 = B_SPLINE_SURFACE_WITH_KNOTS('',1,1,(
    (#2965,#2966)
    ,(#2967,#2968
    )),.UNSPECIFIED.,.F.,.F.,.F.,(2,2),(2,2),(0.,18.),(0.,1.),
  .PIECEWISE_BEZIER_KNOTS.);
#2965 = CARTESIAN_POINT('',(-28.04265363993,34.570500664849,
    4.050745856427));
#2966 = CARTESIAN_POINT('',(-35.21429608558,73.537068975149,
    21.402754668738));
#2967 = CARTESIAN_POINT('',(-45.95734636006,32.925387232312,
    3.452927708832));
#2968 = CARTESIAN_POINT('',(-47.15742456566,72.440326686791,
    21.004209237008));
#2969 = DEFINITIONAL_REPRESENTATION('',(#2970),#2974);
#2970 = LINE('',#2971,#2972);
#2971 = CARTESIAN_POINT('',(0.,0.));
#2972 = VECTOR('',#2973,1.);
#2973 = DIRECTION('',(0.,1.));
#2974 = ( GEOMETRIC_REPRESENTATION_CONTEXT(2) 
PARAMETRIC_REPRESENTATION_CONTEXT() REPRESENTATION_CONTEXT('2D SPACE',''
  ) );
#2975 = ORIENTED_EDGE('',*,*,#2976,.T.);
#2976 = EDGE_CURVE('',#2950,#2977,#2979,.T.);
#2977 = VERTEX_POINT('',#2978);
#2978 = CARTESIAN_POINT('',(-32.49746338997,57.902171295268,
    17.232209925205));
#2979 = SURFACE_CURVE('',#2980,(#2998,#3019),.PCURVE_S1.);
#2980 = B_SPLINE_CURVE_WITH_KNOTS('',4,(#2981,#2982,#2983,#2984,#2985,
    #2986,#2987,#2988,#2989,#2990,#2991,#2992,#2993,#2994,#2995,#2996,
    #2997),.UNSPECIFIED.,.F.,.F.,(5,3,3,3,3,5),(0.,0.498375265507,
    0.748226054427,0.873319142756,0.9407072064,1.),.UNSPECIFIED.);
#2981 = CARTESIAN_POINT('',(-32.63293142582,59.511422394109,
    15.157063718112));
#2982 = CARTESIAN_POINT('',(-32.61615022835,59.312075291333,
    15.414123902516));
#2983 = CARTESIAN_POINT('',(-32.59933695813,59.112347190111,
    15.671675388421));
#2984 = CARTESIAN_POINT('',(-32.58249161768,58.912238120407,
    15.929718137188));
#2985 = CARTESIAN_POINT('',(-32.55715305164,58.611236374976,
    16.317863051806));
#2986 = CARTESIAN_POINT('',(-32.54868383217,58.510628872553,
    16.447597483686));
#2987 = CARTESIAN_POINT('',(-32.54020655434,58.409925643315,
    16.577455356299));
#2988 = CARTESIAN_POINT('',(-32.52747285611,58.258659569801,
    16.772514548081));
#2989 = CARTESIAN_POINT('',(-32.52322247346,58.208168449147,
    16.837623378885));
#2990 = CARTESIAN_POINT('',(-32.51897007112,58.15765333611,
    16.902763148121));
#2991 = CARTESIAN_POINT('',(-32.51242377791,58.079888648185,
    17.003041530599));
#2992 = CARTESIAN_POINT('',(-32.51013095067,58.052651708237,
    17.038163850954));
#2993 = CARTESIAN_POINT('',(-32.50783716657,58.025403401516,
    17.073300828884));
#2994 = CARTESIAN_POINT('',(-32.50352334819,57.974158715537,
    17.139381390095));
#2995 = CARTESIAN_POINT('',(-32.50150382235,57.950168375996,
    17.1703171851));
#2996 = CARTESIAN_POINT('',(-32.49948382887,57.926172481282,
    17.201260143559));
#2997 = CARTESIAN_POINT('',(-32.49746338997,57.902171295268,
    17.232209925205));
#2998 = PCURVE('',#350,#2999);
#2999 = DEFINITIONAL_REPRESENTATION('',(#3000),#3018);
#3000 = B_SPLINE_CURVE_WITH_KNOTS('',4,(#3001,#3002,#3003,#3004,#3005,
    #3006,#3007,#3008,#3009,#3010,#3011,#3012,#3013,#3014,#3015,#3016,
    #3017),.UNSPECIFIED.,.F.,.F.,(5,3,3,3,3,5),(0.,0.498375265507,
    0.748226054427,0.873319142756,0.9407072064,1.),.UNSPECIFIED.);
#3001 = CARTESIAN_POINT('',(16.,0.640059487165));
#3002 = CARTESIAN_POINT('',(15.583267853113,0.637719549334));
#3003 = CARTESIAN_POINT('',(15.167022334545,0.63537513934));
#3004 = CARTESIAN_POINT('',(14.751265653588,0.633026257536));
#3005 = CARTESIAN_POINT('',(14.12781460923,0.629493096725));
#3006 = CARTESIAN_POINT('',(13.919752627782,0.628312165085));
#3007 = CARTESIAN_POINT('',(13.711814334204,0.627130109803));
#3008 = CARTESIAN_POINT('',(13.399953358218,0.625354547464));
#3009 = CARTESIAN_POINT('',(13.295937786874,0.6247618823));
#3010 = CARTESIAN_POINT('',(13.191953324037,0.624168935514));
#3011 = CARTESIAN_POINT('',(13.032000004235,0.623256133007));
#3012 = CARTESIAN_POINT('',(12.976000004316,0.622936425595));
#3013 = CARTESIAN_POINT('',(12.920000004398,0.622616584761));
#3014 = CARTESIAN_POINT('',(12.814727236318,0.622015074241));
#3015 = CARTESIAN_POINT('',(12.765461405311,0.62173347545));
#3016 = CARTESIAN_POINT('',(12.716202799151,0.621451811453));
#3017 = CARTESIAN_POINT('',(12.666951077547,0.621170085346));
#3018 = ( GEOMETRIC_REPRESENTATION_CONTEXT(2) 
PARAMETRIC_REPRESENTATION_CONTEXT() REPRESENTATION_CONTEXT('2D SPACE',''
  ) );
#3019 = PCURVE('',#3020,#3025);
#3020 = PLANE('',#3021);
#3021 = AXIS2_PLACEMENT_3D('',#3022,#3023,#3024);
#3022 = CARTESIAN_POINT('',(-28.53507665407,62.501267683762,
    19.211900237271));
#3023 = DIRECTION('',(0.768592593328,-0.480269955675,-0.422618261741));
#3024 = DIRECTION('',(0.529919264233,0.848048096156,-1.497208212511E-17)
  );
#3025 = DEFINITIONAL_REPRESENTATION('',(#3026),#3044);
#3026 = B_SPLINE_CURVE_WITH_KNOTS('',4,(#3027,#3028,#3029,#3030,#3031,
    #3032,#3033,#3034,#3035,#3036,#3037,#3038,#3039,#3040,#3041,#3042,
    #3043),.UNSPECIFIED.,.F.,.F.,(5,3,3,3,3,5),(0.,0.498375265507,
    0.748226054427,0.873319142756,0.9407072064,1.),.UNSPECIFIED.);
#3027 = CARTESIAN_POINT('',(-4.707064791277,-4.474017080242));
#3028 = CARTESIAN_POINT('',(-4.867228042445,-4.190382548927));
#3029 = CARTESIAN_POINT('',(-5.027697402651,-3.906205926383));
#3030 = CARTESIAN_POINT('',(-5.18847284782,-3.621487255245));
#3031 = CARTESIAN_POINT('',(-5.4303094107,-3.193216727097));
#3032 = CARTESIAN_POINT('',(-5.511141409037,-3.050070619633));
#3033 = CARTESIAN_POINT('',(-5.592050318036,-2.906788310388));
#3034 = CARTESIAN_POINT('',(-5.713583391696,-2.691564305285));
#3035 = CARTESIAN_POINT('',(-5.754149930795,-2.619724659046));
#3036 = CARTESIAN_POINT('',(-5.794735746312,-2.547850876025));
#3037 = CARTESIAN_POINT('',(-5.857214934976,-2.43720592305));
#3038 = CARTESIAN_POINT('',(-5.87909815672,-2.398452730307));
#3039 = CARTESIAN_POINT('',(-5.900990510973,-2.35968336472));
#3040 = CARTESIAN_POINT('',(-5.942162493897,-2.286771532607));
#3041 = CARTESIAN_POINT('',(-5.961437270024,-2.252637659493));
#3042 = CARTESIAN_POINT('',(-5.980716509393,-2.218495882382));
#3043 = CARTESIAN_POINT('',(-6.,-2.184346576717));
#3044 = ( GEOMETRIC_REPRESENTATION_CONTEXT(2) 
PARAMETRIC_REPRESENTATION_CONTEXT() REPRESENTATION_CONTEXT('2D SPACE',''
  ) );
#3045 = ORIENTED_EDGE('',*,*,#3046,.T.);
#3046 = EDGE_CURVE('',#2977,#2893,#3047,.T.);
#3047 = SURFACE_CURVE('',#3048,(#3069,#3093),.PCURVE_S1.);
#3048 = B_SPLINE_CURVE_WITH_KNOTS('',7,(#3049,#3050,#3051,#3052,#3053,
    #3054,#3055,#3056,#3057,#3058,#3059,#3060,#3061,#3062,#3063,#3064,
    #3065,#3066,#3067,#3068),.UNSPECIFIED.,.F.,.F.,(8,6,6,8),(0.,
    1.628735864497E-02,0.506175031503,1.),.UNSPECIFIED.);
#3049 = CARTESIAN_POINT('',(-32.49746338997,57.902171295268,
    17.232209925205));
#3050 = CARTESIAN_POINT('',(-32.49851375681,57.902827637315,
    17.248650277869));
#3051 = CARTESIAN_POINT('',(-32.50002868416,57.903774268988,
    17.272361936481));
#3052 = CARTESIAN_POINT('',(-32.50165620958,57.904791259739,
    17.297835981097));
#3053 = CARTESIAN_POINT('',(-32.50319664285,57.905753829279,
    17.321946858624));
#3054 = CARTESIAN_POINT('',(-32.50459903391,57.90663014047,
    17.343897097964));
#3055 = CARTESIAN_POINT('',(-32.50595941572,57.907480201375,
    17.365189808258));
#3056 = CARTESIAN_POINT('',(-32.55438029507,57.937736924873,
    18.123073913136));
#3057 = CARTESIAN_POINT('',(-32.6010388997,57.966892456905,
    18.85337487575));
#3058 = CARTESIAN_POINT('',(-32.647492986,57.995920191705,
    19.580474715467));
#3059 = CARTESIAN_POINT('',(-32.6937422953,58.024819967638,
    20.304369383563));
#3060 = CARTESIAN_POINT('',(-32.73978660826,58.053591647633,
    21.025055446603));
#3061 = CARTESIAN_POINT('',(-32.78562574481,58.082235119181,
    21.742530086443));
#3062 = CARTESIAN_POINT('',(-32.877260149,58.13949464994,23.17679272952)
  );
#3063 = CARTESIAN_POINT('',(-32.92305210307,58.168108638604,
    23.893528868752));
#3064 = CARTESIAN_POINT('',(-32.96863528255,58.196592170424,
    24.606997265889));
#3065 = CARTESIAN_POINT('',(-33.01400958327,58.224945180304,
    25.31719629041));
#3066 = CARTESIAN_POINT('',(-33.05917494075,58.253167627962,
    26.02412493331));
#3067 = CARTESIAN_POINT('',(-33.10413133024,58.28125949793,
    26.727782807096));
#3068 = CARTESIAN_POINT('',(-33.1488787667,58.309220799548,
    27.428170145791));
#3069 = PCURVE('',#350,#3070);
#3070 = DEFINITIONAL_REPRESENTATION('',(#3071),#3092);
#3071 = B_SPLINE_CURVE_WITH_KNOTS('',7,(#3072,#3073,#3074,#3075,#3076,
    #3077,#3078,#3079,#3080,#3081,#3082,#3083,#3084,#3085,#3086,#3087,
    #3088,#3089,#3090,#3091),.UNSPECIFIED.,.F.,.F.,(8,6,6,8),(0.,
    1.628735864497E-02,0.506175031503,1.),.UNSPECIFIED.);
#3072 = CARTESIAN_POINT('',(12.666950720084,0.621170085346));
#3073 = CARTESIAN_POINT('',(12.647433024161,0.621316546474));
#3074 = CARTESIAN_POINT('',(12.619281082897,0.621527785024));
#3075 = CARTESIAN_POINT('',(12.589023928642,0.621754724031));
#3076 = CARTESIAN_POINT('',(12.560381482188,0.621969519078));
#3077 = CARTESIAN_POINT('',(12.534296675027,0.622165065784));
#3078 = CARTESIAN_POINT('',(12.50899115293,0.622354754802));
#3079 = CARTESIAN_POINT('',(11.60800996069,0.629106468892));
#3080 = CARTESIAN_POINT('',(10.733315658289,0.635612454791));
#3081 = CARTESIAN_POINT('',(9.855937367616,0.64208992305));
#3082 = CARTESIAN_POINT('',(8.97589565863,0.648538837598));
#3083 = CARTESIAN_POINT('',(8.093211384453,0.654959167851));
#3084 = CARTESIAN_POINT('',(7.20790568137,0.661350888701));
#3085 = CARTESIAN_POINT('',(5.424958034082,0.674128213405));
#3086 = CARTESIAN_POINT('',(4.527274098769,0.680513355222));
#3087 = CARTESIAN_POINT('',(3.626970102331,0.686869385912));
#3088 = CARTESIAN_POINT('',(2.724068204377,0.693196290949));
#3089 = CARTESIAN_POINT('',(1.818590784682,0.699494061344));
#3090 = CARTESIAN_POINT('',(0.910560443187,0.705762693646));
#3091 = CARTESIAN_POINT('',(0.,0.71200218994));
#3092 = ( GEOMETRIC_REPRESENTATION_CONTEXT(2) 
PARAMETRIC_REPRESENTATION_CONTEXT() REPRESENTATION_CONTEXT('2D SPACE',''
  ) );
#3093 = PCURVE('',#3094,#3099);
#3094 = PLANE('',#3095);
#3095 = AXIS2_PLACEMENT_3D('',#3096,#3097,#3098);
#3096 = CARTESIAN_POINT('',(-33.38332533271,58.455719273311,
    33.921693669154));
#3097 = DIRECTION('',(0.529919264233,0.848048096156,2.333429268397E-17)
  );
#3098 = DIRECTION('',(-0.35840061227,0.223953558313,-0.906307787037));
#3099 = DEFINITIONAL_REPRESENTATION('',(#3100),#3121);
#3100 = B_SPLINE_CURVE_WITH_KNOTS('',7,(#3101,#3102,#3103,#3104,#3105,
    #3106,#3107,#3108,#3109,#3110,#3111,#3112,#3113,#3114,#3115,#3116,
    #3117,#3118,#3119,#3120),.UNSPECIFIED.,.F.,.F.,(8,6,6,8),(0.,
    1.628735864497E-02,0.506175031503,1.),.UNSPECIFIED.);
#3101 = CARTESIAN_POINT('',(14.684346576717,-8.));
#3102 = CARTESIAN_POINT('',(14.669969999331,-7.991929481195));
#3103 = CARTESIAN_POINT('',(14.649234890911,-7.980289500555));
#3104 = CARTESIAN_POINT('',(14.626958630709,-7.967784370019));
#3105 = CARTESIAN_POINT('',(14.605874417756,-7.955948414036));
#3106 = CARTESIAN_POINT('',(14.586679615738,-7.945173108725));
#3107 = CARTESIAN_POINT('',(14.568059802432,-7.934720582411));
#3108 = CARTESIAN_POINT('',(13.905313710206,-7.562677594922));
#3109 = CARTESIAN_POINT('',(13.266688218516,-7.204175087549));
#3110 = CARTESIAN_POINT('',(12.630862009299,-6.84724400161));
#3111 = CARTESIAN_POINT('',(11.997838623037,-6.491886324609));
#3112 = CARTESIAN_POINT('',(11.367621062162,-6.138103742009));
#3113 = CARTESIAN_POINT('',(10.740211791054,-5.78589763723));
#3114 = CARTESIAN_POINT('',(9.485993691206,-5.081822495479));
#3115 = CARTESIAN_POINT('',(8.859230215925,-4.729978918387));
#3116 = CARTESIAN_POINT('',(8.235324279534,-4.379739465889));
#3117 = CARTESIAN_POINT('',(7.614277307874,-4.031104938402));
#3118 = CARTESIAN_POINT('',(6.996090183287,-3.684075831244));
#3119 = CARTESIAN_POINT('',(6.380763244624,-3.338652334632));
#3120 = CARTESIAN_POINT('',(5.768296287239,-2.994834333687));
#3121 = ( GEOMETRIC_REPRESENTATION_CONTEXT(2) 
PARAMETRIC_REPRESENTATION_CONTEXT() REPRESENTATION_CONTEXT('2D SPACE',''
  ) );
#3122 = ADVANCED_FACE('',(#3123),#298,.T.);
#3123 = FACE_BOUND('',#3124,.T.);
#3124 = EDGE_LOOP('',(#3125,#3147,#3148,#3149,#3178,#3212,#3239,#3300,
    #3343,#3392));
#3125 = ORIENTED_EDGE('',*,*,#3126,.F.);
#3126 = EDGE_CURVE('',#206,#3127,#3129,.T.);
#3127 = VERTEX_POINT('',#3128);
#3128 = CARTESIAN_POINT('',(-47.05877172397,65.608142255463,
    29.423649968433));
#3129 = SURFACE_CURVE('',#3130,(#3133,#3140),.PCURVE_S1.);
#3130 = B_SPLINE_CURVE_WITH_KNOTS('',1,(#3131,#3132),.UNSPECIFIED.,.F.,
  .F.,(2,2),(0.,1.),.PIECEWISE_BEZIER_KNOTS.);
#3131 = CARTESIAN_POINT('',(-45.95734636006,27.460767417354,
    18.490810880275));
#3132 = CARTESIAN_POINT('',(-47.15742456566,69.024939302443,
    30.40288621916));
#3133 = PCURVE('',#298,#3134);
#3134 = DEFINITIONAL_REPRESENTATION('',(#3135),#3139);
#3135 = LINE('',#3136,#3137);
#3136 = CARTESIAN_POINT('',(0.,0.));
#3137 = VECTOR('',#3138,1.);
#3138 = DIRECTION('',(0.,1.));
#3139 = ( GEOMETRIC_REPRESENTATION_CONTEXT(2) 
PARAMETRIC_REPRESENTATION_CONTEXT() REPRESENTATION_CONTEXT('2D SPACE',''
  ) );
#3140 = PCURVE('',#251,#3141);
#3141 = DEFINITIONAL_REPRESENTATION('',(#3142),#3146);
#3142 = LINE('',#3143,#3144);
#3143 = CARTESIAN_POINT('',(16.,0.));
#3144 = VECTOR('',#3145,1.);
#3145 = DIRECTION('',(0.,1.));
#3146 = ( GEOMETRIC_REPRESENTATION_CONTEXT(2) 
PARAMETRIC_REPRESENTATION_CONTEXT() REPRESENTATION_CONTEXT('2D SPACE',''
  ) );
#3147 = ORIENTED_EDGE('',*,*,#278,.F.);
#3148 = ORIENTED_EDGE('',*,*,#2892,.T.);
#3149 = ORIENTED_EDGE('',*,*,#3150,.T.);
#3150 = EDGE_CURVE('',#2893,#3151,#3153,.T.);
#3151 = VERTEX_POINT('',#3152);
#3152 = CARTESIAN_POINT('',(-35.77255705611,59.94867695187,
    27.879909024224));
#3153 = SURFACE_CURVE('',#3154,(#3160,#3169),.PCURVE_S1.);
#3154 = B_SPLINE_CURVE_WITH_KNOTS('',4,(#3155,#3156,#3157,#3158,#3159),
  .UNSPECIFIED.,.F.,.F.,(5,5),(0.,1.),.PIECEWISE_BEZIER_KNOTS.);
#3155 = CARTESIAN_POINT('',(-33.1488787667,58.309220799548,
    27.428170145791));
#3156 = CARTESIAN_POINT('',(-33.81123263439,58.723105431588,
    27.542212707535));
#3157 = CARTESIAN_POINT('',(-34.46932784488,59.134328959262,
    27.655522023502));
#3158 = CARTESIAN_POINT('',(-35.1231166173,59.542861525768,
    27.76808986689));
#3159 = CARTESIAN_POINT('',(-35.77255705611,59.94867695187,
    27.879909024224));
#3160 = PCURVE('',#298,#3161);
#3161 = DEFINITIONAL_REPRESENTATION('',(#3162),#3168);
#3162 = B_SPLINE_CURVE_WITH_KNOTS('',4,(#3163,#3164,#3165,#3166,#3167),
  .UNSPECIFIED.,.F.,.F.,(5,5),(0.,1.),.PIECEWISE_BEZIER_KNOTS.);
#3163 = CARTESIAN_POINT('',(18.,0.71200218994));
#3164 = CARTESIAN_POINT('',(17.235015784441,0.723393094966));
#3165 = CARTESIAN_POINT('',(16.464794070485,0.734710761257));
#3166 = CARTESIAN_POINT('',(15.689380507821,0.745954367096));
#3167 = CARTESIAN_POINT('',(14.908828054026,0.757123191978));
#3168 = ( GEOMETRIC_REPRESENTATION_CONTEXT(2) 
PARAMETRIC_REPRESENTATION_CONTEXT() REPRESENTATION_CONTEXT('2D SPACE',''
  ) );
#3169 = PCURVE('',#3094,#3170);
#3170 = DEFINITIONAL_REPRESENTATION('',(#3171),#3177);
#3171 = B_SPLINE_CURVE_WITH_KNOTS('',4,(#3172,#3173,#3174,#3175,#3176),
  .UNSPECIFIED.,.F.,.F.,(5,5),(0.,1.),.PIECEWISE_BEZIER_KNOTS.);
#3172 = CARTESIAN_POINT('',(5.768296287239,-2.994834333687));
#3173 = CARTESIAN_POINT('',(5.995017593274,-2.238781233722));
#3174 = CARTESIAN_POINT('',(6.220281176526,-1.487589237674));
#3175 = CARTESIAN_POINT('',(6.444070681779,-0.741312885684));
#3176 = CARTESIAN_POINT('',(6.666371768343,4.440892098501E-15));
#3177 = ( GEOMETRIC_REPRESENTATION_CONTEXT(2) 
PARAMETRIC_REPRESENTATION_CONTEXT() REPRESENTATION_CONTEXT('2D SPACE',''
  ) );
#3178 = ORIENTED_EDGE('',*,*,#3179,.F.);
#3179 = EDGE_CURVE('',#3180,#3151,#3182,.T.);
#3180 = VERTEX_POINT('',#3181);
#3181 = CARTESIAN_POINT('',(-33.86099186423,62.381912534362,
    28.591200821106));
#3182 = SURFACE_CURVE('',#3183,(#3189,#3198),.PCURVE_S1.);
#3183 = B_SPLINE_CURVE_WITH_KNOTS('',4,(#3184,#3185,#3186,#3187,#3188),
  .UNSPECIFIED.,.F.,.F.,(5,5),(0.,1.),.PIECEWISE_BEZIER_KNOTS.);
#3184 = CARTESIAN_POINT('',(-33.86099186423,62.381912534362,
    28.591200821106));
#3185 = CARTESIAN_POINT('',(-34.33317283035,61.780872332843,
    28.415502681553));
#3186 = CARTESIAN_POINT('',(-34.80919362146,61.174944409562,
    28.238375746359));
#3187 = CARTESIAN_POINT('',(-35.28900674022,60.564189223983,
    28.059837689243));
#3188 = CARTESIAN_POINT('',(-35.77255705611,59.94867695187,
    27.879909024224));
#3189 = PCURVE('',#298,#3190);
#3190 = DEFINITIONAL_REPRESENTATION('',(#3191),#3197);
#3191 = B_SPLINE_CURVE_WITH_KNOTS('',4,(#3192,#3193,#3194,#3195,#3196),
  .UNSPECIFIED.,.F.,.F.,(5,5),(0.,1.),.PIECEWISE_BEZIER_KNOTS.);
#3192 = CARTESIAN_POINT('',(18.,0.811297867733));
#3193 = CARTESIAN_POINT('',(17.2175415496,0.797916032342));
#3194 = CARTESIAN_POINT('',(16.441477377904,0.784425374466));
#3195 = CARTESIAN_POINT('',(15.671885020471,0.770827240203));
#3196 = CARTESIAN_POINT('',(14.908828054026,0.757123191978));
#3197 = ( GEOMETRIC_REPRESENTATION_CONTEXT(2) 
PARAMETRIC_REPRESENTATION_CONTEXT() REPRESENTATION_CONTEXT('2D SPACE',''
  ) );
#3198 = PCURVE('',#3199,#3204);
#3199 = PLANE('',#3200);
#3200 = AXIS2_PLACEMENT_3D('',#3201,#3202,#3203);
#3201 = CARTESIAN_POINT('',(-34.68381740069,66.343427329164,
    22.592846331196));
#3202 = DIRECTION('',(0.768592593328,-0.480269955675,-0.422618261741));
#3203 = DIRECTION('',(0.529919264233,0.848048096156,-1.497208212511E-17)
  );
#3204 = DEFINITIONAL_REPRESENTATION('',(#3205),#3211);
#3205 = B_SPLINE_CURVE_WITH_KNOTS('',4,(#3206,#3207,#3208,#3209,#3210),
  .UNSPECIFIED.,.F.,.F.,(5,5),(0.,1.),.PIECEWISE_BEZIER_KNOTS.);
#3206 = CARTESIAN_POINT('',(-2.923523976755,6.618451894276));
#3207 = CARTESIAN_POINT('',(-3.683452765518,6.424590446691));
#3208 = CARTESIAN_POINT('',(-4.449561374648,6.229152497544));
#3209 = CARTESIAN_POINT('',(-5.221773361859,6.032157547627));
#3210 = CARTESIAN_POINT('',(-6.,5.833628231657));
#3211 = ( GEOMETRIC_REPRESENTATION_CONTEXT(2) 
PARAMETRIC_REPRESENTATION_CONTEXT() REPRESENTATION_CONTEXT('2D SPACE',''
  ) );
#3212 = ORIENTED_EDGE('',*,*,#3213,.T.);
#3213 = EDGE_CURVE('',#3180,#3214,#3216,.T.);
#3214 = VERTEX_POINT('',#3215);
#3215 = CARTESIAN_POINT('',(-34.71700153471,67.277572397884,
    29.989244907898));
#3216 = SURFACE_CURVE('',#3217,(#3220,#3227),.PCURVE_S1.);
#3217 = B_SPLINE_CURVE_WITH_KNOTS('',1,(#3218,#3219),.UNSPECIFIED.,.F.,
  .F.,(2,2),(0.,1.),.PIECEWISE_BEZIER_KNOTS.);
#3218 = CARTESIAN_POINT('',(-28.04265363993,29.105880849891,
    19.08862902787));
#3219 = CARTESIAN_POINT('',(-35.21429608558,70.121681590801,
    30.801431650889));
#3220 = PCURVE('',#298,#3221);
#3221 = DEFINITIONAL_REPRESENTATION('',(#3222),#3226);
#3222 = LINE('',#3223,#3224);
#3223 = CARTESIAN_POINT('',(18.,0.));
#3224 = VECTOR('',#3225,1.);
#3225 = DIRECTION('',(0.,1.));
#3226 = ( GEOMETRIC_REPRESENTATION_CONTEXT(2) 
PARAMETRIC_REPRESENTATION_CONTEXT() REPRESENTATION_CONTEXT('2D SPACE',''
  ) );
#3227 = PCURVE('',#3228,#3233);
#3228 = B_SPLINE_SURFACE_WITH_KNOTS('',1,1,(
    (#3229,#3230)
    ,(#3231,#3232
    )),.UNSPECIFIED.,.F.,.F.,.F.,(2,2),(2,2),(0.,16.),(0.,1.),
  .PIECEWISE_BEZIER_KNOTS.);
#3229 = CARTESIAN_POINT('',(-28.04265363993,29.105880849891,
    19.08862902787));
#3230 = CARTESIAN_POINT('',(-35.21429608558,70.121681590801,
    30.801431650889));
#3231 = CARTESIAN_POINT('',(-28.04265363993,34.570500664849,
    4.050745856427));
#3232 = CARTESIAN_POINT('',(-35.21429608558,73.537068975149,
    21.402754668738));
#3233 = DEFINITIONAL_REPRESENTATION('',(#3234),#3238);
#3234 = LINE('',#3235,#3236);
#3235 = CARTESIAN_POINT('',(0.,0.));
#3236 = VECTOR('',#3237,1.);
#3237 = DIRECTION('',(0.,1.));
#3238 = ( GEOMETRIC_REPRESENTATION_CONTEXT(2) 
PARAMETRIC_REPRESENTATION_CONTEXT() REPRESENTATION_CONTEXT('2D SPACE',''
  ) );
#3239 = ORIENTED_EDGE('',*,*,#3240,.T.);
#3240 = EDGE_CURVE('',#3214,#3241,#3243,.T.);
#3241 = VERTEX_POINT('',#3242);
#3242 = CARTESIAN_POINT('',(-42.5755588079,57.274397373856,
    27.065082369522));
#3243 = SURFACE_CURVE('',#3244,(#3259,#3277),.PCURVE_S1.);
#3244 = B_SPLINE_CURVE_WITH_KNOTS('',4,(#3245,#3246,#3247,#3248,#3249,
    #3250,#3251,#3252,#3253,#3254,#3255,#3256,#3257,#3258),
  .UNSPECIFIED.,.F.,.F.,(5,3,3,3,5),(0.,0.235182409916,0.479264441948,
    0.733650566681,1.),.UNSPECIFIED.);
#3245 = CARTESIAN_POINT('',(-34.71700153471,67.277572397884,
    29.989244907898));
#3246 = CARTESIAN_POINT('',(-35.3700776427,66.446270368121,
    29.74623583851));
#3247 = CARTESIAN_POINT('',(-36.03135937265,65.604523383917,
    29.500173464105));
#3248 = CARTESIAN_POINT('',(-36.70073096882,64.752478791019,
    29.251100857299));
#3249 = CARTESIAN_POINT('',(-38.08097865663,62.995558440669,
    28.7375118559));
#3250 = CARTESIAN_POINT('',(-38.79246709021,62.089903231798,
    28.472767609388));
#3251 = CARTESIAN_POINT('',(-39.51233402794,61.17358300637,
    28.204905728544));
#3252 = CARTESIAN_POINT('',(-40.99914357698,59.281019825948,
    27.651665148387));
#3253 = CARTESIAN_POINT('',(-41.76679099649,58.303879719031,
    27.366024190539));
#3254 = CARTESIAN_POINT('',(-42.54307815924,57.315742063742,
    27.077168391513));
#3255 = CARTESIAN_POINT('',(-44.14929294168,55.271187696273,
    26.479497224642));
#3256 = CARTESIAN_POINT('',(-44.98002682986,54.21374468314,
    26.170381844971));
#3257 = CARTESIAN_POINT('',(-45.81962672768,53.145016106619,
    25.857967430582));
#3258 = CARTESIAN_POINT('',(-46.66775441043,52.065432493705,
    25.54237983461));
#3259 = PCURVE('',#298,#3260);
#3260 = DEFINITIONAL_REPRESENTATION('',(#3261),#3276);
#3261 = B_SPLINE_CURVE_WITH_KNOTS('',4,(#3262,#3263,#3264,#3265,#3266,
    #3267,#3268,#3269,#3270,#3271,#3272,#3273,#3274,#3275),
  .UNSPECIFIED.,.F.,.F.,(5,3,3,3,5),(0.,0.235182409916,0.479264441948,
    0.733650566681,1.),.UNSPECIFIED.);
#3262 = CARTESIAN_POINT('',(18.,0.930658206312));
#3263 = CARTESIAN_POINT('',(16.855354417461,0.912149715708));
#3264 = CARTESIAN_POINT('',(15.723627826461,0.893408673835));
#3265 = CARTESIAN_POINT('',(14.605101788037,0.874438361269));
#3266 = CARTESIAN_POINT('',(12.353080026958,0.835321478797));
#3267 = CARTESIAN_POINT('',(11.220619132835,0.815157554827));
#3268 = CARTESIAN_POINT('',(10.102867556044,0.794756180025));
#3269 = CARTESIAN_POINT('',(7.850574936789,0.752619283218));
#3270 = CARTESIAN_POINT('',(6.717316826848,0.730863786611));
#3271 = CARTESIAN_POINT('',(5.600423911196,0.708863435531));
#3272 = CARTESIAN_POINT('',(3.347826542074,0.663342537054));
#3273 = CARTESIAN_POINT('',(2.213707452293,0.639799139622));
#3274 = CARTESIAN_POINT('',(1.097762715964,0.616004475217));
#3275 = CARTESIAN_POINT('',(0.,0.591968129291));
#3276 = ( GEOMETRIC_REPRESENTATION_CONTEXT(2) 
PARAMETRIC_REPRESENTATION_CONTEXT() REPRESENTATION_CONTEXT('2D SPACE',''
  ) );
#3277 = PCURVE('',#3278,#3283);
#3278 = PLANE('',#3279);
#3279 = AXIS2_PLACEMENT_3D('',#3280,#3281,#3282);
#3280 = CARTESIAN_POINT('',(-32.53552592931,53.209241796106,
    49.944044004007));
#3281 = DIRECTION('',(0.768592593328,-0.480269955675,-0.422618261741));
#3282 = DIRECTION('',(0.529919264233,0.848048096156,2.567128376493E-17)
  );
#3283 = DEFINITIONAL_REPRESENTATION('',(#3284),#3299);
#3284 = B_SPLINE_CURVE_WITH_KNOTS('',4,(#3285,#3286,#3287,#3288,#3289,
    #3290,#3291,#3292,#3293,#3294,#3295,#3296,#3297,#3298),
  .UNSPECIFIED.,.F.,.F.,(5,3,3,3,5),(0.,0.235182409916,0.479264441948,
    0.733650566681,1.),.UNSPECIFIED.);
#3285 = CARTESIAN_POINT('',(10.774615035177,-22.01768469998));
#3286 = CARTESIAN_POINT('',(9.723553320873,-22.28581554124));
#3287 = CARTESIAN_POINT('',(8.659285465685,-22.55731533185));
#3288 = CARTESIAN_POINT('',(7.581997767097,-22.83213654642));
#3289 = CARTESIAN_POINT('',(5.360624969701,-23.39881930999));
#3290 = CARTESIAN_POINT('',(4.215554366812,-23.69093226576));
#3291 = CARTESIAN_POINT('',(3.056999386181,-23.98648515041));
#3292 = CARTESIAN_POINT('',(0.664125761884,-24.59691859043));
#3293 = CARTESIAN_POINT('',(-0.571327201203,-24.91208851607));
#3294 = CARTESIAN_POINT('',(-1.82068498063,-25.23080562648));
#3295 = CARTESIAN_POINT('',(-4.40572957516,-25.89026279481));
#3296 = CARTESIAN_POINT('',(-5.742714000039,-26.23133387915));
#3297 = CARTESIAN_POINT('',(-7.09396739477,-26.57604504555));
#3298 = CARTESIAN_POINT('',(-8.458945419963,-26.92425743045));
#3299 = ( GEOMETRIC_REPRESENTATION_CONTEXT(2) 
PARAMETRIC_REPRESENTATION_CONTEXT() REPRESENTATION_CONTEXT('2D SPACE',''
  ) );
#3300 = ORIENTED_EDGE('',*,*,#3301,.T.);
#3301 = EDGE_CURVE('',#3241,#3302,#3304,.T.);
#3302 = VERTEX_POINT('',#3303);
#3303 = CARTESIAN_POINT('',(-46.25211379745,60.076097949186,
    27.842745061104));
#3304 = SURFACE_CURVE('',#3305,(#3314,#3326),.PCURVE_S1.);
#3305 = B_SPLINE_CURVE_WITH_KNOTS('',4,(#3306,#3307,#3308,#3309,#3310,
    #3311,#3312,#3313),.UNSPECIFIED.,.F.,.F.,(5,3,5),(0.,
    2.790920592323E-02,1.),.UNSPECIFIED.);
#3306 = CARTESIAN_POINT('',(-42.5755588079,57.274397373856,
    27.065082369522));
#3307 = CARTESIAN_POINT('',(-42.60163733686,57.294270388077,
    27.070598484222));
#3308 = CARTESIAN_POINT('',(-42.6277082934,57.314137631774,
    27.076112997208));
#3309 = CARTESIAN_POINT('',(-42.65377100507,57.333998592506,
    27.081625766245));
#3310 = CARTESIAN_POINT('',(-43.58733443613,58.045415995304,
    27.279092539522));
#3311 = CARTESIAN_POINT('',(-44.48532894505,58.729728276615,
    27.469035795862));
#3312 = CARTESIAN_POINT('',(-45.37363499161,59.406657513037,
    27.656929754496));
#3313 = CARTESIAN_POINT('',(-46.25211379745,60.076097949186,
    27.842745061104));
#3314 = PCURVE('',#298,#3315);
#3315 = DEFINITIONAL_REPRESENTATION('',(#3316),#3325);
#3316 = B_SPLINE_CURVE_WITH_KNOTS('',4,(#3317,#3318,#3319,#3320,#3321,
    #3322,#3323,#3324),.UNSPECIFIED.,.F.,.F.,(5,3,5),(0.,
    2.790920592323E-02,1.),.UNSPECIFIED.);
#3317 = CARTESIAN_POINT('',(5.564682629297,0.707942918346));
#3318 = CARTESIAN_POINT('',(5.532527280515,0.708477247072));
#3319 = CARTESIAN_POINT('',(5.500361947941,0.709011420646));
#3320 = CARTESIAN_POINT('',(5.468185751052,0.709545425289));
#3321 = CARTESIAN_POINT('',(4.314934519772,0.728673412148));
#3322 = CARTESIAN_POINT('',(3.181347582991,0.747072619524));
#3323 = CARTESIAN_POINT('',(2.035416750489,0.765273317859));
#3324 = CARTESIAN_POINT('',(0.877365643002,0.783272663694));
#3325 = ( GEOMETRIC_REPRESENTATION_CONTEXT(2) 
PARAMETRIC_REPRESENTATION_CONTEXT() REPRESENTATION_CONTEXT('2D SPACE',''
  ) );
#3326 = PCURVE('',#3327,#3332);
#3327 = PLANE('',#3328);
#3328 = AXIS2_PLACEMENT_3D('',#3329,#3330,#3331);
#3329 = CARTESIAN_POINT('',(-47.10061035385,62.570265490573,
    23.465220304742));
#3330 = DIRECTION('',(-0.617806615345,-0.72871498372,-0.295447894794));
#3331 = DIRECTION('',(0.166073512387,-0.488175421522,0.856798894902));
#3332 = DEFINITIONAL_REPRESENTATION('',(#3333),#3342);
#3333 = B_SPLINE_CURVE_WITH_KNOTS('',4,(#3334,#3335,#3336,#3337,#3338,
    #3339,#3340,#3341),.UNSPECIFIED.,.F.,.F.,(5,3,5),(0.,
    2.790920592323E-02,1.),.UNSPECIFIED.);
#3334 = CARTESIAN_POINT('',(6.421161693075,-4.5));
#3335 = CARTESIAN_POINT('',(6.411855424058,-4.468080613332));
#3336 = CARTESIAN_POINT('',(6.4025518573,-4.43617049509));
#3337 = CARTESIAN_POINT('',(6.393251232772,-4.404270468342));
#3338 = CARTESIAN_POINT('',(6.060103897374,-3.261615060843));
#3339 = CARTESIAN_POINT('',(5.739649530918,-2.162495014605));
#3340 = CARTESIAN_POINT('',(5.422652546476,-1.075233374044));
#3341 = CARTESIAN_POINT('',(5.10916246789,0.));
#3342 = ( GEOMETRIC_REPRESENTATION_CONTEXT(2) 
PARAMETRIC_REPRESENTATION_CONTEXT() REPRESENTATION_CONTEXT('2D SPACE',''
  ) );
#3343 = ORIENTED_EDGE('',*,*,#3344,.F.);
#3344 = EDGE_CURVE('',#3345,#3302,#3347,.T.);
#3345 = VERTEX_POINT('',#3346);
#3346 = CARTESIAN_POINT('',(-43.83567055485,63.151993924883,
    28.741901555165));
#3347 = SURFACE_CURVE('',#3348,(#3359,#3373),.PCURVE_S1.);
#3348 = B_SPLINE_CURVE_WITH_KNOTS('',5,(#3349,#3350,#3351,#3352,#3353,
    #3354,#3355,#3356,#3357,#3358),.UNSPECIFIED.,.F.,.F.,(6,4,6),(0.,
    0.485209746342,1.),.UNSPECIFIED.);
#3349 = CARTESIAN_POINT('',(-38.6048426982,69.810326332678,
    30.688288192224));
#3350 = CARTESIAN_POINT('',(-39.36497525881,68.842751906367,
    30.40544350704));
#3351 = CARTESIAN_POINT('',(-40.1358230556,67.861538032103,
    30.118611691505));
#3352 = CARTESIAN_POINT('',(-40.91722842935,66.866885394649,
    29.827851410478));
#3353 = CARTESIAN_POINT('',(-41.70899867961,65.859039282854,
    29.533234367642));
#3354 = CARTESIAN_POINT('',(-43.36170122955,63.755310532775,
    28.91826514166));
#3355 = CARTESIAN_POINT('',(-44.22390846141,62.657805030503,
    28.597438557331));
#3356 = CARTESIAN_POINT('',(-45.09725592178,61.546119106584,
    28.272466703359));
#3357 = CARTESIAN_POINT('',(-45.9814364398,60.420643759508,
    27.943463877768));
#3358 = CARTESIAN_POINT('',(-46.87611213465,59.281809078508,
    27.610555805722));
#3359 = PCURVE('',#298,#3360);
#3360 = DEFINITIONAL_REPRESENTATION('',(#3361),#3372);
#3361 = B_SPLINE_CURVE_WITH_KNOTS('',5,(#3362,#3363,#3364,#3365,#3366,
    #3367,#3368,#3369,#3370,#3371),.UNSPECIFIED.,.F.,.F.,(6,4,6),(0.,
    0.485209746342,1.),.UNSPECIFIED.);
#3362 = CARTESIAN_POINT('',(12.889962112606,1.));
#3363 = CARTESIAN_POINT('',(11.566528930502,0.978457478104));
#3364 = CARTESIAN_POINT('',(10.260077551268,0.956611281268));
#3365 = CARTESIAN_POINT('',(8.970972611924,0.934465877629));
#3366 = CARTESIAN_POINT('',(7.699519109144,0.912026728411));
#3367 = CARTESIAN_POINT('',(5.11598339221,0.865188344273));
#3368 = CARTESIAN_POINT('',(3.806147916902,0.840752977162));
#3369 = CARTESIAN_POINT('',(2.516749473466,0.816001890625));
#3370 = CARTESIAN_POINT('',(1.247992287039,0.790943790029));
#3371 = CARTESIAN_POINT('',(0.,0.765588251081));
#3372 = ( GEOMETRIC_REPRESENTATION_CONTEXT(2) 
PARAMETRIC_REPRESENTATION_CONTEXT() REPRESENTATION_CONTEXT('2D SPACE',''
  ) );
#3373 = PCURVE('',#3374,#3379);
#3374 = PLANE('',#3375);
#3375 = AXIS2_PLACEMENT_3D('',#3376,#3377,#3378);
#3376 = CARTESIAN_POINT('',(-35.99419259928,55.370456596645,
    51.84582618184));
#3377 = DIRECTION('',(0.768592593328,-0.480269955675,-0.422618261741));
#3378 = DIRECTION('',(0.529919264233,0.848048096156,2.567128376493E-17)
  );
#3379 = DEFINITIONAL_REPRESENTATION('',(#3380),#3391);
#3380 = B_SPLINE_CURVE_WITH_KNOTS('',5,(#3381,#3382,#3383,#3384,#3385,
    #3386,#3387,#3388,#3389,#3390),.UNSPECIFIED.,.F.,.F.,(6,4,6),(0.,
    0.485209746342,1.),.UNSPECIFIED.);
#3381 = CARTESIAN_POINT('',(10.862270258798,-23.34476023735));
#3382 = CARTESIAN_POINT('',(9.638911721437,-23.65684481748));
#3383 = CARTESIAN_POINT('',(8.398308066136,-23.97332870919));
#3384 = CARTESIAN_POINT('',(7.14071302988,-24.29414718299));
#3385 = CARTESIAN_POINT('',(5.866436745098,-24.61922112261));
#3386 = CARTESIAN_POINT('',(3.206574664501,-25.2977645874));
#3387 = CARTESIAN_POINT('',(1.818936990856,-25.65175755636));
#3388 = CARTESIAN_POINT('',(0.413370215931,-26.01032432432));
#3389 = CARTESIAN_POINT('',(-1.009631298984,-26.37333877735));
#3390 = CARTESIAN_POINT('',(-2.449523767986,-26.74066219309));
#3391 = ( GEOMETRIC_REPRESENTATION_CONTEXT(2) 
PARAMETRIC_REPRESENTATION_CONTEXT() REPRESENTATION_CONTEXT('2D SPACE',''
  ) );
#3392 = ORIENTED_EDGE('',*,*,#3393,.T.);
#3393 = EDGE_CURVE('',#3345,#3127,#3394,.T.);
#3394 = SURFACE_CURVE('',#3395,(#3404,#3416),.PCURVE_S1.);
#3395 = B_SPLINE_CURVE_WITH_KNOTS('',4,(#3396,#3397,#3398,#3399,#3400,
    #3401,#3402,#3403),.UNSPECIFIED.,.F.,.F.,(5,3,5),(0.,
    2.512574325896E-02,1.),.UNSPECIFIED.);
#3396 = CARTESIAN_POINT('',(-43.83567055485,63.151993924883,
    28.741901555165));
#3397 = CARTESIAN_POINT('',(-43.85625334153,63.167678935835,
    28.746255213775));
#3398 = CARTESIAN_POINT('',(-43.87683066059,63.183359780217,
    28.750607715879));
#3399 = CARTESIAN_POINT('',(-43.89740217055,63.199036197805,
    28.754958989246));
#3400 = CARTESIAN_POINT('',(-44.71592439341,63.822787015954,
    28.928092315623));
#3401 = CARTESIAN_POINT('',(-45.50544385528,64.424436423301,
    29.095090995506));
#3402 = CARTESIAN_POINT('',(-46.28641894725,65.019574635764,
    29.260282375428));
#3403 = CARTESIAN_POINT('',(-47.05877172397,65.608142255463,
    29.423649968433));
#3404 = PCURVE('',#298,#3405);
#3405 = DEFINITIONAL_REPRESENTATION('',(#3406),#3415);
#3406 = B_SPLINE_CURVE_WITH_KNOTS('',4,(#3407,#3408,#3409,#3410,#3411,
    #3412,#3413,#3414),.UNSPECIFIED.,.F.,.F.,(5,3,5),(0.,
    2.512574325896E-02,1.),.UNSPECIFIED.);
#3407 = CARTESIAN_POINT('',(4.411258150929,0.851755825924));
#3408 = CARTESIAN_POINT('',(4.383953750864,0.852177551176));
#3409 = CARTESIAN_POINT('',(4.356642650079,0.8525991644));
#3410 = CARTESIAN_POINT('',(4.329324433992,0.853020658601));
#3411 = CARTESIAN_POINT('',(3.241795084423,0.869791540795));
#3412 = CARTESIAN_POINT('',(2.171266427405,0.885968179028));
#3413 = CARTESIAN_POINT('',(1.090597126886,0.901969749784));
#3414 = CARTESIAN_POINT('',(0.,0.917794656022));
#3415 = ( GEOMETRIC_REPRESENTATION_CONTEXT(2) 
PARAMETRIC_REPRESENTATION_CONTEXT() REPRESENTATION_CONTEXT('2D SPACE',''
  ) );
#3416 = PCURVE('',#3417,#3422);
#3417 = PLANE('',#3418);
#3418 = AXIS2_PLACEMENT_3D('',#3419,#3420,#3421);
#3419 = CARTESIAN_POINT('',(-44.74330813297,66.70951671218,
    21.865306068341));
#3420 = DIRECTION('',(0.617806615345,0.72871498372,0.295447894794));
#3421 = DIRECTION('',(0.166073512387,-0.488175421522,0.856798894902));
#3422 = DEFINITIONAL_REPRESENTATION('',(#3423),#3432);
#3423 = B_SPLINE_CURVE_WITH_KNOTS('',4,(#3424,#3425,#3426,#3427,#3428,
    #3429,#3430,#3431),.UNSPECIFIED.,.F.,.F.,(5,3,5),(0.,
    2.512574325896E-02,1.),.UNSPECIFIED.);
#3424 = CARTESIAN_POINT('',(7.779289160634,-0.5));
#3425 = CARTESIAN_POINT('',(7.771944078009,-0.525192752539));
#3426 = CARTESIAN_POINT('',(7.764600946533,-0.550378812871));
#3427 = CARTESIAN_POINT('',(7.757259888067,-0.57555776303));
#3428 = CARTESIAN_POINT('',(7.465165651686,-1.57740596422));
#3429 = CARTESIAN_POINT('',(7.183421212889,-2.543755600902));
#3430 = CARTESIAN_POINT('',(6.90472588031,-3.499647168926));
#3431 = CARTESIAN_POINT('',(6.629107469187,-4.444985265354));
#3432 = ( GEOMETRIC_REPRESENTATION_CONTEXT(2) 
PARAMETRIC_REPRESENTATION_CONTEXT() REPRESENTATION_CONTEXT('2D SPACE',''
  ) );
#3433 = ADVANCED_FACE('',(#3434,#3574),#251,.T.);
#3434 = FACE_BOUND('',#3435,.T.);
#3435 = EDGE_LOOP('',(#3436,#3460,#3490,#3491,#3492,#3521));
#3436 = ORIENTED_EDGE('',*,*,#3437,.F.);
#3437 = EDGE_CURVE('',#3438,#3440,#3442,.T.);
#3438 = VERTEX_POINT('',#3439);
#3439 = CARTESIAN_POINT('',(-46.33663037706,45.414060802002,9.));
#3440 = VERTEX_POINT('',#3441);
#3441 = CARTESIAN_POINT('',(-47.11841937792,71.156004027604,
    20.433753888332));
#3442 = SURFACE_CURVE('',#3443,(#3446,#3453),.PCURVE_S1.);
#3443 = B_SPLINE_CURVE_WITH_KNOTS('',1,(#3444,#3445),.UNSPECIFIED.,.F.,
  .F.,(2,2),(0.,1.),.PIECEWISE_BEZIER_KNOTS.);
#3444 = CARTESIAN_POINT('',(-45.95734636006,32.925387232312,
    3.452927708832));
#3445 = CARTESIAN_POINT('',(-47.15742456566,72.440326686791,
    21.004209237008));
#3446 = PCURVE('',#251,#3447);
#3447 = DEFINITIONAL_REPRESENTATION('',(#3448),#3452);
#3448 = LINE('',#3449,#3450);
#3449 = CARTESIAN_POINT('',(0.,0.));
#3450 = VECTOR('',#3451,1.);
#3451 = DIRECTION('',(0.,1.));
#3452 = ( GEOMETRIC_REPRESENTATION_CONTEXT(2) 
PARAMETRIC_REPRESENTATION_CONTEXT() REPRESENTATION_CONTEXT('2D SPACE',''
  ) );
#3453 = PCURVE('',#2964,#3454);
#3454 = DEFINITIONAL_REPRESENTATION('',(#3455),#3459);
#3455 = LINE('',#3456,#3457);
#3456 = CARTESIAN_POINT('',(18.,0.));
#3457 = VECTOR('',#3458,1.);
#3458 = DIRECTION('',(0.,1.));
#3459 = ( GEOMETRIC_REPRESENTATION_CONTEXT(2) 
PARAMETRIC_REPRESENTATION_CONTEXT() REPRESENTATION_CONTEXT('2D SPACE',''
  ) );
#3460 = ORIENTED_EDGE('',*,*,#3461,.F.);
#3461 = EDGE_CURVE('',#180,#3438,#3462,.T.);
#3462 = SURFACE_CURVE('',#3463,(#3470,#3480),.PCURVE_S1.);
#3463 = B_SPLINE_CURVE_WITH_KNOTS('',5,(#3464,#3465,#3466,#3467,#3468,
    #3469),.UNSPECIFIED.,.F.,.F.,(6,6),(0.,1.),
  .PIECEWISE_BEZIER_KNOTS.);
#3464 = CARTESIAN_POINT('',(-46.0335313036,33.823069050576,9.));
#3465 = CARTESIAN_POINT('',(-46.09500952792,36.174094353513,9.));
#3466 = CARTESIAN_POINT('',(-46.15611256448,38.51077187842,9.));
#3467 = CARTESIAN_POINT('',(-46.21679188392,40.83124578496,9.));
#3468 = CARTESIAN_POINT('',(-46.27698762485,43.133226878677,9.));
#3469 = CARTESIAN_POINT('',(-46.33663037706,45.414060802002,9.));
#3470 = PCURVE('',#251,#3471);
#3471 = DEFINITIONAL_REPRESENTATION('',(#3472),#3479);
#3472 = B_SPLINE_CURVE_WITH_KNOTS('',5,(#3473,#3474,#3475,#3476,#3477,
    #3478),.UNSPECIFIED.,.F.,.F.,(6,6),(0.,1.),
  .PIECEWISE_BEZIER_KNOTS.);
#3473 = CARTESIAN_POINT('',(4.831490645589,6.348331565913E-02));
#3474 = CARTESIAN_POINT('',(3.946588984454,0.114711830629));
#3475 = CARTESIAN_POINT('',(3.023551750779,0.165627709508));
#3476 = CARTESIAN_POINT('',(2.059860133736,0.216190513793));
#3477 = CARTESIAN_POINT('',(1.052875570693,0.266350362253));
#3478 = CARTESIAN_POINT('',(0.,0.316049416805));
#3479 = ( GEOMETRIC_REPRESENTATION_CONTEXT(2) 
PARAMETRIC_REPRESENTATION_CONTEXT() REPRESENTATION_CONTEXT('2D SPACE',''
  ) );
#3480 = PCURVE('',#194,#3481);
#3481 = DEFINITIONAL_REPRESENTATION('',(#3482),#3489);
#3482 = B_SPLINE_CURVE_WITH_KNOTS('',5,(#3483,#3484,#3485,#3486,#3487,
    #3488),.UNSPECIFIED.,.F.,.F.,(6,6),(0.,1.),
  .PIECEWISE_BEZIER_KNOTS.);
#3483 = CARTESIAN_POINT('',(0.966468696395,2.323069050576));
#3484 = CARTESIAN_POINT('',(0.904990472074,4.674094353513));
#3485 = CARTESIAN_POINT('',(0.843887435512,7.01077187842));
#3486 = CARTESIAN_POINT('',(0.783208116076,9.33124578496));
#3487 = CARTESIAN_POINT('',(0.723012375143,11.633226878677));
#3488 = CARTESIAN_POINT('',(0.663369622935,13.914060802002));
#3489 = ( GEOMETRIC_REPRESENTATION_CONTEXT(2) 
PARAMETRIC_REPRESENTATION_CONTEXT() REPRESENTATION_CONTEXT('2D SPACE',''
  ) );
#3490 = ORIENTED_EDGE('',*,*,#205,.F.);
#3491 = ORIENTED_EDGE('',*,*,#3126,.T.);
#3492 = ORIENTED_EDGE('',*,*,#3493,.T.);
#3493 = EDGE_CURVE('',#3127,#3494,#3496,.T.);
#3494 = VERTEX_POINT('',#3495);
#3495 = CARTESIAN_POINT('',(-47.0658345669,68.160792299746,
    23.142370267082));
#3496 = SURFACE_CURVE('',#3497,(#3503,#3512),.PCURVE_S1.);
#3497 = B_SPLINE_CURVE_WITH_KNOTS('',4,(#3498,#3499,#3500,#3501,#3502),
  .UNSPECIFIED.,.F.,.F.,(5,5),(0.,1.),.PIECEWISE_BEZIER_KNOTS.);
#3498 = CARTESIAN_POINT('',(-47.05877172397,65.608142255463,
    29.423649968433));
#3499 = CARTESIAN_POINT('',(-47.06054159816,66.247809520884,
    27.849627309546));
#3500 = CARTESIAN_POINT('',(-47.06230869488,66.886472956136,
    26.278074765231));
#3501 = CARTESIAN_POINT('',(-47.06407301684,67.524133537671,
    24.708989932737));
#3502 = CARTESIAN_POINT('',(-47.0658345669,68.160792299746,
    23.142370267082));
#3503 = PCURVE('',#251,#3504);
#3504 = DEFINITIONAL_REPRESENTATION('',(#3505),#3511);
#3505 = B_SPLINE_CURVE_WITH_KNOTS('',4,(#3506,#3507,#3508,#3509,#3510),
  .UNSPECIFIED.,.F.,.F.,(5,5),(0.,1.),.PIECEWISE_BEZIER_KNOTS.);
#3506 = CARTESIAN_POINT('',(16.,0.917794656022));
#3507 = CARTESIAN_POINT('',(13.41788642925,0.919269455064));
#3508 = CARTESIAN_POINT('',(10.83401842654,0.920741939703));
#3509 = CARTESIAN_POINT('',(8.248403617038,0.92221211219));
#3510 = CARTESIAN_POINT('',(5.661049654546,0.923679974911));
#3511 = ( GEOMETRIC_REPRESENTATION_CONTEXT(2) 
PARAMETRIC_REPRESENTATION_CONTEXT() REPRESENTATION_CONTEXT('2D SPACE',''
  ) );
#3512 = PCURVE('',#3417,#3513);
#3513 = DEFINITIONAL_REPRESENTATION('',(#3514),#3520);
#3514 = B_SPLINE_CURVE_WITH_KNOTS('',4,(#3515,#3516,#3517,#3518,#3519),
  .UNSPECIFIED.,.F.,.F.,(5,5),(0.,1.),.PIECEWISE_BEZIER_KNOTS.);
#3515 = CARTESIAN_POINT('',(6.629107469187,-4.444985265354));
#3516 = CARTESIAN_POINT('',(4.967922828348,-4.088347826717));
#3517 = CARTESIAN_POINT('',(3.309345085424,-3.732270059397));
#3518 = CARTESIAN_POINT('',(1.653371704613,-3.376751418986));
#3519 = CARTESIAN_POINT('',(0.,-3.021791328848));
#3520 = ( GEOMETRIC_REPRESENTATION_CONTEXT(2) 
PARAMETRIC_REPRESENTATION_CONTEXT() REPRESENTATION_CONTEXT('2D SPACE',''
  ) );
#3521 = ORIENTED_EDGE('',*,*,#3522,.T.);
#3522 = EDGE_CURVE('',#3494,#3440,#3523,.T.);
#3523 = SURFACE_CURVE('',#3524,(#3537,#3553),.PCURVE_S1.);
#3524 = B_SPLINE_CURVE_WITH_KNOTS('',6,(#3525,#3526,#3527,#3528,#3529,
    #3530,#3531,#3532,#3533,#3534,#3535,#3536),.UNSPECIFIED.,.F.,.F.,(7,
    5,7),(0.,0.568973909726,1.),.UNSPECIFIED.);
#3525 = CARTESIAN_POINT('',(-47.0658345669,68.160792299746,
    23.142370267082));
#3526 = CARTESIAN_POINT('',(-47.06621549774,68.298468178544,
    22.803592648584));
#3527 = CARTESIAN_POINT('',(-47.06752214901,68.467496578516,
    22.475955957842));
#3528 = CARTESIAN_POINT('',(-47.06980990196,68.669092084042,
    22.161945903769));
#3529 = CARTESIAN_POINT('',(-47.07313834816,68.904395351279,
    21.864694712425));
#3530 = CARTESIAN_POINT('',(-47.07756155762,69.174157786846,
    21.587824707108));
#3531 = CARTESIAN_POINT('',(-47.08733562184,69.709228615024,
    21.143962934529));
#3532 = CARTESIAN_POINT('',(-47.09220085649,69.959721050922,
    20.966638115075));
#3533 = CARTESIAN_POINT('',(-47.09773611542,70.230119403351,
    20.805045363412));
#3534 = CARTESIAN_POINT('',(-47.10395279131,70.520166449539,
    20.661091438652));
#3535 = CARTESIAN_POINT('',(-47.11085202979,70.829197835333,
    20.536725111316));
#3536 = CARTESIAN_POINT('',(-47.11841937792,71.156004027604,
    20.433753888332));
#3537 = PCURVE('',#251,#3538);
#3538 = DEFINITIONAL_REPRESENTATION('',(#3539),#3552);
#3539 = B_SPLINE_CURVE_WITH_KNOTS('',6,(#3540,#3541,#3542,#3543,#3544,
    #3545,#3546,#3547,#3548,#3549,#3550,#3551),.UNSPECIFIED.,.F.,.F.,(7,
    5,7),(0.,0.568973909726,1.),.UNSPECIFIED.);
#3540 = CARTESIAN_POINT('',(5.661049667078,0.923679974911));
#3541 = CARTESIAN_POINT('',(5.10154078765,0.923997396584));
#3542 = CARTESIAN_POINT('',(4.5403894611,0.925086201689));
#3543 = CARTESIAN_POINT('',(3.97935785625,0.926992538245));
#3544 = CARTESIAN_POINT('',(3.4210445434,0.929766062656));
#3545 = CARTESIAN_POINT('',(2.868858492726,0.93345183033));
#3546 = CARTESIAN_POINT('',(1.916639979405,0.941596353054));
#3547 = CARTESIAN_POINT('',(1.512245072694,0.945650451055));
#3548 = CARTESIAN_POINT('',(1.115814065773,0.95026286623));
#3549 = CARTESIAN_POINT('',(0.729721383259,0.955443091873));
#3550 = CARTESIAN_POINT('',(0.356744511545,0.961192082599));
#3551 = CARTESIAN_POINT('',(0.,0.967497795089));
#3552 = ( GEOMETRIC_REPRESENTATION_CONTEXT(2) 
PARAMETRIC_REPRESENTATION_CONTEXT() REPRESENTATION_CONTEXT('2D SPACE',''
  ) );
#3553 = PCURVE('',#3554,#3559);
#3554 = CYLINDRICAL_SURFACE('',#3555,6.);
#3555 = AXIS2_PLACEMENT_3D('',#3556,#3557,#3558);
#3556 = CARTESIAN_POINT('',(-41.03646844089,71.081806614497,
    23.637993437103));
#3557 = DIRECTION('',(0.768592593328,-0.480269955675,-0.422618261741));
#3558 = DIRECTION('',(0.617806615345,0.72871498372,0.295447894794));
#3559 = DEFINITIONAL_REPRESENTATION('',(#3560),#3573);
#3560 = B_SPLINE_CURVE_WITH_KNOTS('',6,(#3561,#3562,#3563,#3564,#3565,
    #3566,#3567,#3568,#3569,#3570,#3571,#3572),.UNSPECIFIED.,.F.,.F.,(7,
    5,7),(0.,0.568973909726,1.),.UNSPECIFIED.);
#3561 = CARTESIAN_POINT('',(-3.14159265359,-3.021791328848));
#3562 = CARTESIAN_POINT('',(-3.082003064951,-2.945032089427));
#3563 = CARTESIAN_POINT('',(-3.021427823267,-2.888750385358));
#3564 = CARTESIAN_POINT('',(-2.959740866113,-2.854622616616));
#3565 = CARTESIAN_POINT('',(-2.896850432754,-2.844566143651));
#3566 = CARTESIAN_POINT('',(-2.832680880995,-2.860514262276));
#3567 = CARTESIAN_POINT('',(-2.717512529873,-2.93742088779));
#3568 = CARTESIAN_POINT('',(-2.667100802011,-2.986523555235));
#3569 = CARTESIAN_POINT('',(-2.61589270674,-3.052350071167));
#3570 = CARTESIAN_POINT('',(-2.563884255855,-3.135591486778));
#3571 = CARTESIAN_POINT('',(-2.511086188428,-3.236753199248));
#3572 = CARTESIAN_POINT('',(-2.457534257247,-3.356007083182));
#3573 = ( GEOMETRIC_REPRESENTATION_CONTEXT(2) 
PARAMETRIC_REPRESENTATION_CONTEXT() REPRESENTATION_CONTEXT('2D SPACE',''
  ) );
#3574 = FACE_BOUND('',#3575,.T.);
#3575 = EDGE_LOOP('',(#3576,#3621,#3655));
#3576 = ORIENTED_EDGE('',*,*,#3577,.F.);
#3577 = EDGE_CURVE('',#3578,#3580,#3582,.T.);
#3578 = VERTEX_POINT('',#3579);
#3579 = CARTESIAN_POINT('',(-46.91761785211,62.032356462293,
    24.409306878276));
#3580 = VERTEX_POINT('',#3581);
#3581 = CARTESIAN_POINT('',(-46.98501751443,66.498872792845,
    19.210912298018));
#3582 = SURFACE_CURVE('',#3583,(#3592,#3604),.PCURVE_S1.);
#3583 = B_SPLINE_CURVE_WITH_KNOTS('',4,(#3584,#3585,#3586,#3587,#3588,
    #3589,#3590,#3591),.UNSPECIFIED.,.F.,.F.,(5,3,5),(0.,0.504670669739,
    1.),.UNSPECIFIED.);
#3584 = CARTESIAN_POINT('',(-46.87611213465,59.281809078508,
    27.610555805722));
#3585 = CARTESIAN_POINT('',(-46.89135369967,60.291854184665,
    26.435005865438));
#3586 = CARTESIAN_POINT('',(-46.90642689085,61.290741303839,
    25.272442247102));
#3587 = CARTESIAN_POINT('',(-46.92133162204,62.278464728634,
    24.122871593319));
#3588 = CARTESIAN_POINT('',(-46.95053210562,64.213555087691,
    21.870699544597));
#3589 = CARTESIAN_POINT('',(-46.96483402292,65.161330565524,
    20.767622662607));
#3590 = CARTESIAN_POINT('',(-46.97897433927,66.098396890795,
    19.677009722649));
#3591 = CARTESIAN_POINT('',(-46.99295377637,67.024801889528,
    18.598805061985));
#3592 = PCURVE('',#251,#3593);
#3593 = DEFINITIONAL_REPRESENTATION('',(#3594),#3603);
#3594 = B_SPLINE_CURVE_WITH_KNOTS('',4,(#3595,#3596,#3597,#3598,#3599,
    #3600,#3601,#3602),.UNSPECIFIED.,.F.,.F.,(5,3,5),(0.,0.504670669739,
    1.),.UNSPECIFIED.);
#3595 = CARTESIAN_POINT('',(16.,0.765588251081));
#3596 = CARTESIAN_POINT('',(14.019749202253,0.778288727561));
#3597 = CARTESIAN_POINT('',(12.02609571297,0.790848901643));
#3598 = CARTESIAN_POINT('',(10.019391294266,0.803268701559));
#3599 = CARTESIAN_POINT('',(6.017987147011,0.827600852116));
#3600 = CARTESIAN_POINT('',(4.023752503743,0.839518339851));
#3601 = CARTESIAN_POINT('',(2.017640165236,0.851301168906));
#3602 = CARTESIAN_POINT('',(0.,0.862949940655));
#3603 = ( GEOMETRIC_REPRESENTATION_CONTEXT(2) 
PARAMETRIC_REPRESENTATION_CONTEXT() REPRESENTATION_CONTEXT('2D SPACE',''
  ) );
#3604 = PCURVE('',#3605,#3610);
#3605 = PLANE('',#3606);
#3606 = AXIS2_PLACEMENT_3D('',#3607,#3608,#3609);
#3607 = CARTESIAN_POINT('',(-35.99419259928,55.370456596645,
    51.84582618184));
#3608 = DIRECTION('',(0.768592593328,-0.480269955675,-0.422618261741));
#3609 = DIRECTION('',(0.529919264233,0.848048096156,2.567128376493E-17)
  );
#3610 = DEFINITIONAL_REPRESENTATION('',(#3611),#3620);
#3611 = B_SPLINE_CURVE_WITH_KNOTS('',4,(#3612,#3613,#3614,#3615,#3616,
    #3617,#3618,#3619),.UNSPECIFIED.,.F.,.F.,(5,3,5),(0.,0.504670669739,
    1.),.UNSPECIFIED.);
#3612 = CARTESIAN_POINT('',(-2.449523767986,-26.74066219309));
#3613 = CARTESIAN_POINT('',(-1.601033737601,-28.03773803984));
#3614 = CARTESIAN_POINT('',(-0.761916992286,-29.3204850657));
#3615 = CARTESIAN_POINT('',(6.782167344987E-02,-30.58889594137));
#3616 = CARTESIAN_POINT('',(1.693397469566,-33.07389284963));
#3617 = CARTESIAN_POINT('',(2.489577797635,-34.29100352414));
#3618 = CARTESIAN_POINT('',(3.276761884717,-35.49436176022));
#3619 = CARTESIAN_POINT('',(4.054989907141,-36.68402897492));
#3620 = ( GEOMETRIC_REPRESENTATION_CONTEXT(2) 
PARAMETRIC_REPRESENTATION_CONTEXT() REPRESENTATION_CONTEXT('2D SPACE',''
  ) );
#3621 = ORIENTED_EDGE('',*,*,#3622,.T.);
#3622 = EDGE_CURVE('',#3578,#3623,#3625,.T.);
#3623 = VERTEX_POINT('',#3624);
#3624 = CARTESIAN_POINT('',(-46.91879182323,62.456652663179,
    23.365245582073));
#3625 = SURFACE_CURVE('',#3626,(#3632,#3641),.PCURVE_S1.);
#3626 = B_SPLINE_CURVE_WITH_KNOTS('',4,(#3627,#3628,#3629,#3630,#3631),
  .UNSPECIFIED.,.F.,.F.,(5,5),(0.,1.),.PIECEWISE_BEZIER_KNOTS.);
#3627 = CARTESIAN_POINT('',(-46.91761785211,62.032356462293,
    24.409306878276));
#3628 = CARTESIAN_POINT('',(-46.9179114481,62.1384678128,24.148199769794
    ));
#3629 = CARTESIAN_POINT('',(-46.9182049753,62.244554304251,
    23.88715383174));
#3630 = CARTESIAN_POINT('',(-46.91849843365,62.350615911259,
    23.626169126577));
#3631 = CARTESIAN_POINT('',(-46.91879182323,62.456652663179,
    23.365245582073));
#3632 = PCURVE('',#251,#3633);
#3633 = DEFINITIONAL_REPRESENTATION('',(#3634),#3640);
#3634 = B_SPLINE_CURVE_WITH_KNOTS('',4,(#3635,#3636,#3637,#3638,#3639),
  .UNSPECIFIED.,.F.,.F.,(5,5),(0.,1.),.PIECEWISE_BEZIER_KNOTS.);
#3635 = CARTESIAN_POINT('',(10.507471417699,0.800174094963));
#3636 = CARTESIAN_POINT('',(10.105409302943,0.800418742339));
#3637 = CARTESIAN_POINT('',(9.70330090213,0.800663332401));
#3638 = CARTESIAN_POINT('',(9.301146192062,0.80090786509));
#3639 = CARTESIAN_POINT('',(8.898945251954,0.801152340473));
#3640 = ( GEOMETRIC_REPRESENTATION_CONTEXT(2) 
PARAMETRIC_REPRESENTATION_CONTEXT() REPRESENTATION_CONTEXT('2D SPACE',''
  ) );
#3641 = PCURVE('',#3642,#3647);
#3642 = PLANE('',#3643);
#3643 = AXIS2_PLACEMENT_3D('',#3644,#3645,#3646);
#3644 = CARTESIAN_POINT('',(-47.10061035385,62.570265490573,
    23.465220304742));
#3645 = DIRECTION('',(-0.617806615345,-0.72871498372,-0.295447894794));
#3646 = DIRECTION('',(0.166073512387,-0.488175421522,0.856798894902));
#3647 = DEFINITIONAL_REPRESENTATION('',(#3648),#3654);
#3648 = B_SPLINE_CURVE_WITH_KNOTS('',4,(#3649,#3650,#3651,#3652,#3653),
  .UNSPECIFIED.,.F.,.F.,(5,5),(0.,1.),.PIECEWISE_BEZIER_KNOTS.);
#3649 = CARTESIAN_POINT('',(1.101876507021,1.387778780781E-16));
#3650 = CARTESIAN_POINT('',(0.826310513245,-5.916088301066E-02));
#3651 = CARTESIAN_POINT('',(0.550809077226,-0.118307906205));
#3652 = CARTESIAN_POINT('',(0.275372264888,-0.177441055431));
#3653 = CARTESIAN_POINT('',(-2.586859918948E-16,-0.236560347054));
#3654 = ( GEOMETRIC_REPRESENTATION_CONTEXT(2) 
PARAMETRIC_REPRESENTATION_CONTEXT() REPRESENTATION_CONTEXT('2D SPACE',''
  ) );
#3655 = ORIENTED_EDGE('',*,*,#3656,.T.);
#3656 = EDGE_CURVE('',#3623,#3580,#3657,.T.);
#3657 = SURFACE_CURVE('',#3658,(#3671,#3687),.PCURVE_S1.);
#3658 = B_SPLINE_CURVE_WITH_KNOTS('',6,(#3659,#3660,#3661,#3662,#3663,
    #3664,#3665,#3666,#3667,#3668,#3669,#3670),.UNSPECIFIED.,.F.,.F.,(7,
    5,7),(0.,0.485896492992,1.),.UNSPECIFIED.);
#3659 = CARTESIAN_POINT('',(-46.91879182323,62.456652663179,
    23.365245582073));
#3660 = CARTESIAN_POINT('',(-46.91926382285,62.627242587928,
    22.945476709382));
#3661 = CARTESIAN_POINT('',(-46.92058927674,62.826969117185,
    22.535341688111));
#3662 = CARTESIAN_POINT('',(-46.9228106263,63.056720194378,
    22.136863366175));
#3663 = CARTESIAN_POINT('',(-46.92596942271,63.317238335657,
    21.752371105271));
#3664 = CARTESIAN_POINT('',(-46.93010218234,63.608987064586,
    21.384432174291));
#3665 = CARTESIAN_POINT('',(-46.94066747564,64.273801110868,
    20.66680036466));
#3666 = CARTESIAN_POINT('',(-46.94721964846,64.650607867914,
    20.319401857214));
#3667 = CARTESIAN_POINT('',(-46.95492350764,65.062451636351,
    19.996784727932));
#3668 = CARTESIAN_POINT('',(-46.96379670119,65.508777197058,
    19.702334063964));
#3669 = CARTESIAN_POINT('',(-46.97383751589,65.988309136246,
    19.439379337631));
#3670 = CARTESIAN_POINT('',(-46.98501755709,66.498874740981,
    19.210911426266));
#3671 = PCURVE('',#251,#3672);
#3672 = DEFINITIONAL_REPRESENTATION('',(#3673),#3686);
#3673 = B_SPLINE_CURVE_WITH_KNOTS('',6,(#3674,#3675,#3676,#3677,#3678,
    #3679,#3680,#3681,#3682,#3683,#3684,#3685),.UNSPECIFIED.,.F.,.F.,(7,
    5,7),(0.,0.485896492992,1.),.UNSPECIFIED.);
#3674 = CARTESIAN_POINT('',(8.898945286384,0.80115234249));
#3675 = CARTESIAN_POINT('',(8.251892005976,0.801545649872));
#3676 = CARTESIAN_POINT('',(7.603572081649,0.802650112782));
#3677 = CARTESIAN_POINT('',(6.955175832756,0.80450113313));
#3678 = CARTESIAN_POINT('',(6.308272097345,0.807133280288));
#3679 = CARTESIAN_POINT('',(5.664806447072,0.810577025515));
#3680 = CARTESIAN_POINT('',(4.352429132642,0.819380862842));
#3681 = CARTESIAN_POINT('',(3.684200178336,0.824840651037));
#3682 = CARTESIAN_POINT('',(3.02532144845,0.831260115317));
#3683 = CARTESIAN_POINT('',(2.379192356283,0.838653961407));
#3684 = CARTESIAN_POINT('',(1.74970929447,0.84702076172));
#3685 = CARTESIAN_POINT('',(1.1412472946,0.856336855578));
#3686 = ( GEOMETRIC_REPRESENTATION_CONTEXT(2) 
PARAMETRIC_REPRESENTATION_CONTEXT() REPRESENTATION_CONTEXT('2D SPACE',''
  ) );
#3687 = PCURVE('',#3688,#3693);
#3688 = CYLINDRICAL_SURFACE('',#3689,10.);
#3689 = AXIS2_PLACEMENT_3D('',#3690,#3691,#3692);
#3690 = CARTESIAN_POINT('',(-40.9225442004,69.857415327769,
    26.419699252679));
#3691 = DIRECTION('',(-0.768592593328,0.480269955675,0.422618261741));
#3692 = DIRECTION('',(0.617806615345,0.72871498372,0.295447894794));
#3693 = DEFINITIONAL_REPRESENTATION('',(#3694),#3707);
#3694 = B_SPLINE_CURVE_WITH_KNOTS('',6,(#3695,#3696,#3697,#3698,#3699,
    #3700,#3701,#3702,#3703,#3704,#3705,#3706),.UNSPECIFIED.,.F.,.F.,(7,
    5,7),(0.,0.485896492992,1.),.UNSPECIFIED.);
#3695 = CARTESIAN_POINT('',(3.14159265359,-0.236560347054));
#3696 = CARTESIAN_POINT('',(3.097291283461,-0.331670347355));
#3697 = CARTESIAN_POINT('',(3.052378792036,-0.408059511726));
#3698 = CARTESIAN_POINT('',(3.006827925147,-0.464413875003));
#3699 = CARTESIAN_POINT('',(2.960623283505,-0.499360462268));
#3700 = CARTESIAN_POINT('',(2.913758567924,-0.511563616154));
#3701 = CARTESIAN_POINT('',(2.815957613078,-0.487437305392));
#3702 = CARTESIAN_POINT('',(2.764942334605,-0.448249342736));
#3703 = CARTESIAN_POINT('',(2.713203171101,-0.380875915607));
#3704 = CARTESIAN_POINT('',(2.660767118812,-0.284139515284));
#3705 = CARTESIAN_POINT('',(2.60767301561,-0.15724690565));
#3706 = CARTESIAN_POINT('',(2.553981951312,6.000000000173E-07));
#3707 = ( GEOMETRIC_REPRESENTATION_CONTEXT(2) 
PARAMETRIC_REPRESENTATION_CONTEXT() REPRESENTATION_CONTEXT('2D SPACE',''
  ) );
#3708 = ADVANCED_FACE('',(#3709),#194,.T.);
#3709 = FACE_BOUND('',#3710,.T.);
#3710 = EDGE_LOOP('',(#3711,#3736,#3758,#3759,#3760,#3789,#3815,#3841,
    #3867));
#3711 = ORIENTED_EDGE('',*,*,#3712,.F.);
#3712 = EDGE_CURVE('',#3713,#3715,#3717,.T.);
#3713 = VERTEX_POINT('',#3714);
#3714 = CARTESIAN_POINT('',(-47.,34.5,9.));
#3715 = VERTEX_POINT('',#3716);
#3716 = CARTESIAN_POINT('',(-47.,47.6,9.));
#3717 = SURFACE_CURVE('',#3718,(#3722,#3729),.PCURVE_S1.);
#3718 = LINE('',#3719,#3720);
#3719 = CARTESIAN_POINT('',(-47.,31.5,9.));
#3720 = VECTOR('',#3721,1.);
#3721 = DIRECTION('',(0.,1.,0.));
#3722 = PCURVE('',#194,#3723);
#3723 = DEFINITIONAL_REPRESENTATION('',(#3724),#3728);
#3724 = LINE('',#3725,#3726);
#3725 = CARTESIAN_POINT('',(0.,0.));
#3726 = VECTOR('',#3727,1.);
#3727 = DIRECTION('',(0.,1.));
#3728 = ( GEOMETRIC_REPRESENTATION_CONTEXT(2) 
PARAMETRIC_REPRESENTATION_CONTEXT() REPRESENTATION_CONTEXT('2D SPACE',''
  ) );
#3729 = PCURVE('',#123,#3730);
#3730 = DEFINITIONAL_REPRESENTATION('',(#3731),#3735);
#3731 = LINE('',#3732,#3733);
#3732 = CARTESIAN_POINT('',(8.2,0.));
#3733 = VECTOR('',#3734,1.);
#3734 = DIRECTION('',(0.,-1.));
#3735 = ( GEOMETRIC_REPRESENTATION_CONTEXT(2) 
PARAMETRIC_REPRESENTATION_CONTEXT() REPRESENTATION_CONTEXT('2D SPACE',''
  ) );
#3736 = ORIENTED_EDGE('',*,*,#3737,.T.);
#3737 = EDGE_CURVE('',#3713,#140,#3738,.T.);
#3738 = SURFACE_CURVE('',#3739,(#3744,#3751),.PCURVE_S1.);
#3739 = CIRCLE('',#3740,3.);
#3740 = AXIS2_PLACEMENT_3D('',#3741,#3742,#3743);
#3741 = CARTESIAN_POINT('',(-44.,34.5,9.));
#3742 = DIRECTION('',(0.,0.,1.));
#3743 = DIRECTION('',(0.,-1.,0.));
#3744 = PCURVE('',#194,#3745);
#3745 = DEFINITIONAL_REPRESENTATION('',(#3746),#3750);
#3746 = CIRCLE('',#3747,3.);
#3747 = AXIS2_PLACEMENT_2D('',#3748,#3749);
#3748 = CARTESIAN_POINT('',(3.,3.));
#3749 = DIRECTION('',(0.,-1.));
#3750 = ( GEOMETRIC_REPRESENTATION_CONTEXT(2) 
PARAMETRIC_REPRESENTATION_CONTEXT() REPRESENTATION_CONTEXT('2D SPACE',''
  ) );
#3751 = PCURVE('',#163,#3752);
#3752 = DEFINITIONAL_REPRESENTATION('',(#3753),#3757);
#3753 = LINE('',#3754,#3755);
#3754 = CARTESIAN_POINT('',(-4.712388980385,8.2));
#3755 = VECTOR('',#3756,1.);
#3756 = DIRECTION('',(1.,0.));
#3757 = ( GEOMETRIC_REPRESENTATION_CONTEXT(2) 
PARAMETRIC_REPRESENTATION_CONTEXT() REPRESENTATION_CONTEXT('2D SPACE',''
  ) );
#3758 = ORIENTED_EDGE('',*,*,#179,.F.);
#3759 = ORIENTED_EDGE('',*,*,#3461,.T.);
#3760 = ORIENTED_EDGE('',*,*,#3761,.T.);
#3761 = EDGE_CURVE('',#3438,#3762,#3764,.T.);
#3762 = VERTEX_POINT('',#3763);
#3763 = CARTESIAN_POINT('',(-44.,45.452995104301,9.));
#3764 = SURFACE_CURVE('',#3765,(#3771,#3780),.PCURVE_S1.);
#3765 = B_SPLINE_CURVE_WITH_KNOTS('',4,(#3766,#3767,#3768,#3769,#3770),
  .UNSPECIFIED.,.F.,.F.,(5,5),(0.,1.),.PIECEWISE_BEZIER_KNOTS.);
#3766 = CARTESIAN_POINT('',(-46.33663037706,45.414060802002,9.));
#3767 = CARTESIAN_POINT('',(-42.30010492048,45.481319750575,9.));
#3768 = CARTESIAN_POINT('',(-38.24648714693,45.548863501332,9.));
#3769 = CARTESIAN_POINT('',(-34.17583045011,45.616691164597,9.));
#3770 = CARTESIAN_POINT('',(-30.08819669344,45.684801709565,9.));
#3771 = PCURVE('',#194,#3772);
#3772 = DEFINITIONAL_REPRESENTATION('',(#3773),#3779);
#3773 = B_SPLINE_CURVE_WITH_KNOTS('',4,(#3774,#3775,#3776,#3777,#3778),
  .UNSPECIFIED.,.F.,.F.,(5,5),(0.,1.),.PIECEWISE_BEZIER_KNOTS.);
#3774 = CARTESIAN_POINT('',(0.663369622935,13.914060802002));
#3775 = CARTESIAN_POINT('',(4.699895079514,13.981319750575));
#3776 = CARTESIAN_POINT('',(8.753512853064,14.048863501332));
#3777 = CARTESIAN_POINT('',(12.824169549888,14.116691164597));
#3778 = CARTESIAN_POINT('',(16.911803306559,14.184801709565));
#3779 = ( GEOMETRIC_REPRESENTATION_CONTEXT(2) 
PARAMETRIC_REPRESENTATION_CONTEXT() REPRESENTATION_CONTEXT('2D SPACE',''
  ) );
#3780 = PCURVE('',#2964,#3781);
#3781 = DEFINITIONAL_REPRESENTATION('',(#3782),#3788);
#3782 = B_SPLINE_CURVE_WITH_KNOTS('',4,(#3783,#3784,#3785,#3786,#3787),
  .UNSPECIFIED.,.F.,.F.,(5,5),(0.,1.),.PIECEWISE_BEZIER_KNOTS.);
#3783 = CARTESIAN_POINT('',(18.,0.316049416805));
#3784 = CARTESIAN_POINT('',(13.476987671122,0.308392237991));
#3785 = CARTESIAN_POINT('',(8.969233517333,0.300702635516));
#3786 = CARTESIAN_POINT('',(4.476864057178,0.292980710669));
#3787 = CARTESIAN_POINT('',(0.,0.285226580802));
#3788 = ( GEOMETRIC_REPRESENTATION_CONTEXT(2) 
PARAMETRIC_REPRESENTATION_CONTEXT() REPRESENTATION_CONTEXT('2D SPACE',''
  ) );
#3789 = ORIENTED_EDGE('',*,*,#3790,.T.);
#3790 = EDGE_CURVE('',#3762,#3791,#3793,.T.);
#3791 = VERTEX_POINT('',#3792);
#3792 = CARTESIAN_POINT('',(-44.,46.186132079987,9.));
#3793 = SURFACE_CURVE('',#3794,(#3798,#3804),.PCURVE_S1.);
#3794 = LINE('',#3795,#3796);
#3795 = CARTESIAN_POINT('',(-44.,37.75,9.));
#3796 = VECTOR('',#3797,1.);
#3797 = DIRECTION('',(0.,1.,0.));
#3798 = PCURVE('',#194,#3799);
#3799 = DEFINITIONAL_REPRESENTATION('',(#3800),#3803);
#3800 = B_SPLINE_CURVE_WITH_KNOTS('',1,(#3801,#3802),.UNSPECIFIED.,.F.,
  .F.,(2,2),(6.25,12.833718970333),.PIECEWISE_BEZIER_KNOTS.);
#3801 = CARTESIAN_POINT('',(3.,12.5));
#3802 = CARTESIAN_POINT('',(3.,19.083718970333));
#3803 = ( GEOMETRIC_REPRESENTATION_CONTEXT(2) 
PARAMETRIC_REPRESENTATION_CONTEXT() REPRESENTATION_CONTEXT('2D SPACE',''
  ) );
#3804 = PCURVE('',#3805,#3810);
#3805 = PLANE('',#3806);
#3806 = AXIS2_PLACEMENT_3D('',#3807,#3808,#3809);
#3807 = CARTESIAN_POINT('',(-44.,44.,0.8));
#3808 = DIRECTION('',(1.,0.,0.));
#3809 = DIRECTION('',(0.,0.,1.));
#3810 = DEFINITIONAL_REPRESENTATION('',(#3811),#3814);
#3811 = B_SPLINE_CURVE_WITH_KNOTS('',1,(#3812,#3813),.UNSPECIFIED.,.F.,
  .F.,(2,2),(6.25,12.833718970333),.PIECEWISE_BEZIER_KNOTS.);
#3812 = CARTESIAN_POINT('',(8.2,0.));
#3813 = CARTESIAN_POINT('',(8.2,-6.583718970333));
#3814 = ( GEOMETRIC_REPRESENTATION_CONTEXT(2) 
PARAMETRIC_REPRESENTATION_CONTEXT() REPRESENTATION_CONTEXT('2D SPACE',''
  ) );
#3815 = ORIENTED_EDGE('',*,*,#3816,.T.);
#3816 = EDGE_CURVE('',#3791,#3817,#3819,.T.);
#3817 = VERTEX_POINT('',#3818);
#3818 = CARTESIAN_POINT('',(-45.33793074122,46.047045038329,9.));
#3819 = SURFACE_CURVE('',#3820,(#3824,#3830),.PCURVE_S1.);
#3820 = LINE('',#3821,#3822);
#3821 = CARTESIAN_POINT('',(-43.37151204454,46.251467696957,9.));
#3822 = VECTOR('',#3823,1.);
#3823 = DIRECTION('',(-0.994639894682,-0.103399612703,0.));
#3824 = PCURVE('',#194,#3825);
#3825 = DEFINITIONAL_REPRESENTATION('',(#3826),#3829);
#3826 = B_SPLINE_CURVE_WITH_KNOTS('',1,(#3827,#3828),.UNSPECIFIED.,.F.,
  .F.,(2,2),(-12.03172365383,1.97705345559),.PIECEWISE_BEZIER_KNOTS.);
#3827 = CARTESIAN_POINT('',(15.595720303346,15.99554326291));
#3828 = CARTESIAN_POINT('',(1.662031714606,14.547041135357));
#3829 = ( GEOMETRIC_REPRESENTATION_CONTEXT(2) 
PARAMETRIC_REPRESENTATION_CONTEXT() REPRESENTATION_CONTEXT('2D SPACE',''
  ) );
#3830 = PCURVE('',#3831,#3836);
#3831 = PLANE('',#3832);
#3832 = AXIS2_PLACEMENT_3D('',#3833,#3834,#3835);
#3833 = CARTESIAN_POINT('',(-38.37112084101,47.806080333126,
    6.152406083363));
#3834 = DIRECTION('',(-9.724261283803E-02,0.935413389505,0.339920086171)
  );
#3835 = DIRECTION('',(-5.946103617021E-19,-0.341538738435,0.939867698215
    ));
#3836 = DEFINITIONAL_REPRESENTATION('',(#3837),#3840);
#3837 = B_SPLINE_CURVE_WITH_KNOTS('',1,(#3838,#3839),.UNSPECIFIED.,.F.,
  .F.,(2,2),(-12.03172365383,1.97705345559),.PIECEWISE_BEZIER_KNOTS.);
#3838 = CARTESIAN_POINT('',(2.78242197908,7.000016274778));
#3839 = CARTESIAN_POINT('',(3.277141568345,-7.000022604793));
#3840 = ( GEOMETRIC_REPRESENTATION_CONTEXT(2) 
PARAMETRIC_REPRESENTATION_CONTEXT() REPRESENTATION_CONTEXT('2D SPACE',''
  ) );
#3841 = ORIENTED_EDGE('',*,*,#3842,.T.);
#3842 = EDGE_CURVE('',#3817,#3843,#3845,.T.);
#3843 = VERTEX_POINT('',#3844);
#3844 = CARTESIAN_POINT('',(-45.70708682196,50.066952488857,9.));
#3845 = SURFACE_CURVE('',#3846,(#3850,#3856),.PCURVE_S1.);
#3846 = LINE('',#3847,#3848);
#3847 = CARTESIAN_POINT('',(-44.80968583281,40.294747422715,9.));
#3848 = VECTOR('',#3849,1.);
#3849 = DIRECTION('',(-9.144720221948E-02,0.995809926244,0.));
#3850 = PCURVE('',#194,#3851);
#3851 = DEFINITIONAL_REPRESENTATION('',(#3852),#3855);
#3852 = B_SPLINE_CURVE_WITH_KNOTS('',1,(#3853,#3854),.UNSPECIFIED.,.F.,
  .F.,(2,2),(5.776501583299,10.348614033356),.PIECEWISE_BEZIER_KNOTS.);
#3853 = CARTESIAN_POINT('',(1.662069258774,14.547045038329));
#3854 = CARTESIAN_POINT('',(1.243962366983,19.1));
#3855 = ( GEOMETRIC_REPRESENTATION_CONTEXT(2) 
PARAMETRIC_REPRESENTATION_CONTEXT() REPRESENTATION_CONTEXT('2D SPACE',''
  ) );
#3856 = PCURVE('',#3857,#3862);
#3857 = PLANE('',#3858);
#3858 = AXIS2_PLACEMENT_3D('',#3859,#3860,#3861);
#3859 = CARTESIAN_POINT('',(-45.33796828539,48.839840721397,
    1.314599127065));
#3860 = DIRECTION('',(0.995260706663,9.139676629514E-02,
    3.320778347674E-02));
#3861 = DIRECTION('',(4.591374864887E-06,-0.341538316803,0.939867851421)
  );
#3862 = DEFINITIONAL_REPRESENTATION('',(#3863),#3866);
#3863 = B_SPLINE_CURVE_WITH_KNOTS('',1,(#3864,#3865),.UNSPECIFIED.,.F.,
  .F.,(2,2),(5.776501583299,10.348614033356),.PIECEWISE_BEZIER_KNOTS.);
#3864 = CARTESIAN_POINT('',(8.177107942695,2.346774705622E-15));
#3865 = CARTESIAN_POINT('',(6.622097448918,-4.299552839565));
#3866 = ( GEOMETRIC_REPRESENTATION_CONTEXT(2) 
PARAMETRIC_REPRESENTATION_CONTEXT() REPRESENTATION_CONTEXT('2D SPACE',''
  ) );
#3867 = ORIENTED_EDGE('',*,*,#3868,.F.);
#3868 = EDGE_CURVE('',#3715,#3843,#3869,.T.);
#3869 = SURFACE_CURVE('',#3870,(#3875,#3886),.PCURVE_S1.);
#3870 = CIRCLE('',#3871,3.);
#3871 = AXIS2_PLACEMENT_3D('',#3872,#3873,#3874);
#3872 = CARTESIAN_POINT('',(-44.,47.6,9.));
#3873 = DIRECTION('',(-0.,-0.,-1.));
#3874 = DIRECTION('',(0.,-1.,0.));
#3875 = PCURVE('',#194,#3876);
#3876 = DEFINITIONAL_REPRESENTATION('',(#3877),#3885);
#3877 = ( BOUNDED_CURVE() B_SPLINE_CURVE(2,(#3878,#3879,#3880,#3881,
#3882,#3883,#3884),.UNSPECIFIED.,.T.,.F.) B_SPLINE_CURVE_WITH_KNOTS((1,2
    ,2,2,2,1),(-2.094395102393,0.,2.094395102393,4.188790204786,
6.28318530718,8.377580409573),.UNSPECIFIED.) CURVE() 
GEOMETRIC_REPRESENTATION_ITEM() RATIONAL_B_SPLINE_CURVE((1.,0.5,1.,0.5,
1.,0.5,1.)) REPRESENTATION_ITEM('') );
#3878 = CARTESIAN_POINT('',(3.,13.1));
#3879 = CARTESIAN_POINT('',(-2.196152422707,13.1));
#3880 = CARTESIAN_POINT('',(0.401923788647,17.6));
#3881 = CARTESIAN_POINT('',(3.,22.1));
#3882 = CARTESIAN_POINT('',(5.598076211353,17.6));
#3883 = CARTESIAN_POINT('',(8.196152422707,13.1));
#3884 = CARTESIAN_POINT('',(3.,13.1));
#3885 = ( GEOMETRIC_REPRESENTATION_CONTEXT(2) 
PARAMETRIC_REPRESENTATION_CONTEXT() REPRESENTATION_CONTEXT('2D SPACE',''
  ) );
#3886 = PCURVE('',#2657,#3887);
#3887 = DEFINITIONAL_REPRESENTATION('',(#3888),#3892);
#3888 = LINE('',#3889,#3890);
#3889 = CARTESIAN_POINT('',(1.570796326795,8.2));
#3890 = VECTOR('',#3891,1.);
#3891 = DIRECTION('',(-1.,0.));
#3892 = ( GEOMETRIC_REPRESENTATION_CONTEXT(2) 
PARAMETRIC_REPRESENTATION_CONTEXT() REPRESENTATION_CONTEXT('2D SPACE',''
  ) );
#3893 = ADVANCED_FACE('',(#3894),#163,.T.);
#3894 = FACE_BOUND('',#3895,.T.);
#3895 = EDGE_LOOP('',(#3896,#3917,#3918));
#3896 = ORIENTED_EDGE('',*,*,#3897,.F.);
#3897 = EDGE_CURVE('',#107,#3713,#3898,.T.);
#3898 = SURFACE_CURVE('',#3899,(#3903,#3910),.PCURVE_S1.);
#3899 = LINE('',#3900,#3901);
#3900 = CARTESIAN_POINT('',(-47.,34.5,0.8));
#3901 = VECTOR('',#3902,1.);
#3902 = DIRECTION('',(0.,0.,1.));
#3903 = PCURVE('',#163,#3904);
#3904 = DEFINITIONAL_REPRESENTATION('',(#3905),#3909);
#3905 = LINE('',#3906,#3907);
#3906 = CARTESIAN_POINT('',(0.,0.));
#3907 = VECTOR('',#3908,1.);
#3908 = DIRECTION('',(0.,1.));
#3909 = ( GEOMETRIC_REPRESENTATION_CONTEXT(2) 
PARAMETRIC_REPRESENTATION_CONTEXT() REPRESENTATION_CONTEXT('2D SPACE',''
  ) );
#3910 = PCURVE('',#123,#3911);
#3911 = DEFINITIONAL_REPRESENTATION('',(#3912),#3916);
#3912 = LINE('',#3913,#3914);
#3913 = CARTESIAN_POINT('',(0.,-3.));
#3914 = VECTOR('',#3915,1.);
#3915 = DIRECTION('',(1.,0.));
#3916 = ( GEOMETRIC_REPRESENTATION_CONTEXT(2) 
PARAMETRIC_REPRESENTATION_CONTEXT() REPRESENTATION_CONTEXT('2D SPACE',''
  ) );
#3917 = ORIENTED_EDGE('',*,*,#139,.T.);
#3918 = ORIENTED_EDGE('',*,*,#3737,.F.);
#3919 = ADVANCED_FACE('',(#3920),#123,.F.);
#3920 = FACE_BOUND('',#3921,.F.);
#3921 = EDGE_LOOP('',(#3922,#3923,#3924,#3925,#3926));
#3922 = ORIENTED_EDGE('',*,*,#3712,.F.);
#3923 = ORIENTED_EDGE('',*,*,#3897,.F.);
#3924 = ORIENTED_EDGE('',*,*,#106,.T.);
#3925 = ORIENTED_EDGE('',*,*,#2669,.T.);
#3926 = ORIENTED_EDGE('',*,*,#3927,.T.);
#3927 = EDGE_CURVE('',#2637,#3715,#3928,.T.);
#3928 = SURFACE_CURVE('',#3929,(#3933,#3940),.PCURVE_S1.);
#3929 = LINE('',#3930,#3931);
#3930 = CARTESIAN_POINT('',(-47.,47.6,0.8));
#3931 = VECTOR('',#3932,1.);
#3932 = DIRECTION('',(0.,0.,1.));
#3933 = PCURVE('',#123,#3934);
#3934 = DEFINITIONAL_REPRESENTATION('',(#3935),#3939);
#3935 = LINE('',#3936,#3937);
#3936 = CARTESIAN_POINT('',(0.,-16.1));
#3937 = VECTOR('',#3938,1.);
#3938 = DIRECTION('',(1.,0.));
#3939 = ( GEOMETRIC_REPRESENTATION_CONTEXT(2) 
PARAMETRIC_REPRESENTATION_CONTEXT() REPRESENTATION_CONTEXT('2D SPACE',''
  ) );
#3940 = PCURVE('',#2657,#3941);
#3941 = DEFINITIONAL_REPRESENTATION('',(#3942),#3946);
#3942 = LINE('',#3943,#3944);
#3943 = CARTESIAN_POINT('',(-0.,0.));
#3944 = VECTOR('',#3945,1.);
#3945 = DIRECTION('',(-0.,1.));
#3946 = ( GEOMETRIC_REPRESENTATION_CONTEXT(2) 
PARAMETRIC_REPRESENTATION_CONTEXT() REPRESENTATION_CONTEXT('2D SPACE',''
  ) );
#3947 = ADVANCED_FACE('',(#3948),#1001,.F.);
#3948 = FACE_BOUND('',#3949,.T.);
#3949 = EDGE_LOOP('',(#3950,#3951,#3952,#3977,#3978,#3979));
#3950 = ORIENTED_EDGE('',*,*,#986,.F.);
#3951 = ORIENTED_EDGE('',*,*,#2334,.F.);
#3952 = ORIENTED_EDGE('',*,*,#3953,.F.);
#3953 = EDGE_CURVE('',#2158,#2335,#3954,.T.);
#3954 = SURFACE_CURVE('',#3955,(#3960,#3966),.PCURVE_S1.);
#3955 = CIRCLE('',#3956,30.8);
#3956 = AXIS2_PLACEMENT_3D('',#3957,#3958,#3959);
#3957 = CARTESIAN_POINT('',(-15.65,0.,0.));
#3958 = DIRECTION('',(-1.,-6.894330150523E-34,-6.381777941037E-17));
#3959 = DIRECTION('',(-5.767392335715E-17,0.428106810594,0.903728144257)
  );
#3960 = PCURVE('',#1001,#3961);
#3961 = DEFINITIONAL_REPRESENTATION('',(#3962),#3965);
#3962 = B_SPLINE_CURVE_WITH_KNOTS('',1,(#3963,#3964),.UNSPECIFIED.,.F.,
  .F.,(2,2),(0.932340621842,1.102422510485),.PIECEWISE_BEZIER_KNOTS.);
#3963 = CARTESIAN_POINT('',(-6.479244143247,-36.35));
#3964 = CARTESIAN_POINT('',(-6.309162254604,-36.35));
#3965 = ( GEOMETRIC_REPRESENTATION_CONTEXT(2) 
PARAMETRIC_REPRESENTATION_CONTEXT() REPRESENTATION_CONTEXT('2D SPACE',''
  ) );
#3966 = PCURVE('',#2173,#3967);
#3967 = DEFINITIONAL_REPRESENTATION('',(#3968),#3976);
#3968 = ( BOUNDED_CURVE() B_SPLINE_CURVE(2,(#3969,#3970,#3971,#3972,
#3973,#3974,#3975),.UNSPECIFIED.,.T.,.F.) B_SPLINE_CURVE_WITH_KNOTS((1,2
    ,2,2,2,1),(-2.094395102393,0.,2.094395102393,4.188790204786,
6.28318530718,8.377580409573),.UNSPECIFIED.) CURVE() 
GEOMETRIC_REPRESENTATION_ITEM() RATIONAL_B_SPLINE_CURVE((1.,0.5,1.,0.5,
1.,0.5,1.)) REPRESENTATION_ITEM('') );
#3969 = CARTESIAN_POINT('',(45.514310233691,-27.03482684312));
#3970 = CARTESIAN_POINT('',(-2.697024078481,-4.196542235034));
#3971 = CARTESIAN_POINT('',(41.187177727069,26.136555725606));
#3972 = CARTESIAN_POINT('',(85.071379532619,56.469653686246));
#3973 = CARTESIAN_POINT('',(89.39851203924,3.298271117517));
#3974 = CARTESIAN_POINT('',(93.725644545862,-49.87311145121));
#3975 = CARTESIAN_POINT('',(45.514310233691,-27.03482684312));
#3976 = ( GEOMETRIC_REPRESENTATION_CONTEXT(2) 
PARAMETRIC_REPRESENTATION_CONTEXT() REPRESENTATION_CONTEXT('2D SPACE',''
  ) );
#3977 = ORIENTED_EDGE('',*,*,#2185,.T.);
#3978 = ORIENTED_EDGE('',*,*,#1988,.T.);
#3979 = ORIENTED_EDGE('',*,*,#3980,.T.);
#3980 = EDGE_CURVE('',#1991,#961,#3981,.T.);
#3981 = SURFACE_CURVE('',#3982,(#3986,#3992),.PCURVE_S1.);
#3982 = LINE('',#3983,#3984);
#3983 = CARTESIAN_POINT('',(-54.,13.18568976631,27.834826843123));
#3984 = VECTOR('',#3985,1.);
#3985 = DIRECTION('',(-1.,-0.,-0.));
#3986 = PCURVE('',#1001,#3987);
#3987 = DEFINITIONAL_REPRESENTATION('',(#3988),#3991);
#3988 = B_SPLINE_CURVE_WITH_KNOTS('',1,(#3989,#3990),.UNSPECIFIED.,.F.,
  .F.,(2,2),(-30.,-2.),.PIECEWISE_BEZIER_KNOTS.);
#3989 = CARTESIAN_POINT('',(-7.411584765088,-28.));
#3990 = CARTESIAN_POINT('',(-7.411584765088,0.));
#3991 = ( GEOMETRIC_REPRESENTATION_CONTEXT(2) 
PARAMETRIC_REPRESENTATION_CONTEXT() REPRESENTATION_CONTEXT('2D SPACE',''
  ) );
#3992 = PCURVE('',#975,#3993);
#3993 = DEFINITIONAL_REPRESENTATION('',(#3994),#3997);
#3994 = B_SPLINE_CURVE_WITH_KNOTS('',1,(#3995,#3996),.UNSPECIFIED.,.F.,
  .F.,(2,2),(-38.3500006,5.999999999062E-07),.PIECEWISE_BEZIER_KNOTS.);
#3995 = CARTESIAN_POINT('',(27.834826843123,39.3500006));
#3996 = CARTESIAN_POINT('',(27.834826843123,0.9999994));
#3997 = ( GEOMETRIC_REPRESENTATION_CONTEXT(2) 
PARAMETRIC_REPRESENTATION_CONTEXT() REPRESENTATION_CONTEXT('2D SPACE',''
  ) );
#3998 = ADVANCED_FACE('',(#3999),#975,.F.);
#3999 = FACE_BOUND('',#4000,.F.);
#4000 = EDGE_LOOP('',(#4001,#4002,#4003,#4004));
#4001 = ORIENTED_EDGE('',*,*,#2107,.F.);
#4002 = ORIENTED_EDGE('',*,*,#3980,.T.);
#4003 = ORIENTED_EDGE('',*,*,#960,.T.);
#4004 = ORIENTED_EDGE('',*,*,#4005,.F.);
#4005 = EDGE_CURVE('',#2080,#928,#4006,.T.);
#4006 = SURFACE_CURVE('',#4007,(#4011,#4017),.PCURVE_S1.);
#4007 = LINE('',#4008,#4009);
#4008 = CARTESIAN_POINT('',(-54.,13.18568976631,28.276802955543));
#4009 = VECTOR('',#4010,1.);
#4010 = DIRECTION('',(-1.,-0.,-0.));
#4011 = PCURVE('',#975,#4012);
#4012 = DEFINITIONAL_REPRESENTATION('',(#4013),#4016);
#4013 = B_SPLINE_CURVE_WITH_KNOTS('',1,(#4014,#4015),.UNSPECIFIED.,.F.,
  .F.,(2,2),(-38.3500006,5.999999999062E-07),.PIECEWISE_BEZIER_KNOTS.);
#4014 = CARTESIAN_POINT('',(28.276802955543,39.3500006));
#4015 = CARTESIAN_POINT('',(28.276802955543,0.9999994));
#4016 = ( GEOMETRIC_REPRESENTATION_CONTEXT(2) 
PARAMETRIC_REPRESENTATION_CONTEXT() REPRESENTATION_CONTEXT('2D SPACE',''
  ) );
#4017 = PCURVE('',#948,#4018);
#4018 = DEFINITIONAL_REPRESENTATION('',(#4019),#4022);
#4019 = B_SPLINE_CURVE_WITH_KNOTS('',1,(#4020,#4021),.UNSPECIFIED.,.F.,
  .F.,(2,2),(-38.3500006,5.999999999062E-07),.PIECEWISE_BEZIER_KNOTS.);
#4020 = CARTESIAN_POINT('',(-1.134464013796,-38.3500006));
#4021 = CARTESIAN_POINT('',(-1.134464013796,5.999999999062E-07));
#4022 = ( GEOMETRIC_REPRESENTATION_CONTEXT(2) 
PARAMETRIC_REPRESENTATION_CONTEXT() REPRESENTATION_CONTEXT('2D SPACE',''
  ) );
#4023 = ADVANCED_FACE('',(#4024),#948,.F.);
#4024 = FACE_BOUND('',#4025,.T.);
#4025 = EDGE_LOOP('',(#4026,#4027,#4028,#4029));
#4026 = ORIENTED_EDGE('',*,*,#927,.T.);
#4027 = ORIENTED_EDGE('',*,*,#4005,.F.);
#4028 = ORIENTED_EDGE('',*,*,#2079,.F.);
#4029 = ORIENTED_EDGE('',*,*,#4030,.T.);
#4030 = EDGE_CURVE('',#2059,#902,#4031,.T.);
#4031 = SURFACE_CURVE('',#4032,(#4036,#4042),.PCURVE_S1.);
#4032 = LINE('',#4033,#4034);
#4033 = CARTESIAN_POINT('',(-54.,-13.18568976631,28.276802955543));
#4034 = VECTOR('',#4035,1.);
#4035 = DIRECTION('',(-1.,-0.,-0.));
#4036 = PCURVE('',#948,#4037);
#4037 = DEFINITIONAL_REPRESENTATION('',(#4038),#4041);
#4038 = B_SPLINE_CURVE_WITH_KNOTS('',1,(#4039,#4040),.UNSPECIFIED.,.F.,
  .F.,(2,2),(-38.3500006,5.999999999062E-07),.PIECEWISE_BEZIER_KNOTS.);
#4039 = CARTESIAN_POINT('',(-2.007128639793,-38.3500006));
#4040 = CARTESIAN_POINT('',(-2.007128639793,5.999999999062E-07));
#4041 = ( GEOMETRIC_REPRESENTATION_CONTEXT(2) 
PARAMETRIC_REPRESENTATION_CONTEXT() REPRESENTATION_CONTEXT('2D SPACE',''
  ) );
#4042 = PCURVE('',#916,#4043);
#4043 = DEFINITIONAL_REPRESENTATION('',(#4044),#4047);
#4044 = B_SPLINE_CURVE_WITH_KNOTS('',1,(#4045,#4046),.UNSPECIFIED.,.F.,
  .F.,(2,2),(-38.3500006,5.999999999062E-07),.PIECEWISE_BEZIER_KNOTS.);
#4045 = CARTESIAN_POINT('',(28.276802955543,39.3500006));
#4046 = CARTESIAN_POINT('',(28.276802955543,0.9999994));
#4047 = ( GEOMETRIC_REPRESENTATION_CONTEXT(2) 
PARAMETRIC_REPRESENTATION_CONTEXT() REPRESENTATION_CONTEXT('2D SPACE',''
  ) );
#4048 = ADVANCED_FACE('',(#4049),#916,.T.);
#4049 = FACE_BOUND('',#4050,.T.);
#4050 = EDGE_LOOP('',(#4051,#4052,#4072,#4073));
#4051 = ORIENTED_EDGE('',*,*,#2058,.F.);
#4052 = ORIENTED_EDGE('',*,*,#4053,.T.);
#4053 = EDGE_CURVE('',#2035,#873,#4054,.T.);
#4054 = SURFACE_CURVE('',#4055,(#4059,#4065),.PCURVE_S1.);
#4055 = LINE('',#4056,#4057);
#4056 = CARTESIAN_POINT('',(-54.,-13.18568976631,27.834826843123));
#4057 = VECTOR('',#4058,1.);
#4058 = DIRECTION('',(-1.,-0.,-0.));
#4059 = PCURVE('',#916,#4060);
#4060 = DEFINITIONAL_REPRESENTATION('',(#4061),#4064);
#4061 = B_SPLINE_CURVE_WITH_KNOTS('',1,(#4062,#4063),.UNSPECIFIED.,.F.,
  .F.,(2,2),(-38.3500006,5.999999999062E-07),.PIECEWISE_BEZIER_KNOTS.);
#4062 = CARTESIAN_POINT('',(27.834826843123,39.3500006));
#4063 = CARTESIAN_POINT('',(27.834826843123,0.9999994));
#4064 = ( GEOMETRIC_REPRESENTATION_CONTEXT(2) 
PARAMETRIC_REPRESENTATION_CONTEXT() REPRESENTATION_CONTEXT('2D SPACE',''
  ) );
#4065 = PCURVE('',#889,#4066);
#4066 = DEFINITIONAL_REPRESENTATION('',(#4067),#4071);
#4067 = LINE('',#4068,#4069);
#4068 = CARTESIAN_POINT('',(-2.013193195681,2.));
#4069 = VECTOR('',#4070,1.);
#4070 = DIRECTION('',(-0.,1.));
#4071 = ( GEOMETRIC_REPRESENTATION_CONTEXT(2) 
PARAMETRIC_REPRESENTATION_CONTEXT() REPRESENTATION_CONTEXT('2D SPACE',''
  ) );
#4072 = ORIENTED_EDGE('',*,*,#901,.T.);
#4073 = ORIENTED_EDGE('',*,*,#4030,.F.);
#4074 = ADVANCED_FACE('',(#4075),#889,.F.);
#4075 = FACE_BOUND('',#4076,.T.);
#4076 = EDGE_LOOP('',(#4077,#4078,#4079,#4080,#4081,#4103));
#4077 = ORIENTED_EDGE('',*,*,#872,.F.);
#4078 = ORIENTED_EDGE('',*,*,#4053,.F.);
#4079 = ORIENTED_EDGE('',*,*,#2034,.T.);
#4080 = ORIENTED_EDGE('',*,*,#1901,.F.);
#4081 = ORIENTED_EDGE('',*,*,#4082,.F.);
#4082 = EDGE_CURVE('',#1231,#1879,#4083,.T.);
#4083 = SURFACE_CURVE('',#4084,(#4089,#4096),.PCURVE_S1.);
#4084 = CIRCLE('',#4085,30.8);
#4085 = AXIS2_PLACEMENT_3D('',#4086,#4087,#4088);
#4086 = CARTESIAN_POINT('',(-15.65,0.,0.));
#4087 = DIRECTION('',(-1.,-6.894330150523E-34,-6.381777941037E-17));
#4088 = DIRECTION('',(-5.767392335715E-17,0.428106810594,0.903728144257)
  );
#4089 = PCURVE('',#889,#4090);
#4090 = DEFINITIONAL_REPRESENTATION('',(#4091),#4095);
#4091 = LINE('',#4092,#4093);
#4092 = CARTESIAN_POINT('',(-7.411584765088,-36.35));
#4093 = VECTOR('',#4094,1.);
#4094 = DIRECTION('',(1.,-0.));
#4095 = ( GEOMETRIC_REPRESENTATION_CONTEXT(2) 
PARAMETRIC_REPRESENTATION_CONTEXT() REPRESENTATION_CONTEXT('2D SPACE',''
  ) );
#4096 = PCURVE('',#1246,#4097);
#4097 = DEFINITIONAL_REPRESENTATION('',(#4098),#4102);
#4098 = CIRCLE('',#4099,30.8);
#4099 = AXIS2_PLACEMENT_2D('',#4100,#4101);
#4100 = CARTESIAN_POINT('',(58.7,0.8));
#4101 = DIRECTION('',(0.428106810594,-0.903728144257));
#4102 = ( GEOMETRIC_REPRESENTATION_CONTEXT(2) 
PARAMETRIC_REPRESENTATION_CONTEXT() REPRESENTATION_CONTEXT('2D SPACE',''
  ) );
#4103 = ORIENTED_EDGE('',*,*,#1258,.F.);
#4104 = ADVANCED_FACE('',(#4105),#1055,.F.);
#4105 = FACE_BOUND('',#4106,.F.);
#4106 = EDGE_LOOP('',(#4107,#4108,#4109,#4110));
#4107 = ORIENTED_EDGE('',*,*,#1039,.F.);
#4108 = ORIENTED_EDGE('',*,*,#1831,.T.);
#4109 = ORIENTED_EDGE('',*,*,#1943,.T.);
#4110 = ORIENTED_EDGE('',*,*,#4111,.T.);
#4111 = EDGE_CURVE('',#1944,#1040,#4112,.T.);
#4112 = SURFACE_CURVE('',#4113,(#4117,#4123),.PCURVE_S1.);
#4113 = LINE('',#4114,#4115);
#4114 = CARTESIAN_POINT('',(-16.65,-57.40484581497,0.8));
#4115 = VECTOR('',#4116,1.);
#4116 = DIRECTION('',(0.,-0.,-1.));
#4117 = PCURVE('',#1055,#4118);
#4118 = DEFINITIONAL_REPRESENTATION('',(#4119),#4122);
#4119 = B_SPLINE_CURVE_WITH_KNOTS('',1,(#4120,#4121),.UNSPECIFIED.,.F.,
  .F.,(2,2),(-5.2,-1.110223024625E-16),.PIECEWISE_BEZIER_KNOTS.);
#4120 = CARTESIAN_POINT('',(16.935536345901,-5.2));
#4121 = CARTESIAN_POINT('',(16.935536345901,0.));
#4122 = ( GEOMETRIC_REPRESENTATION_CONTEXT(2) 
PARAMETRIC_REPRESENTATION_CONTEXT() REPRESENTATION_CONTEXT('2D SPACE',''
  ) );
#4123 = PCURVE('',#1083,#4124);
#4124 = DEFINITIONAL_REPRESENTATION('',(#4125),#4128);
#4125 = B_SPLINE_CURVE_WITH_KNOTS('',1,(#4126,#4127),.UNSPECIFIED.,.F.,
  .F.,(2,2),(-5.2,-1.110223024625E-16),.PIECEWISE_BEZIER_KNOTS.);
#4126 = CARTESIAN_POINT('',(5.2,-1.295154185022));
#4127 = CARTESIAN_POINT('',(2.22044604925E-16,-1.295154185022));
#4128 = ( GEOMETRIC_REPRESENTATION_CONTEXT(2) 
PARAMETRIC_REPRESENTATION_CONTEXT() REPRESENTATION_CONTEXT('2D SPACE',''
  ) );
#4129 = ADVANCED_FACE('',(#4130),#1382,.T.);
#4130 = FACE_BOUND('',#4131,.F.);
#4131 = EDGE_LOOP('',(#4132,#4133,#4154,#4155));
#4132 = ORIENTED_EDGE('',*,*,#1361,.T.);
#4133 = ORIENTED_EDGE('',*,*,#4134,.T.);
#4134 = EDGE_CURVE('',#1334,#1617,#4135,.T.);
#4135 = SURFACE_CURVE('',#4136,(#4140,#4147),.PCURVE_S1.);
#4136 = LINE('',#4137,#4138);
#4137 = CARTESIAN_POINT('',(-32.,-50.6,0.8));
#4138 = VECTOR('',#4139,1.);
#4139 = DIRECTION('',(0.,0.,1.));
#4140 = PCURVE('',#1382,#4141);
#4141 = DEFINITIONAL_REPRESENTATION('',(#4142),#4146);
#4142 = LINE('',#4143,#4144);
#4143 = CARTESIAN_POINT('',(-1.570796326795,0.));
#4144 = VECTOR('',#4145,1.);
#4145 = DIRECTION('',(-0.,1.));
#4146 = ( GEOMETRIC_REPRESENTATION_CONTEXT(2) 
PARAMETRIC_REPRESENTATION_CONTEXT() REPRESENTATION_CONTEXT('2D SPACE',''
  ) );
#4147 = PCURVE('',#1349,#4148);
#4148 = DEFINITIONAL_REPRESENTATION('',(#4149),#4153);
#4149 = LINE('',#4150,#4151);
#4150 = CARTESIAN_POINT('',(0.,15.));
#4151 = VECTOR('',#4152,1.);
#4152 = DIRECTION('',(1.,0.));
#4153 = ( GEOMETRIC_REPRESENTATION_CONTEXT(2) 
PARAMETRIC_REPRESENTATION_CONTEXT() REPRESENTATION_CONTEXT('2D SPACE',''
  ) );
#4154 = ORIENTED_EDGE('',*,*,#1639,.F.);
#4155 = ORIENTED_EDGE('',*,*,#1779,.F.);
#4156 = ADVANCED_FACE('',(#4157),#1083,.F.);
#4157 = FACE_BOUND('',#4158,.F.);
#4158 = EDGE_LOOP('',(#4159,#4189,#4210,#4211,#4212,#4213));
#4159 = ORIENTED_EDGE('',*,*,#4160,.F.);
#4160 = EDGE_CURVE('',#4161,#4163,#4165,.T.);
#4161 = VERTEX_POINT('',#4162);
#4162 = CARTESIAN_POINT('',(-16.65,-58.7,7.));
#4163 = VERTEX_POINT('',#4164);
#4164 = CARTESIAN_POINT('',(-16.65,-54.31,7.));
#4165 = SURFACE_CURVE('',#4166,(#4170,#4177),.PCURVE_S1.);
#4166 = LINE('',#4167,#4168);
#4167 = CARTESIAN_POINT('',(-16.65,-58.7,7.));
#4168 = VECTOR('',#4169,1.);
#4169 = DIRECTION('',(0.,1.,0.));
#4170 = PCURVE('',#1083,#4171);
#4171 = DEFINITIONAL_REPRESENTATION('',(#4172),#4176);
#4172 = LINE('',#4173,#4174);
#4173 = CARTESIAN_POINT('',(6.2,0.));
#4174 = VECTOR('',#4175,1.);
#4175 = DIRECTION('',(0.,-1.));
#4176 = ( GEOMETRIC_REPRESENTATION_CONTEXT(2) 
PARAMETRIC_REPRESENTATION_CONTEXT() REPRESENTATION_CONTEXT('2D SPACE',''
  ) );
#4177 = PCURVE('',#4178,#4183);
#4178 = PLANE('',#4179);
#4179 = AXIS2_PLACEMENT_3D('',#4180,#4181,#4182);
#4180 = CARTESIAN_POINT('',(-16.65,-58.7,7.));
#4181 = DIRECTION('',(0.,0.,1.));
#4182 = DIRECTION('',(1.,0.,0.));
#4183 = DEFINITIONAL_REPRESENTATION('',(#4184),#4188);
#4184 = LINE('',#4185,#4186);
#4185 = CARTESIAN_POINT('',(0.,0.));
#4186 = VECTOR('',#4187,1.);
#4187 = DIRECTION('',(0.,1.));
#4188 = ( GEOMETRIC_REPRESENTATION_CONTEXT(2) 
PARAMETRIC_REPRESENTATION_CONTEXT() REPRESENTATION_CONTEXT('2D SPACE',''
  ) );
#4189 = ORIENTED_EDGE('',*,*,#4190,.F.);
#4190 = EDGE_CURVE('',#1068,#4161,#4191,.T.);
#4191 = SURFACE_CURVE('',#4192,(#4196,#4203),.PCURVE_S1.);
#4192 = LINE('',#4193,#4194);
#4193 = CARTESIAN_POINT('',(-16.65,-58.7,0.8));
#4194 = VECTOR('',#4195,1.);
#4195 = DIRECTION('',(0.,0.,1.));
#4196 = PCURVE('',#1083,#4197);
#4197 = DEFINITIONAL_REPRESENTATION('',(#4198),#4202);
#4198 = LINE('',#4199,#4200);
#4199 = CARTESIAN_POINT('',(0.,0.));
#4200 = VECTOR('',#4201,1.);
#4201 = DIRECTION('',(1.,0.));
#4202 = ( GEOMETRIC_REPRESENTATION_CONTEXT(2) 
PARAMETRIC_REPRESENTATION_CONTEXT() REPRESENTATION_CONTEXT('2D SPACE',''
  ) );
#4203 = PCURVE('',#1111,#4204);
#4204 = DEFINITIONAL_REPRESENTATION('',(#4205),#4209);
#4205 = LINE('',#4206,#4207);
#4206 = CARTESIAN_POINT('',(0.,0.));
#4207 = VECTOR('',#4208,1.);
#4208 = DIRECTION('',(1.,0.));
#4209 = ( GEOMETRIC_REPRESENTATION_CONTEXT(2) 
PARAMETRIC_REPRESENTATION_CONTEXT() REPRESENTATION_CONTEXT('2D SPACE',''
  ) );
#4210 = ORIENTED_EDGE('',*,*,#1067,.T.);
#4211 = ORIENTED_EDGE('',*,*,#4111,.F.);
#4212 = ORIENTED_EDGE('',*,*,#1966,.T.);
#4213 = ORIENTED_EDGE('',*,*,#4214,.T.);
#4214 = EDGE_CURVE('',#1858,#4163,#4215,.T.);
#4215 = SURFACE_CURVE('',#4216,(#4220,#4227),.PCURVE_S1.);
#4216 = LINE('',#4217,#4218);
#4217 = CARTESIAN_POINT('',(-16.65,-54.31,0.8));
#4218 = VECTOR('',#4219,1.);
#4219 = DIRECTION('',(0.,0.,1.));
#4220 = PCURVE('',#1083,#4221);
#4221 = DEFINITIONAL_REPRESENTATION('',(#4222),#4226);
#4222 = LINE('',#4223,#4224);
#4223 = CARTESIAN_POINT('',(0.,-4.39));
#4224 = VECTOR('',#4225,1.);
#4225 = DIRECTION('',(1.,0.));
#4226 = ( GEOMETRIC_REPRESENTATION_CONTEXT(2) 
PARAMETRIC_REPRESENTATION_CONTEXT() REPRESENTATION_CONTEXT('2D SPACE',''
  ) );
#4227 = PCURVE('',#1218,#4228);
#4228 = DEFINITIONAL_REPRESENTATION('',(#4229),#4233);
#4229 = LINE('',#4230,#4231);
#4230 = CARTESIAN_POINT('',(0.,0.));
#4231 = VECTOR('',#4232,1.);
#4232 = DIRECTION('',(1.,0.));
#4233 = ( GEOMETRIC_REPRESENTATION_CONTEXT(2) 
PARAMETRIC_REPRESENTATION_CONTEXT() REPRESENTATION_CONTEXT('2D SPACE',''
  ) );
#4234 = ADVANCED_FACE('',(#4235),#1349,.F.);
#4235 = FACE_BOUND('',#4236,.F.);
#4236 = EDGE_LOOP('',(#4237,#4238,#4259,#4260));
#4237 = ORIENTED_EDGE('',*,*,#1333,.F.);
#4238 = ORIENTED_EDGE('',*,*,#4239,.T.);
#4239 = EDGE_CURVE('',#1305,#1593,#4240,.T.);
#4240 = SURFACE_CURVE('',#4241,(#4245,#4252),.PCURVE_S1.);
#4241 = LINE('',#4242,#4243);
#4242 = CARTESIAN_POINT('',(-44.,-50.6,0.8));
#4243 = VECTOR('',#4244,1.);
#4244 = DIRECTION('',(0.,0.,1.));
#4245 = PCURVE('',#1349,#4246);
#4246 = DEFINITIONAL_REPRESENTATION('',(#4247),#4251);
#4247 = LINE('',#4248,#4249);
#4248 = CARTESIAN_POINT('',(0.,3.));
#4249 = VECTOR('',#4250,1.);
#4250 = DIRECTION('',(1.,0.));
#4251 = ( GEOMETRIC_REPRESENTATION_CONTEXT(2) 
PARAMETRIC_REPRESENTATION_CONTEXT() REPRESENTATION_CONTEXT('2D SPACE',''
  ) );
#4252 = PCURVE('',#1321,#4253);
#4253 = DEFINITIONAL_REPRESENTATION('',(#4254),#4258);
#4254 = LINE('',#4255,#4256);
#4255 = CARTESIAN_POINT('',(1.570796326795,0.));
#4256 = VECTOR('',#4257,1.);
#4257 = DIRECTION('',(0.,1.));
#4258 = ( GEOMETRIC_REPRESENTATION_CONTEXT(2) 
PARAMETRIC_REPRESENTATION_CONTEXT() REPRESENTATION_CONTEXT('2D SPACE',''
  ) );
#4259 = ORIENTED_EDGE('',*,*,#1616,.T.);
#4260 = ORIENTED_EDGE('',*,*,#4134,.F.);
#4261 = ADVANCED_FACE('',(#4262),#1111,.F.);
#4262 = FACE_BOUND('',#4263,.F.);
#4263 = EDGE_LOOP('',(#4264,#4265,#4266,#4289,#4310));
#4264 = ORIENTED_EDGE('',*,*,#1095,.F.);
#4265 = ORIENTED_EDGE('',*,*,#4190,.T.);
#4266 = ORIENTED_EDGE('',*,*,#4267,.T.);
#4267 = EDGE_CURVE('',#4161,#4268,#4270,.T.);
#4268 = VERTEX_POINT('',#4269);
#4269 = CARTESIAN_POINT('',(-5.,-58.7,7.));
#4270 = SURFACE_CURVE('',#4271,(#4275,#4282),.PCURVE_S1.);
#4271 = LINE('',#4272,#4273);
#4272 = CARTESIAN_POINT('',(-16.65,-58.7,7.));
#4273 = VECTOR('',#4274,1.);
#4274 = DIRECTION('',(1.,0.,0.));
#4275 = PCURVE('',#1111,#4276);
#4276 = DEFINITIONAL_REPRESENTATION('',(#4277),#4281);
#4277 = LINE('',#4278,#4279);
#4278 = CARTESIAN_POINT('',(6.2,0.));
#4279 = VECTOR('',#4280,1.);
#4280 = DIRECTION('',(0.,1.));
#4281 = ( GEOMETRIC_REPRESENTATION_CONTEXT(2) 
PARAMETRIC_REPRESENTATION_CONTEXT() REPRESENTATION_CONTEXT('2D SPACE',''
  ) );
#4282 = PCURVE('',#4178,#4283);
#4283 = DEFINITIONAL_REPRESENTATION('',(#4284),#4288);
#4284 = LINE('',#4285,#4286);
#4285 = CARTESIAN_POINT('',(0.,0.));
#4286 = VECTOR('',#4287,1.);
#4287 = DIRECTION('',(1.,0.));
#4288 = ( GEOMETRIC_REPRESENTATION_CONTEXT(2) 
PARAMETRIC_REPRESENTATION_CONTEXT() REPRESENTATION_CONTEXT('2D SPACE',''
  ) );
#4289 = ORIENTED_EDGE('',*,*,#4290,.F.);
#4290 = EDGE_CURVE('',#1124,#4268,#4291,.T.);
#4291 = SURFACE_CURVE('',#4292,(#4296,#4303),.PCURVE_S1.);
#4292 = LINE('',#4293,#4294);
#4293 = CARTESIAN_POINT('',(-5.,-58.7,0.8));
#4294 = VECTOR('',#4295,1.);
#4295 = DIRECTION('',(0.,0.,1.));
#4296 = PCURVE('',#1111,#4297);
#4297 = DEFINITIONAL_REPRESENTATION('',(#4298),#4302);
#4298 = LINE('',#4299,#4300);
#4299 = CARTESIAN_POINT('',(0.,11.65));
#4300 = VECTOR('',#4301,1.);
#4301 = DIRECTION('',(1.,0.));
#4302 = ( GEOMETRIC_REPRESENTATION_CONTEXT(2) 
PARAMETRIC_REPRESENTATION_CONTEXT() REPRESENTATION_CONTEXT('2D SPACE',''
  ) );
#4303 = PCURVE('',#1162,#4304);
#4304 = DEFINITIONAL_REPRESENTATION('',(#4305),#4309);
#4305 = LINE('',#4306,#4307);
#4306 = CARTESIAN_POINT('',(0.,0.));
#4307 = VECTOR('',#4308,1.);
#4308 = DIRECTION('',(1.,0.));
#4309 = ( GEOMETRIC_REPRESENTATION_CONTEXT(2) 
PARAMETRIC_REPRESENTATION_CONTEXT() REPRESENTATION_CONTEXT('2D SPACE',''
  ) );
#4310 = ORIENTED_EDGE('',*,*,#1123,.F.);
#4311 = ADVANCED_FACE('',(#4312),#1321,.T.);
#4312 = FACE_BOUND('',#4313,.T.);
#4313 = EDGE_LOOP('',(#4314,#4315,#4316,#4317));
#4314 = ORIENTED_EDGE('',*,*,#1304,.T.);
#4315 = ORIENTED_EDGE('',*,*,#4239,.T.);
#4316 = ORIENTED_EDGE('',*,*,#1592,.F.);
#4317 = ORIENTED_EDGE('',*,*,#1513,.F.);
#4318 = ADVANCED_FACE('',(#4319),#1162,.T.);
#4319 = FACE_BOUND('',#4320,.T.);
#4320 = EDGE_LOOP('',(#4321,#4344,#4345,#4346));
#4321 = ORIENTED_EDGE('',*,*,#4322,.F.);
#4322 = EDGE_CURVE('',#4268,#4323,#4325,.T.);
#4323 = VERTEX_POINT('',#4324);
#4324 = CARTESIAN_POINT('',(-5.,-55.51,7.));
#4325 = SURFACE_CURVE('',#4326,(#4330,#4337),.PCURVE_S1.);
#4326 = LINE('',#4327,#4328);
#4327 = CARTESIAN_POINT('',(-5.,-58.7,7.));
#4328 = VECTOR('',#4329,1.);
#4329 = DIRECTION('',(0.,1.,0.));
#4330 = PCURVE('',#1162,#4331);
#4331 = DEFINITIONAL_REPRESENTATION('',(#4332),#4336);
#4332 = LINE('',#4333,#4334);
#4333 = CARTESIAN_POINT('',(6.2,0.));
#4334 = VECTOR('',#4335,1.);
#4335 = DIRECTION('',(0.,-1.));
#4336 = ( GEOMETRIC_REPRESENTATION_CONTEXT(2) 
PARAMETRIC_REPRESENTATION_CONTEXT() REPRESENTATION_CONTEXT('2D SPACE',''
  ) );
#4337 = PCURVE('',#4178,#4338);
#4338 = DEFINITIONAL_REPRESENTATION('',(#4339),#4343);
#4339 = LINE('',#4340,#4341);
#4340 = CARTESIAN_POINT('',(11.65,0.));
#4341 = VECTOR('',#4342,1.);
#4342 = DIRECTION('',(0.,1.));
#4343 = ( GEOMETRIC_REPRESENTATION_CONTEXT(2) 
PARAMETRIC_REPRESENTATION_CONTEXT() REPRESENTATION_CONTEXT('2D SPACE',''
  ) );
#4344 = ORIENTED_EDGE('',*,*,#4290,.F.);
#4345 = ORIENTED_EDGE('',*,*,#1146,.T.);
#4346 = ORIENTED_EDGE('',*,*,#4347,.T.);
#4347 = EDGE_CURVE('',#1147,#4323,#4348,.T.);
#4348 = SURFACE_CURVE('',#4349,(#4353,#4360),.PCURVE_S1.);
#4349 = LINE('',#4350,#4351);
#4350 = CARTESIAN_POINT('',(-5.,-55.51,0.8));
#4351 = VECTOR('',#4352,1.);
#4352 = DIRECTION('',(0.,0.,1.));
#4353 = PCURVE('',#1162,#4354);
#4354 = DEFINITIONAL_REPRESENTATION('',(#4355),#4359);
#4355 = LINE('',#4356,#4357);
#4356 = CARTESIAN_POINT('',(2.22044604925E-16,-3.19));
#4357 = VECTOR('',#4358,1.);
#4358 = DIRECTION('',(1.,0.));
#4359 = ( GEOMETRIC_REPRESENTATION_CONTEXT(2) 
PARAMETRIC_REPRESENTATION_CONTEXT() REPRESENTATION_CONTEXT('2D SPACE',''
  ) );
#4360 = PCURVE('',#1190,#4361);
#4361 = DEFINITIONAL_REPRESENTATION('',(#4362),#4366);
#4362 = LINE('',#4363,#4364);
#4363 = CARTESIAN_POINT('',(0.,0.));
#4364 = VECTOR('',#4365,1.);
#4365 = DIRECTION('',(0.,-1.));
#4366 = ( GEOMETRIC_REPRESENTATION_CONTEXT(2) 
PARAMETRIC_REPRESENTATION_CONTEXT() REPRESENTATION_CONTEXT('2D SPACE',''
  ) );
#4367 = ADVANCED_FACE('',(#4368),#1190,.F.);
#4368 = FACE_BOUND('',#4369,.F.);
#4369 = EDGE_LOOP('',(#4370,#4371,#4394,#4415));
#4370 = ORIENTED_EDGE('',*,*,#4347,.T.);
#4371 = ORIENTED_EDGE('',*,*,#4372,.T.);
#4372 = EDGE_CURVE('',#4323,#4373,#4375,.T.);
#4373 = VERTEX_POINT('',#4374);
#4374 = CARTESIAN_POINT('',(-6.2,-54.31,7.));
#4375 = SURFACE_CURVE('',#4376,(#4380,#4387),.PCURVE_S1.);
#4376 = LINE('',#4377,#4378);
#4377 = CARTESIAN_POINT('',(-5.,-55.51,7.));
#4378 = VECTOR('',#4379,1.);
#4379 = DIRECTION('',(-0.707106781187,0.707106781187,0.));
#4380 = PCURVE('',#1190,#4381);
#4381 = DEFINITIONAL_REPRESENTATION('',(#4382),#4386);
#4382 = LINE('',#4383,#4384);
#4383 = CARTESIAN_POINT('',(0.,-6.2));
#4384 = VECTOR('',#4385,1.);
#4385 = DIRECTION('',(1.,0.));
#4386 = ( GEOMETRIC_REPRESENTATION_CONTEXT(2) 
PARAMETRIC_REPRESENTATION_CONTEXT() REPRESENTATION_CONTEXT('2D SPACE',''
  ) );
#4387 = PCURVE('',#4178,#4388);
#4388 = DEFINITIONAL_REPRESENTATION('',(#4389),#4393);
#4389 = LINE('',#4390,#4391);
#4390 = CARTESIAN_POINT('',(11.65,3.19));
#4391 = VECTOR('',#4392,1.);
#4392 = DIRECTION('',(-0.707106781187,0.707106781187));
#4393 = ( GEOMETRIC_REPRESENTATION_CONTEXT(2) 
PARAMETRIC_REPRESENTATION_CONTEXT() REPRESENTATION_CONTEXT('2D SPACE',''
  ) );
#4394 = ORIENTED_EDGE('',*,*,#4395,.F.);
#4395 = EDGE_CURVE('',#1175,#4373,#4396,.T.);
#4396 = SURFACE_CURVE('',#4397,(#4401,#4408),.PCURVE_S1.);
#4397 = LINE('',#4398,#4399);
#4398 = CARTESIAN_POINT('',(-6.2,-54.31,0.8));
#4399 = VECTOR('',#4400,1.);
#4400 = DIRECTION('',(0.,0.,1.));
#4401 = PCURVE('',#1190,#4402);
#4402 = DEFINITIONAL_REPRESENTATION('',(#4403),#4407);
#4403 = LINE('',#4404,#4405);
#4404 = CARTESIAN_POINT('',(1.697056274848,0.));
#4405 = VECTOR('',#4406,1.);
#4406 = DIRECTION('',(0.,-1.));
#4407 = ( GEOMETRIC_REPRESENTATION_CONTEXT(2) 
PARAMETRIC_REPRESENTATION_CONTEXT() REPRESENTATION_CONTEXT('2D SPACE',''
  ) );
#4408 = PCURVE('',#1218,#4409);
#4409 = DEFINITIONAL_REPRESENTATION('',(#4410),#4414);
#4410 = LINE('',#4411,#4412);
#4411 = CARTESIAN_POINT('',(2.22044604925E-16,10.45));
#4412 = VECTOR('',#4413,1.);
#4413 = DIRECTION('',(1.,0.));
#4414 = ( GEOMETRIC_REPRESENTATION_CONTEXT(2) 
PARAMETRIC_REPRESENTATION_CONTEXT() REPRESENTATION_CONTEXT('2D SPACE',''
  ) );
#4415 = ORIENTED_EDGE('',*,*,#1174,.F.);
#4416 = ADVANCED_FACE('',(#4417),#1218,.T.);
#4417 = FACE_BOUND('',#4418,.T.);
#4418 = EDGE_LOOP('',(#4419,#4420,#4439,#4440,#4441,#4462));
#4419 = ORIENTED_EDGE('',*,*,#1202,.F.);
#4420 = ORIENTED_EDGE('',*,*,#4421,.F.);
#4421 = EDGE_CURVE('',#1856,#1203,#4422,.T.);
#4422 = SURFACE_CURVE('',#4423,(#4427,#4433),.PCURVE_S1.);
#4423 = LINE('',#4424,#4425);
#4424 = CARTESIAN_POINT('',(-15.65,-54.31,0.8));
#4425 = VECTOR('',#4426,1.);
#4426 = DIRECTION('',(0.,0.,-1.));
#4427 = PCURVE('',#1218,#4428);
#4428 = DEFINITIONAL_REPRESENTATION('',(#4429),#4432);
#4429 = B_SPLINE_CURVE_WITH_KNOTS('',1,(#4430,#4431),.UNSPECIFIED.,.F.,
  .F.,(2,2),(-5.2,-1.110223024625E-16),.PIECEWISE_BEZIER_KNOTS.);
#4430 = CARTESIAN_POINT('',(5.2,1.));
#4431 = CARTESIAN_POINT('',(2.22044604925E-16,1.));
#4432 = ( GEOMETRIC_REPRESENTATION_CONTEXT(2) 
PARAMETRIC_REPRESENTATION_CONTEXT() REPRESENTATION_CONTEXT('2D SPACE',''
  ) );
#4433 = PCURVE('',#1246,#4434);
#4434 = DEFINITIONAL_REPRESENTATION('',(#4435),#4438);
#4435 = B_SPLINE_CURVE_WITH_KNOTS('',1,(#4436,#4437),.UNSPECIFIED.,.F.,
  .F.,(2,2),(-5.2,-1.110223024625E-16),.PIECEWISE_BEZIER_KNOTS.);
#4436 = CARTESIAN_POINT('',(4.39,-5.2));
#4437 = CARTESIAN_POINT('',(4.39,0.));
#4438 = ( GEOMETRIC_REPRESENTATION_CONTEXT(2) 
PARAMETRIC_REPRESENTATION_CONTEXT() REPRESENTATION_CONTEXT('2D SPACE',''
  ) );
#4439 = ORIENTED_EDGE('',*,*,#1855,.T.);
#4440 = ORIENTED_EDGE('',*,*,#4214,.T.);
#4441 = ORIENTED_EDGE('',*,*,#4442,.T.);
#4442 = EDGE_CURVE('',#4163,#4373,#4443,.T.);
#4443 = SURFACE_CURVE('',#4444,(#4448,#4455),.PCURVE_S1.);
#4444 = LINE('',#4445,#4446);
#4445 = CARTESIAN_POINT('',(-16.65,-54.31,7.));
#4446 = VECTOR('',#4447,1.);
#4447 = DIRECTION('',(1.,0.,0.));
#4448 = PCURVE('',#1218,#4449);
#4449 = DEFINITIONAL_REPRESENTATION('',(#4450),#4454);
#4450 = LINE('',#4451,#4452);
#4451 = CARTESIAN_POINT('',(6.2,0.));
#4452 = VECTOR('',#4453,1.);
#4453 = DIRECTION('',(0.,1.));
#4454 = ( GEOMETRIC_REPRESENTATION_CONTEXT(2) 
PARAMETRIC_REPRESENTATION_CONTEXT() REPRESENTATION_CONTEXT('2D SPACE',''
  ) );
#4455 = PCURVE('',#4178,#4456);
#4456 = DEFINITIONAL_REPRESENTATION('',(#4457),#4461);
#4457 = LINE('',#4458,#4459);
#4458 = CARTESIAN_POINT('',(0.,4.39));
#4459 = VECTOR('',#4460,1.);
#4460 = DIRECTION('',(1.,0.));
#4461 = ( GEOMETRIC_REPRESENTATION_CONTEXT(2) 
PARAMETRIC_REPRESENTATION_CONTEXT() REPRESENTATION_CONTEXT('2D SPACE',''
  ) );
#4462 = ORIENTED_EDGE('',*,*,#4395,.F.);
#4463 = ADVANCED_FACE('',(#4464),#1246,.F.);
#4464 = FACE_BOUND('',#4465,.F.);
#4465 = EDGE_LOOP('',(#4466,#4467,#4468,#4469));
#4466 = ORIENTED_EDGE('',*,*,#1230,.F.);
#4467 = ORIENTED_EDGE('',*,*,#4421,.F.);
#4468 = ORIENTED_EDGE('',*,*,#1878,.T.);
#4469 = ORIENTED_EDGE('',*,*,#4082,.F.);
#4470 = ADVANCED_FACE('',(#4471),#1438,.F.);
#4471 = FACE_BOUND('',#4472,.T.);
#4472 = EDGE_LOOP('',(#4473,#4496,#4497,#4498));
#4473 = ORIENTED_EDGE('',*,*,#4474,.F.);
#4474 = EDGE_CURVE('',#1418,#4475,#4477,.T.);
#4475 = VERTEX_POINT('',#4476);
#4476 = CARTESIAN_POINT('',(-35.8,-43.,4.8));
#4477 = SEAM_CURVE('',#4478,(#4482,#4489),.PCURVE_S1.);
#4478 = LINE('',#4479,#4480);
#4479 = CARTESIAN_POINT('',(-35.8,-43.,-13.));
#4480 = VECTOR('',#4481,1.);
#4481 = DIRECTION('',(0.,0.,1.));
#4482 = PCURVE('',#1438,#4483);
#4483 = DEFINITIONAL_REPRESENTATION('',(#4484),#4488);
#4484 = LINE('',#4485,#4486);
#4485 = CARTESIAN_POINT('',(-6.28318530718,0.));
#4486 = VECTOR('',#4487,1.);
#4487 = DIRECTION('',(-0.,-1.));
#4488 = ( GEOMETRIC_REPRESENTATION_CONTEXT(2) 
PARAMETRIC_REPRESENTATION_CONTEXT() REPRESENTATION_CONTEXT('2D SPACE',''
  ) );
#4489 = PCURVE('',#1438,#4490);
#4490 = DEFINITIONAL_REPRESENTATION('',(#4491),#4495);
#4491 = LINE('',#4492,#4493);
#4492 = CARTESIAN_POINT('',(-0.,0.));
#4493 = VECTOR('',#4494,1.);
#4494 = DIRECTION('',(-0.,-1.));
#4495 = ( GEOMETRIC_REPRESENTATION_CONTEXT(2) 
PARAMETRIC_REPRESENTATION_CONTEXT() REPRESENTATION_CONTEXT('2D SPACE',''
  ) );
#4496 = ORIENTED_EDGE('',*,*,#1417,.T.);
#4497 = ORIENTED_EDGE('',*,*,#4474,.T.);
#4498 = ORIENTED_EDGE('',*,*,#4499,.F.);
#4499 = EDGE_CURVE('',#4475,#4475,#4500,.T.);
#4500 = SURFACE_CURVE('',#4501,(#4506,#4513),.PCURVE_S1.);
#4501 = CIRCLE('',#4502,2.2);
#4502 = AXIS2_PLACEMENT_3D('',#4503,#4504,#4505);
#4503 = CARTESIAN_POINT('',(-38.,-43.,4.8));
#4504 = DIRECTION('',(0.,0.,-1.));
#4505 = DIRECTION('',(1.,0.,0.));
#4506 = PCURVE('',#1438,#4507);
#4507 = DEFINITIONAL_REPRESENTATION('',(#4508),#4512);
#4508 = LINE('',#4509,#4510);
#4509 = CARTESIAN_POINT('',(-6.28318530718,-17.8));
#4510 = VECTOR('',#4511,1.);
#4511 = DIRECTION('',(1.,-0.));
#4512 = ( GEOMETRIC_REPRESENTATION_CONTEXT(2) 
PARAMETRIC_REPRESENTATION_CONTEXT() REPRESENTATION_CONTEXT('2D SPACE',''
  ) );
#4513 = PCURVE('',#4514,#4519);
#4514 = PLANE('',#4515);
#4515 = AXIS2_PLACEMENT_3D('',#4516,#4517,#4518);
#4516 = CARTESIAN_POINT('',(-38.,-43.,4.8));
#4517 = DIRECTION('',(0.,0.,1.));
#4518 = DIRECTION('',(1.,0.,-0.));
#4519 = DEFINITIONAL_REPRESENTATION('',(#4520),#4528);
#4520 = ( BOUNDED_CURVE() B_SPLINE_CURVE(2,(#4521,#4522,#4523,#4524,
#4525,#4526,#4527),.UNSPECIFIED.,.T.,.F.) B_SPLINE_CURVE_WITH_KNOTS((1,2
    ,2,2,2,1),(-2.094395102393,0.,2.094395102393,4.188790204786,
6.28318530718,8.377580409573),.UNSPECIFIED.) CURVE() 
GEOMETRIC_REPRESENTATION_ITEM() RATIONAL_B_SPLINE_CURVE((1.,0.5,1.,0.5,
1.,0.5,1.)) REPRESENTATION_ITEM('') );
#4521 = CARTESIAN_POINT('',(2.2,0.));
#4522 = CARTESIAN_POINT('',(2.2,-3.810511776652));
#4523 = CARTESIAN_POINT('',(-1.1,-1.905255888326));
#4524 = CARTESIAN_POINT('',(-4.4,-5.388445916248E-16));
#4525 = CARTESIAN_POINT('',(-1.1,1.905255888326));
#4526 = CARTESIAN_POINT('',(2.2,3.810511776652));
#4527 = CARTESIAN_POINT('',(2.2,0.));
#4528 = ( GEOMETRIC_REPRESENTATION_CONTEXT(2) 
PARAMETRIC_REPRESENTATION_CONTEXT() REPRESENTATION_CONTEXT('2D SPACE',''
  ) );
#4529 = ADVANCED_FACE('',(#4530),#1473,.F.);
#4530 = FACE_BOUND('',#4531,.T.);
#4531 = EDGE_LOOP('',(#4532,#4533,#4556,#4583));
#4532 = ORIENTED_EDGE('',*,*,#1452,.T.);
#4533 = ORIENTED_EDGE('',*,*,#4534,.T.);
#4534 = EDGE_CURVE('',#1453,#4535,#4537,.T.);
#4535 = VERTEX_POINT('',#4536);
#4536 = CARTESIAN_POINT('',(-40.9,-36.5,5.4));
#4537 = SEAM_CURVE('',#4538,(#4542,#4549),.PCURVE_S1.);
#4538 = LINE('',#4539,#4540);
#4539 = CARTESIAN_POINT('',(-40.9,-36.5,-5.4));
#4540 = VECTOR('',#4541,1.);
#4541 = DIRECTION('',(0.,0.,1.));
#4542 = PCURVE('',#1473,#4543);
#4543 = DEFINITIONAL_REPRESENTATION('',(#4544),#4548);
#4544 = LINE('',#4545,#4546);
#4545 = CARTESIAN_POINT('',(-6.28318530718,0.));
#4546 = VECTOR('',#4547,1.);
#4547 = DIRECTION('',(-0.,-1.));
#4548 = ( GEOMETRIC_REPRESENTATION_CONTEXT(2) 
PARAMETRIC_REPRESENTATION_CONTEXT() REPRESENTATION_CONTEXT('2D SPACE',''
  ) );
#4549 = PCURVE('',#1473,#4550);
#4550 = DEFINITIONAL_REPRESENTATION('',(#4551),#4555);
#4551 = LINE('',#4552,#4553);
#4552 = CARTESIAN_POINT('',(-0.,0.));
#4553 = VECTOR('',#4554,1.);
#4554 = DIRECTION('',(-0.,-1.));
#4555 = ( GEOMETRIC_REPRESENTATION_CONTEXT(2) 
PARAMETRIC_REPRESENTATION_CONTEXT() REPRESENTATION_CONTEXT('2D SPACE',''
  ) );
#4556 = ORIENTED_EDGE('',*,*,#4557,.T.);
#4557 = EDGE_CURVE('',#4535,#4535,#4558,.T.);
#4558 = SURFACE_CURVE('',#4559,(#4564,#4571),.PCURVE_S1.);
#4559 = CIRCLE('',#4560,1.6);
#4560 = AXIS2_PLACEMENT_3D('',#4561,#4562,#4563);
#4561 = CARTESIAN_POINT('',(-42.5,-36.5,5.4));
#4562 = DIRECTION('',(0.,0.,1.));
#4563 = DIRECTION('',(1.,0.,0.));
#4564 = PCURVE('',#1473,#4565);
#4565 = DEFINITIONAL_REPRESENTATION('',(#4566),#4570);
#4566 = LINE('',#4567,#4568);
#4567 = CARTESIAN_POINT('',(-0.,-10.8));
#4568 = VECTOR('',#4569,1.);
#4569 = DIRECTION('',(-1.,0.));
#4570 = ( GEOMETRIC_REPRESENTATION_CONTEXT(2) 
PARAMETRIC_REPRESENTATION_CONTEXT() REPRESENTATION_CONTEXT('2D SPACE',''
  ) );
#4571 = PCURVE('',#4572,#4577);
#4572 = PLANE('',#4573);
#4573 = AXIS2_PLACEMENT_3D('',#4574,#4575,#4576);
#4574 = CARTESIAN_POINT('',(-42.5,-36.5,5.4));
#4575 = DIRECTION('',(0.,0.,1.));
#4576 = DIRECTION('',(1.,0.,-0.));
#4577 = DEFINITIONAL_REPRESENTATION('',(#4578),#4582);
#4578 = CIRCLE('',#4579,1.6);
#4579 = AXIS2_PLACEMENT_2D('',#4580,#4581);
#4580 = CARTESIAN_POINT('',(-7.105427357601E-15,0.));
#4581 = DIRECTION('',(1.,0.));
#4582 = ( GEOMETRIC_REPRESENTATION_CONTEXT(2) 
PARAMETRIC_REPRESENTATION_CONTEXT() REPRESENTATION_CONTEXT('2D SPACE',''
  ) );
#4583 = ORIENTED_EDGE('',*,*,#4534,.F.);
#4584 = ADVANCED_FACE('',(#4585),#1737,.F.);
#4585 = FACE_BOUND('',#4586,.T.);
#4586 = EDGE_LOOP('',(#4587,#4611,#4632,#4633));
#4587 = ORIENTED_EDGE('',*,*,#4588,.F.);
#4588 = EDGE_CURVE('',#4589,#4589,#4591,.T.);
#4589 = VERTEX_POINT('',#4590);
#4590 = CARTESIAN_POINT('',(-34.3,-43.,4.8));
#4591 = SURFACE_CURVE('',#4592,(#4597,#4604),.PCURVE_S1.);
#4592 = CIRCLE('',#4593,3.7);
#4593 = AXIS2_PLACEMENT_3D('',#4594,#4595,#4596);
#4594 = CARTESIAN_POINT('',(-38.,-43.,4.8));
#4595 = DIRECTION('',(0.,0.,1.));
#4596 = DIRECTION('',(1.,0.,0.));
#4597 = PCURVE('',#1737,#4598);
#4598 = DEFINITIONAL_REPRESENTATION('',(#4599),#4603);
#4599 = LINE('',#4600,#4601);
#4600 = CARTESIAN_POINT('',(-0.,0.));
#4601 = VECTOR('',#4602,1.);
#4602 = DIRECTION('',(-1.,0.));
#4603 = ( GEOMETRIC_REPRESENTATION_CONTEXT(2) 
PARAMETRIC_REPRESENTATION_CONTEXT() REPRESENTATION_CONTEXT('2D SPACE',''
  ) );
#4604 = PCURVE('',#4514,#4605);
#4605 = DEFINITIONAL_REPRESENTATION('',(#4606),#4610);
#4606 = CIRCLE('',#4607,3.7);
#4607 = AXIS2_PLACEMENT_2D('',#4608,#4609);
#4608 = CARTESIAN_POINT('',(7.105427357601E-15,0.));
#4609 = DIRECTION('',(1.,0.));
#4610 = ( GEOMETRIC_REPRESENTATION_CONTEXT(2) 
PARAMETRIC_REPRESENTATION_CONTEXT() REPRESENTATION_CONTEXT('2D SPACE',''
  ) );
#4611 = ORIENTED_EDGE('',*,*,#4612,.T.);
#4612 = EDGE_CURVE('',#4589,#1717,#4613,.T.);
#4613 = SEAM_CURVE('',#4614,(#4618,#4625),.PCURVE_S1.);
#4614 = LINE('',#4615,#4616);
#4615 = CARTESIAN_POINT('',(-34.3,-43.,4.8));
#4616 = VECTOR('',#4617,1.);
#4617 = DIRECTION('',(0.,0.,1.));
#4618 = PCURVE('',#1737,#4619);
#4619 = DEFINITIONAL_REPRESENTATION('',(#4620),#4624);
#4620 = LINE('',#4621,#4622);
#4621 = CARTESIAN_POINT('',(-6.28318530718,0.));
#4622 = VECTOR('',#4623,1.);
#4623 = DIRECTION('',(-0.,-1.));
#4624 = ( GEOMETRIC_REPRESENTATION_CONTEXT(2) 
PARAMETRIC_REPRESENTATION_CONTEXT() REPRESENTATION_CONTEXT('2D SPACE',''
  ) );
#4625 = PCURVE('',#1737,#4626);
#4626 = DEFINITIONAL_REPRESENTATION('',(#4627),#4631);
#4627 = LINE('',#4628,#4629);
#4628 = CARTESIAN_POINT('',(-0.,0.));
#4629 = VECTOR('',#4630,1.);
#4630 = DIRECTION('',(-0.,-1.));
#4631 = ( GEOMETRIC_REPRESENTATION_CONTEXT(2) 
PARAMETRIC_REPRESENTATION_CONTEXT() REPRESENTATION_CONTEXT('2D SPACE',''
  ) );
#4632 = ORIENTED_EDGE('',*,*,#1716,.F.);
#4633 = ORIENTED_EDGE('',*,*,#4612,.F.);
#4634 = ADVANCED_FACE('',(#4635,#4730),#2146,.F.);
#4635 = FACE_BOUND('',#4636,.F.);
#4636 = EDGE_LOOP('',(#4637,#4638,#4657,#4658,#4681,#4709));
#4637 = ORIENTED_EDGE('',*,*,#2380,.F.);
#4638 = ORIENTED_EDGE('',*,*,#4639,.T.);
#4639 = EDGE_CURVE('',#2358,#2132,#4640,.T.);
#4640 = SURFACE_CURVE('',#4641,(#4645,#4651),.PCURVE_S1.);
#4641 = LINE('',#4642,#4643);
#4642 = CARTESIAN_POINT('',(-15.65,54.31,0.8));
#4643 = VECTOR('',#4644,1.);
#4644 = DIRECTION('',(0.,-0.,1.));
#4645 = PCURVE('',#2146,#4646);
#4646 = DEFINITIONAL_REPRESENTATION('',(#4647),#4650);
#4647 = B_SPLINE_CURVE_WITH_KNOTS('',1,(#4648,#4649),.UNSPECIFIED.,.F.,
  .F.,(2,2),(1.110223024625E-16,5.2),.PIECEWISE_BEZIER_KNOTS.);
#4648 = CARTESIAN_POINT('',(2.22044604925E-16,1.));
#4649 = CARTESIAN_POINT('',(5.2,1.));
#4650 = ( GEOMETRIC_REPRESENTATION_CONTEXT(2) 
PARAMETRIC_REPRESENTATION_CONTEXT() REPRESENTATION_CONTEXT('2D SPACE',''
  ) );
#4651 = PCURVE('',#2173,#4652);
#4652 = DEFINITIONAL_REPRESENTATION('',(#4653),#4656);
#4653 = B_SPLINE_CURVE_WITH_KNOTS('',1,(#4654,#4655),.UNSPECIFIED.,.F.,
  .F.,(2,2),(1.110223024625E-16,5.2),.PIECEWISE_BEZIER_KNOTS.);
#4654 = CARTESIAN_POINT('',(4.39,0.));
#4655 = CARTESIAN_POINT('',(4.39,-5.2));
#4656 = ( GEOMETRIC_REPRESENTATION_CONTEXT(2) 
PARAMETRIC_REPRESENTATION_CONTEXT() REPRESENTATION_CONTEXT('2D SPACE',''
  ) );
#4657 = ORIENTED_EDGE('',*,*,#2129,.F.);
#4658 = ORIENTED_EDGE('',*,*,#4659,.T.);
#4659 = EDGE_CURVE('',#2130,#4660,#4662,.T.);
#4660 = VERTEX_POINT('',#4661);
#4661 = CARTESIAN_POINT('',(-16.65,54.31,7.));
#4662 = SURFACE_CURVE('',#4663,(#4667,#4674),.PCURVE_S1.);
#4663 = LINE('',#4664,#4665);
#4664 = CARTESIAN_POINT('',(-16.65,54.31,0.8));
#4665 = VECTOR('',#4666,1.);
#4666 = DIRECTION('',(0.,0.,1.));
#4667 = PCURVE('',#2146,#4668);
#4668 = DEFINITIONAL_REPRESENTATION('',(#4669),#4673);
#4669 = LINE('',#4670,#4671);
#4670 = CARTESIAN_POINT('',(0.,0.));
#4671 = VECTOR('',#4672,1.);
#4672 = DIRECTION('',(1.,0.));
#4673 = ( GEOMETRIC_REPRESENTATION_CONTEXT(2) 
PARAMETRIC_REPRESENTATION_CONTEXT() REPRESENTATION_CONTEXT('2D SPACE',''
  ) );
#4674 = PCURVE('',#2270,#4675);
#4675 = DEFINITIONAL_REPRESENTATION('',(#4676),#4680);
#4676 = LINE('',#4677,#4678);
#4677 = CARTESIAN_POINT('',(0.,0.));
#4678 = VECTOR('',#4679,1.);
#4679 = DIRECTION('',(1.,0.));
#4680 = ( GEOMETRIC_REPRESENTATION_CONTEXT(2) 
PARAMETRIC_REPRESENTATION_CONTEXT() REPRESENTATION_CONTEXT('2D SPACE',''
  ) );
#4681 = ORIENTED_EDGE('',*,*,#4682,.T.);
#4682 = EDGE_CURVE('',#4660,#4683,#4685,.T.);
#4683 = VERTEX_POINT('',#4684);
#4684 = CARTESIAN_POINT('',(-6.2,54.31,7.));
#4685 = SURFACE_CURVE('',#4686,(#4690,#4697),.PCURVE_S1.);
#4686 = LINE('',#4687,#4688);
#4687 = CARTESIAN_POINT('',(-16.65,54.31,7.));
#4688 = VECTOR('',#4689,1.);
#4689 = DIRECTION('',(1.,0.,0.));
#4690 = PCURVE('',#2146,#4691);
#4691 = DEFINITIONAL_REPRESENTATION('',(#4692),#4696);
#4692 = LINE('',#4693,#4694);
#4693 = CARTESIAN_POINT('',(6.2,0.));
#4694 = VECTOR('',#4695,1.);
#4695 = DIRECTION('',(0.,1.));
#4696 = ( GEOMETRIC_REPRESENTATION_CONTEXT(2) 
PARAMETRIC_REPRESENTATION_CONTEXT() REPRESENTATION_CONTEXT('2D SPACE',''
  ) );
#4697 = PCURVE('',#4698,#4703);
#4698 = PLANE('',#4699);
#4699 = AXIS2_PLACEMENT_3D('',#4700,#4701,#4702);
#4700 = CARTESIAN_POINT('',(-16.65,54.31,7.));
#4701 = DIRECTION('',(0.,0.,1.));
#4702 = DIRECTION('',(1.,0.,0.));
#4703 = DEFINITIONAL_REPRESENTATION('',(#4704),#4708);
#4704 = LINE('',#4705,#4706);
#4705 = CARTESIAN_POINT('',(0.,0.));
#4706 = VECTOR('',#4707,1.);
#4707 = DIRECTION('',(1.,0.));
#4708 = ( GEOMETRIC_REPRESENTATION_CONTEXT(2) 
PARAMETRIC_REPRESENTATION_CONTEXT() REPRESENTATION_CONTEXT('2D SPACE',''
  ) );
#4709 = ORIENTED_EDGE('',*,*,#4710,.F.);
#4710 = EDGE_CURVE('',#2381,#4683,#4711,.T.);
#4711 = SURFACE_CURVE('',#4712,(#4716,#4723),.PCURVE_S1.);
#4712 = LINE('',#4713,#4714);
#4713 = CARTESIAN_POINT('',(-6.2,54.31,0.8));
#4714 = VECTOR('',#4715,1.);
#4715 = DIRECTION('',(0.,0.,1.));
#4716 = PCURVE('',#2146,#4717);
#4717 = DEFINITIONAL_REPRESENTATION('',(#4718),#4722);
#4718 = LINE('',#4719,#4720);
#4719 = CARTESIAN_POINT('',(2.22044604925E-16,10.45));
#4720 = VECTOR('',#4721,1.);
#4721 = DIRECTION('',(1.,0.));
#4722 = ( GEOMETRIC_REPRESENTATION_CONTEXT(2) 
PARAMETRIC_REPRESENTATION_CONTEXT() REPRESENTATION_CONTEXT('2D SPACE',''
  ) );
#4723 = PCURVE('',#2419,#4724);
#4724 = DEFINITIONAL_REPRESENTATION('',(#4725),#4729);
#4725 = LINE('',#4726,#4727);
#4726 = CARTESIAN_POINT('',(1.697056274848,0.));
#4727 = VECTOR('',#4728,1.);
#4728 = DIRECTION('',(0.,-1.));
#4729 = ( GEOMETRIC_REPRESENTATION_CONTEXT(2) 
PARAMETRIC_REPRESENTATION_CONTEXT() REPRESENTATION_CONTEXT('2D SPACE',''
  ) );
#4730 = FACE_BOUND('',#4731,.F.);
#4731 = EDGE_LOOP('',(#4732));
#4732 = ORIENTED_EDGE('',*,*,#4733,.F.);
#4733 = EDGE_CURVE('',#4734,#4734,#4736,.T.);
#4734 = VERTEX_POINT('',#4735);
#4735 = CARTESIAN_POINT('',(-9.25,54.31,3.9));
#4736 = SURFACE_CURVE('',#4737,(#4742,#4749),.PCURVE_S1.);
#4737 = CIRCLE('',#4738,1.25);
#4738 = AXIS2_PLACEMENT_3D('',#4739,#4740,#4741);
#4739 = CARTESIAN_POINT('',(-10.5,54.31,3.9));
#4740 = DIRECTION('',(0.,1.,-1.110223024625E-16));
#4741 = DIRECTION('',(1.,0.,0.));
#4742 = PCURVE('',#2146,#4743);
#4743 = DEFINITIONAL_REPRESENTATION('',(#4744),#4748);
#4744 = CIRCLE('',#4745,1.25);
#4745 = AXIS2_PLACEMENT_2D('',#4746,#4747);
#4746 = CARTESIAN_POINT('',(3.1,6.15));
#4747 = DIRECTION('',(0.,1.));
#4748 = ( GEOMETRIC_REPRESENTATION_CONTEXT(2) 
PARAMETRIC_REPRESENTATION_CONTEXT() REPRESENTATION_CONTEXT('2D SPACE',''
  ) );
#4749 = PCURVE('',#4750,#4755);
#4750 = CYLINDRICAL_SURFACE('',#4751,1.25);
#4751 = AXIS2_PLACEMENT_3D('',#4752,#4753,#4754);
#4752 = CARTESIAN_POINT('',(-10.5,58.7,3.9));
#4753 = DIRECTION('',(-0.,1.,-1.110223024625E-16));
#4754 = DIRECTION('',(1.,0.,0.));
#4755 = DEFINITIONAL_REPRESENTATION('',(#4756),#4760);
#4756 = LINE('',#4757,#4758);
#4757 = CARTESIAN_POINT('',(-6.28318530718,-4.39));
#4758 = VECTOR('',#4759,1.);
#4759 = DIRECTION('',(1.,-0.));
#4760 = ( GEOMETRIC_REPRESENTATION_CONTEXT(2) 
PARAMETRIC_REPRESENTATION_CONTEXT() REPRESENTATION_CONTEXT('2D SPACE',''
  ) );
#4761 = ADVANCED_FACE('',(#4762),#2270,.F.);
#4762 = FACE_BOUND('',#4763,.F.);
#4763 = EDGE_LOOP('',(#4764,#4765,#4766,#4785,#4786,#4809));
#4764 = ORIENTED_EDGE('',*,*,#4659,.F.);
#4765 = ORIENTED_EDGE('',*,*,#2257,.F.);
#4766 = ORIENTED_EDGE('',*,*,#4767,.T.);
#4767 = EDGE_CURVE('',#2230,#2511,#4768,.T.);
#4768 = SURFACE_CURVE('',#4769,(#4773,#4779),.PCURVE_S1.);
#4769 = LINE('',#4770,#4771);
#4770 = CARTESIAN_POINT('',(-16.65,57.404845814978,0.8));
#4771 = VECTOR('',#4772,1.);
#4772 = DIRECTION('',(0.,0.,-1.));
#4773 = PCURVE('',#2270,#4774);
#4774 = DEFINITIONAL_REPRESENTATION('',(#4775),#4778);
#4775 = B_SPLINE_CURVE_WITH_KNOTS('',1,(#4776,#4777),.UNSPECIFIED.,.F.,
  .F.,(2,2),(-5.2,-1.110223024625E-16),.PIECEWISE_BEZIER_KNOTS.);
#4776 = CARTESIAN_POINT('',(5.2,-3.094845814978));
#4777 = CARTESIAN_POINT('',(2.22044604925E-16,-3.094845814978));
#4778 = ( GEOMETRIC_REPRESENTATION_CONTEXT(2) 
PARAMETRIC_REPRESENTATION_CONTEXT() REPRESENTATION_CONTEXT('2D SPACE',''
  ) );
#4779 = PCURVE('',#2245,#4780);
#4780 = DEFINITIONAL_REPRESENTATION('',(#4781),#4784);
#4781 = B_SPLINE_CURVE_WITH_KNOTS('',1,(#4782,#4783),.UNSPECIFIED.,.F.,
  .F.,(2,2),(-5.2,-1.110223024625E-16),.PIECEWISE_BEZIER_KNOTS.);
#4782 = CARTESIAN_POINT('',(16.935536345901,-5.2));
#4783 = CARTESIAN_POINT('',(16.935536345901,0.));
#4784 = ( GEOMETRIC_REPRESENTATION_CONTEXT(2) 
PARAMETRIC_REPRESENTATION_CONTEXT() REPRESENTATION_CONTEXT('2D SPACE',''
  ) );
#4785 = ORIENTED_EDGE('',*,*,#2510,.T.);
#4786 = ORIENTED_EDGE('',*,*,#4787,.T.);
#4787 = EDGE_CURVE('',#2488,#4788,#4790,.T.);
#4788 = VERTEX_POINT('',#4789);
#4789 = CARTESIAN_POINT('',(-16.65,58.7,7.));
#4790 = SURFACE_CURVE('',#4791,(#4795,#4802),.PCURVE_S1.);
#4791 = LINE('',#4792,#4793);
#4792 = CARTESIAN_POINT('',(-16.65,58.7,0.8));
#4793 = VECTOR('',#4794,1.);
#4794 = DIRECTION('',(0.,0.,1.));
#4795 = PCURVE('',#2270,#4796);
#4796 = DEFINITIONAL_REPRESENTATION('',(#4797),#4801);
#4797 = LINE('',#4798,#4799);
#4798 = CARTESIAN_POINT('',(0.,-4.39));
#4799 = VECTOR('',#4800,1.);
#4800 = DIRECTION('',(1.,0.));
#4801 = ( GEOMETRIC_REPRESENTATION_CONTEXT(2) 
PARAMETRIC_REPRESENTATION_CONTEXT() REPRESENTATION_CONTEXT('2D SPACE',''
  ) );
#4802 = PCURVE('',#2475,#4803);
#4803 = DEFINITIONAL_REPRESENTATION('',(#4804),#4808);
#4804 = LINE('',#4805,#4806);
#4805 = CARTESIAN_POINT('',(0.,0.));
#4806 = VECTOR('',#4807,1.);
#4807 = DIRECTION('',(1.,0.));
#4808 = ( GEOMETRIC_REPRESENTATION_CONTEXT(2) 
PARAMETRIC_REPRESENTATION_CONTEXT() REPRESENTATION_CONTEXT('2D SPACE',''
  ) );
#4809 = ORIENTED_EDGE('',*,*,#4810,.F.);
#4810 = EDGE_CURVE('',#4660,#4788,#4811,.T.);
#4811 = SURFACE_CURVE('',#4812,(#4816,#4823),.PCURVE_S1.);
#4812 = LINE('',#4813,#4814);
#4813 = CARTESIAN_POINT('',(-16.65,54.31,7.));
#4814 = VECTOR('',#4815,1.);
#4815 = DIRECTION('',(0.,1.,0.));
#4816 = PCURVE('',#2270,#4817);
#4817 = DEFINITIONAL_REPRESENTATION('',(#4818),#4822);
#4818 = LINE('',#4819,#4820);
#4819 = CARTESIAN_POINT('',(6.2,0.));
#4820 = VECTOR('',#4821,1.);
#4821 = DIRECTION('',(0.,-1.));
#4822 = ( GEOMETRIC_REPRESENTATION_CONTEXT(2) 
PARAMETRIC_REPRESENTATION_CONTEXT() REPRESENTATION_CONTEXT('2D SPACE',''
  ) );
#4823 = PCURVE('',#4698,#4824);
#4824 = DEFINITIONAL_REPRESENTATION('',(#4825),#4829);
#4825 = LINE('',#4826,#4827);
#4826 = CARTESIAN_POINT('',(0.,0.));
#4827 = VECTOR('',#4828,1.);
#4828 = DIRECTION('',(0.,1.));
#4829 = ( GEOMETRIC_REPRESENTATION_CONTEXT(2) 
PARAMETRIC_REPRESENTATION_CONTEXT() REPRESENTATION_CONTEXT('2D SPACE',''
  ) );
#4830 = ADVANCED_FACE('',(#4831),#2245,.T.);
#4831 = FACE_BOUND('',#4832,.T.);
#4832 = EDGE_LOOP('',(#4833,#4834,#4835,#4836));
#4833 = ORIENTED_EDGE('',*,*,#2533,.F.);
#4834 = ORIENTED_EDGE('',*,*,#2309,.T.);
#4835 = ORIENTED_EDGE('',*,*,#2229,.T.);
#4836 = ORIENTED_EDGE('',*,*,#4767,.T.);
#4837 = ADVANCED_FACE('',(#4838),#2173,.T.);
#4838 = FACE_BOUND('',#4839,.T.);
#4839 = EDGE_LOOP('',(#4840,#4841,#4842,#4843));
#4840 = ORIENTED_EDGE('',*,*,#2357,.F.);
#4841 = ORIENTED_EDGE('',*,*,#4639,.T.);
#4842 = ORIENTED_EDGE('',*,*,#2157,.T.);
#4843 = ORIENTED_EDGE('',*,*,#3953,.T.);
#4844 = ADVANCED_FACE('',(#4845),#2657,.T.);
#4845 = FACE_BOUND('',#4846,.F.);
#4846 = EDGE_LOOP('',(#4847,#4848,#4849,#4872,#4906,#4933,#4967,#4995,
    #5028,#5053));
#4847 = ORIENTED_EDGE('',*,*,#3927,.F.);
#4848 = ORIENTED_EDGE('',*,*,#2636,.T.);
#4849 = ORIENTED_EDGE('',*,*,#4850,.T.);
#4850 = EDGE_CURVE('',#2609,#4851,#4853,.T.);
#4851 = VERTEX_POINT('',#4852);
#4852 = CARTESIAN_POINT('',(-44.,50.6,1.95421638102));
#4853 = SURFACE_CURVE('',#4854,(#4858,#4865),.PCURVE_S1.);
#4854 = LINE('',#4855,#4856);
#4855 = CARTESIAN_POINT('',(-44.,50.6,0.8));
#4856 = VECTOR('',#4857,1.);
#4857 = DIRECTION('',(0.,0.,1.));
#4858 = PCURVE('',#2657,#4859);
#4859 = DEFINITIONAL_REPRESENTATION('',(#4860),#4864);
#4860 = LINE('',#4861,#4862);
#4861 = CARTESIAN_POINT('',(-1.570796326795,0.));
#4862 = VECTOR('',#4863,1.);
#4863 = DIRECTION('',(-0.,1.));
#4864 = ( GEOMETRIC_REPRESENTATION_CONTEXT(2) 
PARAMETRIC_REPRESENTATION_CONTEXT() REPRESENTATION_CONTEXT('2D SPACE',''
  ) );
#4865 = PCURVE('',#2624,#4866);
#4866 = DEFINITIONAL_REPRESENTATION('',(#4867),#4871);
#4867 = LINE('',#4868,#4869);
#4868 = CARTESIAN_POINT('',(0.,3.));
#4869 = VECTOR('',#4870,1.);
#4870 = DIRECTION('',(1.,0.));
#4871 = ( GEOMETRIC_REPRESENTATION_CONTEXT(2) 
PARAMETRIC_REPRESENTATION_CONTEXT() REPRESENTATION_CONTEXT('2D SPACE',''
  ) );
#4872 = ORIENTED_EDGE('',*,*,#4873,.T.);
#4873 = EDGE_CURVE('',#4851,#4874,#4876,.T.);
#4874 = VERTEX_POINT('',#4875);
#4875 = CARTESIAN_POINT('',(-45.48033609255,50.209330384042,
    1.812258289698));
#4876 = SURFACE_CURVE('',#4877,(#4882,#4894),.PCURVE_S1.);
#4877 = ELLIPSE('',#4878,3.191938095835,3.);
#4878 = AXIS2_PLACEMENT_3D('',#4879,#4880,#4881);
#4879 = CARTESIAN_POINT('',(-44.,47.6,0.864047216428));
#4880 = DIRECTION('',(4.591374864901E-06,-0.341538316803,0.939867851421)
  );
#4881 = DIRECTION('',(-1.263485066431E-05,0.939867851336,0.341538316834)
  );
#4882 = PCURVE('',#2657,#4883);
#4883 = DEFINITIONAL_REPRESENTATION('',(#4884),#4893);
#4884 = B_SPLINE_CURVE_WITH_KNOTS('',7,(#4885,#4886,#4887,#4888,#4889,
    #4890,#4891,#4892),.UNSPECIFIED.,.F.,.F.,(8,8),(6.283171863959,
    7.436391533243),.PIECEWISE_BEZIER_KNOTS.);
#4885 = CARTESIAN_POINT('',(-1.570796326795,1.15421638102));
#4886 = CARTESIAN_POINT('',(-1.406050659754,1.154218795431));
#4887 = CARTESIAN_POINT('',(-1.241304992714,1.119701266929));
#4888 = CARTESIAN_POINT('',(-1.076559325673,1.050664592565));
#4889 = CARTESIAN_POINT('',(-0.911813658632,0.949400489732));
#4890 = CARTESIAN_POINT('',(-0.747067991592,0.820509756655));
#4891 = CARTESIAN_POINT('',(-0.582322324551,0.670342309143));
#4892 = CARTESIAN_POINT('',(-0.417576657511,0.506174935111));
#4893 = ( GEOMETRIC_REPRESENTATION_CONTEXT(2) 
PARAMETRIC_REPRESENTATION_CONTEXT() REPRESENTATION_CONTEXT('2D SPACE',''
  ) );
#4894 = PCURVE('',#4895,#4900);
#4895 = PLANE('',#4896);
#4896 = AXIS2_PLACEMENT_3D('',#4897,#4898,#4899);
#4897 = CARTESIAN_POINT('',(-31.40431839211,50.119395449529,
    1.77950809574));
#4898 = DIRECTION('',(4.591374864901E-06,-0.341538316803,0.939867851421)
  );
#4899 = DIRECTION('',(-0.995260706663,-9.139676629514E-02,
    -3.320778347674E-02));
#4900 = DEFINITIONAL_REPRESENTATION('',(#4901),#4905);
#4901 = ELLIPSE('',#4902,3.191938095835,3.);
#4902 = AXIS2_PLACEMENT_2D('',#4903,#4904);
#4903 = CARTESIAN_POINT('',(12.796652001736,1.443022787904));
#4904 = DIRECTION('',(-9.723003786089E-02,-0.99526193524));
#4905 = ( GEOMETRIC_REPRESENTATION_CONTEXT(2) 
PARAMETRIC_REPRESENTATION_CONTEXT() REPRESENTATION_CONTEXT('2D SPACE',''
  ) );
#4906 = ORIENTED_EDGE('',*,*,#4907,.T.);
#4907 = EDGE_CURVE('',#4874,#4908,#4910,.T.);
#4908 = VERTEX_POINT('',#4909);
#4909 = CARTESIAN_POINT('',(-45.61995037682,50.125026886316,
    6.228622857057));
#4910 = SURFACE_CURVE('',#4911,(#4916,#4926),.PCURVE_S1.);
#4911 = ELLIPSE('',#4912,90.34026622406,3.);
#4912 = AXIS2_PLACEMENT_3D('',#4913,#4914,#4915);
#4913 = CARTESIAN_POINT('',(-44.,47.6,-35.37287895802));
#4914 = DIRECTION('',(0.995260706663,9.139676629514E-02,
    3.320778347674E-02));
#4915 = DIRECTION('',(-3.306864041471E-02,-3.036758890859E-03,
    0.999448469465));
#4916 = PCURVE('',#2657,#4917);
#4917 = DEFINITIONAL_REPRESENTATION('',(#4918),#4925);
#4918 = B_SPLINE_CURVE_WITH_KNOTS('',5,(#4919,#4920,#4921,#4922,#4923,
    #4924),.UNSPECIFIED.,.F.,.F.,(6,6),(5.125184782666,5.226138338611),
  .PIECEWISE_BEZIER_KNOTS.);
#4919 = CARTESIAN_POINT('',(-1.066425384333,4.910469405773E-02));
#4920 = CARTESIAN_POINT('',(-1.046234673144,1.71900365497));
#4921 = CARTESIAN_POINT('',(-1.026043961955,3.370444581685));
#4922 = CARTESIAN_POINT('',(-1.005853250766,5.002009217785));
#4923 = CARTESIAN_POINT('',(-0.985662539577,6.612310696913));
#4924 = CARTESIAN_POINT('',(-0.965471828388,8.2000006));
#4925 = ( GEOMETRIC_REPRESENTATION_CONTEXT(2) 
PARAMETRIC_REPRESENTATION_CONTEXT() REPRESENTATION_CONTEXT('2D SPACE',''
  ) );
#4926 = PCURVE('',#3857,#4927);
#4927 = DEFINITIONAL_REPRESENTATION('',(#4928),#4932);
#4928 = ELLIPSE('',#4929,90.34026622406,3.);
#4929 = AXIS2_PLACEMENT_2D('',#4930,#4931);
#4930 = CARTESIAN_POINT('',(-34.05792194566,13.760681855698));
#4931 = DIRECTION('',(0.940386503292,-0.340107665934));
#4932 = ( GEOMETRIC_REPRESENTATION_CONTEXT(2) 
PARAMETRIC_REPRESENTATION_CONTEXT() REPRESENTATION_CONTEXT('2D SPACE',''
  ) );
#4933 = ORIENTED_EDGE('',*,*,#4934,.F.);
#4934 = EDGE_CURVE('',#4935,#4908,#4937,.T.);
#4935 = VERTEX_POINT('',#4936);
#4936 = CARTESIAN_POINT('',(-44.,50.6,5.384989266248));
#4937 = SURFACE_CURVE('',#4938,(#4943,#4955),.PCURVE_S1.);
#4938 = ELLIPSE('',#4939,8.825603787621,3.);
#4939 = AXIS2_PLACEMENT_3D('',#4940,#4941,#4942);
#4940 = CARTESIAN_POINT('',(-44.,47.6,13.640577219657));
#4941 = DIRECTION('',(-9.724261283803E-02,0.935413389505,0.339920086171)
  );
#4942 = DIRECTION('',(3.514760525998E-02,-0.33809807871,0.940454323727)
  );
#4943 = PCURVE('',#2657,#4944);
#4944 = DEFINITIONAL_REPRESENTATION('',(#4945),#4954);
#4945 = B_SPLINE_CURVE_WITH_KNOTS('',7,(#4946,#4947,#4948,#4949,#4950,
    #4951,#4952,#4953),.UNSPECIFIED.,.F.,.F.,(8,8),(3.038007899604,
    3.98158548602),.PIECEWISE_BEZIER_KNOTS.);
#4946 = CARTESIAN_POINT('',(-1.570796326795,4.584989266248));
#4947 = CARTESIAN_POINT('',(-1.435999528735,4.469303314943));
#4948 = CARTESIAN_POINT('',(-1.301202730676,4.528623956701));
#4949 = CARTESIAN_POINT('',(-1.166405932617,4.766382997574));
#4950 = CARTESIAN_POINT('',(-1.031609134557,5.178229003783));
#4951 = CARTESIAN_POINT('',(-0.896812336498,5.751742551396));
#4952 = CARTESIAN_POINT('',(-0.762015538438,6.467420790367));
#4953 = CARTESIAN_POINT('',(-0.627218740379,7.300539909591));
#4954 = ( GEOMETRIC_REPRESENTATION_CONTEXT(2) 
PARAMETRIC_REPRESENTATION_CONTEXT() REPRESENTATION_CONTEXT('2D SPACE',''
  ) );
#4955 = PCURVE('',#4956,#4961);
#4956 = PLANE('',#4957);
#4957 = AXIS2_PLACEMENT_3D('',#4958,#4959,#4960);
#4958 = CARTESIAN_POINT('',(-38.65312441824,50.689529162692,
    6.66822433326));
#4959 = DIRECTION('',(-9.724261283803E-02,0.935413389505,0.339920086171)
  );
#4960 = DIRECTION('',(1.979856981797E-18,-0.341538738435,0.939867698215)
  );
#4961 = DEFINITIONAL_REPRESENTATION('',(#4962),#4966);
#4962 = ELLIPSE('',#4963,8.825603787621,3.);
#4963 = AXIS2_PLACEMENT_2D('',#4964,#4965);
#4964 = CARTESIAN_POINT('',(7.608283151066,-5.372336661038));
#4965 = DIRECTION('',(0.999376231788,3.531497327715E-02));
#4966 = ( GEOMETRIC_REPRESENTATION_CONTEXT(2) 
PARAMETRIC_REPRESENTATION_CONTEXT() REPRESENTATION_CONTEXT('2D SPACE',''
  ) );
#4967 = ORIENTED_EDGE('',*,*,#4968,.T.);
#4968 = EDGE_CURVE('',#4935,#4969,#4971,.T.);
#4969 = VERTEX_POINT('',#4970);
#4970 = CARTESIAN_POINT('',(-44.,50.6,8.23168552385));
#4971 = SURFACE_CURVE('',#4972,(#4976,#4983),.PCURVE_S1.);
#4972 = LINE('',#4973,#4974);
#4973 = CARTESIAN_POINT('',(-44.,50.6,0.8));
#4974 = VECTOR('',#4975,1.);
#4975 = DIRECTION('',(0.,0.,1.));
#4976 = PCURVE('',#2657,#4977);
#4977 = DEFINITIONAL_REPRESENTATION('',(#4978),#4982);
#4978 = LINE('',#4979,#4980);
#4979 = CARTESIAN_POINT('',(-1.570796326795,0.));
#4980 = VECTOR('',#4981,1.);
#4981 = DIRECTION('',(-0.,1.));
#4982 = ( GEOMETRIC_REPRESENTATION_CONTEXT(2) 
PARAMETRIC_REPRESENTATION_CONTEXT() REPRESENTATION_CONTEXT('2D SPACE',''
  ) );
#4983 = PCURVE('',#4984,#4989);
#4984 = PLANE('',#4985);
#4985 = AXIS2_PLACEMENT_3D('',#4986,#4987,#4988);
#4986 = CARTESIAN_POINT('',(-47.,50.6,0.8));
#4987 = DIRECTION('',(0.,1.,0.));
#4988 = DIRECTION('',(0.,0.,1.));
#4989 = DEFINITIONAL_REPRESENTATION('',(#4990),#4994);
#4990 = LINE('',#4991,#4992);
#4991 = CARTESIAN_POINT('',(0.,3.));
#4992 = VECTOR('',#4993,1.);
#4993 = DIRECTION('',(1.,0.));
#4994 = ( GEOMETRIC_REPRESENTATION_CONTEXT(2) 
PARAMETRIC_REPRESENTATION_CONTEXT() REPRESENTATION_CONTEXT('2D SPACE',''
  ) );
#4995 = ORIENTED_EDGE('',*,*,#4996,.F.);
#4996 = EDGE_CURVE('',#4997,#4969,#4999,.T.);
#4997 = VERTEX_POINT('',#4998);
#4998 = CARTESIAN_POINT('',(-45.67711665557,50.087424315146,
    8.045428981397));
#4999 = SURFACE_CURVE('',#5000,(#5005,#5016),.PCURVE_S1.);
#5000 = ELLIPSE('',#5001,3.191938095835,3.);
#5001 = AXIS2_PLACEMENT_3D('',#5002,#5003,#5004);
#5002 = CARTESIAN_POINT('',(-44.,47.6,7.141516359257));
#5003 = DIRECTION('',(-4.591374864897E-06,0.341538316803,-0.939867851421
    ));
#5004 = DIRECTION('',(-1.26348506643E-05,0.939867851336,0.341538316834)
  );
#5005 = PCURVE('',#2657,#5006);
#5006 = DEFINITIONAL_REPRESENTATION('',(#5007),#5015);
#5007 = B_SPLINE_CURVE_WITH_KNOTS('',6,(#5008,#5009,#5010,#5011,#5012,
    #5013,#5014),.UNSPECIFIED.,.F.,.F.,(7,7),(5.223812344873,
    6.2831987504),.PIECEWISE_BEZIER_KNOTS.);
#5008 = CARTESIAN_POINT('',(-0.511409921268,6.875065845851));
#5009 = CARTESIAN_POINT('',(-0.687974322189,7.042922210366));
#5010 = CARTESIAN_POINT('',(-0.86453872311,7.190817482649));
#5011 = CARTESIAN_POINT('',(-1.041103124032,7.309340036511));
#5012 = CARTESIAN_POINT('',(-1.217667524953,7.390908346232));
#5013 = CARTESIAN_POINT('',(-1.394231925874,7.431688111469));
#5014 = CARTESIAN_POINT('',(-1.570796326795,7.43168552385));
#5015 = ( GEOMETRIC_REPRESENTATION_CONTEXT(2) 
PARAMETRIC_REPRESENTATION_CONTEXT() REPRESENTATION_CONTEXT('2D SPACE',''
  ) );
#5016 = PCURVE('',#5017,#5022);
#5017 = PLANE('',#5018);
#5018 = AXIS2_PLACEMENT_3D('',#5019,#5020,#5021);
#5019 = CARTESIAN_POINT('',(-48.60572459781,49.263254024535,
    7.745948275623));
#5020 = DIRECTION('',(-4.591374864897E-06,0.341538316803,-0.939867851421
    ));
#5021 = DIRECTION('',(0.995260706663,9.139676629514E-02,
    3.320778347674E-02));
#5022 = DEFINITIONAL_REPRESENTATION('',(#5023),#5027);
#5023 = ELLIPSE('',#5024,3.191938095835,3.);
#5024 = AXIS2_PLACEMENT_2D('',#5025,#5026);
#5025 = CARTESIAN_POINT('',(4.411808834341,2.209161327698));
#5026 = DIRECTION('',(9.723003786089E-02,-0.99526193524));
#5027 = ( GEOMETRIC_REPRESENTATION_CONTEXT(2) 
PARAMETRIC_REPRESENTATION_CONTEXT() REPRESENTATION_CONTEXT('2D SPACE',''
  ) );
#5028 = ORIENTED_EDGE('',*,*,#5029,.T.);
#5029 = EDGE_CURVE('',#4997,#3843,#5030,.T.);
#5030 = SURFACE_CURVE('',#5031,(#5036,#5046),.PCURVE_S1.);
#5031 = ELLIPSE('',#5032,90.34026622406,3.);
#5032 = AXIS2_PLACEMENT_3D('',#5033,#5034,#5035);
#5033 = CARTESIAN_POINT('',(-44.,47.6,-35.37287895802));
#5034 = DIRECTION('',(0.995260706663,9.139676629514E-02,
    3.320778347674E-02));
#5035 = DIRECTION('',(-3.306864041471E-02,-3.036758890859E-03,
    0.999448469465));
#5036 = PCURVE('',#2657,#5037);
#5037 = DEFINITIONAL_REPRESENTATION('',(#5038),#5045);
#5038 = B_SPLINE_CURVE_WITH_KNOTS('',5,(#5039,#5040,#5041,#5042,#5043,
    #5044),.UNSPECIFIED.,.F.,.F.,(6,6),(5.125184782666,5.226138338611),
  .PIECEWISE_BEZIER_KNOTS.);
#5039 = CARTESIAN_POINT('',(-1.066425384333,4.910469405773E-02));
#5040 = CARTESIAN_POINT('',(-1.046234673144,1.71900365497));
#5041 = CARTESIAN_POINT('',(-1.026043961955,3.370444581685));
#5042 = CARTESIAN_POINT('',(-1.005853250766,5.002009217785));
#5043 = CARTESIAN_POINT('',(-0.985662539577,6.612310696913));
#5044 = CARTESIAN_POINT('',(-0.965471828388,8.2000006));
#5045 = ( GEOMETRIC_REPRESENTATION_CONTEXT(2) 
PARAMETRIC_REPRESENTATION_CONTEXT() REPRESENTATION_CONTEXT('2D SPACE',''
  ) );
#5046 = PCURVE('',#3857,#5047);
#5047 = DEFINITIONAL_REPRESENTATION('',(#5048),#5052);
#5048 = ELLIPSE('',#5049,90.34026622406,3.);
#5049 = AXIS2_PLACEMENT_2D('',#5050,#5051);
#5050 = CARTESIAN_POINT('',(-34.05792194566,13.760681855698));
#5051 = DIRECTION('',(0.940386503292,-0.340107665934));
#5052 = ( GEOMETRIC_REPRESENTATION_CONTEXT(2) 
PARAMETRIC_REPRESENTATION_CONTEXT() REPRESENTATION_CONTEXT('2D SPACE',''
  ) );
#5053 = ORIENTED_EDGE('',*,*,#3868,.F.);
#5054 = ADVANCED_FACE('',(#5055),#2624,.T.);
#5055 = FACE_BOUND('',#5056,.T.);
#5056 = EDGE_LOOP('',(#5057,#5058,#5059,#5082));
#5057 = ORIENTED_EDGE('',*,*,#2608,.F.);
#5058 = ORIENTED_EDGE('',*,*,#4850,.T.);
#5059 = ORIENTED_EDGE('',*,*,#5060,.T.);
#5060 = EDGE_CURVE('',#4851,#5061,#5063,.T.);
#5061 = VERTEX_POINT('',#5062);
#5062 = CARTESIAN_POINT('',(-32.,50.6,1.954157759482));
#5063 = SURFACE_CURVE('',#5064,(#5068,#5075),.PCURVE_S1.);
#5064 = LINE('',#5065,#5066);
#5065 = CARTESIAN_POINT('',(-44.,50.6,1.95421638102));
#5066 = VECTOR('',#5067,1.);
#5067 = DIRECTION('',(0.999999999988,0.,-4.885128114434E-06));
#5068 = PCURVE('',#2624,#5069);
#5069 = DEFINITIONAL_REPRESENTATION('',(#5070),#5074);
#5070 = LINE('',#5071,#5072);
#5071 = CARTESIAN_POINT('',(1.15421638102,3.));
#5072 = VECTOR('',#5073,1.);
#5073 = DIRECTION('',(-4.885128114434E-06,0.999999999988));
#5074 = ( GEOMETRIC_REPRESENTATION_CONTEXT(2) 
PARAMETRIC_REPRESENTATION_CONTEXT() REPRESENTATION_CONTEXT('2D SPACE',''
  ) );
#5075 = PCURVE('',#4895,#5076);
#5076 = DEFINITIONAL_REPRESENTATION('',(#5077),#5081);
#5077 = LINE('',#5078,#5079);
#5078 = CARTESIAN_POINT('',(12.48625960128,-1.733787776982));
#5079 = VECTOR('',#5080,1.);
#5080 = DIRECTION('',(-0.995260544427,9.724427339004E-02));
#5081 = ( GEOMETRIC_REPRESENTATION_CONTEXT(2) 
PARAMETRIC_REPRESENTATION_CONTEXT() REPRESENTATION_CONTEXT('2D SPACE',''
  ) );
#5082 = ORIENTED_EDGE('',*,*,#5083,.F.);
#5083 = EDGE_CURVE('',#2580,#5061,#5084,.T.);
#5084 = SURFACE_CURVE('',#5085,(#5089,#5096),.PCURVE_S1.);
#5085 = LINE('',#5086,#5087);
#5086 = CARTESIAN_POINT('',(-32.,50.6,0.8));
#5087 = VECTOR('',#5088,1.);
#5088 = DIRECTION('',(0.,0.,1.));
#5089 = PCURVE('',#2624,#5090);
#5090 = DEFINITIONAL_REPRESENTATION('',(#5091),#5095);
#5091 = LINE('',#5092,#5093);
#5092 = CARTESIAN_POINT('',(0.,15.));
#5093 = VECTOR('',#5094,1.);
#5094 = DIRECTION('',(1.,0.));
#5095 = ( GEOMETRIC_REPRESENTATION_CONTEXT(2) 
PARAMETRIC_REPRESENTATION_CONTEXT() REPRESENTATION_CONTEXT('2D SPACE',''
  ) );
#5096 = PCURVE('',#2596,#5097);
#5097 = DEFINITIONAL_REPRESENTATION('',(#5098),#5102);
#5098 = LINE('',#5099,#5100);
#5099 = CARTESIAN_POINT('',(1.570796326795,0.));
#5100 = VECTOR('',#5101,1.);
#5101 = DIRECTION('',(0.,1.));
#5102 = ( GEOMETRIC_REPRESENTATION_CONTEXT(2) 
PARAMETRIC_REPRESENTATION_CONTEXT() REPRESENTATION_CONTEXT('2D SPACE',''
  ) );
#5103 = ADVANCED_FACE('',(#5104),#2419,.T.);
#5104 = FACE_BOUND('',#5105,.T.);
#5105 = EDGE_LOOP('',(#5106,#5129,#5150,#5151));
#5106 = ORIENTED_EDGE('',*,*,#5107,.T.);
#5107 = EDGE_CURVE('',#2404,#5108,#5110,.T.);
#5108 = VERTEX_POINT('',#5109);
#5109 = CARTESIAN_POINT('',(-5.,55.51,7.));
#5110 = SURFACE_CURVE('',#5111,(#5115,#5122),.PCURVE_S1.);
#5111 = LINE('',#5112,#5113);
#5112 = CARTESIAN_POINT('',(-5.,55.51,0.8));
#5113 = VECTOR('',#5114,1.);
#5114 = DIRECTION('',(0.,0.,1.));
#5115 = PCURVE('',#2419,#5116);
#5116 = DEFINITIONAL_REPRESENTATION('',(#5117),#5121);
#5117 = LINE('',#5118,#5119);
#5118 = CARTESIAN_POINT('',(0.,0.));
#5119 = VECTOR('',#5120,1.);
#5120 = DIRECTION('',(0.,-1.));
#5121 = ( GEOMETRIC_REPRESENTATION_CONTEXT(2) 
PARAMETRIC_REPRESENTATION_CONTEXT() REPRESENTATION_CONTEXT('2D SPACE',''
  ) );
#5122 = PCURVE('',#2447,#5123);
#5123 = DEFINITIONAL_REPRESENTATION('',(#5124),#5128);
#5124 = LINE('',#5125,#5126);
#5125 = CARTESIAN_POINT('',(2.22044604925E-16,-1.2));
#5126 = VECTOR('',#5127,1.);
#5127 = DIRECTION('',(1.,0.));
#5128 = ( GEOMETRIC_REPRESENTATION_CONTEXT(2) 
PARAMETRIC_REPRESENTATION_CONTEXT() REPRESENTATION_CONTEXT('2D SPACE',''
  ) );
#5129 = ORIENTED_EDGE('',*,*,#5130,.T.);
#5130 = EDGE_CURVE('',#5108,#4683,#5131,.T.);
#5131 = SURFACE_CURVE('',#5132,(#5136,#5143),.PCURVE_S1.);
#5132 = LINE('',#5133,#5134);
#5133 = CARTESIAN_POINT('',(-5.,55.51,7.));
#5134 = VECTOR('',#5135,1.);
#5135 = DIRECTION('',(-0.707106781187,-0.707106781187,0.));
#5136 = PCURVE('',#2419,#5137);
#5137 = DEFINITIONAL_REPRESENTATION('',(#5138),#5142);
#5138 = LINE('',#5139,#5140);
#5139 = CARTESIAN_POINT('',(0.,-6.2));
#5140 = VECTOR('',#5141,1.);
#5141 = DIRECTION('',(1.,0.));
#5142 = ( GEOMETRIC_REPRESENTATION_CONTEXT(2) 
PARAMETRIC_REPRESENTATION_CONTEXT() REPRESENTATION_CONTEXT('2D SPACE',''
  ) );
#5143 = PCURVE('',#4698,#5144);
#5144 = DEFINITIONAL_REPRESENTATION('',(#5145),#5149);
#5145 = LINE('',#5146,#5147);
#5146 = CARTESIAN_POINT('',(11.65,1.2));
#5147 = VECTOR('',#5148,1.);
#5148 = DIRECTION('',(-0.707106781187,-0.707106781187));
#5149 = ( GEOMETRIC_REPRESENTATION_CONTEXT(2) 
PARAMETRIC_REPRESENTATION_CONTEXT() REPRESENTATION_CONTEXT('2D SPACE',''
  ) );
#5150 = ORIENTED_EDGE('',*,*,#4710,.F.);
#5151 = ORIENTED_EDGE('',*,*,#2403,.F.);
#5152 = ADVANCED_FACE('',(#5153),#2596,.T.);
#5153 = FACE_BOUND('',#5154,.T.);
#5154 = EDGE_LOOP('',(#5155,#5156,#5157,#5158,#5186,#5218));
#5155 = ORIENTED_EDGE('',*,*,#2843,.F.);
#5156 = ORIENTED_EDGE('',*,*,#2579,.T.);
#5157 = ORIENTED_EDGE('',*,*,#5083,.T.);
#5158 = ORIENTED_EDGE('',*,*,#5159,.F.);
#5159 = EDGE_CURVE('',#5160,#5061,#5162,.T.);
#5160 = VERTEX_POINT('',#5161);
#5161 = CARTESIAN_POINT('',(-31.44897466782,50.548961017595,
    1.93560802605));
#5162 = SURFACE_CURVE('',#5163,(#5168,#5179),.PCURVE_S1.);
#5163 = ELLIPSE('',#5164,3.191938095835,3.);
#5164 = AXIS2_PLACEMENT_3D('',#5165,#5166,#5167);
#5165 = CARTESIAN_POINT('',(-32.,47.6,0.86398859489));
#5166 = DIRECTION('',(4.591374864901E-06,-0.341538316803,0.939867851421)
  );
#5167 = DIRECTION('',(-1.263485066431E-05,0.939867851336,0.341538316834)
  );
#5168 = PCURVE('',#2596,#5169);
#5169 = DEFINITIONAL_REPRESENTATION('',(#5170),#5178);
#5170 = B_SPLINE_CURVE_WITH_KNOTS('',6,(#5171,#5172,#5173,#5174,#5175,
    #5176,#5177),.UNSPECIFIED.,.F.,.F.,(7,7),(5.537625431528,
    6.283171863959),.PIECEWISE_BEZIER_KNOTS.);
#5171 = CARTESIAN_POINT('',(0.825249894363,0.864944827513));
#5172 = CARTESIAN_POINT('',(0.949507633102,0.95683995059));
#5173 = CARTESIAN_POINT('',(1.073765371841,1.03389490726));
#5174 = CARTESIAN_POINT('',(1.198023110579,1.093556226865));
#5175 = CARTESIAN_POINT('',(1.322280849318,1.133955534958));
#5176 = CARTESIAN_POINT('',(1.446538588056,1.154155938438));
#5177 = CARTESIAN_POINT('',(1.570796326795,1.154157759482));
#5178 = ( GEOMETRIC_REPRESENTATION_CONTEXT(2) 
PARAMETRIC_REPRESENTATION_CONTEXT() REPRESENTATION_CONTEXT('2D SPACE',''
  ) );
#5179 = PCURVE('',#4895,#5180);
#5180 = DEFINITIONAL_REPRESENTATION('',(#5181),#5185);
#5181 = ELLIPSE('',#5182,3.191938095835,3.);
#5182 = AXIS2_PLACEMENT_2D('',#5183,#5184);
#5183 = CARTESIAN_POINT('',(0.853525468471,2.609954068598));
#5184 = DIRECTION('',(-9.723003786089E-02,-0.99526193524));
#5185 = ( GEOMETRIC_REPRESENTATION_CONTEXT(2) 
PARAMETRIC_REPRESENTATION_CONTEXT() REPRESENTATION_CONTEXT('2D SPACE',''
  ) );
#5186 = ORIENTED_EDGE('',*,*,#5187,.F.);
#5187 = EDGE_CURVE('',#5188,#5160,#5190,.T.);
#5188 = VERTEX_POINT('',#5189);
#5189 = CARTESIAN_POINT('',(-31.68787645702,50.583718970333,9.));
#5190 = SURFACE_CURVE('',#5191,(#5196,#5206),.PCURVE_S1.);
#5191 = ELLIPSE('',#5192,90.34026622406,3.);
#5192 = AXIS2_PLACEMENT_3D('',#5193,#5194,#5195);
#5193 = CARTESIAN_POINT('',(-32.,47.6,26.566561278465));
#5194 = DIRECTION('',(-0.995260706663,-9.139676629514E-02,
    -3.320778347674E-02));
#5195 = DIRECTION('',(-3.306864041471E-02,-3.036758890859E-03,
    0.999448469465));
#5196 = PCURVE('',#2596,#5197);
#5197 = DEFINITIONAL_REPRESENTATION('',(#5198),#5205);
#5198 = B_SPLINE_CURVE_WITH_KNOTS('',5,(#5199,#5200,#5201,#5202,#5203,
    #5204),.UNSPECIFIED.,.F.,.F.,(6,6),(1.766601261552,1.85829943425),
  .PIECEWISE_BEZIER_KNOTS.);
#5199 = CARTESIAN_POINT('',(1.466566532218,8.2000006));
#5200 = CARTESIAN_POINT('',(1.448226897679,6.575748752518));
#5201 = CARTESIAN_POINT('',(1.429887263139,4.958882374127));
#5202 = CARTESIAN_POINT('',(1.411547628599,3.350539601543));
#5203 = CARTESIAN_POINT('',(1.39320799406,1.751848210368));
#5204 = CARTESIAN_POINT('',(1.37486835952,0.163920879134));
#5205 = ( GEOMETRIC_REPRESENTATION_CONTEXT(2) 
PARAMETRIC_REPRESENTATION_CONTEXT() REPRESENTATION_CONTEXT('2D SPACE',''
  ) );
#5206 = PCURVE('',#5207,#5212);
#5207 = PLANE('',#5208);
#5208 = AXIS2_PLACEMENT_3D('',#5209,#5210,#5211);
#5209 = CARTESIAN_POINT('',(-31.40427339663,46.772319944856,
    10.990213039662));
#5210 = DIRECTION('',(-0.995260706663,-9.139676629514E-02,
    -3.320778347674E-02));
#5211 = DIRECTION('',(-4.591374864887E-06,0.341538316803,-0.939867851421
    ));
#5212 = DEFINITIONAL_REPRESENTATION('',(#5213),#5217);
#5213 = ELLIPSE('',#5214,90.34026622406,3.);
#5214 = AXIS2_PLACEMENT_2D('',#5215,#5216);
#5215 = CARTESIAN_POINT('',(-14.35702176409,-6.126866652822));
#5216 = DIRECTION('',(-0.940386503292,-0.340107665934));
#5217 = ( GEOMETRIC_REPRESENTATION_CONTEXT(2) 
PARAMETRIC_REPRESENTATION_CONTEXT() REPRESENTATION_CONTEXT('2D SPACE',''
  ) );
#5218 = ORIENTED_EDGE('',*,*,#5219,.F.);
#5219 = EDGE_CURVE('',#2767,#5188,#5220,.T.);
#5220 = SURFACE_CURVE('',#5221,(#5226,#5233),.PCURVE_S1.);
#5221 = CIRCLE('',#5222,3.);
#5222 = AXIS2_PLACEMENT_3D('',#5223,#5224,#5225);
#5223 = CARTESIAN_POINT('',(-32.,47.6,9.));
#5224 = DIRECTION('',(0.,0.,1.));
#5225 = DIRECTION('',(0.,-1.,0.));
#5226 = PCURVE('',#2596,#5227);
#5227 = DEFINITIONAL_REPRESENTATION('',(#5228),#5232);
#5228 = LINE('',#5229,#5230);
#5229 = CARTESIAN_POINT('',(-1.570796326795,8.2));
#5230 = VECTOR('',#5231,1.);
#5231 = DIRECTION('',(1.,0.));
#5232 = ( GEOMETRIC_REPRESENTATION_CONTEXT(2) 
PARAMETRIC_REPRESENTATION_CONTEXT() REPRESENTATION_CONTEXT('2D SPACE',''
  ) );
#5233 = PCURVE('',#2782,#5234);
#5234 = DEFINITIONAL_REPRESENTATION('',(#5235),#5239);
#5235 = CIRCLE('',#5236,3.);
#5236 = AXIS2_PLACEMENT_2D('',#5237,#5238);
#5237 = CARTESIAN_POINT('',(15.,16.1));
#5238 = DIRECTION('',(0.,-1.));
#5239 = ( GEOMETRIC_REPRESENTATION_CONTEXT(2) 
PARAMETRIC_REPRESENTATION_CONTEXT() REPRESENTATION_CONTEXT('2D SPACE',''
  ) );
#5240 = ADVANCED_FACE('',(#5241),#2447,.T.);
#5241 = FACE_BOUND('',#5242,.T.);
#5242 = EDGE_LOOP('',(#5243,#5244,#5245,#5268));
#5243 = ORIENTED_EDGE('',*,*,#5107,.F.);
#5244 = ORIENTED_EDGE('',*,*,#2431,.T.);
#5245 = ORIENTED_EDGE('',*,*,#5246,.T.);
#5246 = EDGE_CURVE('',#2432,#5247,#5249,.T.);
#5247 = VERTEX_POINT('',#5248);
#5248 = CARTESIAN_POINT('',(-5.,58.7,7.));
#5249 = SURFACE_CURVE('',#5250,(#5254,#5261),.PCURVE_S1.);
#5250 = LINE('',#5251,#5252);
#5251 = CARTESIAN_POINT('',(-5.,58.7,0.8));
#5252 = VECTOR('',#5253,1.);
#5253 = DIRECTION('',(0.,0.,1.));
#5254 = PCURVE('',#2447,#5255);
#5255 = DEFINITIONAL_REPRESENTATION('',(#5256),#5260);
#5256 = LINE('',#5257,#5258);
#5257 = CARTESIAN_POINT('',(0.,-4.39));
#5258 = VECTOR('',#5259,1.);
#5259 = DIRECTION('',(1.,0.));
#5260 = ( GEOMETRIC_REPRESENTATION_CONTEXT(2) 
PARAMETRIC_REPRESENTATION_CONTEXT() REPRESENTATION_CONTEXT('2D SPACE',''
  ) );
#5261 = PCURVE('',#2475,#5262);
#5262 = DEFINITIONAL_REPRESENTATION('',(#5263),#5267);
#5263 = LINE('',#5264,#5265);
#5264 = CARTESIAN_POINT('',(0.,11.65));
#5265 = VECTOR('',#5266,1.);
#5266 = DIRECTION('',(1.,0.));
#5267 = ( GEOMETRIC_REPRESENTATION_CONTEXT(2) 
PARAMETRIC_REPRESENTATION_CONTEXT() REPRESENTATION_CONTEXT('2D SPACE',''
  ) );
#5268 = ORIENTED_EDGE('',*,*,#5269,.F.);
#5269 = EDGE_CURVE('',#5108,#5247,#5270,.T.);
#5270 = SURFACE_CURVE('',#5271,(#5275,#5282),.PCURVE_S1.);
#5271 = LINE('',#5272,#5273);
#5272 = CARTESIAN_POINT('',(-5.,54.31,7.));
#5273 = VECTOR('',#5274,1.);
#5274 = DIRECTION('',(0.,1.,0.));
#5275 = PCURVE('',#2447,#5276);
#5276 = DEFINITIONAL_REPRESENTATION('',(#5277),#5281);
#5277 = LINE('',#5278,#5279);
#5278 = CARTESIAN_POINT('',(6.2,0.));
#5279 = VECTOR('',#5280,1.);
#5280 = DIRECTION('',(0.,-1.));
#5281 = ( GEOMETRIC_REPRESENTATION_CONTEXT(2) 
PARAMETRIC_REPRESENTATION_CONTEXT() REPRESENTATION_CONTEXT('2D SPACE',''
  ) );
#5282 = PCURVE('',#4698,#5283);
#5283 = DEFINITIONAL_REPRESENTATION('',(#5284),#5288);
#5284 = LINE('',#5285,#5286);
#5285 = CARTESIAN_POINT('',(11.65,0.));
#5286 = VECTOR('',#5287,1.);
#5287 = DIRECTION('',(0.,1.));
#5288 = ( GEOMETRIC_REPRESENTATION_CONTEXT(2) 
PARAMETRIC_REPRESENTATION_CONTEXT() REPRESENTATION_CONTEXT('2D SPACE',''
  ) );
#5289 = ADVANCED_FACE('',(#5290,#5317),#2475,.T.);
#5290 = FACE_BOUND('',#5291,.T.);
#5291 = EDGE_LOOP('',(#5292,#5293,#5294,#5315,#5316));
#5292 = ORIENTED_EDGE('',*,*,#2487,.F.);
#5293 = ORIENTED_EDGE('',*,*,#4787,.T.);
#5294 = ORIENTED_EDGE('',*,*,#5295,.T.);
#5295 = EDGE_CURVE('',#4788,#5247,#5296,.T.);
#5296 = SURFACE_CURVE('',#5297,(#5301,#5308),.PCURVE_S1.);
#5297 = LINE('',#5298,#5299);
#5298 = CARTESIAN_POINT('',(-16.65,58.7,7.));
#5299 = VECTOR('',#5300,1.);
#5300 = DIRECTION('',(1.,0.,0.));
#5301 = PCURVE('',#2475,#5302);
#5302 = DEFINITIONAL_REPRESENTATION('',(#5303),#5307);
#5303 = LINE('',#5304,#5305);
#5304 = CARTESIAN_POINT('',(6.2,0.));
#5305 = VECTOR('',#5306,1.);
#5306 = DIRECTION('',(0.,1.));
#5307 = ( GEOMETRIC_REPRESENTATION_CONTEXT(2) 
PARAMETRIC_REPRESENTATION_CONTEXT() REPRESENTATION_CONTEXT('2D SPACE',''
  ) );
#5308 = PCURVE('',#4698,#5309);
#5309 = DEFINITIONAL_REPRESENTATION('',(#5310),#5314);
#5310 = LINE('',#5311,#5312);
#5311 = CARTESIAN_POINT('',(0.,4.39));
#5312 = VECTOR('',#5313,1.);
#5313 = DIRECTION('',(1.,0.));
#5314 = ( GEOMETRIC_REPRESENTATION_CONTEXT(2) 
PARAMETRIC_REPRESENTATION_CONTEXT() REPRESENTATION_CONTEXT('2D SPACE',''
  ) );
#5315 = ORIENTED_EDGE('',*,*,#5246,.F.);
#5316 = ORIENTED_EDGE('',*,*,#2459,.F.);
#5317 = FACE_BOUND('',#5318,.T.);
#5318 = EDGE_LOOP('',(#5319));
#5319 = ORIENTED_EDGE('',*,*,#5320,.T.);
#5320 = EDGE_CURVE('',#5321,#5321,#5323,.T.);
#5321 = VERTEX_POINT('',#5322);
#5322 = CARTESIAN_POINT('',(-9.25,58.7,3.9));
#5323 = SURFACE_CURVE('',#5324,(#5329,#5340),.PCURVE_S1.);
#5324 = CIRCLE('',#5325,1.25);
#5325 = AXIS2_PLACEMENT_3D('',#5326,#5327,#5328);
#5326 = CARTESIAN_POINT('',(-10.5,58.7,3.9));
#5327 = DIRECTION('',(0.,-1.,1.110223024625E-16));
#5328 = DIRECTION('',(1.,0.,0.));
#5329 = PCURVE('',#2475,#5330);
#5330 = DEFINITIONAL_REPRESENTATION('',(#5331),#5339);
#5331 = ( BOUNDED_CURVE() B_SPLINE_CURVE(2,(#5332,#5333,#5334,#5335,
#5336,#5337,#5338),.UNSPECIFIED.,.T.,.F.) B_SPLINE_CURVE_WITH_KNOTS((1,2
    ,2,2,2,1),(-2.094395102393,0.,2.094395102393,4.188790204786,
6.28318530718,8.377580409573),.UNSPECIFIED.) CURVE() 
GEOMETRIC_REPRESENTATION_ITEM() RATIONAL_B_SPLINE_CURVE((1.,0.5,1.,0.5,
1.,0.5,1.)) REPRESENTATION_ITEM('') );
#5332 = CARTESIAN_POINT('',(3.1,7.4));
#5333 = CARTESIAN_POINT('',(5.265063509461,7.4));
#5334 = CARTESIAN_POINT('',(4.182531754731,5.525));
#5335 = CARTESIAN_POINT('',(3.1,3.65));
#5336 = CARTESIAN_POINT('',(2.017468245269,5.525));
#5337 = CARTESIAN_POINT('',(0.934936490539,7.4));
#5338 = CARTESIAN_POINT('',(3.1,7.4));
#5339 = ( GEOMETRIC_REPRESENTATION_CONTEXT(2) 
PARAMETRIC_REPRESENTATION_CONTEXT() REPRESENTATION_CONTEXT('2D SPACE',''
  ) );
#5340 = PCURVE('',#4750,#5341);
#5341 = DEFINITIONAL_REPRESENTATION('',(#5342),#5346);
#5342 = LINE('',#5343,#5344);
#5343 = CARTESIAN_POINT('',(-0.,0.));
#5344 = VECTOR('',#5345,1.);
#5345 = DIRECTION('',(-1.,0.));
#5346 = ( GEOMETRIC_REPRESENTATION_CONTEXT(2) 
PARAMETRIC_REPRESENTATION_CONTEXT() REPRESENTATION_CONTEXT('2D SPACE',''
  ) );
#5347 = ADVANCED_FACE('',(#5348),#2714,.F.);
#5348 = FACE_BOUND('',#5349,.T.);
#5349 = EDGE_LOOP('',(#5350,#5351,#5374,#5401));
#5350 = ORIENTED_EDGE('',*,*,#2693,.T.);
#5351 = ORIENTED_EDGE('',*,*,#5352,.T.);
#5352 = EDGE_CURVE('',#2694,#5353,#5355,.T.);
#5353 = VERTEX_POINT('',#5354);
#5354 = CARTESIAN_POINT('',(-40.9,36.5,5.4));
#5355 = SEAM_CURVE('',#5356,(#5360,#5367),.PCURVE_S1.);
#5356 = LINE('',#5357,#5358);
#5357 = CARTESIAN_POINT('',(-40.9,36.5,-5.4));
#5358 = VECTOR('',#5359,1.);
#5359 = DIRECTION('',(0.,0.,1.));
#5360 = PCURVE('',#2714,#5361);
#5361 = DEFINITIONAL_REPRESENTATION('',(#5362),#5366);
#5362 = LINE('',#5363,#5364);
#5363 = CARTESIAN_POINT('',(-6.28318530718,0.));
#5364 = VECTOR('',#5365,1.);
#5365 = DIRECTION('',(-0.,-1.));
#5366 = ( GEOMETRIC_REPRESENTATION_CONTEXT(2) 
PARAMETRIC_REPRESENTATION_CONTEXT() REPRESENTATION_CONTEXT('2D SPACE',''
  ) );
#5367 = PCURVE('',#2714,#5368);
#5368 = DEFINITIONAL_REPRESENTATION('',(#5369),#5373);
#5369 = LINE('',#5370,#5371);
#5370 = CARTESIAN_POINT('',(-0.,0.));
#5371 = VECTOR('',#5372,1.);
#5372 = DIRECTION('',(-0.,-1.));
#5373 = ( GEOMETRIC_REPRESENTATION_CONTEXT(2) 
PARAMETRIC_REPRESENTATION_CONTEXT() REPRESENTATION_CONTEXT('2D SPACE',''
  ) );
#5374 = ORIENTED_EDGE('',*,*,#5375,.T.);
#5375 = EDGE_CURVE('',#5353,#5353,#5376,.T.);
#5376 = SURFACE_CURVE('',#5377,(#5382,#5389),.PCURVE_S1.);
#5377 = CIRCLE('',#5378,1.6);
#5378 = AXIS2_PLACEMENT_3D('',#5379,#5380,#5381);
#5379 = CARTESIAN_POINT('',(-42.5,36.5,5.4));
#5380 = DIRECTION('',(0.,0.,1.));
#5381 = DIRECTION('',(1.,0.,0.));
#5382 = PCURVE('',#2714,#5383);
#5383 = DEFINITIONAL_REPRESENTATION('',(#5384),#5388);
#5384 = LINE('',#5385,#5386);
#5385 = CARTESIAN_POINT('',(-0.,-10.8));
#5386 = VECTOR('',#5387,1.);
#5387 = DIRECTION('',(-1.,0.));
#5388 = ( GEOMETRIC_REPRESENTATION_CONTEXT(2) 
PARAMETRIC_REPRESENTATION_CONTEXT() REPRESENTATION_CONTEXT('2D SPACE',''
  ) );
#5389 = PCURVE('',#5390,#5395);
#5390 = PLANE('',#5391);
#5391 = AXIS2_PLACEMENT_3D('',#5392,#5393,#5394);
#5392 = CARTESIAN_POINT('',(-42.5,36.5,5.4));
#5393 = DIRECTION('',(0.,0.,1.));
#5394 = DIRECTION('',(1.,0.,-0.));
#5395 = DEFINITIONAL_REPRESENTATION('',(#5396),#5400);
#5396 = CIRCLE('',#5397,1.6);
#5397 = AXIS2_PLACEMENT_2D('',#5398,#5399);
#5398 = CARTESIAN_POINT('',(-7.105427357601E-15,0.));
#5399 = DIRECTION('',(1.,0.));
#5400 = ( GEOMETRIC_REPRESENTATION_CONTEXT(2) 
PARAMETRIC_REPRESENTATION_CONTEXT() REPRESENTATION_CONTEXT('2D SPACE',''
  ) );
#5401 = ORIENTED_EDGE('',*,*,#5352,.F.);
#5402 = ADVANCED_FACE('',(#5403),#2749,.F.);
#5403 = FACE_BOUND('',#5404,.T.);
#5404 = EDGE_LOOP('',(#5405,#5406,#5429,#5456));
#5405 = ORIENTED_EDGE('',*,*,#2728,.T.);
#5406 = ORIENTED_EDGE('',*,*,#5407,.T.);
#5407 = EDGE_CURVE('',#2729,#5408,#5410,.T.);
#5408 = VERTEX_POINT('',#5409);
#5409 = CARTESIAN_POINT('',(-36.35,43.,13.));
#5410 = SEAM_CURVE('',#5411,(#5415,#5422),.PCURVE_S1.);
#5411 = LINE('',#5412,#5413);
#5412 = CARTESIAN_POINT('',(-36.35,43.,0.3));
#5413 = VECTOR('',#5414,1.);
#5414 = DIRECTION('',(0.,0.,1.));
#5415 = PCURVE('',#2749,#5416);
#5416 = DEFINITIONAL_REPRESENTATION('',(#5417),#5421);
#5417 = LINE('',#5418,#5419);
#5418 = CARTESIAN_POINT('',(-6.28318530718,0.));
#5419 = VECTOR('',#5420,1.);
#5420 = DIRECTION('',(-0.,-1.));
#5421 = ( GEOMETRIC_REPRESENTATION_CONTEXT(2) 
PARAMETRIC_REPRESENTATION_CONTEXT() REPRESENTATION_CONTEXT('2D SPACE',''
  ) );
#5422 = PCURVE('',#2749,#5423);
#5423 = DEFINITIONAL_REPRESENTATION('',(#5424),#5428);
#5424 = LINE('',#5425,#5426);
#5425 = CARTESIAN_POINT('',(-0.,0.));
#5426 = VECTOR('',#5427,1.);
#5427 = DIRECTION('',(-0.,-1.));
#5428 = ( GEOMETRIC_REPRESENTATION_CONTEXT(2) 
PARAMETRIC_REPRESENTATION_CONTEXT() REPRESENTATION_CONTEXT('2D SPACE',''
  ) );
#5429 = ORIENTED_EDGE('',*,*,#5430,.T.);
#5430 = EDGE_CURVE('',#5408,#5408,#5431,.T.);
#5431 = SURFACE_CURVE('',#5432,(#5437,#5444),.PCURVE_S1.);
#5432 = CIRCLE('',#5433,1.65);
#5433 = AXIS2_PLACEMENT_3D('',#5434,#5435,#5436);
#5434 = CARTESIAN_POINT('',(-38.,43.,13.));
#5435 = DIRECTION('',(0.,0.,1.));
#5436 = DIRECTION('',(1.,0.,0.));
#5437 = PCURVE('',#2749,#5438);
#5438 = DEFINITIONAL_REPRESENTATION('',(#5439),#5443);
#5439 = LINE('',#5440,#5441);
#5440 = CARTESIAN_POINT('',(-0.,-12.7));
#5441 = VECTOR('',#5442,1.);
#5442 = DIRECTION('',(-1.,0.));
#5443 = ( GEOMETRIC_REPRESENTATION_CONTEXT(2) 
PARAMETRIC_REPRESENTATION_CONTEXT() REPRESENTATION_CONTEXT('2D SPACE',''
  ) );
#5444 = PCURVE('',#5445,#5450);
#5445 = PLANE('',#5446);
#5446 = AXIS2_PLACEMENT_3D('',#5447,#5448,#5449);
#5447 = CARTESIAN_POINT('',(-38.,43.,13.));
#5448 = DIRECTION('',(0.,0.,1.));
#5449 = DIRECTION('',(1.,0.,-0.));
#5450 = DEFINITIONAL_REPRESENTATION('',(#5451),#5455);
#5451 = CIRCLE('',#5452,1.65);
#5452 = AXIS2_PLACEMENT_2D('',#5453,#5454);
#5453 = CARTESIAN_POINT('',(7.105427357601E-15,0.));
#5454 = DIRECTION('',(1.,0.));
#5455 = ( GEOMETRIC_REPRESENTATION_CONTEXT(2) 
PARAMETRIC_REPRESENTATION_CONTEXT() REPRESENTATION_CONTEXT('2D SPACE',''
  ) );
#5456 = ORIENTED_EDGE('',*,*,#5407,.F.);
#5457 = ADVANCED_FACE('',(#5458),#2782,.T.);
#5458 = FACE_BOUND('',#5459,.T.);
#5459 = EDGE_LOOP('',(#5460,#5488,#5514,#5541,#5542,#5543,#5544));
#5460 = ORIENTED_EDGE('',*,*,#5461,.T.);
#5461 = EDGE_CURVE('',#5462,#5464,#5466,.T.);
#5462 = VERTEX_POINT('',#5463);
#5463 = CARTESIAN_POINT('',(-31.40428311908,47.495542907125,9.));
#5464 = VERTEX_POINT('',#5465);
#5465 = CARTESIAN_POINT('',(-34.,47.225700402709,9.));
#5466 = SURFACE_CURVE('',#5467,(#5471,#5477),.PCURVE_S1.);
#5467 = LINE('',#5468,#5469);
#5468 = CARTESIAN_POINT('',(-43.37151204454,46.251467696957,9.));
#5469 = VECTOR('',#5470,1.);
#5470 = DIRECTION('',(-0.994639894682,-0.103399612703,0.));
#5471 = PCURVE('',#2782,#5472);
#5472 = DEFINITIONAL_REPRESENTATION('',(#5473),#5476);
#5473 = B_SPLINE_CURVE_WITH_KNOTS('',1,(#5474,#5475),.UNSPECIFIED.,.F.,
  .F.,(2,2),(-12.03172365383,1.97705345559),.PIECEWISE_BEZIER_KNOTS.);
#5474 = CARTESIAN_POINT('',(15.595720303346,15.99554326291));
#5475 = CARTESIAN_POINT('',(1.662031714606,14.547041135357));
#5476 = ( GEOMETRIC_REPRESENTATION_CONTEXT(2) 
PARAMETRIC_REPRESENTATION_CONTEXT() REPRESENTATION_CONTEXT('2D SPACE',''
  ) );
#5477 = PCURVE('',#5478,#5483);
#5478 = PLANE('',#5479);
#5479 = AXIS2_PLACEMENT_3D('',#5480,#5481,#5482);
#5480 = CARTESIAN_POINT('',(-38.37112084101,47.806080333126,
    6.152406083363));
#5481 = DIRECTION('',(-9.724261283803E-02,0.935413389505,0.339920086171)
  );
#5482 = DIRECTION('',(-5.946103617021E-19,-0.341538738435,0.939867698215
    ));
#5483 = DEFINITIONAL_REPRESENTATION('',(#5484),#5487);
#5484 = B_SPLINE_CURVE_WITH_KNOTS('',1,(#5485,#5486),.UNSPECIFIED.,.F.,
  .F.,(2,2),(-12.03172365383,1.97705345559),.PIECEWISE_BEZIER_KNOTS.);
#5485 = CARTESIAN_POINT('',(2.78242197908,7.000016274778));
#5486 = CARTESIAN_POINT('',(3.277141568345,-7.000022604793));
#5487 = ( GEOMETRIC_REPRESENTATION_CONTEXT(2) 
PARAMETRIC_REPRESENTATION_CONTEXT() REPRESENTATION_CONTEXT('2D SPACE',''
  ) );
#5488 = ORIENTED_EDGE('',*,*,#5489,.F.);
#5489 = EDGE_CURVE('',#5490,#5464,#5492,.T.);
#5490 = VERTEX_POINT('',#5491);
#5491 = CARTESIAN_POINT('',(-34.,45.61962095442,9.));
#5492 = SURFACE_CURVE('',#5493,(#5497,#5503),.PCURVE_S1.);
#5493 = LINE('',#5494,#5495);
#5494 = CARTESIAN_POINT('',(-34.,37.75,9.));
#5495 = VECTOR('',#5496,1.);
#5496 = DIRECTION('',(0.,1.,0.));
#5497 = PCURVE('',#2782,#5498);
#5498 = DEFINITIONAL_REPRESENTATION('',(#5499),#5502);
#5499 = B_SPLINE_CURVE_WITH_KNOTS('',1,(#5500,#5501),.UNSPECIFIED.,.F.,
  .F.,(2,2),(6.25,12.833718970333),.PIECEWISE_BEZIER_KNOTS.);
#5500 = CARTESIAN_POINT('',(13.,12.5));
#5501 = CARTESIAN_POINT('',(13.,19.083718970333));
#5502 = ( GEOMETRIC_REPRESENTATION_CONTEXT(2) 
PARAMETRIC_REPRESENTATION_CONTEXT() REPRESENTATION_CONTEXT('2D SPACE',''
  ) );
#5503 = PCURVE('',#5504,#5509);
#5504 = PLANE('',#5505);
#5505 = AXIS2_PLACEMENT_3D('',#5506,#5507,#5508);
#5506 = CARTESIAN_POINT('',(-34.,44.,0.8));
#5507 = DIRECTION('',(1.,0.,0.));
#5508 = DIRECTION('',(0.,0.,1.));
#5509 = DEFINITIONAL_REPRESENTATION('',(#5510),#5513);
#5510 = B_SPLINE_CURVE_WITH_KNOTS('',1,(#5511,#5512),.UNSPECIFIED.,.F.,
  .F.,(2,2),(6.25,12.833718970333),.PIECEWISE_BEZIER_KNOTS.);
#5511 = CARTESIAN_POINT('',(8.2,0.));
#5512 = CARTESIAN_POINT('',(8.2,-6.583718970333));
#5513 = ( GEOMETRIC_REPRESENTATION_CONTEXT(2) 
PARAMETRIC_REPRESENTATION_CONTEXT() REPRESENTATION_CONTEXT('2D SPACE',''
  ) );
#5514 = ORIENTED_EDGE('',*,*,#5515,.T.);
#5515 = EDGE_CURVE('',#5490,#2918,#5516,.T.);
#5516 = SURFACE_CURVE('',#5517,(#5523,#5532),.PCURVE_S1.);
#5517 = B_SPLINE_CURVE_WITH_KNOTS('',4,(#5518,#5519,#5520,#5521,#5522),
  .UNSPECIFIED.,.F.,.F.,(5,5),(0.,1.),.PIECEWISE_BEZIER_KNOTS.);
#5518 = CARTESIAN_POINT('',(-46.33663037706,45.414060802002,9.));
#5519 = CARTESIAN_POINT('',(-42.30010492048,45.481319750575,9.));
#5520 = CARTESIAN_POINT('',(-38.24648714693,45.548863501332,9.));
#5521 = CARTESIAN_POINT('',(-34.17583045011,45.616691164597,9.));
#5522 = CARTESIAN_POINT('',(-30.08819669344,45.684801709565,9.));
#5523 = PCURVE('',#2782,#5524);
#5524 = DEFINITIONAL_REPRESENTATION('',(#5525),#5531);
#5525 = B_SPLINE_CURVE_WITH_KNOTS('',4,(#5526,#5527,#5528,#5529,#5530),
  .UNSPECIFIED.,.F.,.F.,(5,5),(0.,1.),.PIECEWISE_BEZIER_KNOTS.);
#5526 = CARTESIAN_POINT('',(0.663369622935,13.914060802002));
#5527 = CARTESIAN_POINT('',(4.699895079514,13.981319750575));
#5528 = CARTESIAN_POINT('',(8.753512853064,14.048863501332));
#5529 = CARTESIAN_POINT('',(12.824169549888,14.116691164597));
#5530 = CARTESIAN_POINT('',(16.911803306559,14.184801709565));
#5531 = ( GEOMETRIC_REPRESENTATION_CONTEXT(2) 
PARAMETRIC_REPRESENTATION_CONTEXT() REPRESENTATION_CONTEXT('2D SPACE',''
  ) );
#5532 = PCURVE('',#2964,#5533);
#5533 = DEFINITIONAL_REPRESENTATION('',(#5534),#5540);
#5534 = B_SPLINE_CURVE_WITH_KNOTS('',4,(#5535,#5536,#5537,#5538,#5539),
  .UNSPECIFIED.,.F.,.F.,(5,5),(0.,1.),.PIECEWISE_BEZIER_KNOTS.);
#5535 = CARTESIAN_POINT('',(18.,0.316049416805));
#5536 = CARTESIAN_POINT('',(13.476987671122,0.308392237991));
#5537 = CARTESIAN_POINT('',(8.969233517333,0.300702635516));
#5538 = CARTESIAN_POINT('',(4.476864057178,0.292980710669));
#5539 = CARTESIAN_POINT('',(0.,0.285226580802));
#5540 = ( GEOMETRIC_REPRESENTATION_CONTEXT(2) 
PARAMETRIC_REPRESENTATION_CONTEXT() REPRESENTATION_CONTEXT('2D SPACE',''
  ) );
#5541 = ORIENTED_EDGE('',*,*,#2917,.F.);
#5542 = ORIENTED_EDGE('',*,*,#2764,.T.);
#5543 = ORIENTED_EDGE('',*,*,#5219,.T.);
#5544 = ORIENTED_EDGE('',*,*,#5545,.T.);
#5545 = EDGE_CURVE('',#5188,#5462,#5546,.T.);
#5546 = SURFACE_CURVE('',#5547,(#5551,#5557),.PCURVE_S1.);
#5547 = LINE('',#5548,#5549);
#5548 = CARTESIAN_POINT('',(-30.7082542651,39.91617005671,9.));
#5549 = VECTOR('',#5550,1.);
#5550 = DIRECTION('',(9.144720221948E-02,-0.995809926244,0.));
#5551 = PCURVE('',#2782,#5552);
#5552 = DEFINITIONAL_REPRESENTATION('',(#5553),#5556);
#5553 = B_SPLINE_CURVE_WITH_KNOTS('',1,(#5554,#5555),.UNSPECIFIED.,.F.,
  .F.,(2,2),(-10.72878434099,-7.611264610509),.PIECEWISE_BEZIER_KNOTS.);
#5554 = CARTESIAN_POINT('',(15.310628423699,19.1));
#5555 = CARTESIAN_POINT('',(15.595716880916,15.995542907125));
#5556 = ( GEOMETRIC_REPRESENTATION_CONTEXT(2) 
PARAMETRIC_REPRESENTATION_CONTEXT() REPRESENTATION_CONTEXT('2D SPACE',''
  ) );
#5557 = PCURVE('',#5207,#5558);
#5558 = DEFINITIONAL_REPRESENTATION('',(#5559),#5562);
#5559 = B_SPLINE_CURVE_WITH_KNOTS('',1,(#5560,#5561),.UNSPECIFIED.,.F.,
  .F.,(2,2),(-10.72878434099,-7.611264610509),.PIECEWISE_BEZIER_KNOTS.);
#5560 = CARTESIAN_POINT('',(3.177837965745,-2.93167347829));
#5561 = CARTESIAN_POINT('',(2.117545606708,9.021730501461E-16));
#5562 = ( GEOMETRIC_REPRESENTATION_CONTEXT(2) 
PARAMETRIC_REPRESENTATION_CONTEXT() REPRESENTATION_CONTEXT('2D SPACE',''
  ) );
#5563 = ADVANCED_FACE('',(#5564),#3094,.T.);
#5564 = FACE_BOUND('',#5565,.T.);
#5565 = EDGE_LOOP('',(#5566,#5589,#5590,#5591,#5614));
#5566 = ORIENTED_EDGE('',*,*,#5567,.F.);
#5567 = EDGE_CURVE('',#3151,#5568,#5570,.T.);
#5568 = VERTEX_POINT('',#5569);
#5569 = CARTESIAN_POINT('',(-40.21728305737,62.726050007692,
    16.640280384443));
#5570 = SURFACE_CURVE('',#5571,(#5575,#5582),.PCURVE_S1.);
#5571 = LINE('',#5572,#5573);
#5572 = CARTESIAN_POINT('',(-33.38332533271,58.455719273311,
    33.921693669154));
#5573 = VECTOR('',#5574,1.);
#5574 = DIRECTION('',(-0.35840061227,0.223953558313,-0.906307787037));
#5575 = PCURVE('',#3094,#5576);
#5576 = DEFINITIONAL_REPRESENTATION('',(#5577),#5581);
#5577 = LINE('',#5578,#5579);
#5578 = CARTESIAN_POINT('',(0.,0.));
#5579 = VECTOR('',#5580,1.);
#5580 = DIRECTION('',(1.,6.133011615849E-18));
#5581 = ( GEOMETRIC_REPRESENTATION_CONTEXT(2) 
PARAMETRIC_REPRESENTATION_CONTEXT() REPRESENTATION_CONTEXT('2D SPACE',''
  ) );
#5582 = PCURVE('',#3199,#5583);
#5583 = DEFINITIONAL_REPRESENTATION('',(#5584),#5588);
#5584 = LINE('',#5585,#5586);
#5585 = CARTESIAN_POINT('',(-6.,12.5));
#5586 = VECTOR('',#5587,1.);
#5587 = DIRECTION('',(-1.626968282293E-16,-1.));
#5588 = ( GEOMETRIC_REPRESENTATION_CONTEXT(2) 
PARAMETRIC_REPRESENTATION_CONTEXT() REPRESENTATION_CONTEXT('2D SPACE',''
  ) );
#5589 = ORIENTED_EDGE('',*,*,#3150,.F.);
#5590 = ORIENTED_EDGE('',*,*,#3046,.F.);
#5591 = ORIENTED_EDGE('',*,*,#5592,.T.);
#5592 = EDGE_CURVE('',#2977,#5593,#5595,.T.);
#5593 = VERTEX_POINT('',#5594);
#5594 = CARTESIAN_POINT('',(-33.48929039073,58.521933590436,
    14.724121201573));
#5595 = SURFACE_CURVE('',#5596,(#5600,#5607),.PCURVE_S1.);
#5596 = LINE('',#5597,#5598);
#5597 = CARTESIAN_POINT('',(-27.23458458609,54.613559627909,
    30.540747575229));
#5598 = VECTOR('',#5599,1.);
#5599 = DIRECTION('',(-0.35840061227,0.223953558313,-0.906307787037));
#5600 = PCURVE('',#3094,#5601);
#5601 = DEFINITIONAL_REPRESENTATION('',(#5602),#5606);
#5602 = LINE('',#5603,#5604);
#5603 = CARTESIAN_POINT('',(-7.292040085069E-16,-8.));
#5604 = VECTOR('',#5605,1.);
#5605 = DIRECTION('',(1.,6.133011615849E-18));
#5606 = ( GEOMETRIC_REPRESENTATION_CONTEXT(2) 
PARAMETRIC_REPRESENTATION_CONTEXT() REPRESENTATION_CONTEXT('2D SPACE',''
  ) );
#5607 = PCURVE('',#3020,#5608);
#5608 = DEFINITIONAL_REPRESENTATION('',(#5609),#5613);
#5609 = LINE('',#5610,#5611);
#5610 = CARTESIAN_POINT('',(-6.,12.5));
#5611 = VECTOR('',#5612,1.);
#5612 = DIRECTION('',(-1.626968282293E-16,-1.));
#5613 = ( GEOMETRIC_REPRESENTATION_CONTEXT(2) 
PARAMETRIC_REPRESENTATION_CONTEXT() REPRESENTATION_CONTEXT('2D SPACE',''
  ) );
#5614 = ORIENTED_EDGE('',*,*,#5615,.F.);
#5615 = EDGE_CURVE('',#5568,#5593,#5616,.T.);
#5616 = SURFACE_CURVE('',#5617,(#5626,#5638),.PCURVE_S1.);
#5617 = B_SPLINE_CURVE_WITH_KNOTS('',4,(#5618,#5619,#5620,#5621,#5622,
    #5623,#5624,#5625),.UNSPECIFIED.,.F.,.F.,(5,3,5),(0.,
    1.169322195498E-02,1.),.UNSPECIFIED.);
#5618 = CARTESIAN_POINT('',(-40.21728305737,62.726050007692,
    16.640280384443));
#5619 = CARTESIAN_POINT('',(-40.19811680202,62.714073602135,
    16.634821758371));
#5620 = CARTESIAN_POINT('',(-40.17894692958,62.702094936367,
    16.629362102136));
#5621 = CARTESIAN_POINT('',(-40.15977250837,62.690113428213,
    16.623901150394));
#5622 = CARTESIAN_POINT('',(-38.5196600521,61.665257420605,
    16.156790572286));
#5623 = CARTESIAN_POINT('',(-36.87029190955,60.634617818309,
    15.687043937758));
#5624 = CARTESIAN_POINT('',(-35.19318741449,59.586646619395,
    15.209397879256));
#5625 = CARTESIAN_POINT('',(-33.48929039073,58.521933590436,
    14.724121201573));
#5626 = PCURVE('',#3094,#5627);
#5627 = DEFINITIONAL_REPRESENTATION('',(#5628),#5637);
#5628 = B_SPLINE_CURVE_WITH_KNOTS('',4,(#5629,#5630,#5631,#5632,#5633,
    #5634,#5635,#5636),.UNSPECIFIED.,.F.,.F.,(5,3,5),(0.,
    1.169322195498E-02,1.),.UNSPECIFIED.);
#5629 = CARTESIAN_POINT('',(19.067929826815,3.552713678801E-15));
#5630 = CARTESIAN_POINT('',(19.063325665839,-2.278986472986E-02));
#5631 = CARTESIAN_POINT('',(19.058720635958,-4.558403040659E-02));
#5632 = CARTESIAN_POINT('',(19.05411451336,-6.83836048529E-02));
#5633 = CARTESIAN_POINT('',(18.660123009525,-2.018578900875));
#5634 = CARTESIAN_POINT('',(18.26390808391,-3.979779781166));
#5635 = CARTESIAN_POINT('',(17.861030269299,-5.973960902532));
#5636 = CARTESIAN_POINT('',(17.451716293172,-8.));
#5637 = ( GEOMETRIC_REPRESENTATION_CONTEXT(2) 
PARAMETRIC_REPRESENTATION_CONTEXT() REPRESENTATION_CONTEXT('2D SPACE',''
  ) );
#5638 = PCURVE('',#2964,#5639);
#5639 = DEFINITIONAL_REPRESENTATION('',(#5640),#5649);
#5640 = B_SPLINE_CURVE_WITH_KNOTS('',4,(#5641,#5642,#5643,#5644,#5645,
    #5646,#5647,#5648),.UNSPECIFIED.,.F.,.F.,(5,3,5),(0.,
    1.169322195498E-02,1.),.UNSPECIFIED.);
#5641 = CARTESIAN_POINT('',(9.166533092519,0.738762011984));
#5642 = CARTESIAN_POINT('',(9.142892786664,0.738415352025));
#5643 = CARTESIAN_POINT('',(9.119256798346,0.738068626644));
#5644 = CARTESIAN_POINT('',(9.095626239244,0.737721818989));
#5645 = CARTESIAN_POINT('',(7.075135760852,0.708057113675));
#5646 = CARTESIAN_POINT('',(5.11224131524,0.678225000812));
#5647 = CARTESIAN_POINT('',(3.184256708224,0.647891220688));
#5648 = CARTESIAN_POINT('',(1.291781594695,0.617072844239));
#5649 = ( GEOMETRIC_REPRESENTATION_CONTEXT(2) 
PARAMETRIC_REPRESENTATION_CONTEXT() REPRESENTATION_CONTEXT('2D SPACE',''
  ) );
#5650 = ADVANCED_FACE('',(#5651),#3020,.F.);
#5651 = FACE_BOUND('',#5652,.F.);
#5652 = EDGE_LOOP('',(#5653,#5654,#5655));
#5653 = ORIENTED_EDGE('',*,*,#2976,.T.);
#5654 = ORIENTED_EDGE('',*,*,#5592,.T.);
#5655 = ORIENTED_EDGE('',*,*,#5656,.T.);
#5656 = EDGE_CURVE('',#5593,#2950,#5657,.T.);
#5657 = SURFACE_CURVE('',#5658,(#5664,#5673),.PCURVE_S1.);
#5658 = B_SPLINE_CURVE_WITH_KNOTS('',4,(#5659,#5660,#5661,#5662,#5663),
  .UNSPECIFIED.,.F.,.F.,(5,5),(0.,1.),.PIECEWISE_BEZIER_KNOTS.);
#5659 = CARTESIAN_POINT('',(-33.48929039073,58.521933590436,
    14.724121201573));
#5660 = CARTESIAN_POINT('',(-33.27423238998,58.770424576814,
    14.83284634589));
#5661 = CARTESIAN_POINT('',(-33.05981723105,59.018172784976,
    14.941246493837));
#5662 = CARTESIAN_POINT('',(-32.84604895859,59.265173541487,
    15.049319600591));
#5663 = CARTESIAN_POINT('',(-32.63293142582,59.511422394109,
    15.157063718112));
#5664 = PCURVE('',#3020,#5665);
#5665 = DEFINITIONAL_REPRESENTATION('',(#5666),#5672);
#5666 = B_SPLINE_CURVE_WITH_KNOTS('',4,(#5667,#5668,#5669,#5670,#5671),
  .UNSPECIFIED.,.F.,.F.,(5,5),(0.,1.),.PIECEWISE_BEZIER_KNOTS.);
#5667 = CARTESIAN_POINT('',(-6.,-4.951716293172));
#5668 = CARTESIAN_POINT('',(-5.675304314565,-4.831751369696));
#5669 = CARTESIAN_POINT('',(-5.351579195047,-4.712145040039));
#5670 = CARTESIAN_POINT('',(-5.028830748083,-4.592899560414));
#5671 = CARTESIAN_POINT('',(-4.707064791277,-4.474017080242));
#5672 = ( GEOMETRIC_REPRESENTATION_CONTEXT(2) 
PARAMETRIC_REPRESENTATION_CONTEXT() REPRESENTATION_CONTEXT('2D SPACE',''
  ) );
#5673 = PCURVE('',#2964,#5674);
#5674 = DEFINITIONAL_REPRESENTATION('',(#5675),#5681);
#5675 = B_SPLINE_CURVE_WITH_KNOTS('',4,(#5676,#5677,#5678,#5679,#5680),
  .UNSPECIFIED.,.F.,.F.,(5,5),(0.,1.),.PIECEWISE_BEZIER_KNOTS.);
#5676 = CARTESIAN_POINT('',(1.291781594695,0.617072844239));
#5677 = CARTESIAN_POINT('',(0.970504963463,0.622845495281));
#5678 = CARTESIAN_POINT('',(0.648113227549,0.628600890972));
#5679 = CARTESIAN_POINT('',(0.324610179121,0.634338922743));
#5680 = CARTESIAN_POINT('',(0.,0.640059487165));
#5681 = ( GEOMETRIC_REPRESENTATION_CONTEXT(2) 
PARAMETRIC_REPRESENTATION_CONTEXT() REPRESENTATION_CONTEXT('2D SPACE',''
  ) );
#5682 = ADVANCED_FACE('',(#5683),#2964,.T.);
#5683 = FACE_BOUND('',#5684,.T.);
#5684 = EDGE_LOOP('',(#5685,#5686,#5687,#5731,#5765,#5874,#5930,#5957,
    #5979,#6015,#6016,#6017,#6018,#6019,#6144,#6164,#6247,#6272,#6355,
    #6375));
#5685 = ORIENTED_EDGE('',*,*,#3761,.F.);
#5686 = ORIENTED_EDGE('',*,*,#3437,.T.);
#5687 = ORIENTED_EDGE('',*,*,#5688,.T.);
#5688 = EDGE_CURVE('',#3440,#5689,#5691,.T.);
#5689 = VERTEX_POINT('',#5690);
#5690 = CARTESIAN_POINT('',(-45.07440507556,69.241608785411,
    19.568750303025));
#5691 = SURFACE_CURVE('',#5692,(#5703,#5717),.PCURVE_S1.);
#5692 = B_SPLINE_CURVE_WITH_KNOTS('',5,(#5693,#5694,#5695,#5696,#5697,
    #5698,#5699,#5700,#5701,#5702),.UNSPECIFIED.,.F.,.F.,(6,4,6),(0.,
    0.810187756455,1.),.UNSPECIFIED.);
#5693 = CARTESIAN_POINT('',(-47.11841937792,71.156004027604,
    20.433753888332));
#5694 = CARTESIAN_POINT('',(-46.79323454076,70.84181544231,
    20.291866405623));
#5695 = CARTESIAN_POINT('',(-46.46548353475,70.529416605752,
    20.150754487813));
#5696 = CARTESIAN_POINT('',(-46.13528204993,70.218641895576,
    20.010345463709));
#5697 = CARTESIAN_POINT('',(-45.80272191322,69.909368504082,
    19.870585492883));
#5698 = CARTESIAN_POINT('',(-45.38943444956,69.529367299624,
    19.698829202501));
#5699 = CARTESIAN_POINT('',(-45.31086227292,69.457315329176,
    19.666260973893));
#5700 = CARTESIAN_POINT('',(-45.232165939,69.385338981718,
    19.633725399205));
#5701 = CARTESIAN_POINT('',(-45.15334641577,69.313437046478,
    19.601221948082));
#5702 = CARTESIAN_POINT('',(-45.0744046406,69.24160838964,
    19.568750124108));
#5703 = PCURVE('',#2964,#5704);
#5704 = DEFINITIONAL_REPRESENTATION('',(#5705),#5716);
#5705 = B_SPLINE_CURVE_WITH_KNOTS('',5,(#5706,#5707,#5708,#5709,#5710,
    #5711,#5712,#5713,#5714,#5715),.UNSPECIFIED.,.F.,.F.,(6,4,6),(0.,
    0.810187756455,1.),.UNSPECIFIED.);
#5706 = CARTESIAN_POINT('',(18.,0.967497795089));
#5707 = CARTESIAN_POINT('',(17.533190366367,0.958815165513));
#5708 = CARTESIAN_POINT('',(17.067490590201,0.950171755895));
#5709 = CARTESIAN_POINT('',(16.603010495978,0.941563654614));
#5710 = CARTESIAN_POINT('',(16.139827262786,0.932987975241));
#5711 = CARTESIAN_POINT('',(15.569802259124,0.922440289467));
#5712 = CARTESIAN_POINT('',(15.461678954086,0.920439860217));
#5713 = CARTESIAN_POINT('',(15.353630849983,0.918441052095));
#5714 = CARTESIAN_POINT('',(15.245658650055,0.916443836717));
#5715 = CARTESIAN_POINT('',(15.137762979622,0.914448186845));
#5716 = ( GEOMETRIC_REPRESENTATION_CONTEXT(2) 
PARAMETRIC_REPRESENTATION_CONTEXT() REPRESENTATION_CONTEXT('2D SPACE',''
  ) );
#5717 = PCURVE('',#3554,#5718);
#5718 = DEFINITIONAL_REPRESENTATION('',(#5719),#5730);
#5719 = B_SPLINE_CURVE_WITH_KNOTS('',5,(#5720,#5721,#5722,#5723,#5724,
    #5725,#5726,#5727,#5728,#5729),.UNSPECIFIED.,.F.,.F.,(6,4,6),(0.,
    0.810187756455,1.),.UNSPECIFIED.);
#5720 = CARTESIAN_POINT('',(-2.457534257247,-3.356007083182));
#5721 = CARTESIAN_POINT('',(-2.475988686682,-2.895212846647));
#5722 = CARTESIAN_POINT('',(-2.494142666007,-2.433633602165));
#5723 = CARTESIAN_POINT('',(-2.512031683047,-1.971248012646));
#5724 = CARTESIAN_POINT('',(-2.529683260254,-1.508044920782));
#5725 = CARTESIAN_POINT('',(-2.55120607829,-0.935304730788));
#5726 = CARTESIAN_POINT('',(-2.555279622844,-0.826546412968));
#5727 = CARTESIAN_POINT('',(-2.559341717372,-0.717742788368));
#5728 = CARTESIAN_POINT('',(-2.563392648711,-0.608893795344));
#5729 = CARTESIAN_POINT('',(-2.567432690742,-0.4999994));
#5730 = ( GEOMETRIC_REPRESENTATION_CONTEXT(2) 
PARAMETRIC_REPRESENTATION_CONTEXT() REPRESENTATION_CONTEXT('2D SPACE',''
  ) );
#5731 = ORIENTED_EDGE('',*,*,#5732,.F.);
#5732 = EDGE_CURVE('',#5733,#5689,#5735,.T.);
#5733 = VERTEX_POINT('',#5734);
#5734 = CARTESIAN_POINT('',(-46.76058209386,67.293298148175,
    18.716283345184));
#5735 = SURFACE_CURVE('',#5736,(#5742,#5751),.PCURVE_S1.);
#5736 = B_SPLINE_CURVE_WITH_KNOTS('',4,(#5737,#5738,#5739,#5740,#5741),
  .UNSPECIFIED.,.F.,.F.,(5,5),(0.,1.),.PIECEWISE_BEZIER_KNOTS.);
#5737 = CARTESIAN_POINT('',(-46.99295377637,67.024801889528,
    18.598805061985));
#5738 = CARTESIAN_POINT('',(-45.67620163798,68.546256736791,
    19.264504853564));
#5739 = CARTESIAN_POINT('',(-44.38557627729,70.037523129125,
    19.916995940205));
#5740 = CARTESIAN_POINT('',(-43.12230182655,71.497186630296,
    20.555659447212));
#5741 = CARTESIAN_POINT('',(-41.88720400075,72.924293159408,
    21.180077924501));
#5742 = PCURVE('',#2964,#5743);
#5743 = DEFINITIONAL_REPRESENTATION('',(#5744),#5750);
#5744 = B_SPLINE_CURVE_WITH_KNOTS('',4,(#5745,#5746,#5747,#5748,#5749),
  .UNSPECIFIED.,.F.,.F.,(5,5),(0.,1.),.PIECEWISE_BEZIER_KNOTS.);
#5745 = CARTESIAN_POINT('',(18.,0.862949940655));
#5746 = CARTESIAN_POINT('',(16.08290781083,0.898294594553));
#5747 = CARTESIAN_POINT('',(14.119303809782,0.932937945686));
#5748 = CARTESIAN_POINT('',(12.110123264067,0.966847135531));
#5749 = CARTESIAN_POINT('',(10.057025064523,1.));
#5750 = ( GEOMETRIC_REPRESENTATION_CONTEXT(2) 
PARAMETRIC_REPRESENTATION_CONTEXT() REPRESENTATION_CONTEXT('2D SPACE',''
  ) );
#5751 = PCURVE('',#5752,#5757);
#5752 = PLANE('',#5753);
#5753 = AXIS2_PLACEMENT_3D('',#5754,#5755,#5756);
#5754 = CARTESIAN_POINT('',(-35.99419259928,55.370456596645,
    51.84582618184));
#5755 = DIRECTION('',(0.768592593328,-0.480269955675,-0.422618261741));
#5756 = DIRECTION('',(0.529919264233,0.848048096156,2.567128376493E-17)
  );
#5757 = DEFINITIONAL_REPRESENTATION('',(#5758),#5764);
#5758 = B_SPLINE_CURVE_WITH_KNOTS('',4,(#5759,#5760,#5761,#5762,#5763),
  .UNSPECIFIED.,.F.,.F.,(5,5),(0.,1.),.PIECEWISE_BEZIER_KNOTS.);
#5759 = CARTESIAN_POINT('',(4.054989907141,-36.68402897492));
#5760 = CARTESIAN_POINT('',(6.043029118104,-35.94951052424));
#5761 = CARTESIAN_POINT('',(7.99162198452,-35.22956626692));
#5762 = CARTESIAN_POINT('',(9.898920305176,-34.52487905564));
#5763 = CARTESIAN_POINT('',(11.76367741131,-33.83590949561));
#5764 = ( GEOMETRIC_REPRESENTATION_CONTEXT(2) 
PARAMETRIC_REPRESENTATION_CONTEXT() REPRESENTATION_CONTEXT('2D SPACE',''
  ) );
#5765 = ORIENTED_EDGE('',*,*,#5766,.T.);
#5766 = EDGE_CURVE('',#5733,#5767,#5769,.T.);
#5767 = VERTEX_POINT('',#5768);
#5768 = CARTESIAN_POINT('',(-43.54212875237,64.274442976541,
    17.352274232284));
#5769 = SURFACE_CURVE('',#5770,(#5801,#5835),.PCURVE_S1.);
#5770 = B_SPLINE_CURVE_WITH_KNOTS('',8,(#5771,#5772,#5773,#5774,#5775,
    #5776,#5777,#5778,#5779,#5780,#5781,#5782,#5783,#5784,#5785,#5786,
    #5787,#5788,#5789,#5790,#5791,#5792,#5793,#5794,#5795,#5796,#5797,
    #5798,#5799,#5800),.UNSPECIFIED.,.F.,.F.,(9,7,7,7,9),(0.,
    4.670584263888E-02,0.870834432814,0.935495437455,1.),.UNSPECIFIED.);
#5771 = CARTESIAN_POINT('',(-46.7605825173,67.293298557257,
    18.716283529925));
#5772 = CARTESIAN_POINT('',(-46.74219091641,67.275530701737,
    18.708259557051));
#5773 = CARTESIAN_POINT('',(-46.72379415925,67.257765352039,
    18.700236658478));
#5774 = CARTESIAN_POINT('',(-46.70539043292,67.240000745226,
    18.692214038152));
#5775 = CARTESIAN_POINT('',(-46.68698345282,67.2222404587,
    18.684193311719));
#5776 = CARTESIAN_POINT('',(-46.66856864345,67.204480060929,
    18.676172477987));
#5777 = CARTESIAN_POINT('',(-46.6501497295,67.186723138437,
    18.668153156719));
#5778 = CARTESIAN_POINT('',(-46.63172475335,67.168967788699,
    18.660134488821));
#5779 = CARTESIAN_POINT('',(-46.28808812884,66.837958150558,
    18.510642915006));
#5780 = CARTESIAN_POINT('',(-45.96116144846,66.525349092653,
    18.369443768517));
#5781 = CARTESIAN_POINT('',(-45.63254822988,66.213357605224,
    18.228506312744));
#5782 = CARTESIAN_POINT('',(-45.30228025618,65.901957280251,
    18.087819059123));
#5783 = CARTESIAN_POINT('',(-44.97038737839,65.591124739534,
    17.947371849867));
#5784 = CARTESIAN_POINT('',(-44.63689773089,65.280839246937,
    17.807155687418));
#5785 = CARTESIAN_POINT('',(-44.30183794683,64.971082320644,
    17.667162563905));
#5786 = CARTESIAN_POINT('',(-43.93882342957,64.63757403138,
    17.516418386852));
#5787 = CARTESIAN_POINT('',(-43.91240397598,64.613313869095,
    17.505452811961));
#5788 = CARTESIAN_POINT('',(-43.88597502499,64.589056850565,
    17.494488562465));
#5789 = CARTESIAN_POINT('',(-43.85953658877,64.564802967878,
    17.483525634941));
#5790 = CARTESIAN_POINT('',(-43.83308867947,64.540552213195,17.472564026
    ));
#5791 = CARTESIAN_POINT('',(-43.80663130916,64.516304578755,
    17.461603732286));
#5792 = CARTESIAN_POINT('',(-43.78016448988,64.492060056866,
    17.450644750472));
#5793 = CARTESIAN_POINT('',(-43.72727603451,64.443635873117,
    17.428755915271));
#5794 = CARTESIAN_POINT('',(-43.7008544066,64.41945616208,
    17.417826040111));
#5795 = CARTESIAN_POINT('',(-43.67442355695,64.395279677378,
    17.406897529047));
#5796 = CARTESIAN_POINT('',(-43.6479831044,64.371106052817,
    17.395970216689));
#5797 = CARTESIAN_POINT('',(-43.62153335914,64.34693555333,
    17.385044222947));
#5798 = CARTESIAN_POINT('',(-43.59507451437,64.322768337142,
    17.374119619494));
#5799 = CARTESIAN_POINT('',(-43.56860600862,64.298603873855,
    17.363196166709));
#5800 = CARTESIAN_POINT('',(-43.54212831796,64.274442580133,
    17.352274053088));
#5801 = PCURVE('',#2964,#5802);
#5802 = DEFINITIONAL_REPRESENTATION('',(#5803),#5834);
#5803 = B_SPLINE_CURVE_WITH_KNOTS('',8,(#5804,#5805,#5806,#5807,#5808,
    #5809,#5810,#5811,#5812,#5813,#5814,#5815,#5816,#5817,#5818,#5819,
    #5820,#5821,#5822,#5823,#5824,#5825,#5826,#5827,#5828,#5829,#5830,
    #5831,#5832,#5833),.UNSPECIFIED.,.F.,.F.,(9,7,7,7,9),(0.,
    4.670584263888E-02,0.870834432814,0.935495437455,1.),.UNSPECIFIED.);
#5804 = CARTESIAN_POINT('',(17.660694766678,0.869187344728));
#5805 = CARTESIAN_POINT('',(17.635589451157,0.868696324076));
#5806 = CARTESIAN_POINT('',(17.610488185587,0.868205333723));
#5807 = CARTESIAN_POINT('',(17.585396467636,0.867714418842));
#5808 = CARTESIAN_POINT('',(17.560303088757,0.867223486874));
#5809 = CARTESIAN_POINT('',(17.535221901124,0.866732651884));
#5810 = CARTESIAN_POINT('',(17.510141668997,0.866241821099));
#5811 = CARTESIAN_POINT('',(17.485068326603,0.86575104329));
#5812 = CARTESIAN_POINT('',(17.017667385147,0.856601147568));
#5813 = CARTESIAN_POINT('',(16.576982487813,0.847954343055));
#5814 = CARTESIAN_POINT('',(16.137957579336,0.839319215345));
#5815 = CARTESIAN_POINT('',(15.70060239423,0.830695171648));
#5816 = CARTESIAN_POINT('',(15.264924406176,0.822081691161));
#5817 = CARTESIAN_POINT('',(14.830929095801,0.813478315775));
#5818 = CARTESIAN_POINT('',(14.39862021845,0.804884640797));
#5819 = CARTESIAN_POINT('',(13.934213680343,0.795626780019));
#5820 = CARTESIAN_POINT('',(13.900437684476,0.794953311882));
#5821 = CARTESIAN_POINT('',(13.866672085457,0.794279901072));
#5822 = CARTESIAN_POINT('',(13.832916884327,0.793606547418));
#5823 = CARTESIAN_POINT('',(13.799172082072,0.79293325075));
#5824 = CARTESIAN_POINT('',(13.76543767962,0.7922600109));
#5825 = CARTESIAN_POINT('',(13.731713677845,0.791586827703));
#5826 = CARTESIAN_POINT('',(13.664368044621,0.79024220286));
#5827 = CARTESIAN_POINT('',(13.630746480202,0.789570761629));
#5828 = CARTESIAN_POINT('',(13.597134777328,0.788899373587));
#5829 = CARTESIAN_POINT('',(13.563534156608,0.788228045682));
#5830 = CARTESIAN_POINT('',(13.529943694455,0.787556772375));
#5831 = CARTESIAN_POINT('',(13.496362828654,0.786885550229));
#5832 = CARTESIAN_POINT('',(13.462793335989,0.786214389426));
#5833 = CARTESIAN_POINT('',(13.429233776573,0.785543281422));
#5834 = ( GEOMETRIC_REPRESENTATION_CONTEXT(2) 
PARAMETRIC_REPRESENTATION_CONTEXT() REPRESENTATION_CONTEXT('2D SPACE',''
  ) );
#5835 = PCURVE('',#5836,#5841);
#5836 = CYLINDRICAL_SURFACE('',#5837,10.);
#5837 = AXIS2_PLACEMENT_3D('',#5838,#5839,#5840);
#5838 = CARTESIAN_POINT('',(-40.9225442004,69.857415327769,
    26.419699252679));
#5839 = DIRECTION('',(-0.768592593328,0.480269955675,0.422618261741));
#5840 = DIRECTION('',(0.617806615345,0.72871498372,0.295447894794));
#5841 = DEFINITIONAL_REPRESENTATION('',(#5842),#5873);
#5842 = B_SPLINE_CURVE_WITH_KNOTS('',8,(#5843,#5844,#5845,#5846,#5847,
    #5848,#5849,#5850,#5851,#5852,#5853,#5854,#5855,#5856,#5857,#5858,
    #5859,#5860,#5861,#5862,#5863,#5864,#5865,#5866,#5867,#5868,#5869,
    #5870,#5871,#5872),.UNSPECIFIED.,.F.,.F.,(9,7,7,7,9),(0.,
    4.670584263888E-02,0.870834432814,0.935495437455,1.),.UNSPECIFIED.);
#5843 = CARTESIAN_POINT('',(2.457708761814,5.999999999062E-07));
#5844 = CARTESIAN_POINT('',(2.458334887785,-2.605949287541E-02));
#5845 = CARTESIAN_POINT('',(2.458960719967,-5.212189132861E-02));
#5846 = CARTESIAN_POINT('',(2.459586321177,-7.818917186161E-02));
#5847 = CARTESIAN_POINT('',(2.46021156605,-0.104256077913));
#5848 = CARTESIAN_POINT('',(2.460836611429,-0.130329100265));
#5849 = CARTESIAN_POINT('',(2.461461331623,-0.156402969099));
#5850 = CARTESIAN_POINT('',(2.462085794354,-0.182480465814));
#5851 = CARTESIAN_POINT('',(2.473723778214,-0.668748883517));
#5852 = CARTESIAN_POINT('',(2.484652072359,-1.129832384858));
#5853 = CARTESIAN_POINT('',(2.495499645207,-1.59180495114));
#5854 = CARTESIAN_POINT('',(2.506270883255,-2.054659692384));
#5855 = CARTESIAN_POINT('',(2.516969821413,-2.518389186027));
#5856 = CARTESIAN_POINT('',(2.52760018828,-2.982985569664));
#5857 = CARTESIAN_POINT('',(2.538165451424,-3.44844063379));
#5858 = CARTESIAN_POINT('',(2.549492958718,-3.951332156401));
#5859 = CARTESIAN_POINT('',(2.550316674002,-3.987923632014));
#5860 = CARTESIAN_POINT('',(2.551140010079,-4.024520337276));
#5861 = CARTESIAN_POINT('',(2.551962968506,-4.061122268068));
#5862 = CARTESIAN_POINT('',(2.552785550834,-4.097729420261));
#5863 = CARTESIAN_POINT('',(2.553607758603,-4.134341789716));
#5864 = CARTESIAN_POINT('',(2.554429593345,-4.170959372281));
#5865 = CARTESIAN_POINT('',(2.556070532363,-4.244116349413));
#5866 = CARTESIAN_POINT('',(2.556889639588,-4.280655770521));
#5867 = CARTESIAN_POINT('',(2.557708373753,-4.317200153378));
#5868 = CARTESIAN_POINT('',(2.55852674849,-4.353750036729));
#5869 = CARTESIAN_POINT('',(2.559344756088,-4.390305004227));
#5870 = CARTESIAN_POINT('',(2.560162392436,-4.426864801115));
#5871 = CARTESIAN_POINT('',(2.560979676705,-4.463430214934));
#5872 = CARTESIAN_POINT('',(2.561796596034,-4.5000006));
#5873 = ( GEOMETRIC_REPRESENTATION_CONTEXT(2) 
PARAMETRIC_REPRESENTATION_CONTEXT() REPRESENTATION_CONTEXT('2D SPACE',''
  ) );
#5874 = ORIENTED_EDGE('',*,*,#5875,.T.);
#5875 = EDGE_CURVE('',#5767,#5876,#5878,.T.);
#5876 = VERTEX_POINT('',#5877);
#5877 = CARTESIAN_POINT('',(-35.5526225973,73.506000315603,
    21.391464621419));
#5878 = SURFACE_CURVE('',#5879,(#5894,#5912),.PCURVE_S1.);
#5879 = B_SPLINE_CURVE_WITH_KNOTS('',4,(#5880,#5881,#5882,#5883,#5884,
    #5885,#5886,#5887,#5888,#5889,#5890,#5891,#5892,#5893),
  .UNSPECIFIED.,.F.,.F.,(5,3,3,3,5),(0.,0.264334024151,0.518289921167,
    0.763229123394,1.),.UNSPECIFIED.);
#5880 = CARTESIAN_POINT('',(-46.79526686925,60.515570966812,
    15.707611350601));
#5881 = CARTESIAN_POINT('',(-46.00337894371,61.430566042708,
    16.107959762134));
#5882 = CARTESIAN_POINT('',(-45.21955480717,62.336243730385,
    16.504231428696));
#5883 = CARTESIAN_POINT('',(-44.4440474047,63.232311761855,
    16.896298470886));
#5884 = CARTESIAN_POINT('',(-42.94022433802,64.969919643787,
    17.656574207579));
#5885 = CARTESIAN_POINT('',(-42.21125095176,65.812219465995,
    18.025115421339));
#5886 = CARTESIAN_POINT('',(-41.49035725324,66.645183529617,
    18.389571852329));
#5887 = CARTESIAN_POINT('',(-40.0903622471,68.262822207487,
    19.09735607126));
#5888 = CARTESIAN_POINT('',(-39.41068563353,69.048161564944,
    19.44097471201));
#5889 = CARTESIAN_POINT('',(-38.73882673842,69.824467858922,
    19.780641011691));
#5890 = CARTESIAN_POINT('',(-37.43311604101,71.333164759252,
    20.440758670729));
#5891 = CARTESIAN_POINT('',(-36.79874379981,72.066156712112,
    20.761473144199));
#5892 = CARTESIAN_POINT('',(-36.17188835376,72.79046330644,
    21.078387411981));
#5893 = CARTESIAN_POINT('',(-35.5526225973,73.506000315603,
    21.391464621419));
#5894 = PCURVE('',#2964,#5895);
#5895 = DEFINITIONAL_REPRESENTATION('',(#5896),#5911);
#5896 = B_SPLINE_CURVE_WITH_KNOTS('',4,(#5897,#5898,#5899,#5900,#5901,
    #5902,#5903,#5904,#5905,#5906,#5907,#5908,#5909,#5910),
  .UNSPECIFIED.,.F.,.F.,(5,3,3,3,5),(0.,0.264334024151,0.518289921167,
    0.763229123394,1.),.UNSPECIFIED.);
#5897 = CARTESIAN_POINT('',(18.,0.698221586959));
#5898 = CARTESIAN_POINT('',(16.929580852464,0.719477679004));
#5899 = CARTESIAN_POINT('',(15.843702133347,0.740517320418));
#5900 = CARTESIAN_POINT('',(14.74245202017,0.761333721574));
#5901 = CARTESIAN_POINT('',(12.553380984108,0.801699789163));
#5902 = CARTESIAN_POINT('',(11.466730123082,0.821267110367));
#5903 = CARTESIAN_POINT('',(10.366197534488,0.840617554182));
#5904 = CARTESIAN_POINT('',(8.177361128157,0.878196637981));
#5905 = CARTESIAN_POINT('',(7.090010170769,0.896440720499));
#5906 = CARTESIAN_POINT('',(5.990140943938,0.914474957486));
#5907 = CARTESIAN_POINT('',(3.802945938171,0.949523233729));
#5908 = CARTESIAN_POINT('',(2.71642471908,0.966551242763));
#5909 = CARTESIAN_POINT('',(1.618657933312,0.983377483738));
#5910 = CARTESIAN_POINT('',(0.509906363398,1.));
#5911 = ( GEOMETRIC_REPRESENTATION_CONTEXT(2) 
PARAMETRIC_REPRESENTATION_CONTEXT() REPRESENTATION_CONTEXT('2D SPACE',''
  ) );
#5912 = PCURVE('',#3278,#5913);
#5913 = DEFINITIONAL_REPRESENTATION('',(#5914),#5929);
#5914 = B_SPLINE_CURVE_WITH_KNOTS('',4,(#5915,#5916,#5917,#5918,#5919,
    #5920,#5921,#5922,#5923,#5924,#5925,#5926,#5927,#5928),
  .UNSPECIFIED.,.F.,.F.,(5,3,3,3,5),(0.,0.264334024151,0.518289921167,
    0.763229123394,1.),.UNSPECIFIED.);
#5915 = CARTESIAN_POINT('',(-1.360392883943,-37.77572381381));
#5916 = CARTESIAN_POINT('',(-0.16479638498,-37.33398821663));
#5917 = CARTESIAN_POINT('',(1.018625363509,-36.89675080984));
#5918 = CARTESIAN_POINT('',(2.189490463751,-36.46415269273));
#5919 = CARTESIAN_POINT('',(4.459970332918,-35.62528123254));
#5920 = CARTESIAN_POINT('',(5.56057813403,-35.21864099505));
#5921 = CARTESIAN_POINT('',(6.648987180661,-34.81650781667));
#5922 = CARTESIAN_POINT('',(8.762706905278,-34.03555433812));
#5923 = CARTESIAN_POINT('',(9.788886183188,-33.65641311737));
#5924 = CARTESIAN_POINT('',(10.803262229195,-33.28163282248));
#5925 = CARTESIAN_POINT('',(12.774631015269,-32.55327357358));
#5926 = CARTESIAN_POINT('',(13.732409516699,-32.19940430527));
#5927 = CARTESIAN_POINT('',(14.678839121806,-31.84972809999));
#5928 = CARTESIAN_POINT('',(15.613809774184,-31.50428562017));
#5929 = ( GEOMETRIC_REPRESENTATION_CONTEXT(2) 
PARAMETRIC_REPRESENTATION_CONTEXT() REPRESENTATION_CONTEXT('2D SPACE',''
  ) );
#5930 = ORIENTED_EDGE('',*,*,#5931,.F.);
#5931 = EDGE_CURVE('',#5932,#5876,#5934,.T.);
#5932 = VERTEX_POINT('',#5933);
#5933 = CARTESIAN_POINT('',(-35.21429608558,73.537068975149,
    21.402754668738));
#5934 = SURFACE_CURVE('',#5935,(#5939,#5945),.PCURVE_S1.);
#5935 = LINE('',#5936,#5937);
#5936 = CARTESIAN_POINT('',(-35.21429608558,73.537068975149,
    21.402754668738));
#5937 = VECTOR('',#5938,1.);
#5938 = DIRECTION('',(-0.995260706674,-9.139519069651E-02,
    -3.321211931081E-02));
#5939 = PCURVE('',#2964,#5940);
#5940 = DEFINITIONAL_REPRESENTATION('',(#5941),#5944);
#5941 = B_SPLINE_CURVE_WITH_KNOTS('',1,(#5942,#5943),.UNSPECIFIED.,.F.,
  .F.,(2,2),(0.,12.),.PIECEWISE_BEZIER_KNOTS.);
#5942 = CARTESIAN_POINT('',(0.,1.));
#5943 = CARTESIAN_POINT('',(18.,1.));
#5944 = ( GEOMETRIC_REPRESENTATION_CONTEXT(2) 
PARAMETRIC_REPRESENTATION_CONTEXT() REPRESENTATION_CONTEXT('2D SPACE',''
  ) );
#5945 = PCURVE('',#5946,#5951);
#5946 = PLANE('',#5947);
#5947 = AXIS2_PLACEMENT_3D('',#5948,#5949,#5950);
#5948 = CARTESIAN_POINT('',(-47.15742456566,69.024939302443,
    30.40288621916));
#5949 = DIRECTION('',(9.724261283803E-02,-0.935413389505,-0.339920086171
    ));
#5950 = DIRECTION('',(0.764580453614,0.288859502573,-0.576174381351));
#5951 = DEFINITIONAL_REPRESENTATION('',(#5952),#5956);
#5952 = LINE('',#5953,#5954);
#5953 = CARTESIAN_POINT('',(15.620499351813,1.896819669643E-15));
#5954 = VECTOR('',#5955,1.);
#5955 = DIRECTION('',(-0.768221279597,-0.640184399664));
#5956 = ( GEOMETRIC_REPRESENTATION_CONTEXT(2) 
PARAMETRIC_REPRESENTATION_CONTEXT() REPRESENTATION_CONTEXT('2D SPACE',''
  ) );
#5957 = ORIENTED_EDGE('',*,*,#5958,.F.);
#5958 = EDGE_CURVE('',#5959,#5932,#5961,.T.);
#5959 = VERTEX_POINT('',#5960);
#5960 = CARTESIAN_POINT('',(-34.45084867618,69.388936123387,
    19.555570250925));
#5961 = SURFACE_CURVE('',#5962,(#5965,#5972),.PCURVE_S1.);
#5962 = B_SPLINE_CURVE_WITH_KNOTS('',1,(#5963,#5964),.UNSPECIFIED.,.F.,
  .F.,(2,2),(0.,1.),.PIECEWISE_BEZIER_KNOTS.);
#5963 = CARTESIAN_POINT('',(-28.04265363993,34.570500664849,
    4.050745856427));
#5964 = CARTESIAN_POINT('',(-35.21429608558,73.537068975149,
    21.402754668738));
#5965 = PCURVE('',#2964,#5966);
#5966 = DEFINITIONAL_REPRESENTATION('',(#5967),#5971);
#5967 = LINE('',#5968,#5969);
#5968 = CARTESIAN_POINT('',(0.,0.));
#5969 = VECTOR('',#5970,1.);
#5970 = DIRECTION('',(0.,1.));
#5971 = ( GEOMETRIC_REPRESENTATION_CONTEXT(2) 
PARAMETRIC_REPRESENTATION_CONTEXT() REPRESENTATION_CONTEXT('2D SPACE',''
  ) );
#5972 = PCURVE('',#3228,#5973);
#5973 = DEFINITIONAL_REPRESENTATION('',(#5974),#5978);
#5974 = LINE('',#5975,#5976);
#5975 = CARTESIAN_POINT('',(16.,0.));
#5976 = VECTOR('',#5977,1.);
#5977 = DIRECTION('',(0.,1.));
#5978 = ( GEOMETRIC_REPRESENTATION_CONTEXT(2) 
PARAMETRIC_REPRESENTATION_CONTEXT() REPRESENTATION_CONTEXT('2D SPACE',''
  ) );
#5979 = ORIENTED_EDGE('',*,*,#5980,.F.);
#5980 = EDGE_CURVE('',#5568,#5959,#5981,.T.);
#5981 = SURFACE_CURVE('',#5982,(#5991,#6003),.PCURVE_S1.);
#5982 = B_SPLINE_CURVE_WITH_KNOTS('',4,(#5983,#5984,#5985,#5986,#5987,
    #5988,#5989,#5990),.UNSPECIFIED.,.F.,.F.,(5,3,5),(0.,0.508235369416,
    1.),.UNSPECIFIED.);
#5983 = CARTESIAN_POINT('',(-40.21728305737,62.726050007692,
    16.640280384443));
#5984 = CARTESIAN_POINT('',(-39.45929666724,63.601873204625,
    17.023489469292));
#5985 = CARTESIAN_POINT('',(-38.70964614208,64.468064640359,
    17.402484257914));
#5986 = CARTESIAN_POINT('',(-37.96853218321,65.324392412481,
    17.777163283355));
#5987 = CARTESIAN_POINT('',(-36.52744254911,66.989514302328,
    18.505723382933));
#5988 = CARTESIAN_POINT('',(-35.8269118038,67.798949781524,
    18.859885079396));
#5989 = CARTESIAN_POINT('',(-35.13467625171,68.598800494097,
    19.209853041713));
#5990 = CARTESIAN_POINT('',(-34.45084867618,69.388936123387,
    19.555570250925));
#5991 = PCURVE('',#2964,#5992);
#5992 = DEFINITIONAL_REPRESENTATION('',(#5993),#6002);
#5993 = B_SPLINE_CURVE_WITH_KNOTS('',4,(#5994,#5995,#5996,#5997,#5998,
    #5999,#6000,#6001),.UNSPECIFIED.,.F.,.F.,(5,3,5),(0.,0.508235369416,
    1.),.UNSPECIFIED.);
#5994 = CARTESIAN_POINT('',(9.16653269667,0.738762011984));
#5995 = CARTESIAN_POINT('',(8.044088453403,0.759108108897));
#5996 = CARTESIAN_POINT('',(6.907056235944,0.779230452035));
#5997 = CARTESIAN_POINT('',(5.755611711434,0.799123654113));
#5998 = CARTESIAN_POINT('',(3.462161698659,0.837805812181));
#5999 = CARTESIAN_POINT('',(2.321059285857,0.856609667528));
#6000 = CARTESIAN_POINT('',(1.166913638667,0.875190860822));
#6001 = CARTESIAN_POINT('',(0.,0.893546364701));
#6002 = ( GEOMETRIC_REPRESENTATION_CONTEXT(2) 
PARAMETRIC_REPRESENTATION_CONTEXT() REPRESENTATION_CONTEXT('2D SPACE',''
  ) );
#6003 = PCURVE('',#3199,#6004);
#6004 = DEFINITIONAL_REPRESENTATION('',(#6005),#6014);
#6005 = B_SPLINE_CURVE_WITH_KNOTS('',4,(#6006,#6007,#6008,#6009,#6010,
    #6011,#6012,#6013),.UNSPECIFIED.,.F.,.F.,(5,3,5),(0.,0.508235369416,
    1.),.UNSPECIFIED.);
#6006 = CARTESIAN_POINT('',(-6.,-6.567929826815));
#6007 = CARTESIAN_POINT('',(-4.855588215118,-6.145105384247));
#6008 = CARTESIAN_POINT('',(-3.723761962412,-5.72693090308));
#6009 = CARTESIAN_POINT('',(-2.604824261779,-5.31351833971));
#6010 = CARTESIAN_POINT('',(-0.429059654632,-4.509641213198));
#6011 = CARTESIAN_POINT('',(0.628605299594,-4.118867017579));
#6012 = CARTESIAN_POINT('',(1.67374612804,-3.732720095614));
#6013 = CARTESIAN_POINT('',(2.706192549852,-3.351263360764));
#6014 = ( GEOMETRIC_REPRESENTATION_CONTEXT(2) 
PARAMETRIC_REPRESENTATION_CONTEXT() REPRESENTATION_CONTEXT('2D SPACE',''
  ) );
#6015 = ORIENTED_EDGE('',*,*,#5615,.T.);
#6016 = ORIENTED_EDGE('',*,*,#5656,.T.);
#6017 = ORIENTED_EDGE('',*,*,#2949,.F.);
#6018 = ORIENTED_EDGE('',*,*,#5515,.F.);
#6019 = ORIENTED_EDGE('',*,*,#6020,.T.);
#6020 = EDGE_CURVE('',#5490,#6021,#6023,.T.);
#6021 = VERTEX_POINT('',#6022);
#6022 = CARTESIAN_POINT('',(-34.,47.002592795951,9.613961490224));
#6023 = SURFACE_CURVE('',#6024,(#6062,#6103),.PCURVE_S1.);
#6024 = B_SPLINE_CURVE_WITH_KNOTS('',8,(#6025,#6026,#6027,#6028,#6029,
    #6030,#6031,#6032,#6033,#6034,#6035,#6036,#6037,#6038,#6039,#6040,
    #6041,#6042,#6043,#6044,#6045,#6046,#6047,#6048,#6049,#6050,#6051,
    #6052,#6053,#6054,#6055,#6056,#6057,#6058,#6059,#6060,#6061),
  .UNSPECIFIED.,.F.,.F.,(9,7,7,7,7,9),(0.,0.49306598928,0.74246299634,
    0.864564405369,0.928279407272,1.),.UNSPECIFIED.);
#6025 = CARTESIAN_POINT('',(-34.,45.325555464655,8.869451509498));
#6026 = CARTESIAN_POINT('',(-34.,45.654901836466,9.015662721588));
#6027 = CARTESIAN_POINT('',(-34.,45.984199633948,9.161852369416));
#6028 = CARTESIAN_POINT('',(-34.,46.31344790151,9.308020028753));
#6029 = CARTESIAN_POINT('',(-34.,46.642645654847,9.454165262623));
#6030 = CARTESIAN_POINT('',(-34.,46.971791880946,9.600287621307));
#6031 = CARTESIAN_POINT('',(-34.,47.300885538083,9.746386642336));
#6032 = CARTESIAN_POINT('',(-34.,47.629925555822,9.892461850498));
#6033 = CARTESIAN_POINT('',(-34.,48.125314411379,10.112386559639));
#6034 = CARTESIAN_POINT('',(-34.,48.291703982854,10.186254144063));
#6035 = CARTESIAN_POINT('',(-34.,48.458079406984,10.260115447864));
#6036 = CARTESIAN_POINT('',(-34.,48.624440539193,10.333970406858));
#6037 = CARTESIAN_POINT('',(-34.,48.790787232793,10.407818955924));
#6038 = CARTESIAN_POINT('',(-34.,48.957119338979,10.481661029001));
#6039 = CARTESIAN_POINT('',(-34.,49.123436706831,10.555496559089));
#6040 = CARTESIAN_POINT('',(-34.,49.371158631541,10.665471120746));
#6041 = CARTESIAN_POINT('',(-34.,49.452574510365,10.701615178629));
#6042 = CARTESIAN_POINT('',(-34.,49.533986801821,10.737757643923));
#6043 = CARTESIAN_POINT('',(-34.,49.615395487814,10.773898508594));
#6044 = CARTESIAN_POINT('',(-34.,49.696800550118,10.810037764552));
#6045 = CARTESIAN_POINT('',(-34.,49.778201970379,10.846175403649));
#6046 = CARTESIAN_POINT('',(-34.,49.859599730116,10.882311417679));
#6047 = CARTESIAN_POINT('',(-34.,49.983466899615,10.937301454129));
#6048 = CARTESIAN_POINT('',(-34.,50.025939982681,10.956157107289));
#6049 = CARTESIAN_POINT('',(-34.,50.06841305991,10.975012757857));
#6050 = CARTESIAN_POINT('',(-34.,50.110886131296,10.993868405832));
#6051 = CARTESIAN_POINT('',(-34.,50.153359196832,11.012724051209));
#6052 = CARTESIAN_POINT('',(-34.,50.195832256514,11.031579693988));
#6053 = CARTESIAN_POINT('',(-34.,50.238305310334,11.050435334164));
#6054 = CARTESIAN_POINT('',(-34.,50.328588011954,11.090515761229));
#6055 = CARTESIAN_POINT('',(-34.,50.365825687591,11.107047188797));
#6056 = CARTESIAN_POINT('',(-34.,50.402745152876,11.123437348917));
#6057 = CARTESIAN_POINT('',(-34.,50.445256759035,11.142310104158));
#6058 = CARTESIAN_POINT('',(-34.,50.494264849695,11.164066932077));
#6059 = CARTESIAN_POINT('',(-34.,50.545001024978,11.186590932097));
#6060 = CARTESIAN_POINT('',(-34.,50.586321537365,11.204934908887));
#6061 = CARTESIAN_POINT('',(-34.,50.6,11.211007374754));
#6062 = PCURVE('',#2964,#6063);
#6063 = DEFINITIONAL_REPRESENTATION('',(#6064),#6102);
#6064 = B_SPLINE_CURVE_WITH_KNOTS('',8,(#6065,#6066,#6067,#6068,#6069,
    #6070,#6071,#6072,#6073,#6074,#6075,#6076,#6077,#6078,#6079,#6080,
    #6081,#6082,#6083,#6084,#6085,#6086,#6087,#6088,#6089,#6090,#6091,
    #6092,#6093,#6094,#6095,#6096,#6097,#6098,#6099,#6100,#6101),
  .UNSPECIFIED.,.F.,.F.,(9,7,7,7,7,9),(0.,0.49306598928,0.74246299634,
    0.864564405369,0.928279407272,1.),.UNSPECIFIED.);
#6065 = CARTESIAN_POINT('',(4.343383721697,0.285225980802));
#6066 = CARTESIAN_POINT('',(4.290497670912,0.293537531143));
#6067 = CARTESIAN_POINT('',(4.237249324607,0.301847855638));
#6068 = CARTESIAN_POINT('',(4.183634499032,0.310156930171));
#6069 = CARTESIAN_POINT('',(4.129648933808,0.318464729902));
#6070 = CARTESIAN_POINT('',(4.075288291925,0.326771229266));
#6071 = CARTESIAN_POINT('',(4.020548159745,0.335076401973));
#6072 = CARTESIAN_POINT('',(3.965424047,0.343380221009));
#6073 = CARTESIAN_POINT('',(3.881832607054,0.355882102809));
#6074 = CARTESIAN_POINT('',(3.853654419901,0.360081193547));
#6075 = CARTESIAN_POINT('',(3.825376233985,0.364279927256));
#6076 = CARTESIAN_POINT('',(3.79699745256,0.368478300287));
#6077 = CARTESIAN_POINT('',(3.76851747348,0.372676308937));
#6078 = CARTESIAN_POINT('',(3.739935689198,0.376873949453));
#6079 = CARTESIAN_POINT('',(3.711251486771,0.381071218024));
#6080 = CARTESIAN_POINT('',(3.668370404166,0.387322852851));
#6081 = CARTESIAN_POINT('',(3.654251863135,0.389377504832));
#6082 = CARTESIAN_POINT('',(3.640108552185,0.391432066281));
#6083 = CARTESIAN_POINT('',(3.625940398419,0.39348653674));
#6084 = CARTESIAN_POINT('',(3.611747328619,0.395540915751));
#6085 = CARTESIAN_POINT('',(3.597529269243,0.397595202849));
#6086 = CARTESIAN_POINT('',(3.583286146428,0.399649397568));
#6087 = CARTESIAN_POINT('',(3.561572417113,0.402775371627));
#6088 = CARTESIAN_POINT('',(3.554119928754,0.403847243669));
#6089 = CARTESIAN_POINT('',(3.546660409332,0.404919115564));
#6090 = CARTESIAN_POINT('',(3.539193847238,0.405990987311));
#6091 = CARTESIAN_POINT('',(3.531720230829,0.407062858911));
#6092 = CARTESIAN_POINT('',(3.524239548434,0.408134730362));
#6093 = CARTESIAN_POINT('',(3.516751788349,0.409206601666));
#6094 = CARTESIAN_POINT('',(3.500820384917,0.411485021238));
#6095 = CARTESIAN_POINT('',(3.494240966675,0.412424769911));
#6096 = CARTESIAN_POINT('',(3.487712304996,0.413356488067));
#6097 = CARTESIAN_POINT('',(3.480197561143,0.414429332297));
#6098 = CARTESIAN_POINT('',(3.47151399043,0.41566612507));
#6099 = CARTESIAN_POINT('',(3.462518142619,0.416946528655));
#6100 = CARTESIAN_POINT('',(3.455179423649,0.417989313845));
#6101 = CARTESIAN_POINT('',(3.452750616799,0.418334510393));
#6102 = ( GEOMETRIC_REPRESENTATION_CONTEXT(2) 
PARAMETRIC_REPRESENTATION_CONTEXT() REPRESENTATION_CONTEXT('2D SPACE',''
  ) );
#6103 = PCURVE('',#5504,#6104);
#6104 = DEFINITIONAL_REPRESENTATION('',(#6105),#6143);
#6105 = B_SPLINE_CURVE_WITH_KNOTS('',8,(#6106,#6107,#6108,#6109,#6110,
    #6111,#6112,#6113,#6114,#6115,#6116,#6117,#6118,#6119,#6120,#6121,
    #6122,#6123,#6124,#6125,#6126,#6127,#6128,#6129,#6130,#6131,#6132,
    #6133,#6134,#6135,#6136,#6137,#6138,#6139,#6140,#6141,#6142),
  .UNSPECIFIED.,.F.,.F.,(9,7,7,7,7,9),(0.,0.49306598928,0.74246299634,
    0.864564405369,0.928279407272,1.),.UNSPECIFIED.);
#6106 = CARTESIAN_POINT('',(8.069451509498,-1.325555464655));
#6107 = CARTESIAN_POINT('',(8.215662721588,-1.654901836466));
#6108 = CARTESIAN_POINT('',(8.361852369416,-1.984199633948));
#6109 = CARTESIAN_POINT('',(8.508020028753,-2.31344790151));
#6110 = CARTESIAN_POINT('',(8.654165262623,-2.642645654847));
#6111 = CARTESIAN_POINT('',(8.800287621307,-2.971791880946));
#6112 = CARTESIAN_POINT('',(8.946386642336,-3.300885538083));
#6113 = CARTESIAN_POINT('',(9.092461850498,-3.629925555822));
#6114 = CARTESIAN_POINT('',(9.312386559639,-4.125314411379));
#6115 = CARTESIAN_POINT('',(9.386254144063,-4.291703982854));
#6116 = CARTESIAN_POINT('',(9.460115447864,-4.458079406984));
#6117 = CARTESIAN_POINT('',(9.533970406858,-4.624440539193));
#6118 = CARTESIAN_POINT('',(9.607818955924,-4.790787232793));
#6119 = CARTESIAN_POINT('',(9.681661029001,-4.957119338979));
#6120 = CARTESIAN_POINT('',(9.755496559089,-5.123436706831));
#6121 = CARTESIAN_POINT('',(9.865471120746,-5.371158631541));
#6122 = CARTESIAN_POINT('',(9.901615178629,-5.452574510365));
#6123 = CARTESIAN_POINT('',(9.937757643923,-5.533986801821));
#6124 = CARTESIAN_POINT('',(9.973898508594,-5.615395487814));
#6125 = CARTESIAN_POINT('',(10.010037764552,-5.696800550118));
#6126 = CARTESIAN_POINT('',(10.046175403649,-5.778201970379));
#6127 = CARTESIAN_POINT('',(10.082311417679,-5.859599730116));
#6128 = CARTESIAN_POINT('',(10.137301454129,-5.983466899615));
#6129 = CARTESIAN_POINT('',(10.156157107289,-6.025939982681));
#6130 = CARTESIAN_POINT('',(10.175012757857,-6.06841305991));
#6131 = CARTESIAN_POINT('',(10.193868405832,-6.110886131296));
#6132 = CARTESIAN_POINT('',(10.212724051209,-6.153359196832));
#6133 = CARTESIAN_POINT('',(10.231579693988,-6.195832256514));
#6134 = CARTESIAN_POINT('',(10.250435334164,-6.238305310334));
#6135 = CARTESIAN_POINT('',(10.290515761229,-6.328588011954));
#6136 = CARTESIAN_POINT('',(10.307047188797,-6.365825687591));
#6137 = CARTESIAN_POINT('',(10.323437348917,-6.402745152876));
#6138 = CARTESIAN_POINT('',(10.342310104158,-6.445256759035));
#6139 = CARTESIAN_POINT('',(10.364066932077,-6.494264849695));
#6140 = CARTESIAN_POINT('',(10.386590932097,-6.545001024978));
#6141 = CARTESIAN_POINT('',(10.404934908887,-6.586321537365));
#6142 = CARTESIAN_POINT('',(10.411007374754,-6.6));
#6143 = ( GEOMETRIC_REPRESENTATION_CONTEXT(2) 
PARAMETRIC_REPRESENTATION_CONTEXT() REPRESENTATION_CONTEXT('2D SPACE',''
  ) );
#6144 = ORIENTED_EDGE('',*,*,#6145,.T.);
#6145 = EDGE_CURVE('',#6021,#6146,#6148,.T.);
#6146 = VERTEX_POINT('',#6147);
#6147 = CARTESIAN_POINT('',(-31.40427969665,47.240958834646,9.7005813797
    ));
#6148 = SURFACE_CURVE('',#6149,(#6152,#6158),.PCURVE_S1.);
#6149 = B_SPLINE_CURVE_WITH_KNOTS('',1,(#6150,#6151),.UNSPECIFIED.,.F.,
  .F.,(2,2),(0.,1.),.PIECEWISE_BEZIER_KNOTS.);
#6150 = CARTESIAN_POINT('',(-45.33796828539,45.961422611489,
    9.235610418076));
#6151 = CARTESIAN_POINT('',(-31.40427339663,47.240959413179,
    9.700581589933));
#6152 = PCURVE('',#2964,#6153);
#6153 = DEFINITIONAL_REPRESENTATION('',(#6154),#6157);
#6154 = B_SPLINE_CURVE_WITH_KNOTS('',1,(#6155,#6156),.UNSPECIFIED.,.F.,
  .F.,(2,2),(0.,1.),.PIECEWISE_BEZIER_KNOTS.);
#6155 = CARTESIAN_POINT('',(16.858033735844,0.327548536616));
#6156 = CARTESIAN_POINT('',(1.142075483947,0.327548536616));
#6157 = ( GEOMETRIC_REPRESENTATION_CONTEXT(2) 
PARAMETRIC_REPRESENTATION_CONTEXT() REPRESENTATION_CONTEXT('2D SPACE',''
  ) );
#6158 = PCURVE('',#5478,#6159);
#6159 = DEFINITIONAL_REPRESENTATION('',(#6160),#6163);
#6160 = B_SPLINE_CURVE_WITH_KNOTS('',1,(#6161,#6162),.UNSPECIFIED.,.F.,
  .F.,(2,2),(0.,1.),.PIECEWISE_BEZIER_KNOTS.);
#6161 = CARTESIAN_POINT('',(3.527826232285,-7.000022604793));
#6162 = CARTESIAN_POINT('',(3.527826232285,7.000022604793));
#6163 = ( GEOMETRIC_REPRESENTATION_CONTEXT(2) 
PARAMETRIC_REPRESENTATION_CONTEXT() REPRESENTATION_CONTEXT('2D SPACE',''
  ) );
#6164 = ORIENTED_EDGE('',*,*,#6165,.T.);
#6165 = EDGE_CURVE('',#6146,#6166,#6168,.T.);
#6166 = VERTEX_POINT('',#6167);
#6167 = CARTESIAN_POINT('',(-32.35725416656,56.174740179807,
    13.673725769647));
#6168 = SURFACE_CURVE('',#6169,(#6193,#6220),.PCURVE_S1.);
#6169 = B_SPLINE_CURVE_WITH_KNOTS('',4,(#6170,#6171,#6172,#6173,#6174,
    #6175,#6176,#6177,#6178,#6179,#6180,#6181,#6182,#6183,#6184,#6185,
    #6186,#6187,#6188,#6189,#6190,#6191,#6192),.UNSPECIFIED.,.F.,.F.,(5,
    3,3,3,3,3,3,5),(0.,2.787285444097E-02,0.515150756906,0.756674773149,
    0.879655622542,0.941152309307,0.971901726968,1.),.UNSPECIFIED.);
#6170 = CARTESIAN_POINT('',(-31.40427969665,47.240958834646,9.7005813797
    ));
#6171 = CARTESIAN_POINT('',(-31.41092325326,47.303239707806,
    9.728279718425));
#6172 = CARTESIAN_POINT('',(-31.41756676492,47.365520159674,
    9.755977869788));
#6173 = CARTESIAN_POINT('',(-31.42421022201,47.427800099867,
    9.783675793592));
#6174 = CARTESIAN_POINT('',(-31.54699483495,48.578860195543,
    10.295589818006));
#6175 = CARTESIAN_POINT('',(-31.66312100393,49.667499854707,
    10.779743435312));
#6176 = CARTESIAN_POINT('',(-31.77923059977,50.755984146873,
    11.263827955839));
#6177 = CARTESIAN_POINT('',(-31.95286328912,52.383726053894,
    11.98773795277));
#6178 = CARTESIAN_POINT('',(-32.01040037891,52.923114878785,
    12.227621782564));
#6179 = CARTESIAN_POINT('',(-32.0679326665,53.462458684769,
    12.467485590979));
#6180 = CARTESIAN_POINT('',(-32.15475197366,54.276357410436,
    12.82945294063));
#6181 = CARTESIAN_POINT('',(-32.18404275471,54.550947592689,
    12.951572164282));
#6182 = CARTESIAN_POINT('',(-32.21333218264,54.825525089895,
    13.07368574648));
#6183 = CARTESIAN_POINT('',(-32.25726572769,55.237385740516,
    13.256853631414));
#6184 = CARTESIAN_POINT('',(-32.27191088882,55.374678681129,
    13.317912286837));
#6185 = CARTESIAN_POINT('',(-32.28655569698,55.511968312728,
    13.378969470633));
#6186 = CARTESIAN_POINT('',(-32.30852262801,55.717900123941,
    13.470554073929));
#6187 = CARTESIAN_POINT('',(-32.31584510549,55.786545627907,
    13.501082971877));
#6188 = CARTESIAN_POINT('',(-32.32316757956,55.855191099875,
    13.531611855595));
#6189 = CARTESIAN_POINT('',(-32.33718119416,55.986563526489,
    13.590037465046));
#6190 = CARTESIAN_POINT('',(-32.34387226573,56.049289834788,
    13.617933903328));
#6191 = CARTESIAN_POINT('',(-32.35056325149,56.112015338605,
    13.64582998383));
#6192 = CARTESIAN_POINT('',(-32.35725416656,56.174740179807,
    13.673725769647));
#6193 = PCURVE('',#2964,#6194);
#6194 = DEFINITIONAL_REPRESENTATION('',(#6195),#6219);
#6195 = B_SPLINE_CURVE_WITH_KNOTS('',4,(#6196,#6197,#6198,#6199,#6200,
    #6201,#6202,#6203,#6204,#6205,#6206,#6207,#6208,#6209,#6210,#6211,
    #6212,#6213,#6214,#6215,#6216,#6217,#6218),.UNSPECIFIED.,.F.,.F.,(5,
    3,3,3,3,3,3,5),(0.,2.787285444097E-02,0.515150756906,0.756674773149,
    0.879655622542,0.941152309307,0.971901726968,1.),.UNSPECIFIED.);
#6196 = CARTESIAN_POINT('',(1.142082339474,0.327548536616));
#6197 = CARTESIAN_POINT('',(1.137415560008,0.329135684288));
#6198 = CARTESIAN_POINT('',(1.132741983796,0.330722821223));
#6199 = CARTESIAN_POINT('',(1.12806015472,0.332309945119));
#6200 = CARTESIAN_POINT('',(1.041398616261,0.361643226076));
#6201 = CARTESIAN_POINT('',(0.957161624425,0.389385802769));
#6202 = CARTESIAN_POINT('',(0.870521117507,0.417124420134));
#6203 = CARTESIAN_POINT('',(0.737095907993,0.458605321837));
#6204 = CARTESIAN_POINT('',(0.692248097906,0.472350949893));
#6205 = CARTESIAN_POINT('',(0.646749373622,0.486095430701));
#6206 = CARTESIAN_POINT('',(0.577068026897,0.50683658929));
#6207 = CARTESIAN_POINT('',(0.553383711941,0.513834165693));
#6208 = CARTESIAN_POINT('',(0.529522095814,0.520831418834));
#6209 = CARTESIAN_POINT('',(0.49345798087,0.531327155959));
#6210 = CARTESIAN_POINT('',(0.48139070612,0.534825889357));
#6211 = CARTESIAN_POINT('',(0.469277967984,0.53832453843));
#6212 = CARTESIAN_POINT('',(0.451039876152,0.543572444859));
#6213 = CARTESIAN_POINT('',(0.44494883628,0.545321786932));
#6214 = CARTESIAN_POINT('',(0.438846212848,0.54707112819));
#6215 = CARTESIAN_POINT('',(0.427144856542,0.55041898493));
#6216 = CARTESIAN_POINT('',(0.42154852958,0.552017483941));
#6217 = CARTESIAN_POINT('',(0.415941320461,0.553615962451));
#6218 = CARTESIAN_POINT('',(0.410325150228,0.555214424075));
#6219 = ( GEOMETRIC_REPRESENTATION_CONTEXT(2) 
PARAMETRIC_REPRESENTATION_CONTEXT() REPRESENTATION_CONTEXT('2D SPACE',''
  ) );
#6220 = PCURVE('',#5207,#6221);
#6221 = DEFINITIONAL_REPRESENTATION('',(#6222),#6246);
#6222 = B_SPLINE_CURVE_WITH_KNOTS('',4,(#6223,#6224,#6225,#6226,#6227,
    #6228,#6229,#6230,#6231,#6232,#6233,#6234,#6235,#6236,#6237,#6238,
    #6239,#6240,#6241,#6242,#6243,#6244,#6245),.UNSPECIFIED.,.F.,.F.,(5,
    3,3,3,3,3,3,5),(0.,2.787285444097E-02,0.515150756906,0.756674773149,
    0.879655622542,0.941152309307,0.971901726968,1.),.UNSPECIFIED.);
#6223 = CARTESIAN_POINT('',(1.372141475009,0.));
#6224 = CARTESIAN_POINT('',(1.367380031994,-6.831962115257E-02));
#6225 = CARTESIAN_POINT('',(1.362618621188,-0.136638780165));
#6226 = CARTESIAN_POINT('',(1.3578572495,-0.204957377891));
#6227 = CARTESIAN_POINT('',(1.26985740663,-1.467624159382));
#6228 = CARTESIAN_POINT('',(1.18662967655,-2.661818224315));
#6229 = CARTESIAN_POINT('',(1.103413824452,-3.85584185788));
#6230 = CARTESIAN_POINT('',(0.978971119342,-5.64140947729));
#6231 = CARTESIAN_POINT('',(0.937734235173,-6.233097395284));
#6232 = CARTESIAN_POINT('',(0.896500792751,-6.824735929342));
#6233 = CARTESIAN_POINT('',(0.834277316983,-7.717550203989));
#6234 = CARTESIAN_POINT('',(0.813284587774,-8.018764626204));
#6235 = CARTESIAN_POINT('',(0.792292828351,-8.319965133431));
#6236 = CARTESIAN_POINT('',(0.760805616975,-8.771759756575));
#6237 = CARTESIAN_POINT('',(0.750309416779,-8.922364608656));
#6238 = CARTESIAN_POINT('',(0.739813469562,-9.072965830881));
#6239 = CARTESIAN_POINT('',(0.724069750275,-9.298864772428));
#6240 = CARTESIAN_POINT('',(0.718821724055,-9.374166138431));
#6241 = CARTESIAN_POINT('',(0.713573700281,-9.449467469334));
#6242 = CARTESIAN_POINT('',(0.703530130061,-9.593577754897));
#6243 = CARTESIAN_POINT('',(0.698734633027,-9.662386000542));
#6244 = CARTESIAN_POINT('',(0.693939197497,-9.731193363702));
#6245 = CARTESIAN_POINT('',(0.689143812625,-9.8));
#6246 = ( GEOMETRIC_REPRESENTATION_CONTEXT(2) 
PARAMETRIC_REPRESENTATION_CONTEXT() REPRESENTATION_CONTEXT('2D SPACE',''
  ) );
#6247 = ORIENTED_EDGE('',*,*,#6248,.F.);
#6248 = EDGE_CURVE('',#6249,#6166,#6251,.T.);
#6249 = VERTEX_POINT('',#6250);
#6250 = CARTESIAN_POINT('',(-46.29090406014,54.895207510043,
    13.20875609929));
#6251 = SURFACE_CURVE('',#6252,(#6255,#6261),.PCURVE_S1.);
#6252 = B_SPLINE_CURVE_WITH_KNOTS('',1,(#6253,#6254),.UNSPECIFIED.,.F.,
  .F.,(2,2),(0.,1.),.PIECEWISE_BEZIER_KNOTS.);
#6253 = CARTESIAN_POINT('',(-46.2909458912,54.89520366868,
    13.208754703377));
#6254 = CARTESIAN_POINT('',(-32.35725100245,56.17474047037,
    13.673725875234));
#6255 = PCURVE('',#2964,#6256);
#6256 = DEFINITIONAL_REPRESENTATION('',(#6257),#6260);
#6257 = B_SPLINE_CURVE_WITH_KNOTS('',1,(#6258,#6259),.UNSPECIFIED.,.F.,
  .F.,(2,2),(0.,1.),.PIECEWISE_BEZIER_KNOTS.);
#6258 = CARTESIAN_POINT('',(17.589797798006,0.555214424075));
#6259 = CARTESIAN_POINT('',(0.410321592665,0.555214424075));
#6260 = ( GEOMETRIC_REPRESENTATION_CONTEXT(2) 
PARAMETRIC_REPRESENTATION_CONTEXT() REPRESENTATION_CONTEXT('2D SPACE',''
  ) );
#6261 = PCURVE('',#6262,#6267);
#6262 = PLANE('',#6263);
#6263 = AXIS2_PLACEMENT_3D('',#6264,#6265,#6266);
#6264 = CARTESIAN_POINT('',(-39.32409844682,56.973131550279,
    9.48362292784));
#6265 = DIRECTION('',(-9.724261283803E-02,0.935413389505,0.339920086171)
  );
#6266 = DIRECTION('',(-5.946103617021E-19,-0.341538738435,0.939867698215
    ));
#6267 = DEFINITIONAL_REPRESENTATION('',(#6268),#6271);
#6268 = B_SPLINE_CURVE_WITH_KNOTS('',1,(#6269,#6270),.UNSPECIFIED.,.F.,
  .F.,(2,2),(0.,1.),.PIECEWISE_BEZIER_KNOTS.);
#6269 = CARTESIAN_POINT('',(4.210823894662,-7.000022604793));
#6270 = CARTESIAN_POINT('',(4.210823894662,7.000022604793));
#6271 = ( GEOMETRIC_REPRESENTATION_CONTEXT(2) 
PARAMETRIC_REPRESENTATION_CONTEXT() REPRESENTATION_CONTEXT('2D SPACE',''
  ) );
#6272 = ORIENTED_EDGE('',*,*,#6273,.F.);
#6273 = EDGE_CURVE('',#6274,#6249,#6276,.T.);
#6274 = VERTEX_POINT('',#6275);
#6275 = CARTESIAN_POINT('',(-45.33792959023,45.961426164882,
    9.235611709344));
#6276 = SURFACE_CURVE('',#6277,(#6301,#6328),.PCURVE_S1.);
#6277 = B_SPLINE_CURVE_WITH_KNOTS('',4,(#6278,#6279,#6280,#6281,#6282,
    #6283,#6284,#6285,#6286,#6287,#6288,#6289,#6290,#6291,#6292,#6293,
    #6294,#6295,#6296,#6297,#6298,#6299,#6300),.UNSPECIFIED.,.F.,.F.,(5,
    3,3,3,3,3,3,5),(0.,2.787285462472E-02,0.51515075742,0.756674773605,
    0.879655622905,0.941152309606,0.971901727233,1.),.UNSPECIFIED.);
#6278 = CARTESIAN_POINT('',(-45.33792959023,45.961426164882,
    9.235611709344));
#6279 = CARTESIAN_POINT('',(-45.34457314687,46.023707038377,
    9.263310048218));
#6280 = CARTESIAN_POINT('',(-45.35121665858,46.085987490582,
    9.291008199731));
#6281 = CARTESIAN_POINT('',(-45.3578601157,46.148267431114,
    9.318706123686));
#6282 = CARTESIAN_POINT('',(-45.48064472862,47.29932752663,
    9.830620148028));
#6283 = CARTESIAN_POINT('',(-45.59677089758,48.387967185664,
    10.314773765276));
#6284 = CARTESIAN_POINT('',(-45.71288049346,49.476451478107,
    10.798858285926));
#6285 = CARTESIAN_POINT('',(-45.88651318287,51.104193385731,
    11.522768283126));
#6286 = CARTESIAN_POINT('',(-45.94405027266,51.643582210603,
    11.762652112911));
#6287 = CARTESIAN_POINT('',(-46.00158256026,52.182926016687,
    12.002515921371));
#6288 = CARTESIAN_POINT('',(-46.08840186744,52.99682474255,
    12.364483271109));
#6289 = CARTESIAN_POINT('',(-46.11769264849,53.271414924807,
    12.486602494763));
#6290 = CARTESIAN_POINT('',(-46.14698207643,53.54599242205,
    12.608716076978));
#6291 = CARTESIAN_POINT('',(-46.19091562149,53.95785307274,
    12.791883961942));
#6292 = CARTESIAN_POINT('',(-46.20556078262,54.095146013359,
    12.852942617368));
#6293 = CARTESIAN_POINT('',(-46.22020559077,54.232435644973,
    12.91399980117));
#6294 = CARTESIAN_POINT('',(-46.2421725218,54.438367456215,
    13.00558440448));
#6295 = CARTESIAN_POINT('',(-46.24949499929,54.507012960185,
    13.036113302429));
#6296 = CARTESIAN_POINT('',(-46.25681747336,54.57565843216,
    13.06664218615));
#6297 = CARTESIAN_POINT('',(-46.2708310879,54.707030858262,
    13.125067795373));
#6298 = CARTESIAN_POINT('',(-46.27752215942,54.769757166046,
    13.152964233427));
#6299 = CARTESIAN_POINT('',(-46.28421314512,54.832482669351,
    13.180860313701));
#6300 = CARTESIAN_POINT('',(-46.29090406014,54.895207510043,
    13.20875609929));
#6301 = PCURVE('',#2964,#6302);
#6302 = DEFINITIONAL_REPRESENTATION('',(#6303),#6327);
#6303 = B_SPLINE_CURVE_WITH_KNOTS('',4,(#6304,#6305,#6306,#6307,#6308,
    #6309,#6310,#6311,#6312,#6313,#6314,#6315,#6316,#6317,#6318,#6319,
    #6320,#6321,#6322,#6323,#6324,#6325,#6326),.UNSPECIFIED.,.F.,.F.,(5,
    3,3,3,3,3,3,5),(0.,2.787285462472E-02,0.51515075742,0.756674773605,
    0.879655622905,0.941152309606,0.971901727233,1.),.UNSPECIFIED.);
#6304 = CARTESIAN_POINT('',(16.857990341498,0.327548536616));
#6305 = CARTESIAN_POINT('',(16.862657114838,0.329135684296));
#6306 = CARTESIAN_POINT('',(16.867330684915,0.33072282124));
#6307 = CARTESIAN_POINT('',(16.872012507845,0.332309945145));
#6308 = CARTESIAN_POINT('',(16.95867393207,0.361643226097));
#6309 = CARTESIAN_POINT('',(17.042910812865,0.389385802787));
#6310 = CARTESIAN_POINT('',(17.129551205608,0.41712442016));
#6311 = CARTESIAN_POINT('',(17.262976239312,0.458605321878));
#6312 = CARTESIAN_POINT('',(17.307823990287,0.472350949934));
#6313 = CARTESIAN_POINT('',(17.35332265461,0.486095430743));
#6314 = CARTESIAN_POINT('',(17.423003909509,0.506836589338));
#6315 = CARTESIAN_POINT('',(17.446688193249,0.513834165741));
#6316 = CARTESIAN_POINT('',(17.47054977793,0.520831418882));
#6317 = CARTESIAN_POINT('',(17.506613845346,0.531327156009));
#6318 = CARTESIAN_POINT('',(17.518681104192,0.534825889408));
#6319 = CARTESIAN_POINT('',(17.530793826364,0.538324538481));
#6320 = CARTESIAN_POINT('',(17.549031894161,0.543572444911));
#6321 = CARTESIAN_POINT('',(17.555122926004,0.545321786984));
#6322 = CARTESIAN_POINT('',(17.561225541393,0.547071128242));
#6323 = CARTESIAN_POINT('',(17.572926882231,0.550418984969));
#6324 = CARTESIAN_POINT('',(17.578523201771,0.552017483967));
#6325 = CARTESIAN_POINT('',(17.584130403454,0.553615962464));
#6326 = CARTESIAN_POINT('',(17.589746566238,0.555214424075));
#6327 = ( GEOMETRIC_REPRESENTATION_CONTEXT(2) 
PARAMETRIC_REPRESENTATION_CONTEXT() REPRESENTATION_CONTEXT('2D SPACE',''
  ) );
#6328 = PCURVE('',#3857,#6329);
#6329 = DEFINITIONAL_REPRESENTATION('',(#6330),#6354);
#6330 = B_SPLINE_CURVE_WITH_KNOTS('',4,(#6331,#6332,#6333,#6334,#6335,
    #6336,#6337,#6338,#6339,#6340,#6341,#6342,#6343,#6344,#6345,#6346,
    #6347,#6348,#6349,#6350,#6351,#6352,#6353),.UNSPECIFIED.,.F.,.F.,(5,
    3,3,3,3,3,3,5),(0.,2.787285462472E-02,0.51515075742,0.756674773605,
    0.879655622905,0.941152309606,0.971901727233,1.),.UNSPECIFIED.);
#6331 = CARTESIAN_POINT('',(8.427793939654,1.7763568394E-15));
#6332 = CARTESIAN_POINT('',(8.432555382694,-6.831962152135E-02));
#6333 = CARTESIAN_POINT('',(8.437316793526,-0.136638780904));
#6334 = CARTESIAN_POINT('',(8.442078165241,-0.204957379002));
#6335 = CARTESIAN_POINT('',(8.530078008098,-1.467624160316));
#6336 = CARTESIAN_POINT('',(8.613305738168,-2.661818225106));
#6337 = CARTESIAN_POINT('',(8.696521590287,-3.855841858976));
#6338 = CARTESIAN_POINT('',(8.820964295444,-5.641409479047));
#6339 = CARTESIAN_POINT('',(8.862201179611,-6.23309739702));
#6340 = CARTESIAN_POINT('',(8.903434622041,-6.824735931187));
#6341 = CARTESIAN_POINT('',(8.965658097824,-7.71755020605));
#6342 = CARTESIAN_POINT('',(8.986650827033,-8.018764628269));
#6343 = CARTESIAN_POINT('',(9.007642586459,-8.319965135537));
#6344 = CARTESIAN_POINT('',(9.03912979784,-8.771759758757));
#6345 = CARTESIAN_POINT('',(9.049625998036,-8.922364610844));
#6346 = CARTESIAN_POINT('',(9.060121945255,-9.072965833085));
#6347 = CARTESIAN_POINT('',(9.075865664544,-9.298864774664));
#6348 = CARTESIAN_POINT('',(9.081113690764,-9.374166140672));
#6349 = CARTESIAN_POINT('',(9.086361714538,-9.449467471582));
#6350 = CARTESIAN_POINT('',(9.09640528472,-9.593577756584));
#6351 = CARTESIAN_POINT('',(9.101200781714,-9.662386001664));
#6352 = CARTESIAN_POINT('',(9.105996217205,-9.731193364262));
#6353 = CARTESIAN_POINT('',(9.110791602038,-9.8));
#6354 = ( GEOMETRIC_REPRESENTATION_CONTEXT(2) 
PARAMETRIC_REPRESENTATION_CONTEXT() REPRESENTATION_CONTEXT('2D SPACE',''
  ) );
#6355 = ORIENTED_EDGE('',*,*,#6356,.T.);
#6356 = EDGE_CURVE('',#6274,#6357,#6359,.T.);
#6357 = VERTEX_POINT('',#6358);
#6358 = CARTESIAN_POINT('',(-44.,46.084288776877,9.280258782098));
#6359 = SURFACE_CURVE('',#6360,(#6363,#6369),.PCURVE_S1.);
#6360 = B_SPLINE_CURVE_WITH_KNOTS('',1,(#6361,#6362),.UNSPECIFIED.,.F.,
  .F.,(2,2),(0.,1.),.PIECEWISE_BEZIER_KNOTS.);
#6361 = CARTESIAN_POINT('',(-45.33796828539,45.961422611489,
    9.235610418076));
#6362 = CARTESIAN_POINT('',(-31.40427339663,47.240959413179,
    9.700581589933));
#6363 = PCURVE('',#2964,#6364);
#6364 = DEFINITIONAL_REPRESENTATION('',(#6365),#6368);
#6365 = B_SPLINE_CURVE_WITH_KNOTS('',1,(#6366,#6367),.UNSPECIFIED.,.F.,
  .F.,(2,2),(0.,1.),.PIECEWISE_BEZIER_KNOTS.);
#6366 = CARTESIAN_POINT('',(16.858033735844,0.327548536616));
#6367 = CARTESIAN_POINT('',(1.142075483947,0.327548536616));
#6368 = ( GEOMETRIC_REPRESENTATION_CONTEXT(2) 
PARAMETRIC_REPRESENTATION_CONTEXT() REPRESENTATION_CONTEXT('2D SPACE',''
  ) );
#6369 = PCURVE('',#3831,#6370);
#6370 = DEFINITIONAL_REPRESENTATION('',(#6371),#6374);
#6371 = B_SPLINE_CURVE_WITH_KNOTS('',1,(#6372,#6373),.UNSPECIFIED.,.F.,
  .F.,(2,2),(0.,1.),.PIECEWISE_BEZIER_KNOTS.);
#6372 = CARTESIAN_POINT('',(3.527826232285,-7.000022604793));
#6373 = CARTESIAN_POINT('',(3.527826232285,7.000022604793));
#6374 = ( GEOMETRIC_REPRESENTATION_CONTEXT(2) 
PARAMETRIC_REPRESENTATION_CONTEXT() REPRESENTATION_CONTEXT('2D SPACE',''
  ) );
#6375 = ORIENTED_EDGE('',*,*,#6376,.F.);
#6376 = EDGE_CURVE('',#3762,#6357,#6377,.T.);
#6377 = SURFACE_CURVE('',#6378,(#6399,#6423),.PCURVE_S1.);
#6378 = B_SPLINE_CURVE_WITH_KNOTS('',4,(#6379,#6380,#6381,#6382,#6383,
    #6384,#6385,#6386,#6387,#6388,#6389,#6390,#6391,#6392,#6393,#6394,
    #6395,#6396,#6397,#6398),.UNSPECIFIED.,.F.,.F.,(5,3,3,3,3,3,5),(0.,
    0.498362093968,0.749860777813,0.873332242837,0.937356783852,
    0.969369454818,1.),.UNSPECIFIED.);
#6379 = CARTESIAN_POINT('',(-44.,44.407251445581,8.535748801372));
#6380 = CARTESIAN_POINT('',(-44.,45.178943223986,8.878336423213));
#6381 = CARTESIAN_POINT('',(-44.,45.950594554548,9.220906088493));
#6382 = CARTESIAN_POINT('',(-44.,46.72220256014,9.563456519929));
#6383 = CARTESIAN_POINT('',(-44.,47.883132597595,10.078843973554));
#6384 = CARTESIAN_POINT('',(-44.,48.272489471656,10.251696463712));
#6385 = CARTESIAN_POINT('',(-44.,48.661833998427,10.42454347237));
#6386 = CARTESIAN_POINT('',(-44.,49.242305284488,10.682239981525));
#6387 = CARTESIAN_POINT('',(-44.,49.433441781087,10.767093804838));
#6388 = CARTESIAN_POINT('',(-44.,49.624575128303,10.851946230002));
#6389 = CARTESIAN_POINT('',(-44.,49.914813342672,10.980795626109));
#6390 = CARTESIAN_POINT('',(-44.,50.013920556044,11.02479363864));
#6391 = CARTESIAN_POINT('',(-44.,50.113026898231,11.068791264414));
#6392 = CARTESIAN_POINT('',(-44.,50.261685711834,11.134787392458));
#6393 = CARTESIAN_POINT('',(-44.,50.311239051048,11.156786279981));
#6394 = CARTESIAN_POINT('',(-44.,50.360792378339,11.178785162211));
#6395 = CARTESIAN_POINT('',(-44.,50.457759577599,11.221833129185));
#6396 = CARTESIAN_POINT('',(-44.,50.505173265584,11.24288213225));
#6397 = CARTESIAN_POINT('',(-44.,50.552586728827,11.263931035544));
#6398 = CARTESIAN_POINT('',(-44.,50.6,11.284979853568));
#6399 = PCURVE('',#2964,#6400);
#6400 = DEFINITIONAL_REPRESENTATION('',(#6401),#6422);
#6401 = B_SPLINE_CURVE_WITH_KNOTS('',4,(#6402,#6403,#6404,#6405,#6406,
    #6407,#6408,#6409,#6410,#6411,#6412,#6413,#6414,#6415,#6416,#6417,
    #6418,#6419,#6420,#6421),.UNSPECIFIED.,.F.,.F.,(5,3,3,3,3,3,5),(0.,
    0.498362093968,0.749860777813,0.873332242837,0.937356783852,
    0.969369454818,1.),.UNSPECIFIED.);
#6402 = CARTESIAN_POINT('',(15.446648900431,0.285225980802));
#6403 = CARTESIAN_POINT('',(15.402382331983,0.304700781841));
#6404 = CARTESIAN_POINT('',(15.357271267395,0.324174562119));
#6405 = CARTESIAN_POINT('',(15.311279684903,0.343647249026));
#6406 = CARTESIAN_POINT('',(15.240692760735,0.372945062134));
#6407 = CARTESIAN_POINT('',(15.216783805069,0.38277106763));
#6408 = CARTESIAN_POINT('',(15.192635114453,0.392596761524));
#6409 = CARTESIAN_POINT('',(15.156265144464,0.407245826243));
#6410 = CARTESIAN_POINT('',(15.144230003729,0.412069442805));
#6411 = CARTESIAN_POINT('',(15.132135098716,0.416892979887));
#6412 = CARTESIAN_POINT('',(15.113676761102,0.424217577138));
#6413 = CARTESIAN_POINT('',(15.107357514789,0.426718696518));
#6414 = CARTESIAN_POINT('',(15.101021924526,0.429219793912));
#6415 = CARTESIAN_POINT('',(15.091493840712,0.432971422345));
#6416 = CARTESIAN_POINT('',(15.088313663069,0.434221975285));
#6417 = CARTESIAN_POINT('',(15.085129350166,0.435472527924));
#6418 = CARTESIAN_POINT('',(15.078890089218,0.437919640833));
#6419 = CARTESIAN_POINT('',(15.075835638657,0.43911619646));
#6420 = CARTESIAN_POINT('',(15.072777016243,0.440312746416));
#6421 = CARTESIAN_POINT('',(15.069714830076,0.441509291525));
#6422 = ( GEOMETRIC_REPRESENTATION_CONTEXT(2) 
PARAMETRIC_REPRESENTATION_CONTEXT() REPRESENTATION_CONTEXT('2D SPACE',''
  ) );
#6423 = PCURVE('',#3805,#6424);
#6424 = DEFINITIONAL_REPRESENTATION('',(#6425),#6446);
#6425 = B_SPLINE_CURVE_WITH_KNOTS('',4,(#6426,#6427,#6428,#6429,#6430,
    #6431,#6432,#6433,#6434,#6435,#6436,#6437,#6438,#6439,#6440,#6441,
    #6442,#6443,#6444,#6445),.UNSPECIFIED.,.F.,.F.,(5,3,3,3,3,3,5),(0.,
    0.498362093968,0.749860777813,0.873332242837,0.937356783852,
    0.969369454818,1.),.UNSPECIFIED.);
#6426 = CARTESIAN_POINT('',(7.735748801372,-0.407251445581));
#6427 = CARTESIAN_POINT('',(8.078336423213,-1.178943223986));
#6428 = CARTESIAN_POINT('',(8.420906088493,-1.950594554548));
#6429 = CARTESIAN_POINT('',(8.763456519929,-2.72220256014));
#6430 = CARTESIAN_POINT('',(9.278843973554,-3.883132597595));
#6431 = CARTESIAN_POINT('',(9.451696463712,-4.272489471656));
#6432 = CARTESIAN_POINT('',(9.62454347237,-4.661833998427));
#6433 = CARTESIAN_POINT('',(9.882239981525,-5.242305284488));
#6434 = CARTESIAN_POINT('',(9.967093804838,-5.433441781087));
#6435 = CARTESIAN_POINT('',(10.051946230002,-5.624575128303));
#6436 = CARTESIAN_POINT('',(10.180795626109,-5.914813342672));
#6437 = CARTESIAN_POINT('',(10.22479363864,-6.013920556044));
#6438 = CARTESIAN_POINT('',(10.268791264414,-6.113026898231));
#6439 = CARTESIAN_POINT('',(10.334787392458,-6.261685711834));
#6440 = CARTESIAN_POINT('',(10.356786279981,-6.311239051048));
#6441 = CARTESIAN_POINT('',(10.378785162211,-6.360792378339));
#6442 = CARTESIAN_POINT('',(10.421833129185,-6.457759577599));
#6443 = CARTESIAN_POINT('',(10.44288213225,-6.505173265584));
#6444 = CARTESIAN_POINT('',(10.463931035544,-6.552586728827));
#6445 = CARTESIAN_POINT('',(10.484979853568,-6.6));
#6446 = ( GEOMETRIC_REPRESENTATION_CONTEXT(2) 
PARAMETRIC_REPRESENTATION_CONTEXT() REPRESENTATION_CONTEXT('2D SPACE',''
  ) );
#6447 = ADVANCED_FACE('',(#6448),#3417,.F.);
#6448 = FACE_BOUND('',#6449,.F.);
#6449 = EDGE_LOOP('',(#6450,#6471,#6472,#6473,#6496,#6524));
#6450 = ORIENTED_EDGE('',*,*,#6451,.F.);
#6451 = EDGE_CURVE('',#3345,#6452,#6454,.T.);
#6452 = VERTEX_POINT('',#6453);
#6453 = CARTESIAN_POINT('',(-37.04385609316,43.187359949975,
    63.781921131509));
#6454 = SURFACE_CURVE('',#6455,(#6459,#6465),.PCURVE_S1.);
#6455 = LINE('',#6456,#6457);
#6456 = CARTESIAN_POINT('',(-42.41431836049,58.973909192173,
    36.074877006144));
#6457 = VECTOR('',#6458,1.);
#6458 = DIRECTION('',(0.166073512387,-0.488175421522,0.856798894902));
#6459 = PCURVE('',#3417,#6460);
#6460 = DEFINITIONAL_REPRESENTATION('',(#6461),#6464);
#6461 = B_SPLINE_CURVE_WITH_KNOTS('',1,(#6462,#6463),.UNSPECIFIED.,.F.,
  .F.,(2,2),(-16.33786165017,32.337861650178),.PIECEWISE_BEZIER_KNOTS.);
#6462 = CARTESIAN_POINT('',(0.,-0.5));
#6463 = CARTESIAN_POINT('',(48.675723300356,-0.5));
#6464 = ( GEOMETRIC_REPRESENTATION_CONTEXT(2) 
PARAMETRIC_REPRESENTATION_CONTEXT() REPRESENTATION_CONTEXT('2D SPACE',''
  ) );
#6465 = PCURVE('',#3374,#6466);
#6466 = DEFINITIONAL_REPRESENTATION('',(#6467),#6470);
#6467 = B_SPLINE_CURVE_WITH_KNOTS('',1,(#6468,#6469),.UNSPECIFIED.,.F.,
  .F.,(2,2),(-16.33786165017,32.337861650178),.PIECEWISE_BEZIER_KNOTS.);
#6468 = CARTESIAN_POINT('',(4.979743476881,-32.84669006316));
#6469 = CARTESIAN_POINT('',(-10.88808882286,13.170023606104));
#6470 = ( GEOMETRIC_REPRESENTATION_CONTEXT(2) 
PARAMETRIC_REPRESENTATION_CONTEXT() REPRESENTATION_CONTEXT('2D SPACE',''
  ) );
#6471 = ORIENTED_EDGE('',*,*,#3393,.T.);
#6472 = ORIENTED_EDGE('',*,*,#3493,.T.);
#6473 = ORIENTED_EDGE('',*,*,#6474,.T.);
#6474 = EDGE_CURVE('',#3494,#6475,#6477,.T.);
#6475 = VERTEX_POINT('',#6476);
#6476 = CARTESIAN_POINT('',(-49.7391599896,69.831271424069,
    24.612324769655));
#6477 = SURFACE_CURVE('',#6478,(#6482,#6489),.PCURVE_S1.);
#6478 = LINE('',#6479,#6480);
#6479 = CARTESIAN_POINT('',(-44.74330813297,66.70951671218,
    21.865306068341));
#6480 = VECTOR('',#6481,1.);
#6481 = DIRECTION('',(-0.768592593328,0.480269955675,0.422618261741));
#6482 = PCURVE('',#3417,#6483);
#6483 = DEFINITIONAL_REPRESENTATION('',(#6484),#6488);
#6484 = LINE('',#6485,#6486);
#6485 = CARTESIAN_POINT('',(0.,0.));
#6486 = VECTOR('',#6487,1.);
#6487 = DIRECTION('',(5.748577597662E-17,-1.));
#6488 = ( GEOMETRIC_REPRESENTATION_CONTEXT(2) 
PARAMETRIC_REPRESENTATION_CONTEXT() REPRESENTATION_CONTEXT('2D SPACE',''
  ) );
#6489 = PCURVE('',#3554,#6490);
#6490 = DEFINITIONAL_REPRESENTATION('',(#6491),#6495);
#6491 = LINE('',#6492,#6493);
#6492 = CARTESIAN_POINT('',(-3.14159265359,0.));
#6493 = VECTOR('',#6494,1.);
#6494 = DIRECTION('',(-0.,-1.));
#6495 = ( GEOMETRIC_REPRESENTATION_CONTEXT(2) 
PARAMETRIC_REPRESENTATION_CONTEXT() REPRESENTATION_CONTEXT('2D SPACE',''
  ) );
#6496 = ORIENTED_EDGE('',*,*,#6497,.T.);
#6497 = EDGE_CURVE('',#6475,#6498,#6500,.T.);
#6498 = VERTEX_POINT('',#6499);
#6499 = CARTESIAN_POINT('',(-41.65541165313,46.068979684026,
    66.317630701953));
#6500 = SURFACE_CURVE('',#6501,(#6505,#6512),.PCURVE_S1.);
#6501 = LINE('',#6502,#6503);
#6502 = CARTESIAN_POINT('',(-49.7391599896,69.831271424069,
    24.612324769655));
#6503 = VECTOR('',#6504,1.);
#6504 = DIRECTION('',(0.166073512387,-0.488175421522,0.856798894902));
#6505 = PCURVE('',#3417,#6506);
#6506 = DEFINITIONAL_REPRESENTATION('',(#6507),#6511);
#6507 = LINE('',#6508,#6509);
#6508 = CARTESIAN_POINT('',(3.937693657142E-15,-6.5));
#6509 = VECTOR('',#6510,1.);
#6510 = DIRECTION('',(1.,-9.923882946946E-18));
#6511 = ( GEOMETRIC_REPRESENTATION_CONTEXT(2) 
PARAMETRIC_REPRESENTATION_CONTEXT() REPRESENTATION_CONTEXT('2D SPACE',''
  ) );
#6512 = PCURVE('',#6513,#6518);
#6513 = PLANE('',#6514);
#6514 = AXIS2_PLACEMENT_3D('',#6515,#6516,#6517);
#6515 = CARTESIAN_POINT('',(-41.99044612929,62.322415456365,
    47.237665104567));
#6516 = DIRECTION('',(-0.768592593328,0.480269955675,0.422618261741));
#6517 = DIRECTION('',(-0.529919264233,-0.848048096156,8.422940171363E-18
    ));
#6518 = DEFINITIONAL_REPRESENTATION('',(#6519),#6523);
#6519 = LINE('',#6520,#6521);
#6520 = CARTESIAN_POINT('',(-2.261678260117,-24.96430093455));
#6521 = VECTOR('',#6522,1.);
#6522 = DIRECTION('',(0.325990683319,0.945372981626));
#6523 = ( GEOMETRIC_REPRESENTATION_CONTEXT(2) 
PARAMETRIC_REPRESENTATION_CONTEXT() REPRESENTATION_CONTEXT('2D SPACE',''
  ) );
#6524 = ORIENTED_EDGE('',*,*,#6525,.F.);
#6525 = EDGE_CURVE('',#6452,#6498,#6526,.T.);
#6526 = SURFACE_CURVE('',#6527,(#6531,#6538),.PCURVE_S1.);
#6527 = LINE('',#6528,#6529);
#6528 = CARTESIAN_POINT('',(-36.6595597965,42.947224972137,
    63.570612000639));
#6529 = VECTOR('',#6530,1.);
#6530 = DIRECTION('',(-0.768592593328,0.480269955675,0.422618261741));
#6531 = PCURVE('',#3417,#6532);
#6532 = DEFINITIONAL_REPRESENTATION('',(#6533),#6537);
#6533 = LINE('',#6534,#6535);
#6534 = CARTESIAN_POINT('',(48.675723300356,3.478273070161E-15));
#6535 = VECTOR('',#6536,1.);
#6536 = DIRECTION('',(5.748577597662E-17,-1.));
#6537 = ( GEOMETRIC_REPRESENTATION_CONTEXT(2) 
PARAMETRIC_REPRESENTATION_CONTEXT() REPRESENTATION_CONTEXT('2D SPACE',''
  ) );
#6538 = PCURVE('',#6539,#6544);
#6539 = CYLINDRICAL_SURFACE('',#6540,6.);
#6540 = AXIS2_PLACEMENT_3D('',#6541,#6542,#6543);
#6541 = CARTESIAN_POINT('',(-32.95272010443,47.319514874454,
    65.343299369401));
#6542 = DIRECTION('',(0.768592593328,-0.480269955675,-0.422618261741));
#6543 = DIRECTION('',(-0.617806615345,-0.72871498372,-0.295447894794));
#6544 = DEFINITIONAL_REPRESENTATION('',(#6545),#6549);
#6545 = LINE('',#6546,#6547);
#6546 = CARTESIAN_POINT('',(-0.,0.));
#6547 = VECTOR('',#6548,1.);
#6548 = DIRECTION('',(-0.,-1.));
#6549 = ( GEOMETRIC_REPRESENTATION_CONTEXT(2) 
PARAMETRIC_REPRESENTATION_CONTEXT() REPRESENTATION_CONTEXT('2D SPACE',''
  ) );
#6550 = ADVANCED_FACE('',(#6551,#6750,#6870),#3374,.F.);
#6551 = FACE_BOUND('',#6552,.F.);
#6552 = EDGE_LOOP('',(#6553,#6588,#6616,#6637,#6638,#6639,#6663,#6691,
    #6724));
#6553 = ORIENTED_EDGE('',*,*,#6554,.F.);
#6554 = EDGE_CURVE('',#6555,#6557,#6559,.T.);
#6555 = VERTEX_POINT('',#6556);
#6556 = CARTESIAN_POINT('',(-48.49295849591,49.32475254564,
    35.985439908699));
#6557 = VERTEX_POINT('',#6558);
#6558 = CARTESIAN_POINT('',(-49.47912477208,43.161155365169,
    41.196361083613));
#6559 = SURFACE_CURVE('',#6560,(#6565,#6576),.PCURVE_S1.);
#6560 = CIRCLE('',#6561,4.1);
#6561 = AXIS2_PLACEMENT_3D('',#6562,#6563,#6564);
#6562 = CARTESIAN_POINT('',(-49.31899074683,46.009038528996,
    38.251209376291));
#6563 = DIRECTION('',(-0.768592593328,0.480269955675,0.422618261741));
#6564 = DIRECTION('',(0.201471280712,0.808710735767,-0.552626699413));
#6565 = PCURVE('',#3374,#6566);
#6566 = DEFINITIONAL_REPRESENTATION('',(#6567),#6575);
#6567 = ( BOUNDED_CURVE() B_SPLINE_CURVE(2,(#6568,#6569,#6570,#6571,
#6572,#6573,#6574),.UNSPECIFIED.,.T.,.F.) B_SPLINE_CURVE_WITH_KNOTS((1,2
    ,2,2,2,1),(-2.094395102393,0.,2.094395102393,4.188790204786,
6.28318530718,8.377580409573),.UNSPECIFIED.) CURVE() 
GEOMETRIC_REPRESENTATION_ITEM() RATIONAL_B_SPLINE_CURVE((1.,0.5,1.,0.5,
1.,0.5,1.)) REPRESENTATION_ITEM('') );
#6568 = CARTESIAN_POINT('',(-11.75038463814,-17.5));
#6569 = CARTESIAN_POINT('',(-16.08051165706,-23.12849891178));
#6570 = CARTESIAN_POINT('',(-18.78987119038,-16.56424945589));
#6571 = CARTESIAN_POINT('',(-21.4992307237,-10.));
#6572 = CARTESIAN_POINT('',(-14.45974417146,-10.9357505441));
#6573 = CARTESIAN_POINT('',(-7.420257619223,-11.87150108821));
#6574 = CARTESIAN_POINT('',(-11.75038463814,-17.5));
#6575 = ( GEOMETRIC_REPRESENTATION_CONTEXT(2) 
PARAMETRIC_REPRESENTATION_CONTEXT() REPRESENTATION_CONTEXT('2D SPACE',''
  ) );
#6576 = PCURVE('',#6577,#6582);
#6577 = CYLINDRICAL_SURFACE('',#6578,4.1);
#6578 = AXIS2_PLACEMENT_3D('',#6579,#6580,#6581);
#6579 = CARTESIAN_POINT('',(-49.31899074683,46.009038528996,
    38.251209376291));
#6580 = DIRECTION('',(-0.768592593328,0.480269955675,0.422618261741));
#6581 = DIRECTION('',(-0.529919264233,-0.848048096156,
    -2.773547628497E-17));
#6582 = DEFINITIONAL_REPRESENTATION('',(#6583),#6587);
#6583 = LINE('',#6584,#6585);
#6584 = CARTESIAN_POINT('',(-8.769025135012,0.));
#6585 = VECTOR('',#6586,1.);
#6586 = DIRECTION('',(1.,-0.));
#6587 = ( GEOMETRIC_REPRESENTATION_CONTEXT(2) 
PARAMETRIC_REPRESENTATION_CONTEXT() REPRESENTATION_CONTEXT('2D SPACE',''
  ) );
#6588 = ORIENTED_EDGE('',*,*,#6589,.T.);
#6589 = EDGE_CURVE('',#6555,#6590,#6592,.T.);
#6590 = VERTEX_POINT('',#6591);
#6591 = CARTESIAN_POINT('',(-44.67381351989,55.436662122177,
    35.985439908699));
#6592 = SURFACE_CURVE('',#6593,(#6597,#6604),.PCURVE_S1.);
#6593 = LINE('',#6594,#6595);
#6594 = CARTESIAN_POINT('',(-51.53979043809,44.448802184388,
    35.985439908699));
#6595 = VECTOR('',#6596,1.);
#6596 = DIRECTION('',(0.529919264233,0.848048096156,2.773547628497E-17)
  );
#6597 = PCURVE('',#3374,#6598);
#6598 = DEFINITIONAL_REPRESENTATION('',(#6599),#6603);
#6599 = LINE('',#6600,#6601);
#6600 = CARTESIAN_POINT('',(-17.5,-17.5));
#6601 = VECTOR('',#6602,1.);
#6602 = DIRECTION('',(1.,3.575002263689E-17));
#6603 = ( GEOMETRIC_REPRESENTATION_CONTEXT(2) 
PARAMETRIC_REPRESENTATION_CONTEXT() REPRESENTATION_CONTEXT('2D SPACE',''
  ) );
#6604 = PCURVE('',#6605,#6610);
#6605 = PLANE('',#6606);
#6606 = AXIS2_PLACEMENT_3D('',#6607,#6608,#6609);
#6607 = CARTESIAN_POINT('',(-51.53979043809,44.448802184388,
    35.985439908699));
#6608 = DIRECTION('',(0.35840061227,-0.223953558313,0.906307787037));
#6609 = DIRECTION('',(0.529919264233,0.848048096156,4.015022021133E-17)
  );
#6610 = DEFINITIONAL_REPRESENTATION('',(#6611),#6615);
#6611 = LINE('',#6612,#6613);
#6612 = CARTESIAN_POINT('',(0.,0.));
#6613 = VECTOR('',#6614,1.);
#6614 = DIRECTION('',(1.,-1.790107792182E-18));
#6615 = ( GEOMETRIC_REPRESENTATION_CONTEXT(2) 
PARAMETRIC_REPRESENTATION_CONTEXT() REPRESENTATION_CONTEXT('2D SPACE',''
  ) );
#6616 = ORIENTED_EDGE('',*,*,#6617,.F.);
#6617 = EDGE_CURVE('',#3302,#6590,#6618,.T.);
#6618 = SURFACE_CURVE('',#6619,(#6623,#6630),.PCURVE_S1.);
#6619 = LINE('',#6620,#6621);
#6620 = CARTESIAN_POINT('',(-47.10061035385,62.570265490573,
    23.465220304742));
#6621 = VECTOR('',#6622,1.);
#6622 = DIRECTION('',(0.166073512387,-0.488175421522,0.856798894902));
#6623 = PCURVE('',#3374,#6624);
#6624 = DEFINITIONAL_REPRESENTATION('',(#6625),#6629);
#6625 = LINE('',#6626,#6627);
#6626 = CARTESIAN_POINT('',(0.220279500418,-31.31453385156));
#6627 = VECTOR('',#6628,1.);
#6628 = DIRECTION('',(-0.325990683319,0.945372981626));
#6629 = ( GEOMETRIC_REPRESENTATION_CONTEXT(2) 
PARAMETRIC_REPRESENTATION_CONTEXT() REPRESENTATION_CONTEXT('2D SPACE',''
  ) );
#6630 = PCURVE('',#3327,#6631);
#6631 = DEFINITIONAL_REPRESENTATION('',(#6632),#6636);
#6632 = LINE('',#6633,#6634);
#6633 = CARTESIAN_POINT('',(0.,0.));
#6634 = VECTOR('',#6635,1.);
#6635 = DIRECTION('',(1.,9.923882946946E-18));
#6636 = ( GEOMETRIC_REPRESENTATION_CONTEXT(2) 
PARAMETRIC_REPRESENTATION_CONTEXT() REPRESENTATION_CONTEXT('2D SPACE',''
  ) );
#6637 = ORIENTED_EDGE('',*,*,#3344,.F.);
#6638 = ORIENTED_EDGE('',*,*,#6451,.T.);
#6639 = ORIENTED_EDGE('',*,*,#6640,.F.);
#6640 = EDGE_CURVE('',#6641,#6452,#6643,.T.);
#6641 = VERTEX_POINT('',#6642);
#6642 = CARTESIAN_POINT('',(-35.40620304233,42.354934003583,
    67.706212454982));
#6643 = SURFACE_CURVE('',#6644,(#6649,#6656),.PCURVE_S1.);
#6644 = CIRCLE('',#6645,6.);
#6645 = AXIS2_PLACEMENT_3D('',#6646,#6647,#6648);
#6646 = CARTESIAN_POINT('',(-33.33701640109,47.559649852292,
    65.554608500272));
#6647 = DIRECTION('',(0.768592593328,-0.480269955675,-0.422618261741));
#6648 = DIRECTION('',(-0.617806615345,-0.72871498372,-0.295447894794));
#6649 = PCURVE('',#3374,#6650);
#6650 = DEFINITIONAL_REPRESENTATION('',(#6651),#6655);
#6651 = CIRCLE('',#6652,6.);
#6652 = AXIS2_PLACEMENT_2D('',#6653,#6654);
#6653 = CARTESIAN_POINT('',(-5.21585093311,15.12596770602));
#6654 = DIRECTION('',(-0.945372981626,-0.325990683319));
#6655 = ( GEOMETRIC_REPRESENTATION_CONTEXT(2) 
PARAMETRIC_REPRESENTATION_CONTEXT() REPRESENTATION_CONTEXT('2D SPACE',''
  ) );
#6656 = PCURVE('',#6539,#6657);
#6657 = DEFINITIONAL_REPRESENTATION('',(#6658),#6662);
#6658 = LINE('',#6659,#6660);
#6659 = CARTESIAN_POINT('',(-6.28318530718,-0.5));
#6660 = VECTOR('',#6661,1.);
#6661 = DIRECTION('',(1.,-0.));
#6662 = ( GEOMETRIC_REPRESENTATION_CONTEXT(2) 
PARAMETRIC_REPRESENTATION_CONTEXT() REPRESENTATION_CONTEXT('2D SPACE',''
  ) );
#6663 = ORIENTED_EDGE('',*,*,#6664,.T.);
#6664 = EDGE_CURVE('',#6641,#6665,#6667,.T.);
#6665 = VERTEX_POINT('',#6666);
#6666 = CARTESIAN_POINT('',(-35.94893706646,41.48637800468,
    67.706212454982));
#6667 = SURFACE_CURVE('',#6668,(#6672,#6679),.PCURVE_S1.);
#6668 = LINE('',#6669,#6670);
#6669 = CARTESIAN_POINT('',(-20.44859476047,66.292111008902,
    67.706212454982));
#6670 = VECTOR('',#6671,1.);
#6671 = DIRECTION('',(-0.529919264233,-0.848048096156,
    -2.773547628497E-17));
#6672 = PCURVE('',#3374,#6673);
#6673 = DEFINITIONAL_REPRESENTATION('',(#6674),#6678);
#6674 = LINE('',#6675,#6676);
#6675 = CARTESIAN_POINT('',(17.5,17.5));
#6676 = VECTOR('',#6677,1.);
#6677 = DIRECTION('',(-1.,-3.575002263689E-17));
#6678 = ( GEOMETRIC_REPRESENTATION_CONTEXT(2) 
PARAMETRIC_REPRESENTATION_CONTEXT() REPRESENTATION_CONTEXT('2D SPACE',''
  ) );
#6679 = PCURVE('',#6680,#6685);
#6680 = PLANE('',#6681);
#6681 = AXIS2_PLACEMENT_3D('',#6682,#6683,#6684);
#6682 = CARTESIAN_POINT('',(-20.44859476047,66.292111008902,
    67.706212454982));
#6683 = DIRECTION('',(-0.35840061227,0.223953558313,-0.906307787037));
#6684 = DIRECTION('',(-0.529919264233,-0.848048096156,
    -4.015022021133E-17));
#6685 = DEFINITIONAL_REPRESENTATION('',(#6686),#6690);
#6686 = LINE('',#6687,#6688);
#6687 = CARTESIAN_POINT('',(-0.,0.));
#6688 = VECTOR('',#6689,1.);
#6689 = DIRECTION('',(1.,1.790107792182E-18));
#6690 = ( GEOMETRIC_REPRESENTATION_CONTEXT(2) 
PARAMETRIC_REPRESENTATION_CONTEXT() REPRESENTATION_CONTEXT('2D SPACE',''
  ) );
#6691 = ORIENTED_EDGE('',*,*,#6692,.F.);
#6692 = EDGE_CURVE('',#6693,#6665,#6695,.T.);
#6693 = VERTEX_POINT('',#6694);
#6694 = CARTESIAN_POINT('',(-41.05643467464,37.898074462647,
    62.495291280067));
#6695 = SURFACE_CURVE('',#6696,(#6701,#6712),.PCURVE_S1.);
#6696 = CIRCLE('',#6697,4.1);
#6697 = AXIS2_PLACEMENT_3D('',#6698,#6699,#6700);
#6698 = CARTESIAN_POINT('',(-38.56697237873,39.290431779601,
    65.44044298739));
#6699 = DIRECTION('',(-0.768592593328,0.480269955675,0.422618261741));
#6700 = DIRECTION('',(-0.607185925833,-0.339599345599,-0.718329684713));
#6701 = PCURVE('',#3374,#6702);
#6702 = DEFINITIONAL_REPRESENTATION('',(#6703),#6711);
#6703 = ( BOUNDED_CURVE() B_SPLINE_CURVE(2,(#6704,#6705,#6706,#6707,
#6708,#6709,#6710),.UNSPECIFIED.,.T.,.F.) B_SPLINE_CURVE_WITH_KNOTS((1,2
    ,2,2,2,1),(-2.094395102393,0.,2.094395102393,4.188790204786,
6.28318530718,8.377580409573),.UNSPECIFIED.) CURVE() 
GEOMETRIC_REPRESENTATION_ITEM() RATIONAL_B_SPLINE_CURVE((1.,0.5,1.,0.5,
1.,0.5,1.)) REPRESENTATION_ITEM('') );
#6704 = CARTESIAN_POINT('',(-17.5,11.750384638145));
#6705 = CARTESIAN_POINT('',(-23.12849891178,16.080511657067));
#6706 = CARTESIAN_POINT('',(-16.56424945589,18.789871190388));
#6707 = CARTESIAN_POINT('',(-10.,21.499230723709));
#6708 = CARTESIAN_POINT('',(-10.9357505441,14.459744171466));
#6709 = CARTESIAN_POINT('',(-11.87150108821,7.420257619224));
#6710 = CARTESIAN_POINT('',(-17.5,11.750384638145));
#6711 = ( GEOMETRIC_REPRESENTATION_CONTEXT(2) 
PARAMETRIC_REPRESENTATION_CONTEXT() REPRESENTATION_CONTEXT('2D SPACE',''
  ) );
#6712 = PCURVE('',#6713,#6718);
#6713 = CYLINDRICAL_SURFACE('',#6714,4.1);
#6714 = AXIS2_PLACEMENT_3D('',#6715,#6716,#6717);
#6715 = CARTESIAN_POINT('',(-38.56697237873,39.290431779601,
    65.44044298739));
#6716 = DIRECTION('',(-0.768592593328,0.480269955675,0.422618261741));
#6717 = DIRECTION('',(-0.529919264233,-0.848048096156,
    -2.773547628497E-17));
#6718 = DEFINITIONAL_REPRESENTATION('',(#6719),#6723);
#6719 = LINE('',#6720,#6721);
#6720 = CARTESIAN_POINT('',(-7.198228808217,0.));
#6721 = VECTOR('',#6722,1.);
#6722 = DIRECTION('',(1.,-0.));
#6723 = ( GEOMETRIC_REPRESENTATION_CONTEXT(2) 
PARAMETRIC_REPRESENTATION_CONTEXT() REPRESENTATION_CONTEXT('2D SPACE',''
  ) );
#6724 = ORIENTED_EDGE('',*,*,#6725,.T.);
#6725 = EDGE_CURVE('',#6693,#6557,#6726,.T.);
#6726 = SURFACE_CURVE('',#6727,(#6731,#6738),.PCURVE_S1.);
#6727 = LINE('',#6728,#6729);
#6728 = CARTESIAN_POINT('',(-38.99576900864,36.610427643428,
    67.706212454982));
#6729 = VECTOR('',#6730,1.);
#6730 = DIRECTION('',(-0.35840061227,0.223953558313,-0.906307787037));
#6731 = PCURVE('',#3374,#6732);
#6732 = DEFINITIONAL_REPRESENTATION('',(#6733),#6737);
#6733 = LINE('',#6734,#6735);
#6734 = CARTESIAN_POINT('',(-17.5,17.5));
#6735 = VECTOR('',#6736,1.);
#6736 = DIRECTION('',(3.750486997659E-17,-1.));
#6737 = ( GEOMETRIC_REPRESENTATION_CONTEXT(2) 
PARAMETRIC_REPRESENTATION_CONTEXT() REPRESENTATION_CONTEXT('2D SPACE',''
  ) );
#6738 = PCURVE('',#6739,#6744);
#6739 = PLANE('',#6740);
#6740 = AXIS2_PLACEMENT_3D('',#6741,#6742,#6743);
#6741 = CARTESIAN_POINT('',(-38.99576900864,36.610427643428,
    67.706212454982));
#6742 = DIRECTION('',(0.529919264233,0.848048096156,4.322952327307E-17)
  );
#6743 = DIRECTION('',(-0.35840061227,0.223953558313,-0.906307787037));
#6744 = DEFINITIONAL_REPRESENTATION('',(#6745),#6749);
#6745 = LINE('',#6746,#6747);
#6746 = CARTESIAN_POINT('',(0.,0.));
#6747 = VECTOR('',#6748,1.);
#6748 = DIRECTION('',(1.,-4.268913590151E-18));
#6749 = ( GEOMETRIC_REPRESENTATION_CONTEXT(2) 
PARAMETRIC_REPRESENTATION_CONTEXT() REPRESENTATION_CONTEXT('2D SPACE',''
  ) );
#6750 = FACE_BOUND('',#6751,.F.);
#6751 = EDGE_LOOP('',(#6752,#6780,#6813,#6839));
#6752 = ORIENTED_EDGE('',*,*,#6753,.F.);
#6753 = EDGE_CURVE('',#6754,#6756,#6758,.T.);
#6754 = VERTEX_POINT('',#6755);
#6755 = CARTESIAN_POINT('',(-49.16132414436,46.99446406011,
    37.418096079618));
#6756 = VERTEX_POINT('',#6757);
#6757 = CARTESIAN_POINT('',(-47.38468439135,48.242653135797,
    39.230711653691));
#6758 = SURFACE_CURVE('',#6759,(#6763,#6769),.PCURVE_S1.);
#6759 = LINE('',#6760,#6761);
#6760 = CARTESIAN_POINT('',(-41.61060519408,52.299267631778,
    45.12171226943));
#6761 = VECTOR('',#6762,1.);
#6762 = DIRECTION('',(0.628137008538,0.44130147981,0.640856382056));
#6763 = PCURVE('',#3374,#6764);
#6764 = DEFINITIONAL_REPRESENTATION('',(#6765),#6768);
#6765 = B_SPLINE_CURVE_WITH_KNOTS('',1,(#6766,#6767),.UNSPECIFIED.,.F.,
  .F.,(2,2),(-12.02081528017,-9.192388155425),.PIECEWISE_BEZIER_KNOTS.);
#6766 = CARTESIAN_POINT('',(-14.08076118445,-15.91923881554));
#6767 = CARTESIAN_POINT('',(-12.08076118445,-13.91923881554));
#6768 = ( GEOMETRIC_REPRESENTATION_CONTEXT(2) 
PARAMETRIC_REPRESENTATION_CONTEXT() REPRESENTATION_CONTEXT('2D SPACE',''
  ) );
#6769 = PCURVE('',#6770,#6775);
#6770 = PLANE('',#6771);
#6771 = AXIS2_PLACEMENT_3D('',#6772,#6773,#6774);
#6772 = CARTESIAN_POINT('',(-48.15327698468,48.722923091472,
    39.653329915432));
#6773 = DIRECTION('',(0.121282001903,0.758019639319,-0.640856382056));
#6774 = DIRECTION('',(-0.628137008538,-0.44130147981,-0.640856382056));
#6775 = DEFINITIONAL_REPRESENTATION('',(#6776),#6779);
#6776 = B_SPLINE_CURVE_WITH_KNOTS('',1,(#6777,#6778),.UNSPECIFIED.,.F.,
  .F.,(2,2),(-12.02081528017,-9.192388155425),.PIECEWISE_BEZIER_KNOTS.);
#6777 = CARTESIAN_POINT('',(2.828427124746,-1.));
#6778 = CARTESIAN_POINT('',(-3.552713678801E-15,-1.));
#6779 = ( GEOMETRIC_REPRESENTATION_CONTEXT(2) 
PARAMETRIC_REPRESENTATION_CONTEXT() REPRESENTATION_CONTEXT('2D SPACE',''
  ) );
#6780 = ORIENTED_EDGE('',*,*,#6781,.T.);
#6781 = EDGE_CURVE('',#6754,#6782,#6784,.T.);
#6782 = VERTEX_POINT('',#6783);
#6783 = CARTESIAN_POINT('',(-49.47665734931,45.023612997882,
    39.084322672963));
#6784 = SURFACE_CURVE('',#6785,(#6790,#6801),.PCURVE_S1.);
#6785 = CIRCLE('',#6786,1.3);
#6786 = AXIS2_PLACEMENT_3D('',#6787,#6788,#6789);
#6787 = CARTESIAN_POINT('',(-49.31899074683,46.009038528996,
    38.251209376291));
#6788 = DIRECTION('',(-0.768592593328,0.480269955675,0.422618261741));
#6789 = DIRECTION('',(0.121282001903,0.758019639319,-0.640856382056));
#6790 = PCURVE('',#3374,#6791);
#6791 = DEFINITIONAL_REPRESENTATION('',(#6792),#6800);
#6792 = ( BOUNDED_CURVE() B_SPLINE_CURVE(2,(#6793,#6794,#6795,#6796,
#6797,#6798,#6799),.UNSPECIFIED.,.T.,.F.) B_SPLINE_CURVE_WITH_KNOTS((1,2
    ,2,2,2,1),(-2.094395102393,0.,2.094395102393,4.188790204786,
6.28318530718,8.377580409573),.UNSPECIFIED.) CURVE() 
GEOMETRIC_REPRESENTATION_ITEM() RATIONAL_B_SPLINE_CURVE((1.,0.5,1.,0.5,
1.,0.5,1.)) REPRESENTATION_ITEM('') );
#6793 = CARTESIAN_POINT('',(-14.08076118445,-15.91923881554));
#6794 = CARTESIAN_POINT('',(-15.67292951726,-17.51140714835));
#6795 = CARTESIAN_POINT('',(-16.25570357417,-15.33646475863));
#6796 = CARTESIAN_POINT('',(-16.83847763108,-13.16152236891));
#6797 = CARTESIAN_POINT('',(-14.66353524136,-13.74429642582));
#6798 = CARTESIAN_POINT('',(-12.48859285164,-14.32707048273));
#6799 = CARTESIAN_POINT('',(-14.08076118445,-15.91923881554));
#6800 = ( GEOMETRIC_REPRESENTATION_CONTEXT(2) 
PARAMETRIC_REPRESENTATION_CONTEXT() REPRESENTATION_CONTEXT('2D SPACE',''
  ) );
#6801 = PCURVE('',#6802,#6807);
#6802 = CYLINDRICAL_SURFACE('',#6803,1.3);
#6803 = AXIS2_PLACEMENT_3D('',#6804,#6805,#6806);
#6804 = CARTESIAN_POINT('',(-50.08758334016,46.489308484671,
    38.673827638031));
#6805 = DIRECTION('',(-0.768592593328,0.480269955675,0.422618261741));
#6806 = DIRECTION('',(0.121282001903,0.758019639319,-0.640856382056));
#6807 = DEFINITIONAL_REPRESENTATION('',(#6808),#6812);
#6808 = LINE('',#6809,#6810);
#6809 = CARTESIAN_POINT('',(-4.919160339616E-17,-1.));
#6810 = VECTOR('',#6811,1.);
#6811 = DIRECTION('',(1.,0.));
#6812 = ( GEOMETRIC_REPRESENTATION_CONTEXT(2) 
PARAMETRIC_REPRESENTATION_CONTEXT() REPRESENTATION_CONTEXT('2D SPACE',''
  ) );
#6813 = ORIENTED_EDGE('',*,*,#6814,.F.);
#6814 = EDGE_CURVE('',#6815,#6782,#6817,.T.);
#6815 = VERTEX_POINT('',#6816);
#6816 = CARTESIAN_POINT('',(-47.7000175963,46.271802073568,
    40.896938247036));
#6817 = SURFACE_CURVE('',#6818,(#6822,#6828),.PCURVE_S1.);
#6818 = LINE('',#6819,#6820);
#6819 = CARTESIAN_POINT('',(-42.81425827553,49.704322031706,
    45.881631075738));
#6820 = VECTOR('',#6821,1.);
#6821 = DIRECTION('',(-0.628137008538,-0.44130147981,-0.640856382056));
#6822 = PCURVE('',#3374,#6823);
#6823 = DEFINITIONAL_REPRESENTATION('',(#6824),#6827);
#6824 = B_SPLINE_CURVE_WITH_KNOTS('',1,(#6825,#6826),.UNSPECIFIED.,.F.,
  .F.,(2,2),(7.778174593052,10.606601717798),.PIECEWISE_BEZIER_KNOTS.);
#6825 = CARTESIAN_POINT('',(-13.91923881554,-12.08076118445));
#6826 = CARTESIAN_POINT('',(-15.91923881554,-14.08076118445));
#6827 = ( GEOMETRIC_REPRESENTATION_CONTEXT(2) 
PARAMETRIC_REPRESENTATION_CONTEXT() REPRESENTATION_CONTEXT('2D SPACE',''
  ) );
#6828 = PCURVE('',#6829,#6834);
#6829 = PLANE('',#6830);
#6830 = AXIS2_PLACEMENT_3D('',#6831,#6832,#6833);
#6831 = CARTESIAN_POINT('',(-50.24524994263,45.503882953557,
    39.506940934704));
#6832 = DIRECTION('',(-0.121282001903,-0.758019639319,0.640856382056));
#6833 = DIRECTION('',(0.628137008538,0.44130147981,0.640856382056));
#6834 = DEFINITIONAL_REPRESENTATION('',(#6835),#6838);
#6835 = B_SPLINE_CURVE_WITH_KNOTS('',1,(#6836,#6837),.UNSPECIFIED.,.F.,
  .F.,(2,2),(7.778174593052,10.606601717798),.PIECEWISE_BEZIER_KNOTS.);
#6836 = CARTESIAN_POINT('',(2.828427124746,-1.));
#6837 = CARTESIAN_POINT('',(0.,-1.));
#6838 = ( GEOMETRIC_REPRESENTATION_CONTEXT(2) 
PARAMETRIC_REPRESENTATION_CONTEXT() REPRESENTATION_CONTEXT('2D SPACE',''
  ) );
#6839 = ORIENTED_EDGE('',*,*,#6840,.T.);
#6840 = EDGE_CURVE('',#6815,#6756,#6841,.T.);
#6841 = SURFACE_CURVE('',#6842,(#6847,#6858),.PCURVE_S1.);
#6842 = CIRCLE('',#6843,1.3);
#6843 = AXIS2_PLACEMENT_3D('',#6844,#6845,#6846);
#6844 = CARTESIAN_POINT('',(-47.54235099383,47.257227604682,
    40.063824950364));
#6845 = DIRECTION('',(-0.768592593328,0.480269955675,0.422618261741));
#6846 = DIRECTION('',(-0.121282001903,-0.758019639319,0.640856382056));
#6847 = PCURVE('',#3374,#6848);
#6848 = DEFINITIONAL_REPRESENTATION('',(#6849),#6857);
#6849 = ( BOUNDED_CURVE() B_SPLINE_CURVE(2,(#6850,#6851,#6852,#6853,
#6854,#6855,#6856),.UNSPECIFIED.,.T.,.F.) B_SPLINE_CURVE_WITH_KNOTS((1,2
    ,2,2,2,1),(-2.094395102393,0.,2.094395102393,4.188790204786,
6.28318530718,8.377580409573),.UNSPECIFIED.) CURVE() 
GEOMETRIC_REPRESENTATION_ITEM() RATIONAL_B_SPLINE_CURVE((1.,0.5,1.,0.5,
1.,0.5,1.)) REPRESENTATION_ITEM('') );
#6850 = CARTESIAN_POINT('',(-13.91923881554,-12.08076118445));
#6851 = CARTESIAN_POINT('',(-12.32707048273,-10.48859285164));
#6852 = CARTESIAN_POINT('',(-11.74429642582,-12.66353524136));
#6853 = CARTESIAN_POINT('',(-11.16152236891,-14.83847763108));
#6854 = CARTESIAN_POINT('',(-13.33646475863,-14.25570357417));
#6855 = CARTESIAN_POINT('',(-15.51140714835,-13.67292951726));
#6856 = CARTESIAN_POINT('',(-13.91923881554,-12.08076118445));
#6857 = ( GEOMETRIC_REPRESENTATION_CONTEXT(2) 
PARAMETRIC_REPRESENTATION_CONTEXT() REPRESENTATION_CONTEXT('2D SPACE',''
  ) );
#6858 = PCURVE('',#6859,#6864);
#6859 = CYLINDRICAL_SURFACE('',#6860,1.3);
#6860 = AXIS2_PLACEMENT_3D('',#6861,#6862,#6863);
#6861 = CARTESIAN_POINT('',(-48.31094358715,47.737497560358,
    40.486443212105));
#6862 = DIRECTION('',(-0.768592593328,0.480269955675,0.422618261741));
#6863 = DIRECTION('',(-0.121282001903,-0.758019639319,0.640856382056));
#6864 = DEFINITIONAL_REPRESENTATION('',(#6865),#6869);
#6865 = LINE('',#6866,#6867);
#6866 = CARTESIAN_POINT('',(-4.919160339616E-17,-1.));
#6867 = VECTOR('',#6868,1.);
#6868 = DIRECTION('',(1.,0.));
#6869 = ( GEOMETRIC_REPRESENTATION_CONTEXT(2) 
PARAMETRIC_REPRESENTATION_CONTEXT() REPRESENTATION_CONTEXT('2D SPACE',''
  ) );
#6870 = FACE_BOUND('',#6871,.F.);
#6871 = EDGE_LOOP('',(#6872,#6900,#6933,#6959));
#6872 = ORIENTED_EDGE('',*,*,#6873,.F.);
#6873 = EDGE_CURVE('',#6874,#6876,#6878,.T.);
#6874 = VERTEX_POINT('',#6875);
#6875 = CARTESIAN_POINT('',(-39.38355048983,38.716739855848,
    64.607329690718));
#6876 = VERTEX_POINT('',#6877);
#6877 = CARTESIAN_POINT('',(-39.0405131859,40.860743164787,
    62.794714116644));
#6878 = SURFACE_CURVE('',#6879,(#6883,#6889),.PCURVE_S1.);
#6879 = LINE('',#6880,#6881);
#6880 = CARTESIAN_POINT('',(-37.92564194814,47.828753918839,
    56.903713500906));
#6881 = VECTOR('',#6882,1.);
#6882 = DIRECTION('',(0.121282001903,0.758019639319,-0.640856382056));
#6883 = PCURVE('',#3374,#6884);
#6884 = DEFINITIONAL_REPRESENTATION('',(#6885),#6888);
#6885 = B_SPLINE_CURVE_WITH_KNOTS('',1,(#6886,#6887),.UNSPECIFIED.,.F.,
  .F.,(2,2),(-12.02081528017,-9.192388155425),.PIECEWISE_BEZIER_KNOTS.);
#6886 = CARTESIAN_POINT('',(-15.91923881554,14.080761184457));
#6887 = CARTESIAN_POINT('',(-13.91923881554,12.080761184457));
#6888 = ( GEOMETRIC_REPRESENTATION_CONTEXT(2) 
PARAMETRIC_REPRESENTATION_CONTEXT() REPRESENTATION_CONTEXT('2D SPACE',''
  ) );
#6889 = PCURVE('',#6890,#6895);
#6890 = PLANE('',#6891);
#6891 = AXIS2_PLACEMENT_3D('',#6892,#6893,#6894);
#6892 = CARTESIAN_POINT('',(-39.80910577923,41.341013120462,
    63.217332378385));
#6893 = DIRECTION('',(-0.628137008538,-0.44130147981,-0.640856382056));
#6894 = DIRECTION('',(-0.121282001903,-0.758019639319,0.640856382056));
#6895 = DEFINITIONAL_REPRESENTATION('',(#6896),#6899);
#6896 = B_SPLINE_CURVE_WITH_KNOTS('',1,(#6897,#6898),.UNSPECIFIED.,.F.,
  .F.,(2,2),(-12.02081528017,-9.192388155425),.PIECEWISE_BEZIER_KNOTS.);
#6897 = CARTESIAN_POINT('',(2.828427124746,-1.));
#6898 = CARTESIAN_POINT('',(0.,-1.));
#6899 = ( GEOMETRIC_REPRESENTATION_CONTEXT(2) 
PARAMETRIC_REPRESENTATION_CONTEXT() REPRESENTATION_CONTEXT('2D SPACE',''
  ) );
#6900 = ORIENTED_EDGE('',*,*,#6901,.T.);
#6901 = EDGE_CURVE('',#6874,#6902,#6904,.T.);
#6902 = VERTEX_POINT('',#6903);
#6903 = CARTESIAN_POINT('',(-37.75039426763,39.864123703355,
    66.273556284063));
#6904 = SURFACE_CURVE('',#6905,(#6910,#6921),.PCURVE_S1.);
#6905 = CIRCLE('',#6906,1.3);
#6906 = AXIS2_PLACEMENT_3D('',#6907,#6908,#6909);
#6907 = CARTESIAN_POINT('',(-38.56697237873,39.290431779601,
    65.44044298739));
#6908 = DIRECTION('',(-0.768592593328,0.480269955675,0.422618261741));
#6909 = DIRECTION('',(-0.628137008538,-0.44130147981,-0.640856382056));
#6910 = PCURVE('',#3374,#6911);
#6911 = DEFINITIONAL_REPRESENTATION('',(#6912),#6920);
#6912 = ( BOUNDED_CURVE() B_SPLINE_CURVE(2,(#6913,#6914,#6915,#6916,
#6917,#6918,#6919),.UNSPECIFIED.,.T.,.F.) B_SPLINE_CURVE_WITH_KNOTS((1,2
    ,2,2,2,1),(-2.094395102393,0.,2.094395102393,4.188790204786,
6.28318530718,8.377580409573),.UNSPECIFIED.) CURVE() 
GEOMETRIC_REPRESENTATION_ITEM() RATIONAL_B_SPLINE_CURVE((1.,0.5,1.,0.5,
1.,0.5,1.)) REPRESENTATION_ITEM('') );
#6913 = CARTESIAN_POINT('',(-15.91923881554,14.080761184457));
#6914 = CARTESIAN_POINT('',(-17.51140714835,15.672929517267));
#6915 = CARTESIAN_POINT('',(-15.33646475863,16.255703574176));
#6916 = CARTESIAN_POINT('',(-13.16152236891,16.838477631085));
#6917 = CARTESIAN_POINT('',(-13.74429642582,14.663535241367));
#6918 = CARTESIAN_POINT('',(-14.32707048273,12.488592851648));
#6919 = CARTESIAN_POINT('',(-15.91923881554,14.080761184457));
#6920 = ( GEOMETRIC_REPRESENTATION_CONTEXT(2) 
PARAMETRIC_REPRESENTATION_CONTEXT() REPRESENTATION_CONTEXT('2D SPACE',''
  ) );
#6921 = PCURVE('',#6922,#6927);
#6922 = CYLINDRICAL_SURFACE('',#6923,1.3);
#6923 = AXIS2_PLACEMENT_3D('',#6924,#6925,#6926);
#6924 = CARTESIAN_POINT('',(-39.33556497206,39.770701735277,
    65.863061249131));
#6925 = DIRECTION('',(-0.768592593328,0.480269955675,0.422618261741));
#6926 = DIRECTION('',(-0.628137008538,-0.44130147981,-0.640856382056));
#6927 = DEFINITIONAL_REPRESENTATION('',(#6928),#6932);
#6928 = LINE('',#6929,#6930);
#6929 = CARTESIAN_POINT('',(-1.080608752412E-16,-1.));
#6930 = VECTOR('',#6931,1.);
#6931 = DIRECTION('',(1.,0.));
#6932 = ( GEOMETRIC_REPRESENTATION_CONTEXT(2) 
PARAMETRIC_REPRESENTATION_CONTEXT() REPRESENTATION_CONTEXT('2D SPACE',''
  ) );
#6933 = ORIENTED_EDGE('',*,*,#6934,.F.);
#6934 = EDGE_CURVE('',#6935,#6902,#6937,.T.);
#6935 = VERTEX_POINT('',#6936);
#6936 = CARTESIAN_POINT('',(-37.4073569637,42.008127012294,
    64.460940709989));
#6937 = SURFACE_CURVE('',#6938,(#6942,#6948),.PCURVE_S1.);
#6938 = LINE('',#6939,#6940);
#6939 = CARTESIAN_POINT('',(-36.46400437791,47.904136111877,
    59.476247881288));
#6940 = VECTOR('',#6941,1.);
#6941 = DIRECTION('',(-0.121282001903,-0.758019639319,0.640856382056));
#6942 = PCURVE('',#3374,#6943);
#6943 = DEFINITIONAL_REPRESENTATION('',(#6944),#6947);
#6944 = B_SPLINE_CURVE_WITH_KNOTS('',1,(#6945,#6946),.UNSPECIFIED.,.F.,
  .F.,(2,2),(7.778174593052,10.606601717798),.PIECEWISE_BEZIER_KNOTS.);
#6945 = CARTESIAN_POINT('',(-12.08076118445,13.919238815542));
#6946 = CARTESIAN_POINT('',(-14.08076118445,15.919238815542));
#6947 = ( GEOMETRIC_REPRESENTATION_CONTEXT(2) 
PARAMETRIC_REPRESENTATION_CONTEXT() REPRESENTATION_CONTEXT('2D SPACE',''
  ) );
#6948 = PCURVE('',#6949,#6954);
#6949 = PLANE('',#6950);
#6950 = AXIS2_PLACEMENT_3D('',#6951,#6952,#6953);
#6951 = CARTESIAN_POINT('',(-38.51898686096,40.34439365903,
    66.696174545803));
#6952 = DIRECTION('',(0.628137008538,0.44130147981,0.640856382056));
#6953 = DIRECTION('',(0.121282001903,0.758019639319,-0.640856382056));
#6954 = DEFINITIONAL_REPRESENTATION('',(#6955),#6958);
#6955 = B_SPLINE_CURVE_WITH_KNOTS('',1,(#6956,#6957),.UNSPECIFIED.,.F.,
  .F.,(2,2),(7.778174593052,10.606601717798),.PIECEWISE_BEZIER_KNOTS.);
#6956 = CARTESIAN_POINT('',(2.828427124746,-1.));
#6957 = CARTESIAN_POINT('',(0.,-1.));
#6958 = ( GEOMETRIC_REPRESENTATION_CONTEXT(2) 
PARAMETRIC_REPRESENTATION_CONTEXT() REPRESENTATION_CONTEXT('2D SPACE',''
  ) );
#6959 = ORIENTED_EDGE('',*,*,#6960,.T.);
#6960 = EDGE_CURVE('',#6935,#6876,#6961,.T.);
#6961 = SURFACE_CURVE('',#6962,(#6967,#6978),.PCURVE_S1.);
#6962 = CIRCLE('',#6963,1.3);
#6963 = AXIS2_PLACEMENT_3D('',#6964,#6965,#6966);
#6964 = CARTESIAN_POINT('',(-38.2239350748,41.434435088541,
    63.627827413317));
#6965 = DIRECTION('',(-0.768592593328,0.480269955675,0.422618261741));
#6966 = DIRECTION('',(0.628137008538,0.44130147981,0.640856382056));
#6967 = PCURVE('',#3374,#6968);
#6968 = DEFINITIONAL_REPRESENTATION('',(#6969),#6977);
#6969 = ( BOUNDED_CURVE() B_SPLINE_CURVE(2,(#6970,#6971,#6972,#6973,
#6974,#6975,#6976),.UNSPECIFIED.,.T.,.F.) B_SPLINE_CURVE_WITH_KNOTS((1,2
    ,2,2,2,1),(-2.094395102393,0.,2.094395102393,4.188790204786,
6.28318530718,8.377580409573),.UNSPECIFIED.) CURVE() 
GEOMETRIC_REPRESENTATION_ITEM() RATIONAL_B_SPLINE_CURVE((1.,0.5,1.,0.5,
1.,0.5,1.)) REPRESENTATION_ITEM('') );
#6970 = CARTESIAN_POINT('',(-12.08076118445,13.919238815542));
#6971 = CARTESIAN_POINT('',(-10.48859285164,12.327070482733));
#6972 = CARTESIAN_POINT('',(-12.66353524136,11.744296425824));
#6973 = CARTESIAN_POINT('',(-14.83847763108,11.161522368915));
#6974 = CARTESIAN_POINT('',(-14.25570357417,13.336464758633));
#6975 = CARTESIAN_POINT('',(-13.67292951726,15.511407148352));
#6976 = CARTESIAN_POINT('',(-12.08076118445,13.919238815542));
#6977 = ( GEOMETRIC_REPRESENTATION_CONTEXT(2) 
PARAMETRIC_REPRESENTATION_CONTEXT() REPRESENTATION_CONTEXT('2D SPACE',''
  ) );
#6978 = PCURVE('',#6979,#6984);
#6979 = CYLINDRICAL_SURFACE('',#6980,1.3);
#6980 = AXIS2_PLACEMENT_3D('',#6981,#6982,#6983);
#6981 = CARTESIAN_POINT('',(-38.99252766813,41.914705044216,
    64.050445675058));
#6982 = DIRECTION('',(-0.768592593328,0.480269955675,0.422618261741));
#6983 = DIRECTION('',(0.628137008538,0.44130147981,0.640856382056));
#6984 = DEFINITIONAL_REPRESENTATION('',(#6985),#6989);
#6985 = LINE('',#6986,#6987);
#6986 = CARTESIAN_POINT('',(0.,-1.));
#6987 = VECTOR('',#6988,1.);
#6988 = DIRECTION('',(1.,0.));
#6989 = ( GEOMETRIC_REPRESENTATION_CONTEXT(2) 
PARAMETRIC_REPRESENTATION_CONTEXT() REPRESENTATION_CONTEXT('2D SPACE',''
  ) );
#6990 = ADVANCED_FACE('',(#6991),#3327,.T.);
#6991 = FACE_BOUND('',#6992,.T.);
#6992 = EDGE_LOOP('',(#6993,#6994,#6995,#7018));
#6993 = ORIENTED_EDGE('',*,*,#6617,.F.);
#6994 = ORIENTED_EDGE('',*,*,#3301,.F.);
#6995 = ORIENTED_EDGE('',*,*,#6996,.T.);
#6996 = EDGE_CURVE('',#3241,#6997,#6999,.T.);
#6997 = VERTEX_POINT('',#6998);
#6998 = CARTESIAN_POINT('',(-41.21514684992,53.275447321638,
    34.083657730866));
#6999 = SURFACE_CURVE('',#7000,(#7004,#7011),.PCURVE_S1.);
#7000 = LINE('',#7001,#7002);
#7001 = CARTESIAN_POINT('',(-43.64194368387,60.409050690034,
    21.563438126909));
#7002 = VECTOR('',#7003,1.);
#7003 = DIRECTION('',(0.166073512387,-0.488175421522,0.856798894902));
#7004 = PCURVE('',#3327,#7005);
#7005 = DEFINITIONAL_REPRESENTATION('',(#7006),#7010);
#7006 = LINE('',#7007,#7008);
#7007 = CARTESIAN_POINT('',(-1.277237158384E-16,-4.5));
#7008 = VECTOR('',#7009,1.);
#7009 = DIRECTION('',(1.,9.923882946946E-18));
#7010 = ( GEOMETRIC_REPRESENTATION_CONTEXT(2) 
PARAMETRIC_REPRESENTATION_CONTEXT() REPRESENTATION_CONTEXT('2D SPACE',''
  ) );
#7011 = PCURVE('',#3278,#7012);
#7012 = DEFINITIONAL_REPRESENTATION('',(#7013),#7017);
#7013 = LINE('',#7014,#7015);
#7014 = CARTESIAN_POINT('',(0.220279500418,-31.31453385156));
#7015 = VECTOR('',#7016,1.);
#7016 = DIRECTION('',(-0.325990683319,0.945372981626));
#7017 = ( GEOMETRIC_REPRESENTATION_CONTEXT(2) 
PARAMETRIC_REPRESENTATION_CONTEXT() REPRESENTATION_CONTEXT('2D SPACE',''
  ) );
#7018 = ORIENTED_EDGE('',*,*,#7019,.F.);
#7019 = EDGE_CURVE('',#6590,#6997,#7020,.T.);
#7020 = SURFACE_CURVE('',#7021,(#7025,#7031),.PCURVE_S1.);
#7021 = LINE('',#7022,#7023);
#7022 = CARTESIAN_POINT('',(-44.67381351989,55.436662122177,
    35.985439908699));
#7023 = VECTOR('',#7024,1.);
#7024 = DIRECTION('',(0.768592593328,-0.480269955675,-0.422618261741));
#7025 = PCURVE('',#3327,#7026);
#7026 = DEFINITIONAL_REPRESENTATION('',(#7027),#7030);
#7027 = B_SPLINE_CURVE_WITH_KNOTS('',1,(#7028,#7029),.UNSPECIFIED.,.F.,
  .F.,(2,2),(-2.350791413217E-15,4.5),.PIECEWISE_BEZIER_KNOTS.);
#7028 = CARTESIAN_POINT('',(14.612786826003,-1.166440011543E-15));
#7029 = CARTESIAN_POINT('',(14.612786826003,-4.5));
#7030 = ( GEOMETRIC_REPRESENTATION_CONTEXT(2) 
PARAMETRIC_REPRESENTATION_CONTEXT() REPRESENTATION_CONTEXT('2D SPACE',''
  ) );
#7031 = PCURVE('',#6605,#7032);
#7032 = DEFINITIONAL_REPRESENTATION('',(#7033),#7036);
#7033 = B_SPLINE_CURVE_WITH_KNOTS('',1,(#7034,#7035),.UNSPECIFIED.,.F.,
  .F.,(2,2),(-2.350791413217E-15,4.5),.PIECEWISE_BEZIER_KNOTS.);
#7034 = CARTESIAN_POINT('',(12.956647137808,2.361909933766E-15));
#7035 = CARTESIAN_POINT('',(12.956647137808,-4.5));
#7036 = ( GEOMETRIC_REPRESENTATION_CONTEXT(2) 
PARAMETRIC_REPRESENTATION_CONTEXT() REPRESENTATION_CONTEXT('2D SPACE',''
  ) );
#7037 = ADVANCED_FACE('',(#7038,#7351,#7471,#7577,#7697,#7817),#3278,.T.
  );
#7038 = FACE_BOUND('',#7039,.T.);
#7039 = EDGE_LOOP('',(#7040,#7066,#7089,#7113,#7134,#7135,#7136,#7168,
    #7187,#7188,#7216,#7244,#7273,#7301,#7330));
#7040 = ORIENTED_EDGE('',*,*,#7041,.T.);
#7041 = EDGE_CURVE('',#7042,#7044,#7046,.T.);
#7042 = VERTEX_POINT('',#7043);
#7043 = CARTESIAN_POINT('',(-32.49027039648,39.325163204141,
    65.804430277149));
#7044 = VERTEX_POINT('',#7045);
#7045 = CARTESIAN_POINT('',(-37.59776800467,35.736859662108,
    60.593509102234));
#7046 = SURFACE_CURVE('',#7047,(#7052,#7059),.PCURVE_S1.);
#7047 = CIRCLE('',#7048,4.1);
#7048 = AXIS2_PLACEMENT_3D('',#7049,#7050,#7051);
#7049 = CARTESIAN_POINT('',(-35.10830570875,37.129216979063,
    63.538660809557));
#7050 = DIRECTION('',(0.768592593328,-0.480269955675,-0.422618261741));
#7051 = DIRECTION('',(0.638545198115,0.535596640263,0.552626699413));
#7052 = PCURVE('',#3278,#7053);
#7053 = DEFINITIONAL_REPRESENTATION('',(#7054),#7058);
#7054 = CIRCLE('',#7055,4.1);
#7055 = AXIS2_PLACEMENT_2D('',#7056,#7057);
#7056 = CARTESIAN_POINT('',(-15.,15.));
#7057 = DIRECTION('',(0.792589112647,0.609756097561));
#7058 = ( GEOMETRIC_REPRESENTATION_CONTEXT(2) 
PARAMETRIC_REPRESENTATION_CONTEXT() REPRESENTATION_CONTEXT('2D SPACE',''
  ) );
#7059 = PCURVE('',#6713,#7060);
#7060 = DEFINITIONAL_REPRESENTATION('',(#7061),#7065);
#7061 = LINE('',#7062,#7063);
#7062 = CARTESIAN_POINT('',(-3.797345479348,-4.5));
#7063 = VECTOR('',#7064,1.);
#7064 = DIRECTION('',(-1.,0.));
#7065 = ( GEOMETRIC_REPRESENTATION_CONTEXT(2) 
PARAMETRIC_REPRESENTATION_CONTEXT() REPRESENTATION_CONTEXT('2D SPACE',''
  ) );
#7066 = ORIENTED_EDGE('',*,*,#7067,.T.);
#7067 = EDGE_CURVE('',#7044,#7068,#7070,.T.);
#7068 = VERTEX_POINT('',#7069);
#7069 = CARTESIAN_POINT('',(-46.02045810211,40.99994056463,
    39.29457890578));
#7070 = SURFACE_CURVE('',#7071,(#7075,#7082),.PCURVE_S1.);
#7071 = LINE('',#7072,#7073);
#7072 = CARTESIAN_POINT('',(-35.53710233866,34.449212842889,
    65.804430277149));
#7073 = VECTOR('',#7074,1.);
#7074 = DIRECTION('',(-0.35840061227,0.223953558313,-0.906307787037));
#7075 = PCURVE('',#3278,#7076);
#7076 = DEFINITIONAL_REPRESENTATION('',(#7077),#7081);
#7077 = LINE('',#7078,#7079);
#7078 = CARTESIAN_POINT('',(-17.5,17.5));
#7079 = VECTOR('',#7080,1.);
#7080 = DIRECTION('',(3.750486997659E-17,-1.));
#7081 = ( GEOMETRIC_REPRESENTATION_CONTEXT(2) 
PARAMETRIC_REPRESENTATION_CONTEXT() REPRESENTATION_CONTEXT('2D SPACE',''
  ) );
#7082 = PCURVE('',#6739,#7083);
#7083 = DEFINITIONAL_REPRESENTATION('',(#7084),#7088);
#7084 = LINE('',#7085,#7086);
#7085 = CARTESIAN_POINT('',(-6.541519660584E-15,-4.5));
#7086 = VECTOR('',#7087,1.);
#7087 = DIRECTION('',(1.,-4.268913590151E-18));
#7088 = ( GEOMETRIC_REPRESENTATION_CONTEXT(2) 
PARAMETRIC_REPRESENTATION_CONTEXT() REPRESENTATION_CONTEXT('2D SPACE',''
  ) );
#7089 = ORIENTED_EDGE('',*,*,#7090,.T.);
#7090 = EDGE_CURVE('',#7068,#7091,#7093,.T.);
#7091 = VERTEX_POINT('',#7092);
#7092 = CARTESIAN_POINT('',(-45.03429182594,47.163537745101,
    34.083657730866));
#7093 = SURFACE_CURVE('',#7094,(#7099,#7106),.PCURVE_S1.);
#7094 = CIRCLE('',#7095,4.1);
#7095 = AXIS2_PLACEMENT_3D('',#7096,#7097,#7098);
#7096 = CARTESIAN_POINT('',(-45.86032407686,43.847823728457,
    36.349427198457));
#7097 = DIRECTION('',(0.768592593328,-0.480269955675,-0.422618261741));
#7098 = DIRECTION('',(-3.905707932974E-02,-0.694605649714,0.718329684713
    ));
#7099 = PCURVE('',#3278,#7100);
#7100 = DEFINITIONAL_REPRESENTATION('',(#7101),#7105);
#7101 = CIRCLE('',#7102,4.1);
#7102 = AXIS2_PLACEMENT_2D('',#7103,#7104);
#7103 = CARTESIAN_POINT('',(-15.,-15.));
#7104 = DIRECTION('',(-0.609756097561,0.792589112647));
#7105 = ( GEOMETRIC_REPRESENTATION_CONTEXT(2) 
PARAMETRIC_REPRESENTATION_CONTEXT() REPRESENTATION_CONTEXT('2D SPACE',''
  ) );
#7106 = PCURVE('',#6577,#7107);
#7107 = DEFINITIONAL_REPRESENTATION('',(#7108),#7112);
#7108 = LINE('',#7109,#7110);
#7109 = CARTESIAN_POINT('',(-5.368141806142,-4.5));
#7110 = VECTOR('',#7111,1.);
#7111 = DIRECTION('',(-1.,0.));
#7112 = ( GEOMETRIC_REPRESENTATION_CONTEXT(2) 
PARAMETRIC_REPRESENTATION_CONTEXT() REPRESENTATION_CONTEXT('2D SPACE',''
  ) );
#7113 = ORIENTED_EDGE('',*,*,#7114,.T.);
#7114 = EDGE_CURVE('',#7091,#6997,#7115,.T.);
#7115 = SURFACE_CURVE('',#7116,(#7120,#7127),.PCURVE_S1.);
#7116 = LINE('',#7117,#7118);
#7117 = CARTESIAN_POINT('',(-48.08112376811,42.287587383849,
    34.083657730866));
#7118 = VECTOR('',#7119,1.);
#7119 = DIRECTION('',(0.529919264233,0.848048096156,2.773547628497E-17)
  );
#7120 = PCURVE('',#3278,#7121);
#7121 = DEFINITIONAL_REPRESENTATION('',(#7122),#7126);
#7122 = LINE('',#7123,#7124);
#7123 = CARTESIAN_POINT('',(-17.5,-17.5));
#7124 = VECTOR('',#7125,1.);
#7125 = DIRECTION('',(1.,3.575002263689E-17));
#7126 = ( GEOMETRIC_REPRESENTATION_CONTEXT(2) 
PARAMETRIC_REPRESENTATION_CONTEXT() REPRESENTATION_CONTEXT('2D SPACE',''
  ) );
#7127 = PCURVE('',#6605,#7128);
#7128 = DEFINITIONAL_REPRESENTATION('',(#7129),#7133);
#7129 = LINE('',#7130,#7131);
#7130 = CARTESIAN_POINT('',(-4.497402208902E-16,-4.5));
#7131 = VECTOR('',#7132,1.);
#7132 = DIRECTION('',(1.,-1.790107792182E-18));
#7133 = ( GEOMETRIC_REPRESENTATION_CONTEXT(2) 
PARAMETRIC_REPRESENTATION_CONTEXT() REPRESENTATION_CONTEXT('2D SPACE',''
  ) );
#7134 = ORIENTED_EDGE('',*,*,#6996,.F.);
#7135 = ORIENTED_EDGE('',*,*,#3240,.F.);
#7136 = ORIENTED_EDGE('',*,*,#7137,.F.);
#7137 = EDGE_CURVE('',#7138,#3214,#7140,.T.);
#7138 = VERTEX_POINT('',#7139);
#7139 = CARTESIAN_POINT('',(-35.21429608558,73.185030916753,
    22.371515053417));
#7140 = SURFACE_CURVE('',#7141,(#7148,#7158),.PCURVE_S1.);
#7141 = B_SPLINE_CURVE_WITH_KNOTS('',5,(#7142,#7143,#7144,#7145,#7146,
    #7147),.UNSPECIFIED.,.F.,.F.,(6,6),(0.,1.),
  .PIECEWISE_BEZIER_KNOTS.);
#7142 = CARTESIAN_POINT('',(-35.21429608558,73.185030916753,
    22.371515053417));
#7143 = CARTESIAN_POINT('',(-35.11761803648,72.036573601545,
    23.852462833027));
#7144 = CARTESIAN_POINT('',(-35.01956038753,70.871727751967,
    25.35454379997));
#7145 = CARTESIAN_POINT('',(-34.92011115379,69.690350996432,
    26.877941543904));
#7146 = CARTESIAN_POINT('',(-34.81926054683,68.492327056345,
    28.4228060073));
#7147 = CARTESIAN_POINT('',(-34.71700153471,67.277572397884,
    29.989244907898));
#7148 = PCURVE('',#3278,#7149);
#7149 = DEFINITIONAL_REPRESENTATION('',(#7150),#7157);
#7150 = B_SPLINE_CURVE_WITH_KNOTS('',5,(#7151,#7152,#7153,#7154,#7155,
    #7156),.UNSPECIFIED.,.F.,.F.,(6,6),(0.,1.),
  .PIECEWISE_BEZIER_KNOTS.);
#7151 = CARTESIAN_POINT('',(15.520898022724,-30.42291961403));
#7152 = CARTESIAN_POINT('',(14.598182543692,-28.78887453487));
#7153 = CARTESIAN_POINT('',(13.662299875823,-27.13151156345));
#7154 = CARTESIAN_POINT('',(12.71313563222,-25.450628131));
#7155 = CARTESIAN_POINT('',(11.750596390117,-23.7460587943));
#7156 = CARTESIAN_POINT('',(10.774615035177,-22.01768469998));
#7157 = ( GEOMETRIC_REPRESENTATION_CONTEXT(2) 
PARAMETRIC_REPRESENTATION_CONTEXT() REPRESENTATION_CONTEXT('2D SPACE',''
  ) );
#7158 = PCURVE('',#3228,#7159);
#7159 = DEFINITIONAL_REPRESENTATION('',(#7160),#7167);
#7160 = B_SPLINE_CURVE_WITH_KNOTS('',5,(#7161,#7162,#7163,#7164,#7165,
    #7166),.UNSPECIFIED.,.F.,.F.,(6,6),(0.,1.),
  .PIECEWISE_BEZIER_KNOTS.);
#7161 = CARTESIAN_POINT('',(14.350814036454,1.));
#7162 = CARTESIAN_POINT('',(11.444826133662,0.98651939917));
#7163 = CARTESIAN_POINT('',(8.556131360893,0.972846429598));
#7164 = CARTESIAN_POINT('',(5.685347131017,0.958979420124));
#7165 = CARTESIAN_POINT('',(2.833096329362,0.944917005869));
#7166 = CARTESIAN_POINT('',(0.,0.930658206312));
#7167 = ( GEOMETRIC_REPRESENTATION_CONTEXT(2) 
PARAMETRIC_REPRESENTATION_CONTEXT() REPRESENTATION_CONTEXT('2D SPACE',''
  ) );
#7168 = ORIENTED_EDGE('',*,*,#7169,.F.);
#7169 = EDGE_CURVE('',#5876,#7138,#7170,.T.);
#7170 = SURFACE_CURVE('',#7171,(#7175,#7181),.PCURVE_S1.);
#7171 = LINE('',#7172,#7173);
#7172 = CARTESIAN_POINT('',(-29.54106298502,67.802850819218,
    38.805505173934));
#7173 = VECTOR('',#7174,1.);
#7174 = DIRECTION('',(0.3117210603,-0.295728882806,0.902980846109));
#7175 = PCURVE('',#3278,#7176);
#7176 = DEFINITIONAL_REPRESENTATION('',(#7177),#7180);
#7177 = B_SPLINE_CURVE_WITH_KNOTS('',1,(#7178,#7179),.UNSPECIFIED.,.F.,
  .F.,(2,2),(-19.995931267,-10.79132425776),.PIECEWISE_BEZIER_KNOTS.);
#7178 = CARTESIAN_POINT('',(15.674664065558,-32.21254653427));
#7179 = CARTESIAN_POINT('',(14.88670072673,-23.04172846982));
#7180 = ( GEOMETRIC_REPRESENTATION_CONTEXT(2) 
PARAMETRIC_REPRESENTATION_CONTEXT() REPRESENTATION_CONTEXT('2D SPACE',''
  ) );
#7181 = PCURVE('',#5946,#7182);
#7182 = DEFINITIONAL_REPRESENTATION('',(#7183),#7186);
#7183 = B_SPLINE_CURVE_WITH_KNOTS('',1,(#7184,#7185),.UNSPECIFIED.,.F.,
  .F.,(2,2),(-19.995931267,-10.79132425776),.PIECEWISE_BEZIER_KNOTS.);
#7184 = CARTESIAN_POINT('',(15.620499351813,-0.878787512318));
#7185 = CARTESIAN_POINT('',(12.239070080632,7.682212795974));
#7186 = ( GEOMETRIC_REPRESENTATION_CONTEXT(2) 
PARAMETRIC_REPRESENTATION_CONTEXT() REPRESENTATION_CONTEXT('2D SPACE',''
  ) );
#7187 = ORIENTED_EDGE('',*,*,#5875,.F.);
#7188 = ORIENTED_EDGE('',*,*,#7189,.F.);
#7189 = EDGE_CURVE('',#7190,#5767,#7192,.T.);
#7190 = VERTEX_POINT('',#7191);
#7191 = CARTESIAN_POINT('',(-31.28581137697,74.983350364425,
    27.472396022784));
#7192 = SURFACE_CURVE('',#7193,(#7198,#7209),.PCURVE_S1.);
#7193 = CIRCLE('',#7194,10.);
#7194 = AXIS2_PLACEMENT_3D('',#7195,#7196,#7197);
#7195 = CARTESIAN_POINT('',(-37.46387753042,67.69620052723,
    24.517917074846));
#7196 = DIRECTION('',(-0.768592593328,0.480269955675,0.422618261741));
#7197 = DIRECTION('',(0.617806615345,0.72871498372,0.295447894794));
#7198 = PCURVE('',#3278,#7199);
#7199 = DEFINITIONAL_REPRESENTATION('',(#7200),#7208);
#7200 = ( BOUNDED_CURVE() B_SPLINE_CURVE(2,(#7201,#7202,#7203,#7204,
#7205,#7206,#7207),.UNSPECIFIED.,.T.,.F.) B_SPLINE_CURVE_WITH_KNOTS((1,2
    ,2,2,2,1),(-2.094395102393,0.,2.094395102393,4.188790204786,
6.28318530718,8.377580409573),.UNSPECIFIED.) CURVE() 
GEOMETRIC_REPRESENTATION_ITEM() RATIONAL_B_SPLINE_CURVE((1.,0.5,1.,0.5,
1.,0.5,1.)) REPRESENTATION_ITEM('') );
#7201 = CARTESIAN_POINT('',(19.127739132943,-24.79472018518));
#7202 = CARTESIAN_POINT('',(24.774063395976,-41.16906054797));
#7203 = CARTESIAN_POINT('',(7.770306540066,-37.87175061636));
#7204 = CARTESIAN_POINT('',(-9.233450315845,-34.57444068476));
#7205 = CARTESIAN_POINT('',(2.123982277033,-21.49741025357));
#7206 = CARTESIAN_POINT('',(13.48141486991,-8.420379822384));
#7207 = CARTESIAN_POINT('',(19.127739132943,-24.79472018518));
#7208 = ( GEOMETRIC_REPRESENTATION_CONTEXT(2) 
PARAMETRIC_REPRESENTATION_CONTEXT() REPRESENTATION_CONTEXT('2D SPACE',''
  ) );
#7209 = PCURVE('',#5836,#7210);
#7210 = DEFINITIONAL_REPRESENTATION('',(#7211),#7215);
#7211 = LINE('',#7212,#7213);
#7212 = CARTESIAN_POINT('',(0.,-4.5));
#7213 = VECTOR('',#7214,1.);
#7214 = DIRECTION('',(1.,0.));
#7215 = ( GEOMETRIC_REPRESENTATION_CONTEXT(2) 
PARAMETRIC_REPRESENTATION_CONTEXT() REPRESENTATION_CONTEXT('2D SPACE',''
  ) );
#7216 = ORIENTED_EDGE('',*,*,#7217,.F.);
#7217 = EDGE_CURVE('',#7218,#7190,#7220,.T.);
#7218 = VERTEX_POINT('',#7219);
#7219 = CARTESIAN_POINT('',(-30.19519287169,71.777461954639,
    33.099065301052));
#7220 = SURFACE_CURVE('',#7221,(#7225,#7232),.PCURVE_S1.);
#7221 = LINE('',#7222,#7223);
#7222 = CARTESIAN_POINT('',(-27.0217538254,62.44909331939,
    49.471327372337));
#7223 = VECTOR('',#7224,1.);
#7224 = DIRECTION('',(-0.166073512387,0.488175421522,-0.856798894902));
#7225 = PCURVE('',#3278,#7226);
#7226 = DEFINITIONAL_REPRESENTATION('',(#7227),#7231);
#7227 = LINE('',#7228,#7229);
#7228 = CARTESIAN_POINT('',(10.75769254954,-0.521585093311));
#7229 = VECTOR('',#7230,1.);
#7230 = DIRECTION('',(0.325990683319,-0.945372981626));
#7231 = ( GEOMETRIC_REPRESENTATION_CONTEXT(2) 
PARAMETRIC_REPRESENTATION_CONTEXT() REPRESENTATION_CONTEXT('2D SPACE',''
  ) );
#7232 = PCURVE('',#7233,#7238);
#7233 = PLANE('',#7234);
#7234 = AXIS2_PLACEMENT_3D('',#7235,#7236,#7237);
#7235 = CARTESIAN_POINT('',(-30.48042049538,64.610308119929,
    51.37310955017));
#7236 = DIRECTION('',(0.617806615345,0.72871498372,0.295447894794));
#7237 = DIRECTION('',(-0.166073512387,0.488175421522,-0.856798894902));
#7238 = DEFINITIONAL_REPRESENTATION('',(#7239),#7243);
#7239 = LINE('',#7240,#7241);
#7240 = CARTESIAN_POINT('',(1.277237158384E-16,-4.5));
#7241 = VECTOR('',#7242,1.);
#7242 = DIRECTION('',(1.,-9.923882946946E-18));
#7243 = ( GEOMETRIC_REPRESENTATION_CONTEXT(2) 
PARAMETRIC_REPRESENTATION_CONTEXT() REPRESENTATION_CONTEXT('2D SPACE',''
  ) );
#7244 = ORIENTED_EDGE('',*,*,#7245,.T.);
#7245 = EDGE_CURVE('',#7218,#7246,#7248,.T.);
#7246 = VERTEX_POINT('',#7247);
#7247 = CARTESIAN_POINT('',(-27.47328385395,70.681623930104,
    39.29457890578));
#7248 = SURFACE_CURVE('',#7249,(#7254,#7261),.PCURVE_S1.);
#7249 = CIRCLE('',#7250,4.1);
#7250 = AXIS2_PLACEMENT_3D('',#7251,#7252,#7253);
#7251 = CARTESIAN_POINT('',(-29.96274614986,69.28926661315,
    36.349427198457));
#7252 = DIRECTION('',(0.768592593328,-0.480269955675,-0.422618261741));
#7253 = DIRECTION('',(-0.529919264233,-0.848048096156,
    -2.773547628497E-17));
#7254 = PCURVE('',#3278,#7255);
#7255 = DEFINITIONAL_REPRESENTATION('',(#7256),#7260);
#7256 = CIRCLE('',#7257,4.1);
#7257 = AXIS2_PLACEMENT_2D('',#7258,#7259);
#7258 = CARTESIAN_POINT('',(15.,-15.));
#7259 = DIRECTION('',(-1.,-6.384452462249E-18));
#7260 = ( GEOMETRIC_REPRESENTATION_CONTEXT(2) 
PARAMETRIC_REPRESENTATION_CONTEXT() REPRESENTATION_CONTEXT('2D SPACE',''
  ) );
#7261 = PCURVE('',#7262,#7267);
#7262 = CYLINDRICAL_SURFACE('',#7263,4.1);
#7263 = AXIS2_PLACEMENT_3D('',#7264,#7265,#7266);
#7264 = CARTESIAN_POINT('',(-33.42141281984,71.450481413689,
    38.251209376291));
#7265 = DIRECTION('',(-0.768592593328,0.480269955675,0.422618261741));
#7266 = DIRECTION('',(-0.529919264233,-0.848048096156,
    -2.773547628497E-17));
#7267 = DEFINITIONAL_REPRESENTATION('',(#7268),#7272);
#7268 = LINE('',#7269,#7270);
#7269 = CARTESIAN_POINT('',(-0.,-4.5));
#7270 = VECTOR('',#7271,1.);
#7271 = DIRECTION('',(-1.,0.));
#7272 = ( GEOMETRIC_REPRESENTATION_CONTEXT(2) 
PARAMETRIC_REPRESENTATION_CONTEXT() REPRESENTATION_CONTEXT('2D SPACE',''
  ) );
#7273 = ORIENTED_EDGE('',*,*,#7274,.T.);
#7274 = EDGE_CURVE('',#7246,#7275,#7277,.T.);
#7275 = VERTEX_POINT('',#7276);
#7276 = CARTESIAN_POINT('',(-19.0505937565,65.418543027583,
    60.593509102234));
#7277 = SURFACE_CURVE('',#7278,(#7282,#7289),.PCURVE_S1.);
#7278 = LINE('',#7279,#7280);
#7279 = CARTESIAN_POINT('',(-29.53394951995,71.969270749324,
    34.083657730866));
#7280 = VECTOR('',#7281,1.);
#7281 = DIRECTION('',(0.35840061227,-0.223953558313,0.906307787037));
#7282 = PCURVE('',#3278,#7283);
#7283 = DEFINITIONAL_REPRESENTATION('',(#7284),#7288);
#7284 = LINE('',#7285,#7286);
#7285 = CARTESIAN_POINT('',(17.5,-17.5));
#7286 = VECTOR('',#7287,1.);
#7287 = DIRECTION('',(-3.750486997659E-17,1.));
#7288 = ( GEOMETRIC_REPRESENTATION_CONTEXT(2) 
PARAMETRIC_REPRESENTATION_CONTEXT() REPRESENTATION_CONTEXT('2D SPACE',''
  ) );
#7289 = PCURVE('',#7290,#7295);
#7290 = PLANE('',#7291);
#7291 = AXIS2_PLACEMENT_3D('',#7292,#7293,#7294);
#7292 = CARTESIAN_POINT('',(-32.99261618993,74.130485549863,
    35.985439908699));
#7293 = DIRECTION('',(-0.529919264233,-0.848048096156,
    -4.322952327307E-17));
#7294 = DIRECTION('',(0.35840061227,-0.223953558313,0.906307787037));
#7295 = DEFINITIONAL_REPRESENTATION('',(#7296),#7300);
#7296 = LINE('',#7297,#7298);
#7297 = CARTESIAN_POINT('',(1.018155161669E-16,-4.5));
#7298 = VECTOR('',#7299,1.);
#7299 = DIRECTION('',(1.,4.268913590151E-18));
#7300 = ( GEOMETRIC_REPRESENTATION_CONTEXT(2) 
PARAMETRIC_REPRESENTATION_CONTEXT() REPRESENTATION_CONTEXT('2D SPACE',''
  ) );
#7301 = ORIENTED_EDGE('',*,*,#7302,.T.);
#7302 = EDGE_CURVE('',#7275,#7303,#7305,.T.);
#7303 = VERTEX_POINT('',#7304);
#7304 = CARTESIAN_POINT('',(-20.03676003267,59.254945847111,
    65.804430277149));
#7305 = SURFACE_CURVE('',#7306,(#7311,#7318),.PCURVE_S1.);
#7306 = CIRCLE('',#7307,4.1);
#7307 = AXIS2_PLACEMENT_3D('',#7308,#7309,#7310);
#7308 = CARTESIAN_POINT('',(-19.21072778175,62.570659863755,
    63.538660809557));
#7309 = DIRECTION('',(0.768592593328,-0.480269955675,-0.422618261741));
#7310 = DIRECTION('',(-0.529919264233,-0.848048096156,
    -2.773547628497E-17));
#7311 = PCURVE('',#3278,#7312);
#7312 = DEFINITIONAL_REPRESENTATION('',(#7313),#7317);
#7313 = CIRCLE('',#7314,4.1);
#7314 = AXIS2_PLACEMENT_2D('',#7315,#7316);
#7315 = CARTESIAN_POINT('',(15.,15.));
#7316 = DIRECTION('',(-1.,-6.384452462249E-18));
#7317 = ( GEOMETRIC_REPRESENTATION_CONTEXT(2) 
PARAMETRIC_REPRESENTATION_CONTEXT() REPRESENTATION_CONTEXT('2D SPACE',''
  ) );
#7318 = PCURVE('',#7319,#7324);
#7319 = CYLINDRICAL_SURFACE('',#7320,4.1);
#7320 = AXIS2_PLACEMENT_3D('',#7321,#7322,#7323);
#7321 = CARTESIAN_POINT('',(-22.66939445173,64.731874664294,
    65.44044298739));
#7322 = DIRECTION('',(-0.768592593328,0.480269955675,0.422618261741));
#7323 = DIRECTION('',(-0.529919264233,-0.848048096156,
    -2.773547628497E-17));
#7324 = DEFINITIONAL_REPRESENTATION('',(#7325),#7329);
#7325 = LINE('',#7326,#7327);
#7326 = CARTESIAN_POINT('',(-0.,-4.5));
#7327 = VECTOR('',#7328,1.);
#7328 = DIRECTION('',(-1.,0.));
#7329 = ( GEOMETRIC_REPRESENTATION_CONTEXT(2) 
PARAMETRIC_REPRESENTATION_CONTEXT() REPRESENTATION_CONTEXT('2D SPACE',''
  ) );
#7330 = ORIENTED_EDGE('',*,*,#7331,.T.);
#7331 = EDGE_CURVE('',#7303,#7042,#7332,.T.);
#7332 = SURFACE_CURVE('',#7333,(#7337,#7344),.PCURVE_S1.);
#7333 = LINE('',#7334,#7335);
#7334 = CARTESIAN_POINT('',(-16.9899280905,64.130896208364,
    65.804430277149));
#7335 = VECTOR('',#7336,1.);
#7336 = DIRECTION('',(-0.529919264233,-0.848048096156,
    -2.773547628497E-17));
#7337 = PCURVE('',#3278,#7338);
#7338 = DEFINITIONAL_REPRESENTATION('',(#7339),#7343);
#7339 = LINE('',#7340,#7341);
#7340 = CARTESIAN_POINT('',(17.5,17.5));
#7341 = VECTOR('',#7342,1.);
#7342 = DIRECTION('',(-1.,-3.575002263689E-17));
#7343 = ( GEOMETRIC_REPRESENTATION_CONTEXT(2) 
PARAMETRIC_REPRESENTATION_CONTEXT() REPRESENTATION_CONTEXT('2D SPACE',''
  ) );
#7344 = PCURVE('',#6680,#7345);
#7345 = DEFINITIONAL_REPRESENTATION('',(#7346),#7350);
#7346 = LINE('',#7347,#7348);
#7347 = CARTESIAN_POINT('',(2.332391639591E-15,-4.5));
#7348 = VECTOR('',#7349,1.);
#7349 = DIRECTION('',(1.,1.790107792182E-18));
#7350 = ( GEOMETRIC_REPRESENTATION_CONTEXT(2) 
PARAMETRIC_REPRESENTATION_CONTEXT() REPRESENTATION_CONTEXT('2D SPACE',''
  ) );
#7351 = FACE_BOUND('',#7352,.T.);
#7352 = EDGE_LOOP('',(#7353,#7381,#7414,#7440));
#7353 = ORIENTED_EDGE('',*,*,#7354,.F.);
#7354 = EDGE_CURVE('',#7355,#7357,#7359,.T.);
#7355 = VERTEX_POINT('',#7356);
#7356 = CARTESIAN_POINT('',(-45.33663876877,46.772428505849,
    33.978258584851));
#7357 = VERTEX_POINT('',#7358);
#7358 = CARTESIAN_POINT('',(-43.68562641747,47.932357285573,
    35.662702882513));
#7359 = SURFACE_CURVE('',#7360,(#7364,#7370),.PCURVE_S1.);
#7360 = LINE('',#7361,#7362);
#7361 = CARTESIAN_POINT('',(-37.88014036977,52.011036855545,
    41.585746317354));
#7362 = VECTOR('',#7363,1.);
#7363 = DIRECTION('',(0.628137008538,0.44130147981,0.640856382056));
#7364 = PCURVE('',#3278,#7365);
#7365 = DEFINITIONAL_REPRESENTATION('',(#7366),#7369);
#7366 = B_SPLINE_CURVE_WITH_KNOTS('',1,(#7367,#7368),.UNSPECIFIED.,.F.,
  .F.,(2,2),(-11.87081528017,-9.242388155425),.PIECEWISE_BEZIER_KNOTS.);
#7367 = CARTESIAN_POINT('',(-12.24228355337,-17.61629509039));
#7368 = CARTESIAN_POINT('',(-10.38370490961,-15.75771644662));
#7369 = ( GEOMETRIC_REPRESENTATION_CONTEXT(2) 
PARAMETRIC_REPRESENTATION_CONTEXT() REPRESENTATION_CONTEXT('2D SPACE',''
  ) );
#7370 = PCURVE('',#7371,#7376);
#7371 = PLANE('',#7372);
#7372 = AXIS2_PLACEMENT_3D('',#7373,#7374,#7375);
#7373 = CARTESIAN_POINT('',(-44.4542190108,48.412627241249,
    36.085321144254));
#7374 = DIRECTION('',(0.121282001903,0.758019639319,-0.640856382056));
#7375 = DIRECTION('',(-0.628137008538,-0.44130147981,-0.640856382056));
#7376 = DEFINITIONAL_REPRESENTATION('',(#7377),#7380);
#7377 = B_SPLINE_CURVE_WITH_KNOTS('',1,(#7378,#7379),.UNSPECIFIED.,.F.,
  .F.,(2,2),(-11.87081528017,-9.242388155425),.PIECEWISE_BEZIER_KNOTS.);
#7378 = CARTESIAN_POINT('',(2.628427124746,-1.));
#7379 = CARTESIAN_POINT('',(0.,-1.));
#7380 = ( GEOMETRIC_REPRESENTATION_CONTEXT(2) 
PARAMETRIC_REPRESENTATION_CONTEXT() REPRESENTATION_CONTEXT('2D SPACE',''
  ) );
#7381 = ORIENTED_EDGE('',*,*,#7382,.T.);
#7382 = EDGE_CURVE('',#7355,#7383,#7385,.T.);
#7383 = VERTEX_POINT('',#7384);
#7384 = CARTESIAN_POINT('',(-46.25838198323,41.011479247027,
    38.848767088475));
#7385 = SURFACE_CURVE('',#7386,(#7391,#7402),.PCURVE_S1.);
#7386 = CIRCLE('',#7387,3.8);
#7387 = AXIS2_PLACEMENT_3D('',#7388,#7389,#7390);
#7388 = CARTESIAN_POINT('',(-45.797510376,43.891953876438,
    36.413512836663));
#7389 = DIRECTION('',(-0.768592593328,0.480269955675,0.422618261741));
#7390 = DIRECTION('',(0.121282001903,0.758019639319,-0.640856382056));
#7391 = PCURVE('',#3278,#7392);
#7392 = DEFINITIONAL_REPRESENTATION('',(#7393),#7401);
#7393 = ( BOUNDED_CURVE() B_SPLINE_CURVE(2,(#7394,#7395,#7396,#7397,
#7398,#7399,#7400),.UNSPECIFIED.,.T.,.F.) B_SPLINE_CURVE_WITH_KNOTS((1,2
    ,2,2,2,1),(-2.094395102393,0.,2.094395102393,4.188790204786,
6.28318530718,8.377580409573),.UNSPECIFIED.) CURVE() 
GEOMETRIC_REPRESENTATION_ITEM() RATIONAL_B_SPLINE_CURVE((1.,0.5,1.,0.5,
1.,0.5,1.)) REPRESENTATION_ITEM('') );
#7394 = CARTESIAN_POINT('',(-12.24228355337,-17.61629509039));
#7395 = CARTESIAN_POINT('',(-16.89631406466,-22.27032560167));
#7396 = CARTESIAN_POINT('',(-18.59980746178,-15.91280169327));
#7397 = CARTESIAN_POINT('',(-20.30330085889,-9.555277784864));
#7398 = CARTESIAN_POINT('',(-13.94577695049,-11.25877118198));
#7399 = CARTESIAN_POINT('',(-7.588253042084,-12.9622645791));
#7400 = CARTESIAN_POINT('',(-12.24228355337,-17.61629509039));
#7401 = ( GEOMETRIC_REPRESENTATION_CONTEXT(2) 
PARAMETRIC_REPRESENTATION_CONTEXT() REPRESENTATION_CONTEXT('2D SPACE',''
  ) );
#7402 = PCURVE('',#7403,#7408);
#7403 = CYLINDRICAL_SURFACE('',#7404,3.8);
#7404 = AXIS2_PLACEMENT_3D('',#7405,#7406,#7407);
#7405 = CARTESIAN_POINT('',(-46.56610296933,44.372223832113,
    36.836131098404));
#7406 = DIRECTION('',(-0.768592593328,0.480269955675,0.422618261741));
#7407 = DIRECTION('',(0.121282001903,0.758019639319,-0.640856382056));
#7408 = DEFINITIONAL_REPRESENTATION('',(#7409),#7413);
#7409 = LINE('',#7410,#7411);
#7410 = CARTESIAN_POINT('',(0.,-1.));
#7411 = VECTOR('',#7412,1.);
#7412 = DIRECTION('',(1.,0.));
#7413 = ( GEOMETRIC_REPRESENTATION_CONTEXT(2) 
PARAMETRIC_REPRESENTATION_CONTEXT() REPRESENTATION_CONTEXT('2D SPACE',''
  ) );
#7414 = ORIENTED_EDGE('',*,*,#7415,.F.);
#7415 = EDGE_CURVE('',#7416,#7383,#7418,.T.);
#7416 = VERTEX_POINT('',#7417);
#7417 = CARTESIAN_POINT('',(-44.60736963193,42.171408026752,
    40.533211386137));
#7418 = SURFACE_CURVE('',#7419,(#7423,#7429),.PCURVE_S1.);
#7419 = LINE('',#7420,#7421);
#7420 = CARTESIAN_POINT('',(-39.62738975988,45.670123206861,
    45.614032672147));
#7421 = VECTOR('',#7422,1.);
#7422 = DIRECTION('',(-0.628137008538,-0.44130147981,-0.640856382056));
#7423 = PCURVE('',#3278,#7424);
#7424 = DEFINITIONAL_REPRESENTATION('',(#7425),#7428);
#7425 = B_SPLINE_CURVE_WITH_KNOTS('',1,(#7426,#7427),.UNSPECIFIED.,.F.,
  .F.,(2,2),(7.928174593052,10.556601717798),.PIECEWISE_BEZIER_KNOTS.);
#7426 = CARTESIAN_POINT('',(-15.75771644662,-10.38370490961));
#7427 = CARTESIAN_POINT('',(-17.61629509039,-12.24228355337));
#7428 = ( GEOMETRIC_REPRESENTATION_CONTEXT(2) 
PARAMETRIC_REPRESENTATION_CONTEXT() REPRESENTATION_CONTEXT('2D SPACE',''
  ) );
#7429 = PCURVE('',#7430,#7435);
#7430 = PLANE('',#7431);
#7431 = AXIS2_PLACEMENT_3D('',#7432,#7433,#7434);
#7432 = CARTESIAN_POINT('',(-47.02697457656,41.491749202703,
    39.271385350216));
#7433 = DIRECTION('',(-0.121282001903,-0.758019639319,0.640856382056));
#7434 = DIRECTION('',(0.628137008538,0.44130147981,0.640856382056));
#7435 = DEFINITIONAL_REPRESENTATION('',(#7436),#7439);
#7436 = B_SPLINE_CURVE_WITH_KNOTS('',1,(#7437,#7438),.UNSPECIFIED.,.F.,
  .F.,(2,2),(7.928174593052,10.556601717798),.PIECEWISE_BEZIER_KNOTS.);
#7437 = CARTESIAN_POINT('',(2.628427124746,-1.));
#7438 = CARTESIAN_POINT('',(-3.552713678801E-15,-1.));
#7439 = ( GEOMETRIC_REPRESENTATION_CONTEXT(2) 
PARAMETRIC_REPRESENTATION_CONTEXT() REPRESENTATION_CONTEXT('2D SPACE',''
  ) );
#7440 = ORIENTED_EDGE('',*,*,#7441,.T.);
#7441 = EDGE_CURVE('',#7416,#7357,#7442,.T.);
#7442 = SURFACE_CURVE('',#7443,(#7448,#7459),.PCURVE_S1.);
#7443 = CIRCLE('',#7444,3.8);
#7444 = AXIS2_PLACEMENT_3D('',#7445,#7446,#7447);
#7445 = CARTESIAN_POINT('',(-44.1464980247,45.051882656163,
    38.097957134325));
#7446 = DIRECTION('',(-0.768592593328,0.480269955675,0.422618261741));
#7447 = DIRECTION('',(-0.121282001903,-0.758019639319,0.640856382056));
#7448 = PCURVE('',#3278,#7449);
#7449 = DEFINITIONAL_REPRESENTATION('',(#7450),#7458);
#7450 = ( BOUNDED_CURVE() B_SPLINE_CURVE(2,(#7451,#7452,#7453,#7454,
#7455,#7456,#7457),.UNSPECIFIED.,.T.,.F.) B_SPLINE_CURVE_WITH_KNOTS((1,2
    ,2,2,2,1),(-2.094395102393,0.,2.094395102393,4.188790204786,
6.28318530718,8.377580409573),.UNSPECIFIED.) CURVE() 
GEOMETRIC_REPRESENTATION_ITEM() RATIONAL_B_SPLINE_CURVE((1.,0.5,1.,0.5,
1.,0.5,1.)) REPRESENTATION_ITEM('') );
#7451 = CARTESIAN_POINT('',(-15.75771644662,-10.38370490961));
#7452 = CARTESIAN_POINT('',(-11.10368593534,-5.729674398322));
#7453 = CARTESIAN_POINT('',(-9.40019253822,-12.08719830672));
#7454 = CARTESIAN_POINT('',(-7.696699141101,-18.44472221513));
#7455 = CARTESIAN_POINT('',(-14.0542230495,-16.74122881801));
#7456 = CARTESIAN_POINT('',(-20.41174695791,-15.03773542089));
#7457 = CARTESIAN_POINT('',(-15.75771644662,-10.38370490961));
#7458 = ( GEOMETRIC_REPRESENTATION_CONTEXT(2) 
PARAMETRIC_REPRESENTATION_CONTEXT() REPRESENTATION_CONTEXT('2D SPACE',''
  ) );
#7459 = PCURVE('',#7460,#7465);
#7460 = CYLINDRICAL_SURFACE('',#7461,3.8);
#7461 = AXIS2_PLACEMENT_3D('',#7462,#7463,#7464);
#7462 = CARTESIAN_POINT('',(-44.91509061803,45.532152611838,
    38.520575396066));
#7463 = DIRECTION('',(-0.768592593328,0.480269955675,0.422618261741));
#7464 = DIRECTION('',(-0.121282001903,-0.758019639319,0.640856382056));
#7465 = DEFINITIONAL_REPRESENTATION('',(#7466),#7470);
#7466 = LINE('',#7467,#7468);
#7467 = CARTESIAN_POINT('',(0.,-1.));
#7468 = VECTOR('',#7469,1.);
#7469 = DIRECTION('',(1.,0.));
#7470 = ( GEOMETRIC_REPRESENTATION_CONTEXT(2) 
PARAMETRIC_REPRESENTATION_CONTEXT() REPRESENTATION_CONTEXT('2D SPACE',''
  ) );
#7471 = FACE_BOUND('',#7472,.T.);
#7472 = EDGE_LOOP('',(#7473,#7501,#7527,#7553));
#7473 = ORIENTED_EDGE('',*,*,#7474,.T.);
#7474 = EDGE_CURVE('',#7475,#7477,#7479,.T.);
#7475 = VERTEX_POINT('',#7476);
#7476 = CARTESIAN_POINT('',(-40.53040481784,47.592390955517,
    41.787273920677));
#7477 = VERTEX_POINT('',#7478);
#7478 = CARTESIAN_POINT('',(-34.07919379697,43.56122690588,
    58.100814087337));
#7479 = SURFACE_CURVE('',#7480,(#7484,#7490),.PCURVE_S1.);
#7480 = LINE('',#7481,#7482);
#7481 = CARTESIAN_POINT('',(-35.69199655219,44.569017918289,
    54.022429045672));
#7482 = VECTOR('',#7483,1.);
#7483 = DIRECTION('',(0.35840061227,-0.223953558313,0.906307787037));
#7484 = PCURVE('',#3278,#7485);
#7485 = DEFINITIONAL_REPRESENTATION('',(#7486),#7489);
#7486 = B_SPLINE_CURVE_WITH_KNOTS('',1,(#7487,#7488),.UNSPECIFIED.,.F.,
  .F.,(2,2),(-13.5,4.5),.PIECEWISE_BEZIER_KNOTS.);
#7487 = CARTESIAN_POINT('',(-9.,-9.));
#7488 = CARTESIAN_POINT('',(-9.,9.));
#7489 = ( GEOMETRIC_REPRESENTATION_CONTEXT(2) 
PARAMETRIC_REPRESENTATION_CONTEXT() REPRESENTATION_CONTEXT('2D SPACE',''
  ) );
#7490 = PCURVE('',#7491,#7496);
#7491 = PLANE('',#7492);
#7492 = AXIS2_PLACEMENT_3D('',#7493,#7494,#7495);
#7493 = CARTESIAN_POINT('',(-35.61637898363,44.521766817231,
    58.946050610818));
#7494 = DIRECTION('',(0.529919264233,0.848048096156,3.536917824654E-17)
  );
#7495 = DIRECTION('',(-0.35840061227,0.223953558313,-0.906307787037));
#7496 = DEFINITIONAL_REPRESENTATION('',(#7497),#7500);
#7497 = B_SPLINE_CURVE_WITH_KNOTS('',1,(#7498,#7499),.UNSPECIFIED.,.F.,
  .F.,(2,2),(-13.5,4.5),.PIECEWISE_BEZIER_KNOTS.);
#7498 = CARTESIAN_POINT('',(18.,-2.));
#7499 = CARTESIAN_POINT('',(0.,-2.));
#7500 = ( GEOMETRIC_REPRESENTATION_CONTEXT(2) 
PARAMETRIC_REPRESENTATION_CONTEXT() REPRESENTATION_CONTEXT('2D SPACE',''
  ) );
#7501 = ORIENTED_EDGE('',*,*,#7502,.T.);
#7502 = EDGE_CURVE('',#7477,#7503,#7505,.T.);
#7503 = VERTEX_POINT('',#7504);
#7504 = CARTESIAN_POINT('',(-24.54064704078,58.826092636696,
    58.100814087337));
#7505 = SURFACE_CURVE('',#7506,(#7510,#7516),.PCURVE_S1.);
#7506 = LINE('',#7507,#7508);
#7507 = CARTESIAN_POINT('',(-26.92528372982,55.009876203992,
    58.100814087337));
#7508 = VECTOR('',#7509,1.);
#7509 = DIRECTION('',(0.529919264233,0.848048096156,8.324662751623E-17)
  );
#7510 = PCURVE('',#3278,#7511);
#7511 = DEFINITIONAL_REPRESENTATION('',(#7512),#7515);
#7512 = B_SPLINE_CURVE_WITH_KNOTS('',1,(#7513,#7514),.UNSPECIFIED.,.F.,
  .F.,(2,2),(-13.5,4.5),.PIECEWISE_BEZIER_KNOTS.);
#7513 = CARTESIAN_POINT('',(-9.,9.));
#7514 = CARTESIAN_POINT('',(9.,9.));
#7515 = ( GEOMETRIC_REPRESENTATION_CONTEXT(2) 
PARAMETRIC_REPRESENTATION_CONTEXT() REPRESENTATION_CONTEXT('2D SPACE',''
  ) );
#7516 = PCURVE('',#7517,#7522);
#7517 = PLANE('',#7518);
#7518 = AXIS2_PLACEMENT_3D('',#7519,#7520,#7521);
#7519 = CARTESIAN_POINT('',(-26.07783222743,59.786632548046,
    58.946050610818));
#7520 = DIRECTION('',(-0.35840061227,0.223953558313,-0.906307787037));
#7521 = DIRECTION('',(-0.529919264233,-0.848048096156,
    -3.119463771049E-17));
#7522 = DEFINITIONAL_REPRESENTATION('',(#7523),#7526);
#7523 = B_SPLINE_CURVE_WITH_KNOTS('',1,(#7524,#7525),.UNSPECIFIED.,.F.,
  .F.,(2,2),(-13.5,4.5),.PIECEWISE_BEZIER_KNOTS.);
#7524 = CARTESIAN_POINT('',(18.,-2.));
#7525 = CARTESIAN_POINT('',(-1.7763568394E-15,-2.));
#7526 = ( GEOMETRIC_REPRESENTATION_CONTEXT(2) 
PARAMETRIC_REPRESENTATION_CONTEXT() REPRESENTATION_CONTEXT('2D SPACE',''
  ) );
#7527 = ORIENTED_EDGE('',*,*,#7528,.T.);
#7528 = EDGE_CURVE('',#7503,#7529,#7531,.T.);
#7529 = VERTEX_POINT('',#7530);
#7530 = CARTESIAN_POINT('',(-30.99185806164,62.857256686332,
    41.787273920677));
#7531 = SURFACE_CURVE('',#7532,(#7536,#7542),.PCURVE_S1.);
#7532 = LINE('',#7533,#7534);
#7533 = CARTESIAN_POINT('',(-29.37905530642,61.849465673923,
    45.865658962342));
#7534 = VECTOR('',#7535,1.);
#7535 = DIRECTION('',(-0.35840061227,0.223953558313,-0.906307787037));
#7536 = PCURVE('',#3278,#7537);
#7537 = DEFINITIONAL_REPRESENTATION('',(#7538),#7541);
#7538 = B_SPLINE_CURVE_WITH_KNOTS('',1,(#7539,#7540),.UNSPECIFIED.,.F.,
  .F.,(2,2),(-13.5,4.5),.PIECEWISE_BEZIER_KNOTS.);
#7539 = CARTESIAN_POINT('',(9.,9.));
#7540 = CARTESIAN_POINT('',(9.,-9.));
#7541 = ( GEOMETRIC_REPRESENTATION_CONTEXT(2) 
PARAMETRIC_REPRESENTATION_CONTEXT() REPRESENTATION_CONTEXT('2D SPACE',''
  ) );
#7542 = PCURVE('',#7543,#7548);
#7543 = PLANE('',#7544);
#7544 = AXIS2_PLACEMENT_3D('',#7545,#7546,#7547);
#7545 = CARTESIAN_POINT('',(-32.52904324829,63.817796597683,
    42.632510444159));
#7546 = DIRECTION('',(-0.529919264233,-0.848048096156,
    -3.536917824654E-17));
#7547 = DIRECTION('',(0.35840061227,-0.223953558313,0.906307787037));
#7548 = DEFINITIONAL_REPRESENTATION('',(#7549),#7552);
#7549 = B_SPLINE_CURVE_WITH_KNOTS('',1,(#7550,#7551),.UNSPECIFIED.,.F.,
  .F.,(2,2),(-13.5,4.5),.PIECEWISE_BEZIER_KNOTS.);
#7550 = CARTESIAN_POINT('',(18.,-2.));
#7551 = CARTESIAN_POINT('',(-8.881784197001E-16,-2.));
#7552 = ( GEOMETRIC_REPRESENTATION_CONTEXT(2) 
PARAMETRIC_REPRESENTATION_CONTEXT() REPRESENTATION_CONTEXT('2D SPACE',''
  ) );
#7553 = ORIENTED_EDGE('',*,*,#7554,.T.);
#7554 = EDGE_CURVE('',#7529,#7475,#7555,.T.);
#7555 = SURFACE_CURVE('',#7556,(#7560,#7566),.PCURVE_S1.);
#7556 = LINE('',#7557,#7558);
#7557 = CARTESIAN_POINT('',(-38.14576812879,51.408607388221,
    41.787273920677));
#7558 = VECTOR('',#7559,1.);
#7559 = DIRECTION('',(-0.529919264233,-0.848048096156,
    -8.324662751623E-17));
#7560 = PCURVE('',#3278,#7561);
#7561 = DEFINITIONAL_REPRESENTATION('',(#7562),#7565);
#7562 = B_SPLINE_CURVE_WITH_KNOTS('',1,(#7563,#7564),.UNSPECIFIED.,.F.,
  .F.,(2,2),(-13.5,4.5),.PIECEWISE_BEZIER_KNOTS.);
#7563 = CARTESIAN_POINT('',(9.,-9.));
#7564 = CARTESIAN_POINT('',(-9.,-9.));
#7565 = ( GEOMETRIC_REPRESENTATION_CONTEXT(2) 
PARAMETRIC_REPRESENTATION_CONTEXT() REPRESENTATION_CONTEXT('2D SPACE',''
  ) );
#7566 = PCURVE('',#7567,#7572);
#7567 = PLANE('',#7568);
#7568 = AXIS2_PLACEMENT_3D('',#7569,#7570,#7571);
#7569 = CARTESIAN_POINT('',(-42.06759000449,48.552930866867,
    42.632510444159));
#7570 = DIRECTION('',(0.35840061227,-0.223953558313,0.906307787037));
#7571 = DIRECTION('',(0.529919264233,0.848048096156,3.119463771049E-17)
  );
#7572 = DEFINITIONAL_REPRESENTATION('',(#7573),#7576);
#7573 = B_SPLINE_CURVE_WITH_KNOTS('',1,(#7574,#7575),.UNSPECIFIED.,.F.,
  .F.,(2,2),(-13.5,4.5),.PIECEWISE_BEZIER_KNOTS.);
#7574 = CARTESIAN_POINT('',(18.,-2.));
#7575 = CARTESIAN_POINT('',(0.,-2.));
#7576 = ( GEOMETRIC_REPRESENTATION_CONTEXT(2) 
PARAMETRIC_REPRESENTATION_CONTEXT() REPRESENTATION_CONTEXT('2D SPACE',''
  ) );
#7577 = FACE_BOUND('',#7578,.T.);
#7578 = EDGE_LOOP('',(#7579,#7607,#7640,#7666));
#7579 = ORIENTED_EDGE('',*,*,#7580,.F.);
#7580 = EDGE_CURVE('',#7581,#7583,#7585,.T.);
#7581 = VERTEX_POINT('',#7582);
#7582 = CARTESIAN_POINT('',(-32.68057588604,65.544119644863,
    35.662702882513));
#7583 = VERTEX_POINT('',#7584);
#7584 = CARTESIAN_POINT('',(-32.36179498249,67.536519025938,
    33.978258584851));
#7585 = SURFACE_CURVE('',#7586,(#7590,#7596),.PCURVE_S1.);
#7586 = LINE('',#7587,#7588);
#7587 = CARTESIAN_POINT('',(-33.64212077212,59.534407599382,
    40.743524168523));
#7588 = VECTOR('',#7589,1.);
#7589 = DIRECTION('',(0.121282001903,0.758019639319,-0.640856382056));
#7590 = PCURVE('',#3278,#7591);
#7591 = DEFINITIONAL_REPRESENTATION('',(#7592),#7595);
#7592 = B_SPLINE_CURVE_WITH_KNOTS('',1,(#7593,#7594),.UNSPECIFIED.,.F.,
  .F.,(2,2),(7.928174593052,10.556601717798),.PIECEWISE_BEZIER_KNOTS.);
#7593 = CARTESIAN_POINT('',(10.38370490961,-15.75771644662));
#7594 = CARTESIAN_POINT('',(12.242283553372,-17.61629509039));
#7595 = ( GEOMETRIC_REPRESENTATION_CONTEXT(2) 
PARAMETRIC_REPRESENTATION_CONTEXT() REPRESENTATION_CONTEXT('2D SPACE',''
  ) );
#7596 = PCURVE('',#7597,#7602);
#7597 = PLANE('',#7598);
#7598 = AXIS2_PLACEMENT_3D('',#7599,#7600,#7601);
#7599 = CARTESIAN_POINT('',(-33.13038757582,68.016788981614,
    34.400876846592));
#7600 = DIRECTION('',(-0.628137008538,-0.44130147981,-0.640856382056));
#7601 = DIRECTION('',(-0.121282001903,-0.758019639319,0.640856382056));
#7602 = DEFINITIONAL_REPRESENTATION('',(#7603),#7606);
#7603 = B_SPLINE_CURVE_WITH_KNOTS('',1,(#7604,#7605),.UNSPECIFIED.,.F.,
  .F.,(2,2),(7.928174593052,10.556601717798),.PIECEWISE_BEZIER_KNOTS.);
#7604 = CARTESIAN_POINT('',(2.628427124746,-1.));
#7605 = CARTESIAN_POINT('',(0.,-1.));
#7606 = ( GEOMETRIC_REPRESENTATION_CONTEXT(2) 
PARAMETRIC_REPRESENTATION_CONTEXT() REPRESENTATION_CONTEXT('2D SPACE',''
  ) );
#7607 = ORIENTED_EDGE('',*,*,#7608,.T.);
#7608 = EDGE_CURVE('',#7581,#7609,#7611,.T.);
#7609 = VERTEX_POINT('',#7610);
#7610 = CARTESIAN_POINT('',(-27.90673462115,68.898010891422,
    40.533211386137));
#7611 = SURFACE_CURVE('',#7612,(#7617,#7628),.PCURVE_S1.);
#7612 = CIRCLE('',#7613,3.8);
#7613 = AXIS2_PLACEMENT_3D('',#7614,#7615,#7616);
#7614 = CARTESIAN_POINT('',(-30.29365525359,67.221065268143,
    38.097957134325));
#7615 = DIRECTION('',(-0.768592593328,0.480269955675,0.422618261741));
#7616 = DIRECTION('',(-0.628137008538,-0.44130147981,-0.640856382056));
#7617 = PCURVE('',#3278,#7618);
#7618 = DEFINITIONAL_REPRESENTATION('',(#7619),#7627);
#7619 = ( BOUNDED_CURVE() B_SPLINE_CURVE(2,(#7620,#7621,#7622,#7623,
#7624,#7625,#7626),.UNSPECIFIED.,.T.,.F.) B_SPLINE_CURVE_WITH_KNOTS((1,2
    ,2,2,2,1),(-2.094395102393,0.,2.094395102393,4.188790204786,
6.28318530718,8.377580409573),.UNSPECIFIED.) CURVE() 
GEOMETRIC_REPRESENTATION_ITEM() RATIONAL_B_SPLINE_CURVE((1.,0.5,1.,0.5,
1.,0.5,1.)) REPRESENTATION_ITEM('') );
#7620 = CARTESIAN_POINT('',(10.38370490961,-15.75771644662));
#7621 = CARTESIAN_POINT('',(5.729674398322,-11.10368593534));
#7622 = CARTESIAN_POINT('',(12.087198306729,-9.40019253822));
#7623 = CARTESIAN_POINT('',(18.444722215136,-7.696699141101));
#7624 = CARTESIAN_POINT('',(16.741228818017,-14.0542230495));
#7625 = CARTESIAN_POINT('',(15.037735420898,-20.41174695791));
#7626 = CARTESIAN_POINT('',(10.38370490961,-15.75771644662));
#7627 = ( GEOMETRIC_REPRESENTATION_CONTEXT(2) 
PARAMETRIC_REPRESENTATION_CONTEXT() REPRESENTATION_CONTEXT('2D SPACE',''
  ) );
#7628 = PCURVE('',#7629,#7634);
#7629 = CYLINDRICAL_SURFACE('',#7630,3.8);
#7630 = AXIS2_PLACEMENT_3D('',#7631,#7632,#7633);
#7631 = CARTESIAN_POINT('',(-31.06224784692,67.701335223818,
    38.520575396066));
#7632 = DIRECTION('',(-0.768592593328,0.480269955675,0.422618261741));
#7633 = DIRECTION('',(-0.628137008538,-0.44130147981,-0.640856382056));
#7634 = DEFINITIONAL_REPRESENTATION('',(#7635),#7639);
#7635 = LINE('',#7636,#7637);
#7636 = CARTESIAN_POINT('',(2.425126572273E-17,-1.));
#7637 = VECTOR('',#7638,1.);
#7638 = DIRECTION('',(1.,0.));
#7639 = ( GEOMETRIC_REPRESENTATION_CONTEXT(2) 
PARAMETRIC_REPRESENTATION_CONTEXT() REPRESENTATION_CONTEXT('2D SPACE',''
  ) );
#7640 = ORIENTED_EDGE('',*,*,#7641,.F.);
#7641 = EDGE_CURVE('',#7642,#7609,#7644,.T.);
#7642 = VERTEX_POINT('',#7643);
#7643 = CARTESIAN_POINT('',(-27.5879537176,70.890410272498,
    38.848767088475));
#7644 = SURFACE_CURVE('',#7645,(#7649,#7655),.PCURVE_S1.);
#7645 = LINE('',#7646,#7647);
#7646 = CARTESIAN_POINT('',(-29.027669959,61.892099155404,
    46.456254820978));
#7647 = VECTOR('',#7648,1.);
#7648 = DIRECTION('',(-0.121282001903,-0.758019639319,0.640856382056));
#7649 = PCURVE('',#3278,#7650);
#7650 = DEFINITIONAL_REPRESENTATION('',(#7651),#7654);
#7651 = B_SPLINE_CURVE_WITH_KNOTS('',1,(#7652,#7653),.UNSPECIFIED.,.F.,
  .F.,(2,2),(-11.87081528017,-9.242388155425),.PIECEWISE_BEZIER_KNOTS.);
#7652 = CARTESIAN_POINT('',(17.61629509039,-12.24228355337));
#7653 = CARTESIAN_POINT('',(15.757716446628,-10.38370490961));
#7654 = ( GEOMETRIC_REPRESENTATION_CONTEXT(2) 
PARAMETRIC_REPRESENTATION_CONTEXT() REPRESENTATION_CONTEXT('2D SPACE',''
  ) );
#7655 = PCURVE('',#7656,#7661);
#7656 = PLANE('',#7657);
#7657 = AXIS2_PLACEMENT_3D('',#7658,#7659,#7660);
#7658 = CARTESIAN_POINT('',(-28.67532721448,69.378280847098,
    40.955829647878));
#7659 = DIRECTION('',(0.628137008538,0.44130147981,0.640856382056));
#7660 = DIRECTION('',(0.121282001903,0.758019639319,-0.640856382056));
#7661 = DEFINITIONAL_REPRESENTATION('',(#7662),#7665);
#7662 = B_SPLINE_CURVE_WITH_KNOTS('',1,(#7663,#7664),.UNSPECIFIED.,.F.,
  .F.,(2,2),(-11.87081528017,-9.242388155425),.PIECEWISE_BEZIER_KNOTS.);
#7663 = CARTESIAN_POINT('',(2.628427124746,-1.));
#7664 = CARTESIAN_POINT('',(0.,-1.));
#7665 = ( GEOMETRIC_REPRESENTATION_CONTEXT(2) 
PARAMETRIC_REPRESENTATION_CONTEXT() REPRESENTATION_CONTEXT('2D SPACE',''
  ) );
#7666 = ORIENTED_EDGE('',*,*,#7667,.T.);
#7667 = EDGE_CURVE('',#7642,#7583,#7668,.T.);
#7668 = SURFACE_CURVE('',#7669,(#7674,#7685),.PCURVE_S1.);
#7669 = CIRCLE('',#7670,3.8);
#7670 = AXIS2_PLACEMENT_3D('',#7671,#7672,#7673);
#7671 = CARTESIAN_POINT('',(-29.97487435005,69.213464649218,
    36.413512836663));
#7672 = DIRECTION('',(-0.768592593328,0.480269955675,0.422618261741));
#7673 = DIRECTION('',(0.628137008538,0.44130147981,0.640856382056));
#7674 = PCURVE('',#3278,#7675);
#7675 = DEFINITIONAL_REPRESENTATION('',(#7676),#7684);
#7676 = ( BOUNDED_CURVE() B_SPLINE_CURVE(2,(#7677,#7678,#7679,#7680,
#7681,#7682,#7683),.UNSPECIFIED.,.T.,.F.) B_SPLINE_CURVE_WITH_KNOTS((1,2
    ,2,2,2,1),(-2.094395102393,0.,2.094395102393,4.188790204786,
6.28318530718,8.377580409573),.UNSPECIFIED.) CURVE() 
GEOMETRIC_REPRESENTATION_ITEM() RATIONAL_B_SPLINE_CURVE((1.,0.5,1.,0.5,
1.,0.5,1.)) REPRESENTATION_ITEM('') );
#7677 = CARTESIAN_POINT('',(17.61629509039,-12.24228355337));
#7678 = CARTESIAN_POINT('',(22.270325601678,-16.89631406466));
#7679 = CARTESIAN_POINT('',(15.912801693271,-18.59980746178));
#7680 = CARTESIAN_POINT('',(9.555277784864,-20.30330085889));
#7681 = CARTESIAN_POINT('',(11.258771181983,-13.94577695049));
#7682 = CARTESIAN_POINT('',(12.962264579102,-7.588253042084));
#7683 = CARTESIAN_POINT('',(17.61629509039,-12.24228355337));
#7684 = ( GEOMETRIC_REPRESENTATION_CONTEXT(2) 
PARAMETRIC_REPRESENTATION_CONTEXT() REPRESENTATION_CONTEXT('2D SPACE',''
  ) );
#7685 = PCURVE('',#7686,#7691);
#7686 = CYLINDRICAL_SURFACE('',#7687,3.8);
#7687 = AXIS2_PLACEMENT_3D('',#7688,#7689,#7690);
#7688 = CARTESIAN_POINT('',(-30.74346694338,69.693734604893,
    36.836131098404));
#7689 = DIRECTION('',(-0.768592593328,0.480269955675,0.422618261741));
#7690 = DIRECTION('',(0.628137008538,0.44130147981,0.640856382056));
#7691 = DEFINITIONAL_REPRESENTATION('',(#7692),#7696);
#7692 = LINE('',#7693,#7694);
#7693 = CARTESIAN_POINT('',(2.425126572273E-17,-1.));
#7694 = VECTOR('',#7695,1.);
#7695 = DIRECTION('',(1.,0.));
#7696 = ( GEOMETRIC_REPRESENTATION_CONTEXT(2) 
PARAMETRIC_REPRESENTATION_CONTEXT() REPRESENTATION_CONTEXT('2D SPACE',''
  ) );
#7697 = FACE_BOUND('',#7698,.T.);
#7698 = EDGE_LOOP('',(#7699,#7727,#7760,#7786));
#7699 = ORIENTED_EDGE('',*,*,#7700,.F.);
#7700 = EDGE_CURVE('',#7701,#7703,#7705,.T.);
#7701 = VERTEX_POINT('',#7702);
#7702 = CARTESIAN_POINT('',(-37.48309814101,35.528073319715,
    61.039320919539));
#7703 = VERTEX_POINT('',#7704);
#7704 = CARTESIAN_POINT('',(-37.16431723746,37.52047270079,
    59.354876621877));
#7705 = SURFACE_CURVE('',#7706,(#7710,#7716),.PCURVE_S1.);
#7706 = LINE('',#7707,#7708);
#7707 = CARTESIAN_POINT('',(-36.04338189961,44.526384436808,
    53.431833187036));
#7708 = VECTOR('',#7709,1.);
#7709 = DIRECTION('',(0.121282001903,0.758019639319,-0.640856382056));
#7710 = PCURVE('',#3278,#7711);
#7711 = DEFINITIONAL_REPRESENTATION('',(#7712),#7715);
#7712 = B_SPLINE_CURVE_WITH_KNOTS('',1,(#7713,#7714),.UNSPECIFIED.,.F.,
  .F.,(2,2),(-11.87081528017,-9.242388155425),.PIECEWISE_BEZIER_KNOTS.);
#7713 = CARTESIAN_POINT('',(-17.61629509039,12.242283553372));
#7714 = CARTESIAN_POINT('',(-15.75771644662,10.38370490961));
#7715 = ( GEOMETRIC_REPRESENTATION_CONTEXT(2) 
PARAMETRIC_REPRESENTATION_CONTEXT() REPRESENTATION_CONTEXT('2D SPACE',''
  ) );
#7716 = PCURVE('',#7717,#7722);
#7717 = PLANE('',#7718);
#7718 = AXIS2_PLACEMENT_3D('',#7719,#7720,#7721);
#7719 = CARTESIAN_POINT('',(-37.93290983079,38.000742656466,
    59.777494883618));
#7720 = DIRECTION('',(-0.628137008538,-0.44130147981,-0.640856382056));
#7721 = DIRECTION('',(-0.121282001903,-0.758019639319,0.640856382056));
#7722 = DEFINITIONAL_REPRESENTATION('',(#7723),#7726);
#7723 = B_SPLINE_CURVE_WITH_KNOTS('',1,(#7724,#7725),.UNSPECIFIED.,.F.,
  .F.,(2,2),(-11.87081528017,-9.242388155425),.PIECEWISE_BEZIER_KNOTS.);
#7724 = CARTESIAN_POINT('',(2.628427124746,-1.));
#7725 = CARTESIAN_POINT('',(0.,-1.));
#7726 = ( GEOMETRIC_REPRESENTATION_CONTEXT(2) 
PARAMETRIC_REPRESENTATION_CONTEXT() REPRESENTATION_CONTEXT('2D SPACE',''
  ) );
#7727 = ORIENTED_EDGE('',*,*,#7728,.T.);
#7728 = EDGE_CURVE('',#7701,#7729,#7731,.T.);
#7729 = VERTEX_POINT('',#7730);
#7730 = CARTESIAN_POINT('',(-32.70925687612,38.881964566274,
    65.909829423163));
#7731 = SURFACE_CURVE('',#7732,(#7737,#7748),.PCURVE_S1.);
#7732 = CIRCLE('',#7733,3.8);
#7733 = AXIS2_PLACEMENT_3D('',#7734,#7735,#7736);
#7734 = CARTESIAN_POINT('',(-35.09617750856,37.205018942995,
    63.474575171351));
#7735 = DIRECTION('',(-0.768592593328,0.480269955675,0.422618261741));
#7736 = DIRECTION('',(-0.628137008538,-0.44130147981,-0.640856382056));
#7737 = PCURVE('',#3278,#7738);
#7738 = DEFINITIONAL_REPRESENTATION('',(#7739),#7747);
#7739 = ( BOUNDED_CURVE() B_SPLINE_CURVE(2,(#7740,#7741,#7742,#7743,
#7744,#7745,#7746),.UNSPECIFIED.,.T.,.F.) B_SPLINE_CURVE_WITH_KNOTS((1,2
    ,2,2,2,1),(-2.094395102393,0.,2.094395102393,4.188790204786,
6.28318530718,8.377580409573),.UNSPECIFIED.) CURVE() 
GEOMETRIC_REPRESENTATION_ITEM() RATIONAL_B_SPLINE_CURVE((1.,0.5,1.,0.5,
1.,0.5,1.)) REPRESENTATION_ITEM('') );
#7740 = CARTESIAN_POINT('',(-17.61629509039,12.242283553372));
#7741 = CARTESIAN_POINT('',(-22.27032560167,16.89631406466));
#7742 = CARTESIAN_POINT('',(-15.91280169327,18.59980746178));
#7743 = CARTESIAN_POINT('',(-9.555277784864,20.303300858899));
#7744 = CARTESIAN_POINT('',(-11.25877118198,13.945776950492));
#7745 = CARTESIAN_POINT('',(-12.9622645791,7.588253042084));
#7746 = CARTESIAN_POINT('',(-17.61629509039,12.242283553372));
#7747 = ( GEOMETRIC_REPRESENTATION_CONTEXT(2) 
PARAMETRIC_REPRESENTATION_CONTEXT() REPRESENTATION_CONTEXT('2D SPACE',''
  ) );
#7748 = PCURVE('',#7749,#7754);
#7749 = CYLINDRICAL_SURFACE('',#7750,3.8);
#7750 = AXIS2_PLACEMENT_3D('',#7751,#7752,#7753);
#7751 = CARTESIAN_POINT('',(-35.86477010189,37.68528889867,
    63.897193433092));
#7752 = DIRECTION('',(-0.768592593328,0.480269955675,0.422618261741));
#7753 = DIRECTION('',(-0.628137008538,-0.44130147981,-0.640856382056));
#7754 = DEFINITIONAL_REPRESENTATION('',(#7755),#7759);
#7755 = LINE('',#7756,#7757);
#7756 = CARTESIAN_POINT('',(2.425126572273E-17,-1.));
#7757 = VECTOR('',#7758,1.);
#7758 = DIRECTION('',(1.,0.));
#7759 = ( GEOMETRIC_REPRESENTATION_CONTEXT(2) 
PARAMETRIC_REPRESENTATION_CONTEXT() REPRESENTATION_CONTEXT('2D SPACE',''
  ) );
#7760 = ORIENTED_EDGE('',*,*,#7761,.F.);
#7761 = EDGE_CURVE('',#7762,#7729,#7764,.T.);
#7762 = VERTEX_POINT('',#7763);
#7763 = CARTESIAN_POINT('',(-32.39047597257,40.87436394735,
    64.225385125501));
#7764 = SURFACE_CURVE('',#7765,(#7769,#7775),.PCURVE_S1.);
#7765 = LINE('',#7766,#7767);
#7766 = CARTESIAN_POINT('',(-31.42893108649,46.88407599283,
    59.144563839491));
#7767 = VECTOR('',#7768,1.);
#7768 = DIRECTION('',(-0.121282001903,-0.758019639319,0.640856382056));
#7769 = PCURVE('',#3278,#7770);
#7770 = DEFINITIONAL_REPRESENTATION('',(#7771),#7774);
#7771 = B_SPLINE_CURVE_WITH_KNOTS('',1,(#7772,#7773),.UNSPECIFIED.,.F.,
  .F.,(2,2),(7.928174593052,10.556601717798),.PIECEWISE_BEZIER_KNOTS.);
#7772 = CARTESIAN_POINT('',(-10.38370490961,15.757716446628));
#7773 = CARTESIAN_POINT('',(-12.24228355337,17.61629509039));
#7774 = ( GEOMETRIC_REPRESENTATION_CONTEXT(2) 
PARAMETRIC_REPRESENTATION_CONTEXT() REPRESENTATION_CONTEXT('2D SPACE',''
  ) );
#7775 = PCURVE('',#7776,#7781);
#7776 = PLANE('',#7777);
#7777 = AXIS2_PLACEMENT_3D('',#7778,#7779,#7780);
#7778 = CARTESIAN_POINT('',(-33.47784946944,39.36223452195,
    66.332447684904));
#7779 = DIRECTION('',(0.628137008538,0.44130147981,0.640856382056));
#7780 = DIRECTION('',(0.121282001903,0.758019639319,-0.640856382056));
#7781 = DEFINITIONAL_REPRESENTATION('',(#7782),#7785);
#7782 = B_SPLINE_CURVE_WITH_KNOTS('',1,(#7783,#7784),.UNSPECIFIED.,.F.,
  .F.,(2,2),(7.928174593052,10.556601717798),.PIECEWISE_BEZIER_KNOTS.);
#7783 = CARTESIAN_POINT('',(2.628427124746,-1.));
#7784 = CARTESIAN_POINT('',(-3.552713678801E-15,-1.));
#7785 = ( GEOMETRIC_REPRESENTATION_CONTEXT(2) 
PARAMETRIC_REPRESENTATION_CONTEXT() REPRESENTATION_CONTEXT('2D SPACE',''
  ) );
#7786 = ORIENTED_EDGE('',*,*,#7787,.T.);
#7787 = EDGE_CURVE('',#7762,#7703,#7788,.T.);
#7788 = SURFACE_CURVE('',#7789,(#7794,#7805),.PCURVE_S1.);
#7789 = CIRCLE('',#7790,3.8);
#7790 = AXIS2_PLACEMENT_3D('',#7791,#7792,#7793);
#7791 = CARTESIAN_POINT('',(-34.77739660502,39.19741832407,
    61.790130873689));
#7792 = DIRECTION('',(-0.768592593328,0.480269955675,0.422618261741));
#7793 = DIRECTION('',(0.628137008538,0.44130147981,0.640856382056));
#7794 = PCURVE('',#3278,#7795);
#7795 = DEFINITIONAL_REPRESENTATION('',(#7796),#7804);
#7796 = ( BOUNDED_CURVE() B_SPLINE_CURVE(2,(#7797,#7798,#7799,#7800,
#7801,#7802,#7803),.UNSPECIFIED.,.T.,.F.) B_SPLINE_CURVE_WITH_KNOTS((1,2
    ,2,2,2,1),(-2.094395102393,0.,2.094395102393,4.188790204786,
6.28318530718,8.377580409573),.UNSPECIFIED.) CURVE() 
GEOMETRIC_REPRESENTATION_ITEM() RATIONAL_B_SPLINE_CURVE((1.,0.5,1.,0.5,
1.,0.5,1.)) REPRESENTATION_ITEM('') );
#7797 = CARTESIAN_POINT('',(-10.38370490961,15.757716446628));
#7798 = CARTESIAN_POINT('',(-5.729674398322,11.103685935339));
#7799 = CARTESIAN_POINT('',(-12.08719830672,9.40019253822));
#7800 = CARTESIAN_POINT('',(-18.44472221513,7.696699141101));
#7801 = CARTESIAN_POINT('',(-16.74122881801,14.054223049508));
#7802 = CARTESIAN_POINT('',(-15.03773542089,20.411746957916));
#7803 = CARTESIAN_POINT('',(-10.38370490961,15.757716446628));
#7804 = ( GEOMETRIC_REPRESENTATION_CONTEXT(2) 
PARAMETRIC_REPRESENTATION_CONTEXT() REPRESENTATION_CONTEXT('2D SPACE',''
  ) );
#7805 = PCURVE('',#7806,#7811);
#7806 = CYLINDRICAL_SURFACE('',#7807,3.8);
#7807 = AXIS2_PLACEMENT_3D('',#7808,#7809,#7810);
#7808 = CARTESIAN_POINT('',(-35.54598919834,39.677688279745,
    62.21274913543));
#7809 = DIRECTION('',(-0.768592593328,0.480269955675,0.422618261741));
#7810 = DIRECTION('',(0.628137008538,0.44130147981,0.640856382056));
#7811 = DEFINITIONAL_REPRESENTATION('',(#7812),#7816);
#7812 = LINE('',#7813,#7814);
#7813 = CARTESIAN_POINT('',(0.,-1.));
#7814 = VECTOR('',#7815,1.);
#7815 = DIRECTION('',(1.,0.));
#7816 = ( GEOMETRIC_REPRESENTATION_CONTEXT(2) 
PARAMETRIC_REPRESENTATION_CONTEXT() REPRESENTATION_CONTEXT('2D SPACE',''
  ) );
#7817 = FACE_BOUND('',#7818,.T.);
#7818 = EDGE_LOOP('',(#7819,#7847,#7880,#7906));
#7819 = ORIENTED_EDGE('',*,*,#7820,.F.);
#7820 = EDGE_CURVE('',#7821,#7823,#7825,.T.);
#7821 = VERTEX_POINT('',#7822);
#7822 = CARTESIAN_POINT('',(-20.46368222668,64.247075565461,
    59.354876621877));
#7823 = VERTEX_POINT('',#7824);
#7824 = CARTESIAN_POINT('',(-18.81266987538,65.407004345185,
    61.039320919539));
#7825 = SURFACE_CURVE('',#7826,(#7830,#7836),.PCURVE_S1.);
#7826 = LINE('',#7827,#7828);
#7827 = CARTESIAN_POINT('',(-25.44366209873,60.748360385351,
    54.274055335867));
#7828 = VECTOR('',#7829,1.);
#7829 = DIRECTION('',(0.628137008538,0.44130147981,0.640856382056));
#7830 = PCURVE('',#3278,#7831);
#7831 = DEFINITIONAL_REPRESENTATION('',(#7832),#7835);
#7832 = B_SPLINE_CURVE_WITH_KNOTS('',1,(#7833,#7834),.UNSPECIFIED.,.F.,
  .F.,(2,2),(7.928174593052,10.556601717798),.PIECEWISE_BEZIER_KNOTS.);
#7833 = CARTESIAN_POINT('',(15.757716446628,10.38370490961));
#7834 = CARTESIAN_POINT('',(17.61629509039,12.242283553372));
#7835 = ( GEOMETRIC_REPRESENTATION_CONTEXT(2) 
PARAMETRIC_REPRESENTATION_CONTEXT() REPRESENTATION_CONTEXT('2D SPACE',''
  ) );
#7836 = PCURVE('',#7837,#7842);
#7837 = PLANE('',#7838);
#7838 = AXIS2_PLACEMENT_3D('',#7839,#7840,#7841);
#7839 = CARTESIAN_POINT('',(-19.58126246871,65.887274300861,
    61.46193918128));
#7840 = DIRECTION('',(0.121282001903,0.758019639319,-0.640856382056));
#7841 = DIRECTION('',(-0.628137008538,-0.44130147981,-0.640856382056));
#7842 = DEFINITIONAL_REPRESENTATION('',(#7843),#7846);
#7843 = B_SPLINE_CURVE_WITH_KNOTS('',1,(#7844,#7845),.UNSPECIFIED.,.F.,
  .F.,(2,2),(7.928174593052,10.556601717798),.PIECEWISE_BEZIER_KNOTS.);
#7844 = CARTESIAN_POINT('',(2.628427124746,-1.));
#7845 = CARTESIAN_POINT('',(0.,-1.));
#7846 = ( GEOMETRIC_REPRESENTATION_CONTEXT(2) 
PARAMETRIC_REPRESENTATION_CONTEXT() REPRESENTATION_CONTEXT('2D SPACE',''
  ) );
#7847 = ORIENTED_EDGE('',*,*,#7848,.T.);
#7848 = EDGE_CURVE('',#7821,#7849,#7851,.T.);
#7849 = VERTEX_POINT('',#7850);
#7850 = CARTESIAN_POINT('',(-21.38542544114,58.486126306639,
    64.225385125501));
#7851 = SURFACE_CURVE('',#7852,(#7857,#7868),.PCURVE_S1.);
#7852 = CIRCLE('',#7853,3.8);
#7853 = AXIS2_PLACEMENT_3D('',#7854,#7855,#7856);
#7854 = CARTESIAN_POINT('',(-20.92455383391,61.36660093605,
    61.790130873689));
#7855 = DIRECTION('',(-0.768592593328,0.480269955675,0.422618261741));
#7856 = DIRECTION('',(0.121282001903,0.758019639319,-0.640856382056));
#7857 = PCURVE('',#3278,#7858);
#7858 = DEFINITIONAL_REPRESENTATION('',(#7859),#7867);
#7859 = ( BOUNDED_CURVE() B_SPLINE_CURVE(2,(#7860,#7861,#7862,#7863,
#7864,#7865,#7866),.UNSPECIFIED.,.T.,.F.) B_SPLINE_CURVE_WITH_KNOTS((1,2
    ,2,2,2,1),(-2.094395102393,0.,2.094395102393,4.188790204786,
6.28318530718,8.377580409573),.UNSPECIFIED.) CURVE() 
GEOMETRIC_REPRESENTATION_ITEM() RATIONAL_B_SPLINE_CURVE((1.,0.5,1.,0.5,
1.,0.5,1.)) REPRESENTATION_ITEM('') );
#7860 = CARTESIAN_POINT('',(15.757716446628,10.38370490961));
#7861 = CARTESIAN_POINT('',(11.103685935339,5.729674398322));
#7862 = CARTESIAN_POINT('',(9.40019253822,12.087198306729));
#7863 = CARTESIAN_POINT('',(7.696699141101,18.444722215136));
#7864 = CARTESIAN_POINT('',(14.054223049508,16.741228818017));
#7865 = CARTESIAN_POINT('',(20.411746957916,15.037735420898));
#7866 = CARTESIAN_POINT('',(15.757716446628,10.38370490961));
#7867 = ( GEOMETRIC_REPRESENTATION_CONTEXT(2) 
PARAMETRIC_REPRESENTATION_CONTEXT() REPRESENTATION_CONTEXT('2D SPACE',''
  ) );
#7868 = PCURVE('',#7869,#7874);
#7869 = CYLINDRICAL_SURFACE('',#7870,3.8);
#7870 = AXIS2_PLACEMENT_3D('',#7871,#7872,#7873);
#7871 = CARTESIAN_POINT('',(-21.69314642724,61.846870891725,
    62.21274913543));
#7872 = DIRECTION('',(-0.768592593328,0.480269955675,0.422618261741));
#7873 = DIRECTION('',(0.121282001903,0.758019639319,-0.640856382056));
#7874 = DEFINITIONAL_REPRESENTATION('',(#7875),#7879);
#7875 = LINE('',#7876,#7877);
#7876 = CARTESIAN_POINT('',(-1.039694087983E-16,-1.));
#7877 = VECTOR('',#7878,1.);
#7878 = DIRECTION('',(1.,0.));
#7879 = ( GEOMETRIC_REPRESENTATION_CONTEXT(2) 
PARAMETRIC_REPRESENTATION_CONTEXT() REPRESENTATION_CONTEXT('2D SPACE',''
  ) );
#7880 = ORIENTED_EDGE('',*,*,#7881,.F.);
#7881 = EDGE_CURVE('',#7882,#7849,#7884,.T.);
#7882 = VERTEX_POINT('',#7883);
#7883 = CARTESIAN_POINT('',(-19.73441308984,59.646055086364,
    65.909829423163));
#7884 = SURFACE_CURVE('',#7885,(#7889,#7895),.PCURVE_S1.);
#7885 = LINE('',#7886,#7887);
#7886 = CARTESIAN_POINT('',(-27.19091148884,54.407446736667,
    58.30234169066));
#7887 = VECTOR('',#7888,1.);
#7888 = DIRECTION('',(-0.628137008538,-0.44130147981,-0.640856382056));
#7889 = PCURVE('',#3278,#7890);
#7890 = DEFINITIONAL_REPRESENTATION('',(#7891),#7894);
#7891 = B_SPLINE_CURVE_WITH_KNOTS('',1,(#7892,#7893),.UNSPECIFIED.,.F.,
  .F.,(2,2),(-11.87081528017,-9.242388155425),.PIECEWISE_BEZIER_KNOTS.);
#7892 = CARTESIAN_POINT('',(12.242283553372,17.61629509039));
#7893 = CARTESIAN_POINT('',(10.38370490961,15.757716446628));
#7894 = ( GEOMETRIC_REPRESENTATION_CONTEXT(2) 
PARAMETRIC_REPRESENTATION_CONTEXT() REPRESENTATION_CONTEXT('2D SPACE',''
  ) );
#7895 = PCURVE('',#7896,#7901);
#7896 = PLANE('',#7897);
#7897 = AXIS2_PLACEMENT_3D('',#7898,#7899,#7900);
#7898 = CARTESIAN_POINT('',(-22.15401803447,58.966396262314,
    64.648003387242));
#7899 = DIRECTION('',(-0.121282001903,-0.758019639319,0.640856382056));
#7900 = DIRECTION('',(0.628137008538,0.44130147981,0.640856382056));
#7901 = DEFINITIONAL_REPRESENTATION('',(#7902),#7905);
#7902 = B_SPLINE_CURVE_WITH_KNOTS('',1,(#7903,#7904),.UNSPECIFIED.,.F.,
  .F.,(2,2),(-11.87081528017,-9.242388155425),.PIECEWISE_BEZIER_KNOTS.);
#7903 = CARTESIAN_POINT('',(2.628427124746,-1.));
#7904 = CARTESIAN_POINT('',(-1.7763568394E-15,-1.));
#7905 = ( GEOMETRIC_REPRESENTATION_CONTEXT(2) 
PARAMETRIC_REPRESENTATION_CONTEXT() REPRESENTATION_CONTEXT('2D SPACE',''
  ) );
#7906 = ORIENTED_EDGE('',*,*,#7907,.T.);
#7907 = EDGE_CURVE('',#7882,#7823,#7908,.T.);
#7908 = SURFACE_CURVE('',#7909,(#7914,#7925),.PCURVE_S1.);
#7909 = CIRCLE('',#7910,3.8);
#7910 = AXIS2_PLACEMENT_3D('',#7911,#7912,#7913);
#7911 = CARTESIAN_POINT('',(-19.27354148261,62.526529715774,
    63.474575171351));
#7912 = DIRECTION('',(-0.768592593328,0.480269955675,0.422618261741));
#7913 = DIRECTION('',(-0.121282001903,-0.758019639319,0.640856382056));
#7914 = PCURVE('',#3278,#7915);
#7915 = DEFINITIONAL_REPRESENTATION('',(#7916),#7924);
#7916 = ( BOUNDED_CURVE() B_SPLINE_CURVE(2,(#7917,#7918,#7919,#7920,
#7921,#7922,#7923),.UNSPECIFIED.,.T.,.F.) B_SPLINE_CURVE_WITH_KNOTS((1,2
    ,2,2,2,1),(-2.094395102393,0.,2.094395102393,4.188790204786,
6.28318530718,8.377580409573),.UNSPECIFIED.) CURVE() 
GEOMETRIC_REPRESENTATION_ITEM() RATIONAL_B_SPLINE_CURVE((1.,0.5,1.,0.5,
1.,0.5,1.)) REPRESENTATION_ITEM('') );
#7917 = CARTESIAN_POINT('',(12.242283553372,17.61629509039));
#7918 = CARTESIAN_POINT('',(16.896314064661,22.270325601678));
#7919 = CARTESIAN_POINT('',(18.59980746178,15.912801693271));
#7920 = CARTESIAN_POINT('',(20.303300858899,9.555277784864));
#7921 = CARTESIAN_POINT('',(13.945776950492,11.258771181983));
#7922 = CARTESIAN_POINT('',(7.588253042084,12.962264579102));
#7923 = CARTESIAN_POINT('',(12.242283553372,17.61629509039));
#7924 = ( GEOMETRIC_REPRESENTATION_CONTEXT(2) 
PARAMETRIC_REPRESENTATION_CONTEXT() REPRESENTATION_CONTEXT('2D SPACE',''
  ) );
#7925 = PCURVE('',#7926,#7931);
#7926 = CYLINDRICAL_SURFACE('',#7927,3.8);
#7927 = AXIS2_PLACEMENT_3D('',#7928,#7929,#7930);
#7928 = CARTESIAN_POINT('',(-20.04213407594,63.00679967145,
    63.897193433092));
#7929 = DIRECTION('',(-0.768592593328,0.480269955675,0.422618261741));
#7930 = DIRECTION('',(-0.121282001903,-0.758019639319,0.640856382056));
#7931 = DEFINITIONAL_REPRESENTATION('',(#7932),#7936);
#7932 = LINE('',#7933,#7934);
#7933 = CARTESIAN_POINT('',(0.,-1.));
#7934 = VECTOR('',#7935,1.);
#7935 = DIRECTION('',(1.,0.));
#7936 = ( GEOMETRIC_REPRESENTATION_CONTEXT(2) 
PARAMETRIC_REPRESENTATION_CONTEXT() REPRESENTATION_CONTEXT('2D SPACE',''
  ) );
#7937 = ADVANCED_FACE('',(#7938),#3228,.T.);
#7938 = FACE_BOUND('',#7939,.T.);
#7939 = EDGE_LOOP('',(#7940,#7941,#7977,#7978,#7998));
#7940 = ORIENTED_EDGE('',*,*,#3213,.F.);
#7941 = ORIENTED_EDGE('',*,*,#7942,.F.);
#7942 = EDGE_CURVE('',#5959,#3180,#7943,.T.);
#7943 = SURFACE_CURVE('',#7944,(#7953,#7965),.PCURVE_S1.);
#7944 = B_SPLINE_CURVE_WITH_KNOTS('',4,(#7945,#7946,#7947,#7948,#7949,
    #7950,#7951,#7952),.UNSPECIFIED.,.F.,.F.,(5,3,5),(0.,0.496161754452,
    1.),.UNSPECIFIED.);
#7945 = CARTESIAN_POINT('',(-34.45084867618,69.388936123387,
    19.555570250925));
#7946 = CARTESIAN_POINT('',(-34.379870933,68.545777731966,
    20.642831859258));
#7947 = CARTESIAN_POINT('',(-34.30817337775,67.694068553134,
    21.741119797836));
#7948 = CARTESIAN_POINT('',(-34.23575237875,66.833765445619,
    22.850489697783));
#7949 = CARTESIAN_POINT('',(-34.08832698642,65.082470587694,
    25.108802825265));
#7950 = CARTESIAN_POINT('',(-34.01329996181,64.191209995906,
    26.258092726581));
#7951 = CARTESIAN_POINT('',(-33.93752195371,63.291028325476,
    27.418886452578));
#7952 = CARTESIAN_POINT('',(-33.86099186423,62.381912534362,
    28.591200821106));
#7953 = PCURVE('',#3228,#7954);
#7954 = DEFINITIONAL_REPRESENTATION('',(#7955),#7964);
#7955 = B_SPLINE_CURVE_WITH_KNOTS('',4,(#7956,#7957,#7958,#7959,#7960,
    #7961,#7962,#7963),.UNSPECIFIED.,.F.,.F.,(5,3,5),(0.,0.496161754452,
    1.),.UNSPECIFIED.);
#7956 = CARTESIAN_POINT('',(16.,0.893546364701));
#7957 = CARTESIAN_POINT('',(13.985405628528,0.883649364995));
#7958 = CARTESIAN_POINT('',(11.980366617747,0.87365199608));
#7959 = CARTESIAN_POINT('',(9.985144685003,0.863553751565));
#7960 = CARTESIAN_POINT('',(5.98414166908,0.842997039006));
#7961 = CARTESIAN_POINT('',(3.978674699383,0.832535415301));
#7962 = CARTESIAN_POINT('',(1.983871589371,0.821969075906));
#7963 = CARTESIAN_POINT('',(0.,0.811297867733));
#7964 = ( GEOMETRIC_REPRESENTATION_CONTEXT(2) 
PARAMETRIC_REPRESENTATION_CONTEXT() REPRESENTATION_CONTEXT('2D SPACE',''
  ) );
#7965 = PCURVE('',#3199,#7966);
#7966 = DEFINITIONAL_REPRESENTATION('',(#7967),#7976);
#7967 = B_SPLINE_CURVE_WITH_KNOTS('',4,(#7968,#7969,#7970,#7971,#7972,
    #7973,#7974,#7975),.UNSPECIFIED.,.F.,.F.,(5,3,5),(0.,0.496161754452,
    1.),.UNSPECIFIED.);
#7968 = CARTESIAN_POINT('',(2.706192549852,-3.351263360764));
#7969 = CARTESIAN_POINT('',(2.02876615469,-2.151602909994));
#7970 = CARTESIAN_POINT('',(1.344469722829,-0.939776249904));
#7971 = CARTESIAN_POINT('',(0.653268592887,0.284278001659));
#7972 = CARTESIAN_POINT('',(-0.753790121753,2.776050840626));
#7973 = CARTESIAN_POINT('',(-1.469863704117,4.044151940225));
#7974 = CARTESIAN_POINT('',(-2.193104829622,5.32494610596));
#7975 = CARTESIAN_POINT('',(-2.923523976755,6.618451894276));
#7976 = ( GEOMETRIC_REPRESENTATION_CONTEXT(2) 
PARAMETRIC_REPRESENTATION_CONTEXT() REPRESENTATION_CONTEXT('2D SPACE',''
  ) );
#7977 = ORIENTED_EDGE('',*,*,#5958,.T.);
#7978 = ORIENTED_EDGE('',*,*,#7979,.F.);
#7979 = EDGE_CURVE('',#7138,#5932,#7980,.T.);
#7980 = SURFACE_CURVE('',#7981,(#7985,#7991),.PCURVE_S1.);
#7981 = LINE('',#7982,#7983);
#7982 = CARTESIAN_POINT('',(-35.21429608558,70.121681590801,
    30.801431650889));
#7983 = VECTOR('',#7984,1.);
#7984 = DIRECTION('',(-5.89612390437E-18,0.341538738435,-0.939867698215)
  );
#7985 = PCURVE('',#3228,#7986);
#7986 = DEFINITIONAL_REPRESENTATION('',(#7987),#7990);
#7987 = B_SPLINE_CURVE_WITH_KNOTS('',1,(#7988,#7989),.UNSPECIFIED.,.F.,
  .F.,(2,2),(0.,10.),.PIECEWISE_BEZIER_KNOTS.);
#7988 = CARTESIAN_POINT('',(0.,1.));
#7989 = CARTESIAN_POINT('',(16.,1.));
#7990 = ( GEOMETRIC_REPRESENTATION_CONTEXT(2) 
PARAMETRIC_REPRESENTATION_CONTEXT() REPRESENTATION_CONTEXT('2D SPACE',''
  ) );
#7991 = PCURVE('',#5946,#7992);
#7992 = DEFINITIONAL_REPRESENTATION('',(#7993),#7997);
#7993 = LINE('',#7994,#7995);
#7994 = CARTESIAN_POINT('',(9.218655355169,7.682212795974));
#7995 = VECTOR('',#7996,1.);
#7996 = DIRECTION('',(0.640184399664,-0.768221279597));
#7997 = ( GEOMETRIC_REPRESENTATION_CONTEXT(2) 
PARAMETRIC_REPRESENTATION_CONTEXT() REPRESENTATION_CONTEXT('2D SPACE',''
  ) );
#7998 = ORIENTED_EDGE('',*,*,#7137,.T.);
#7999 = ADVANCED_FACE('',(#8000),#3199,.T.);
#8000 = FACE_BOUND('',#8001,.T.);
#8001 = EDGE_LOOP('',(#8002,#8003,#8004,#8005));
#8002 = ORIENTED_EDGE('',*,*,#5567,.T.);
#8003 = ORIENTED_EDGE('',*,*,#5980,.T.);
#8004 = ORIENTED_EDGE('',*,*,#7942,.T.);
#8005 = ORIENTED_EDGE('',*,*,#3179,.T.);
#8006 = ADVANCED_FACE('',(#8007),#3554,.T.);
#8007 = FACE_BOUND('',#8008,.F.);
#8008 = EDGE_LOOP('',(#8009,#8010,#8034,#8062,#8084,#8085));
#8009 = ORIENTED_EDGE('',*,*,#5688,.T.);
#8010 = ORIENTED_EDGE('',*,*,#8011,.T.);
#8011 = EDGE_CURVE('',#5689,#8012,#8014,.T.);
#8012 = VERTEX_POINT('',#8013);
#8013 = CARTESIAN_POINT('',(-37.71392504549,75.694231494652,
    25.621989936736));
#8014 = SURFACE_CURVE('',#8015,(#8020,#8027),.PCURVE_S1.);
#8015 = CIRCLE('',#8016,6.);
#8016 = AXIS2_PLACEMENT_3D('',#8017,#8018,#8019);
#8017 = CARTESIAN_POINT('',(-41.42076473756,71.321941592335,
    23.849302567974));
#8018 = DIRECTION('',(0.768592593328,-0.480269955675,-0.422618261741));
#8019 = DIRECTION('',(0.617806615345,0.72871498372,0.295447894794));
#8020 = PCURVE('',#3554,#8021);
#8021 = DEFINITIONAL_REPRESENTATION('',(#8022),#8026);
#8022 = LINE('',#8023,#8024);
#8023 = CARTESIAN_POINT('',(-6.28318530718,-0.5));
#8024 = VECTOR('',#8025,1.);
#8025 = DIRECTION('',(1.,-0.));
#8026 = ( GEOMETRIC_REPRESENTATION_CONTEXT(2) 
PARAMETRIC_REPRESENTATION_CONTEXT() REPRESENTATION_CONTEXT('2D SPACE',''
  ) );
#8027 = PCURVE('',#5752,#8028);
#8028 = DEFINITIONAL_REPRESENTATION('',(#8029),#8033);
#8029 = CIRCLE('',#8030,6.);
#8030 = AXIS2_PLACEMENT_2D('',#8031,#8032);
#8031 = CARTESIAN_POINT('',(10.651981366639,-30.89074596325));
#8032 = DIRECTION('',(0.945372981626,0.325990683319));
#8033 = ( GEOMETRIC_REPRESENTATION_CONTEXT(2) 
PARAMETRIC_REPRESENTATION_CONTEXT() REPRESENTATION_CONTEXT('2D SPACE',''
  ) );
#8034 = ORIENTED_EDGE('',*,*,#8035,.T.);
#8035 = EDGE_CURVE('',#8012,#8036,#8038,.T.);
#8036 = VERTEX_POINT('',#8037);
#8037 = CARTESIAN_POINT('',(-42.32548060545,78.575851228704,
    28.15769950718));
#8038 = SURFACE_CURVE('',#8039,(#8043,#8050),.PCURVE_S1.);
#8039 = LINE('',#8040,#8041);
#8040 = CARTESIAN_POINT('',(-37.32962874882,75.454096516815,
    25.410680805866));
#8041 = VECTOR('',#8042,1.);
#8042 = DIRECTION('',(-0.768592593328,0.480269955675,0.422618261741));
#8043 = PCURVE('',#3554,#8044);
#8044 = DEFINITIONAL_REPRESENTATION('',(#8045),#8049);
#8045 = LINE('',#8046,#8047);
#8046 = CARTESIAN_POINT('',(-0.,0.));
#8047 = VECTOR('',#8048,1.);
#8048 = DIRECTION('',(-0.,-1.));
#8049 = ( GEOMETRIC_REPRESENTATION_CONTEXT(2) 
PARAMETRIC_REPRESENTATION_CONTEXT() REPRESENTATION_CONTEXT('2D SPACE',''
  ) );
#8050 = PCURVE('',#8051,#8056);
#8051 = PLANE('',#8052);
#8052 = AXIS2_PLACEMENT_3D('',#8053,#8054,#8055);
#8053 = CARTESIAN_POINT('',(-29.24588041235,51.691804776772,
    67.115986738164));
#8054 = DIRECTION('',(-0.617806615345,-0.72871498372,-0.295447894794));
#8055 = DIRECTION('',(-0.166073512387,0.488175421522,-0.856798894902));
#8056 = DEFINITIONAL_REPRESENTATION('',(#8057),#8061);
#8057 = LINE('',#8058,#8059);
#8058 = CARTESIAN_POINT('',(48.675723300356,-4.028103390167E-15));
#8059 = VECTOR('',#8060,1.);
#8060 = DIRECTION('',(-5.748577597662E-17,-1.));
#8061 = ( GEOMETRIC_REPRESENTATION_CONTEXT(2) 
PARAMETRIC_REPRESENTATION_CONTEXT() REPRESENTATION_CONTEXT('2D SPACE',''
  ) );
#8062 = ORIENTED_EDGE('',*,*,#8063,.T.);
#8063 = EDGE_CURVE('',#8036,#6475,#8064,.T.);
#8064 = SURFACE_CURVE('',#8065,(#8070,#8077),.PCURVE_S1.);
#8065 = CIRCLE('',#8066,6.);
#8066 = AXIS2_PLACEMENT_3D('',#8067,#8068,#8069);
#8067 = CARTESIAN_POINT('',(-46.03232029753,74.203561326386,
    26.385012138418));
#8068 = DIRECTION('',(-0.768592593328,0.480269955675,0.422618261741));
#8069 = DIRECTION('',(0.617806615345,0.72871498372,0.295447894794));
#8070 = PCURVE('',#3554,#8071);
#8071 = DEFINITIONAL_REPRESENTATION('',(#8072),#8076);
#8072 = LINE('',#8073,#8074);
#8073 = CARTESIAN_POINT('',(-0.,-6.5));
#8074 = VECTOR('',#8075,1.);
#8075 = DIRECTION('',(-1.,0.));
#8076 = ( GEOMETRIC_REPRESENTATION_CONTEXT(2) 
PARAMETRIC_REPRESENTATION_CONTEXT() REPRESENTATION_CONTEXT('2D SPACE',''
  ) );
#8077 = PCURVE('',#6513,#8078);
#8078 = DEFINITIONAL_REPRESENTATION('',(#8079),#8083);
#8079 = CIRCLE('',#8080,6.);
#8080 = AXIS2_PLACEMENT_2D('',#8081,#8082);
#8081 = CARTESIAN_POINT('',(-7.933916149875,-23.00835683463));
#8082 = DIRECTION('',(-0.945372981626,0.325990683319));
#8083 = ( GEOMETRIC_REPRESENTATION_CONTEXT(2) 
PARAMETRIC_REPRESENTATION_CONTEXT() REPRESENTATION_CONTEXT('2D SPACE',''
  ) );
#8084 = ORIENTED_EDGE('',*,*,#6474,.F.);
#8085 = ORIENTED_EDGE('',*,*,#3522,.T.);
#8086 = ADVANCED_FACE('',(#8087),#3605,.F.);
#8087 = FACE_BOUND('',#8088,.F.);
#8088 = EDGE_LOOP('',(#8089,#8090,#8113));
#8089 = ORIENTED_EDGE('',*,*,#3577,.F.);
#8090 = ORIENTED_EDGE('',*,*,#8091,.F.);
#8091 = EDGE_CURVE('',#8092,#3578,#8094,.T.);
#8092 = VERTEX_POINT('',#8093);
#8093 = CARTESIAN_POINT('',(-47.10061035385,62.570265490573,
    23.465220304742));
#8094 = SURFACE_CURVE('',#8095,(#8099,#8106),.PCURVE_S1.);
#8095 = LINE('',#8096,#8097);
#8096 = CARTESIAN_POINT('',(-47.10061035385,62.570265490573,
    23.465220304742));
#8097 = VECTOR('',#8098,1.);
#8098 = DIRECTION('',(0.166073512387,-0.488175421522,0.856798894902));
#8099 = PCURVE('',#3605,#8100);
#8100 = DEFINITIONAL_REPRESENTATION('',(#8101),#8105);
#8101 = LINE('',#8102,#8103);
#8102 = CARTESIAN_POINT('',(0.220279500418,-31.31453385156));
#8103 = VECTOR('',#8104,1.);
#8104 = DIRECTION('',(-0.325990683319,0.945372981626));
#8105 = ( GEOMETRIC_REPRESENTATION_CONTEXT(2) 
PARAMETRIC_REPRESENTATION_CONTEXT() REPRESENTATION_CONTEXT('2D SPACE',''
  ) );
#8106 = PCURVE('',#3642,#8107);
#8107 = DEFINITIONAL_REPRESENTATION('',(#8108),#8112);
#8108 = LINE('',#8109,#8110);
#8109 = CARTESIAN_POINT('',(0.,0.));
#8110 = VECTOR('',#8111,1.);
#8111 = DIRECTION('',(1.,9.923882946946E-18));
#8112 = ( GEOMETRIC_REPRESENTATION_CONTEXT(2) 
PARAMETRIC_REPRESENTATION_CONTEXT() REPRESENTATION_CONTEXT('2D SPACE',''
  ) );
#8113 = ORIENTED_EDGE('',*,*,#8114,.F.);
#8114 = EDGE_CURVE('',#3580,#8092,#8115,.T.);
#8115 = SURFACE_CURVE('',#8116,(#8121,#8132),.PCURVE_S1.);
#8116 = CIRCLE('',#8117,10.);
#8117 = AXIS2_PLACEMENT_3D('',#8118,#8119,#8120);
#8118 = CARTESIAN_POINT('',(-40.9225442004,69.857415327769,
    26.419699252679));
#8119 = DIRECTION('',(-0.768592593328,0.480269955675,0.422618261741));
#8120 = DIRECTION('',(0.617806615345,0.72871498372,0.295447894794));
#8121 = PCURVE('',#3605,#8122);
#8122 = DEFINITIONAL_REPRESENTATION('',(#8123),#8131);
#8123 = ( BOUNDED_CURVE() B_SPLINE_CURVE(2,(#8124,#8125,#8126,#8127,
#8128,#8129,#8130),.UNSPECIFIED.,.T.,.F.) B_SPLINE_CURVE_WITH_KNOTS((1,2
    ,2,2,2,1),(-2.094395102393,0.,2.094395102393,4.188790204786,
6.28318530718,8.377580409573),.UNSPECIFIED.) CURVE() 
GEOMETRIC_REPRESENTATION_ITEM() RATIONAL_B_SPLINE_CURVE((1.,0.5,1.,0.5,
1.,0.5,1.)) REPRESENTATION_ITEM('') );
#8124 = CARTESIAN_POINT('',(19.127739132943,-24.79472018518));
#8125 = CARTESIAN_POINT('',(24.774063395976,-41.16906054797));
#8126 = CARTESIAN_POINT('',(7.770306540066,-37.87175061636));
#8127 = CARTESIAN_POINT('',(-9.233450315845,-34.57444068476));
#8128 = CARTESIAN_POINT('',(2.123982277033,-21.49741025357));
#8129 = CARTESIAN_POINT('',(13.48141486991,-8.420379822384));
#8130 = CARTESIAN_POINT('',(19.127739132943,-24.79472018518));
#8131 = ( GEOMETRIC_REPRESENTATION_CONTEXT(2) 
PARAMETRIC_REPRESENTATION_CONTEXT() REPRESENTATION_CONTEXT('2D SPACE',''
  ) );
#8132 = PCURVE('',#3688,#8133);
#8133 = DEFINITIONAL_REPRESENTATION('',(#8134),#8138);
#8134 = LINE('',#8135,#8136);
#8135 = CARTESIAN_POINT('',(0.,0.));
#8136 = VECTOR('',#8137,1.);
#8137 = DIRECTION('',(1.,0.));
#8138 = ( GEOMETRIC_REPRESENTATION_CONTEXT(2) 
PARAMETRIC_REPRESENTATION_CONTEXT() REPRESENTATION_CONTEXT('2D SPACE',''
  ) );
#8139 = ADVANCED_FACE('',(#8140),#3688,.T.);
#8140 = FACE_BOUND('',#8141,.T.);
#8141 = EDGE_LOOP('',(#8142,#8143,#8144));
#8142 = ORIENTED_EDGE('',*,*,#8114,.F.);
#8143 = ORIENTED_EDGE('',*,*,#3656,.F.);
#8144 = ORIENTED_EDGE('',*,*,#8145,.F.);
#8145 = EDGE_CURVE('',#8092,#3623,#8146,.T.);
#8146 = SURFACE_CURVE('',#8147,(#8151,#8158),.PCURVE_S1.);
#8147 = LINE('',#8148,#8149);
#8148 = CARTESIAN_POINT('',(-47.10061035385,62.570265490573,
    23.465220304742));
#8149 = VECTOR('',#8150,1.);
#8150 = DIRECTION('',(0.768592593328,-0.480269955675,-0.422618261741));
#8151 = PCURVE('',#3688,#8152);
#8152 = DEFINITIONAL_REPRESENTATION('',(#8153),#8157);
#8153 = LINE('',#8154,#8155);
#8154 = CARTESIAN_POINT('',(3.14159265359,0.));
#8155 = VECTOR('',#8156,1.);
#8156 = DIRECTION('',(0.,-1.));
#8157 = ( GEOMETRIC_REPRESENTATION_CONTEXT(2) 
PARAMETRIC_REPRESENTATION_CONTEXT() REPRESENTATION_CONTEXT('2D SPACE',''
  ) );
#8158 = PCURVE('',#3642,#8159);
#8159 = DEFINITIONAL_REPRESENTATION('',(#8160),#8164);
#8160 = LINE('',#8161,#8162);
#8161 = CARTESIAN_POINT('',(0.,0.));
#8162 = VECTOR('',#8163,1.);
#8163 = DIRECTION('',(-5.748577597662E-17,-1.));
#8164 = ( GEOMETRIC_REPRESENTATION_CONTEXT(2) 
PARAMETRIC_REPRESENTATION_CONTEXT() REPRESENTATION_CONTEXT('2D SPACE',''
  ) );
#8165 = ADVANCED_FACE('',(#8166),#3642,.T.);
#8166 = FACE_BOUND('',#8167,.T.);
#8167 = EDGE_LOOP('',(#8168,#8169,#8170));
#8168 = ORIENTED_EDGE('',*,*,#8091,.F.);
#8169 = ORIENTED_EDGE('',*,*,#8145,.T.);
#8170 = ORIENTED_EDGE('',*,*,#3622,.F.);
#8171 = ADVANCED_FACE('',(#8172),#3857,.F.);
#8172 = FACE_BOUND('',#8173,.F.);
#8173 = EDGE_LOOP('',(#8174,#8195,#8196,#8197,#8218,#8244,#8270,#8289,
    #8290,#8313,#8334));
#8174 = ORIENTED_EDGE('',*,*,#8175,.F.);
#8175 = EDGE_CURVE('',#3817,#6274,#8176,.T.);
#8176 = SURFACE_CURVE('',#8177,(#8181,#8188),.PCURVE_S1.);
#8177 = LINE('',#8178,#8179);
#8178 = CARTESIAN_POINT('',(-45.33796828539,48.839840721397,
    1.314599127065));
#8179 = VECTOR('',#8180,1.);
#8180 = DIRECTION('',(4.591374864885E-06,-0.341538316803,0.939867851421)
  );
#8181 = PCURVE('',#3857,#8182);
#8182 = DEFINITIONAL_REPRESENTATION('',(#8183),#8187);
#8183 = LINE('',#8184,#8185);
#8184 = CARTESIAN_POINT('',(0.,0.));
#8185 = VECTOR('',#8186,1.);
#8186 = DIRECTION('',(1.,-7.248865211231E-17));
#8187 = ( GEOMETRIC_REPRESENTATION_CONTEXT(2) 
PARAMETRIC_REPRESENTATION_CONTEXT() REPRESENTATION_CONTEXT('2D SPACE',''
  ) );
#8188 = PCURVE('',#3831,#8189);
#8189 = DEFINITIONAL_REPRESENTATION('',(#8190),#8194);
#8190 = LINE('',#8191,#8192);
#8191 = CARTESIAN_POINT('',(-4.899967707279,-7.000022604793));
#8192 = VECTOR('',#8193,1.);
#8193 = DIRECTION('',(0.999999999989,4.613238354657E-06));
#8194 = ( GEOMETRIC_REPRESENTATION_CONTEXT(2) 
PARAMETRIC_REPRESENTATION_CONTEXT() REPRESENTATION_CONTEXT('2D SPACE',''
  ) );
#8195 = ORIENTED_EDGE('',*,*,#3842,.T.);
#8196 = ORIENTED_EDGE('',*,*,#5029,.F.);
#8197 = ORIENTED_EDGE('',*,*,#8198,.T.);
#8198 = EDGE_CURVE('',#4997,#8199,#8201,.T.);
#8199 = VERTEX_POINT('',#8200);
#8200 = CARTESIAN_POINT('',(-46.00891292917,53.279097881442,
    9.205251970738));
#8201 = SURFACE_CURVE('',#8202,(#8206,#8212),.PCURVE_S1.);
#8202 = LINE('',#8203,#8204);
#8203 = CARTESIAN_POINT('',(-45.47894183707,48.181105950369,
    7.352691513562));
#8204 = VECTOR('',#8205,1.);
#8205 = DIRECTION('',(-9.724261283803E-02,0.935413389505,0.339920086171)
  );
#8206 = PCURVE('',#3857,#8207);
#8207 = DEFINITIONAL_REPRESENTATION('',(#8208),#8211);
#8208 = B_SPLINE_CURVE_WITH_KNOTS('',1,(#8209,#8210),.UNSPECIFIED.,.F.,
  .F.,(2,2),(1.449988195881,5.449988195881),.PIECEWISE_BEZIER_KNOTS.);
#8209 = CARTESIAN_POINT('',(5.899991435631,-2.899976391762));
#8210 = CARTESIAN_POINT('',(5.899991435631,-6.899976391762));
#8211 = ( GEOMETRIC_REPRESENTATION_CONTEXT(2) 
PARAMETRIC_REPRESENTATION_CONTEXT() REPRESENTATION_CONTEXT('2D SPACE',''
  ) );
#8212 = PCURVE('',#5017,#8213);
#8213 = DEFINITIONAL_REPRESENTATION('',(#8214),#8217);
#8214 = B_SPLINE_CURVE_WITH_KNOTS('',1,(#8215,#8216),.UNSPECIFIED.,.F.,
  .F.,(2,2),(1.449988195881,5.449988195881),.PIECEWISE_BEZIER_KNOTS.);
#8215 = CARTESIAN_POINT('',(3.,2.22044604925E-16));
#8216 = CARTESIAN_POINT('',(3.,-4.));
#8217 = ( GEOMETRIC_REPRESENTATION_CONTEXT(2) 
PARAMETRIC_REPRESENTATION_CONTEXT() REPRESENTATION_CONTEXT('2D SPACE',''
  ) );
#8218 = ORIENTED_EDGE('',*,*,#8219,.F.);
#8219 = EDGE_CURVE('',#8220,#8199,#8222,.T.);
#8220 = VERTEX_POINT('',#8221);
#8221 = CARTESIAN_POINT('',(-46.0089267033,54.303712831852,
    6.385648416476));
#8222 = SURFACE_CURVE('',#8223,(#8227,#8233),.PCURVE_S1.);
#8223 = LINE('',#8224,#8225);
#8224 = CARTESIAN_POINT('',(-46.00892991724,54.542788191085,
    5.727744945169));
#8225 = VECTOR('',#8226,1.);
#8226 = DIRECTION('',(4.591374864881E-06,-0.341538316803,0.939867851421)
  );
#8227 = PCURVE('',#3857,#8228);
#8228 = DEFINITIONAL_REPRESENTATION('',(#8229),#8232);
#8229 = B_SPLINE_CURVE_WITH_KNOTS('',1,(#8230,#8231),.UNSPECIFIED.,.F.,
  .F.,(2,2),(0.699917292763,3.70000955753),.PIECEWISE_BEZIER_KNOTS.);
#8230 = CARTESIAN_POINT('',(2.899913010579,-6.899976391762));
#8231 = CARTESIAN_POINT('',(5.900005275346,-6.899976391762));
#8232 = ( GEOMETRIC_REPRESENTATION_CONTEXT(2) 
PARAMETRIC_REPRESENTATION_CONTEXT() REPRESENTATION_CONTEXT('2D SPACE',''
  ) );
#8233 = PCURVE('',#8234,#8239);
#8234 = PLANE('',#8235);
#8235 = AXIS2_PLACEMENT_3D('',#8236,#8237,#8238);
#8236 = CARTESIAN_POINT('',(-39.04209486959,54.431182720713,
    8.027904677944));
#8237 = DIRECTION('',(-9.724261283803E-02,0.935413389505,0.339920086171)
  );
#8238 = DIRECTION('',(1.979856981797E-18,-0.341538738435,0.939867698215)
  );
#8239 = DEFINITIONAL_REPRESENTATION('',(#8240),#8243);
#8240 = B_SPLINE_CURVE_WITH_KNOTS('',1,(#8241,#8242),.UNSPECIFIED.,.F.,
  .F.,(2,2),(0.699917292763,3.70000955753),.PIECEWISE_BEZIER_KNOTS.);
#8241 = CARTESIAN_POINT('',(-1.500046132368,-7.000006920145));
#8242 = CARTESIAN_POINT('',(1.500046132368,-6.999993080004));
#8243 = ( GEOMETRIC_REPRESENTATION_CONTEXT(2) 
PARAMETRIC_REPRESENTATION_CONTEXT() REPRESENTATION_CONTEXT('2D SPACE',''
  ) );
#8244 = ORIENTED_EDGE('',*,*,#8245,.T.);
#8245 = EDGE_CURVE('',#8220,#8246,#8248,.T.);
#8246 = VERTEX_POINT('',#8247);
#8247 = CARTESIAN_POINT('',(-45.61995625195,50.562059273831,
    5.025968071791));
#8248 = SURFACE_CURVE('',#8249,(#8253,#8259),.PCURVE_S1.);
#8249 = LINE('',#8250,#8251);
#8250 = CARTESIAN_POINT('',(-45.47895561119,49.205720900779,4.5330879593
    ));
#8251 = VECTOR('',#8252,1.);
#8252 = DIRECTION('',(9.724261283803E-02,-0.935413389505,-0.339920086171
    ));
#8253 = PCURVE('',#3857,#8254);
#8254 = DEFINITIONAL_REPRESENTATION('',(#8255),#8258);
#8255 = B_SPLINE_CURVE_WITH_KNOTS('',1,(#8256,#8257),.UNSPECIFIED.,.F.,
  .F.,(2,2),(-5.449988195881,-1.449988195881),.PIECEWISE_BEZIER_KNOTS.);
#8256 = CARTESIAN_POINT('',(2.899991435631,-6.899976391762));
#8257 = CARTESIAN_POINT('',(2.899991435631,-2.899976391762));
#8258 = ( GEOMETRIC_REPRESENTATION_CONTEXT(2) 
PARAMETRIC_REPRESENTATION_CONTEXT() REPRESENTATION_CONTEXT('2D SPACE',''
  ) );
#8259 = PCURVE('',#8260,#8265);
#8260 = PLANE('',#8261);
#8261 = AXIS2_PLACEMENT_3D('',#8262,#8263,#8264);
#8262 = CARTESIAN_POINT('',(-28.70052423867,52.115804300849,
    5.590500390896));
#8263 = DIRECTION('',(4.591374864897E-06,-0.341538316803,0.939867851421)
  );
#8264 = DIRECTION('',(-0.995260706663,-9.139676629514E-02,
    -3.320778347674E-02));
#8265 = DEFINITIONAL_REPRESENTATION('',(#8266),#8269);
#8266 = B_SPLINE_CURVE_WITH_KNOTS('',1,(#8267,#8268),.UNSPECIFIED.,.F.,
  .F.,(2,2),(-5.449988195881,-1.449988195881),.PIECEWISE_BEZIER_KNOTS.);
#8267 = CARTESIAN_POINT('',(17.,-4.));
#8268 = CARTESIAN_POINT('',(17.,6.217248937901E-15));
#8269 = ( GEOMETRIC_REPRESENTATION_CONTEXT(2) 
PARAMETRIC_REPRESENTATION_CONTEXT() REPRESENTATION_CONTEXT('2D SPACE',''
  ) );
#8270 = ORIENTED_EDGE('',*,*,#8271,.T.);
#8271 = EDGE_CURVE('',#8246,#4908,#8272,.T.);
#8272 = SURFACE_CURVE('',#8273,(#8277,#8283),.PCURVE_S1.);
#8273 = LINE('',#8274,#8275);
#8274 = CARTESIAN_POINT('',(-45.61995946589,50.801134633063,
    4.368064600485));
#8275 = VECTOR('',#8276,1.);
#8276 = DIRECTION('',(4.591374864881E-06,-0.341538316803,0.939867851421)
  );
#8277 = PCURVE('',#3857,#8278);
#8278 = DEFINITIONAL_REPRESENTATION('',(#8279),#8282);
#8279 = B_SPLINE_CURVE_WITH_KNOTS('',1,(#8280,#8281),.UNSPECIFIED.,.F.,
  .F.,(2,2),(0.699917292763,3.70000955753),.PIECEWISE_BEZIER_KNOTS.);
#8280 = CARTESIAN_POINT('',(2.899913010579,-2.899976391762));
#8281 = CARTESIAN_POINT('',(5.900005275346,-2.899976391762));
#8282 = ( GEOMETRIC_REPRESENTATION_CONTEXT(2) 
PARAMETRIC_REPRESENTATION_CONTEXT() REPRESENTATION_CONTEXT('2D SPACE',''
  ) );
#8283 = PCURVE('',#4956,#8284);
#8284 = DEFINITIONAL_REPRESENTATION('',(#8285),#8288);
#8285 = B_SPLINE_CURVE_WITH_KNOTS('',1,(#8286,#8287),.UNSPECIFIED.,.F.,
  .F.,(2,2),(0.699917292763,3.70000955753),.PIECEWISE_BEZIER_KNOTS.);
#8286 = CARTESIAN_POINT('',(-1.500046132368,-7.000006920145));
#8287 = CARTESIAN_POINT('',(1.500046132368,-6.999993080004));
#8288 = ( GEOMETRIC_REPRESENTATION_CONTEXT(2) 
PARAMETRIC_REPRESENTATION_CONTEXT() REPRESENTATION_CONTEXT('2D SPACE',''
  ) );
#8289 = ORIENTED_EDGE('',*,*,#4907,.F.);
#8290 = ORIENTED_EDGE('',*,*,#8291,.T.);
#8291 = EDGE_CURVE('',#4874,#8292,#8294,.T.);
#8292 = VERTEX_POINT('',#8293);
#8293 = CARTESIAN_POINT('',(-46.2909458912,58.00689193855,4.645815971542
    ));
#8294 = SURFACE_CURVE('',#8295,(#8299,#8306),.PCURVE_S1.);
#8295 = LINE('',#8296,#8297);
#8296 = CARTESIAN_POINT('',(-45.33796828539,48.839840721397,
    1.314599127065));
#8297 = VECTOR('',#8298,1.);
#8298 = DIRECTION('',(-9.724261283803E-02,0.935413389505,0.339920086171)
  );
#8299 = PCURVE('',#3857,#8300);
#8300 = DEFINITIONAL_REPRESENTATION('',(#8301),#8305);
#8301 = LINE('',#8302,#8303);
#8302 = CARTESIAN_POINT('',(0.,0.));
#8303 = VECTOR('',#8304,1.);
#8304 = DIRECTION('',(1.068893579386E-16,-1.));
#8305 = ( GEOMETRIC_REPRESENTATION_CONTEXT(2) 
PARAMETRIC_REPRESENTATION_CONTEXT() REPRESENTATION_CONTEXT('2D SPACE',''
  ) );
#8306 = PCURVE('',#4895,#8307);
#8307 = DEFINITIONAL_REPRESENTATION('',(#8308),#8312);
#8308 = LINE('',#8309,#8310);
#8309 = CARTESIAN_POINT('',(14.,-1.130300637901E-15));
#8310 = VECTOR('',#8311,1.);
#8311 = DIRECTION('',(-8.656904692726E-18,-1.));
#8312 = ( GEOMETRIC_REPRESENTATION_CONTEXT(2) 
PARAMETRIC_REPRESENTATION_CONTEXT() REPRESENTATION_CONTEXT('2D SPACE',''
  ) );
#8313 = ORIENTED_EDGE('',*,*,#8314,.T.);
#8314 = EDGE_CURVE('',#8292,#6249,#8315,.T.);
#8315 = SURFACE_CURVE('',#8316,(#8320,#8327),.PCURVE_S1.);
#8316 = LINE('',#8317,#8318);
#8317 = CARTESIAN_POINT('',(-46.2909458912,58.00689193855,4.645815971542
    ));
#8318 = VECTOR('',#8319,1.);
#8319 = DIRECTION('',(4.591374864885E-06,-0.341538316803,0.939867851421)
  );
#8320 = PCURVE('',#3857,#8321);
#8321 = DEFINITIONAL_REPRESENTATION('',(#8322),#8326);
#8322 = LINE('',#8323,#8324);
#8323 = CARTESIAN_POINT('',(1.917915887665E-15,-9.8));
#8324 = VECTOR('',#8325,1.);
#8325 = DIRECTION('',(1.,-7.248865211231E-17));
#8326 = ( GEOMETRIC_REPRESENTATION_CONTEXT(2) 
PARAMETRIC_REPRESENTATION_CONTEXT() REPRESENTATION_CONTEXT('2D SPACE',''
  ) );
#8327 = PCURVE('',#6262,#8328);
#8328 = DEFINITIONAL_REPRESENTATION('',(#8329),#8333);
#8329 = LINE('',#8330,#8331);
#8330 = CARTESIAN_POINT('',(-4.899967707279,-7.000022604793));
#8331 = VECTOR('',#8332,1.);
#8332 = DIRECTION('',(0.999999999989,4.613238354657E-06));
#8333 = ( GEOMETRIC_REPRESENTATION_CONTEXT(2) 
PARAMETRIC_REPRESENTATION_CONTEXT() REPRESENTATION_CONTEXT('2D SPACE',''
  ) );
#8334 = ORIENTED_EDGE('',*,*,#6273,.F.);
#8335 = ADVANCED_FACE('',(#8336),#3831,.F.);
#8336 = FACE_BOUND('',#8337,.F.);
#8337 = EDGE_LOOP('',(#8338,#8339,#8340,#8341));
#8338 = ORIENTED_EDGE('',*,*,#3816,.T.);
#8339 = ORIENTED_EDGE('',*,*,#8175,.T.);
#8340 = ORIENTED_EDGE('',*,*,#6356,.T.);
#8341 = ORIENTED_EDGE('',*,*,#8342,.T.);
#8342 = EDGE_CURVE('',#6357,#3791,#8343,.T.);
#8343 = SURFACE_CURVE('',#8344,(#8348,#8354),.PCURVE_S1.);
#8344 = LINE('',#8345,#8346);
#8345 = CARTESIAN_POINT('',(-44.,47.926255380051,4.211419682182));
#8346 = VECTOR('',#8347,1.);
#8347 = DIRECTION('',(0.,0.341538738435,-0.939867698215));
#8348 = PCURVE('',#3831,#8349);
#8349 = DEFINITIONAL_REPRESENTATION('',(#8350),#8353);
#8350 = B_SPLINE_CURVE_WITH_KNOTS('',1,(#8351,#8352),.UNSPECIFIED.,.F.,
  .F.,(2,2),(-5.393141087348,-4.647736955657),.PIECEWISE_BEZIER_KNOTS.);
#8351 = CARTESIAN_POINT('',(3.527826232285,-5.655683100157));
#8352 = CARTESIAN_POINT('',(2.782422100594,-5.655683100157));
#8353 = ( GEOMETRIC_REPRESENTATION_CONTEXT(2) 
PARAMETRIC_REPRESENTATION_CONTEXT() REPRESENTATION_CONTEXT('2D SPACE',''
  ) );
#8354 = PCURVE('',#3805,#8355);
#8355 = DEFINITIONAL_REPRESENTATION('',(#8356),#8359);
#8356 = B_SPLINE_CURVE_WITH_KNOTS('',1,(#8357,#8358),.UNSPECIFIED.,.F.,
  .F.,(2,2),(-5.393141087348,-4.647736955657),.PIECEWISE_BEZIER_KNOTS.);
#8357 = CARTESIAN_POINT('',(8.480258782098,-2.084288776877));
#8358 = CARTESIAN_POINT('',(7.779677516605,-2.338873163638));
#8359 = ( GEOMETRIC_REPRESENTATION_CONTEXT(2) 
PARAMETRIC_REPRESENTATION_CONTEXT() REPRESENTATION_CONTEXT('2D SPACE',''
  ) );
#8360 = ADVANCED_FACE('',(#8361),#3805,.F.);
#8361 = FACE_BOUND('',#8362,.F.);
#8362 = EDGE_LOOP('',(#8363,#8364,#8365));
#8363 = ORIENTED_EDGE('',*,*,#6376,.F.);
#8364 = ORIENTED_EDGE('',*,*,#3790,.T.);
#8365 = ORIENTED_EDGE('',*,*,#8342,.F.);
#8366 = ADVANCED_FACE('',(#8367),#4178,.T.);
#8367 = FACE_BOUND('',#8368,.T.);
#8368 = EDGE_LOOP('',(#8369,#8370,#8371,#8372,#8373));
#8369 = ORIENTED_EDGE('',*,*,#4442,.F.);
#8370 = ORIENTED_EDGE('',*,*,#4160,.F.);
#8371 = ORIENTED_EDGE('',*,*,#4267,.T.);
#8372 = ORIENTED_EDGE('',*,*,#4322,.T.);
#8373 = ORIENTED_EDGE('',*,*,#4372,.T.);
#8374 = ADVANCED_FACE('',(#8375,#8378),#4514,.T.);
#8375 = FACE_BOUND('',#8376,.T.);
#8376 = EDGE_LOOP('',(#8377));
#8377 = ORIENTED_EDGE('',*,*,#4588,.T.);
#8378 = FACE_BOUND('',#8379,.T.);
#8379 = EDGE_LOOP('',(#8380));
#8380 = ORIENTED_EDGE('',*,*,#4499,.T.);
#8381 = ADVANCED_FACE('',(#8382),#4572,.F.);
#8382 = FACE_BOUND('',#8383,.F.);
#8383 = EDGE_LOOP('',(#8384));
#8384 = ORIENTED_EDGE('',*,*,#4557,.T.);
#8385 = ADVANCED_FACE('',(#8386),#4698,.T.);
#8386 = FACE_BOUND('',#8387,.T.);
#8387 = EDGE_LOOP('',(#8388,#8389,#8390,#8391,#8392));
#8388 = ORIENTED_EDGE('',*,*,#5295,.F.);
#8389 = ORIENTED_EDGE('',*,*,#4810,.F.);
#8390 = ORIENTED_EDGE('',*,*,#4682,.T.);
#8391 = ORIENTED_EDGE('',*,*,#5130,.F.);
#8392 = ORIENTED_EDGE('',*,*,#5269,.T.);
#8393 = ADVANCED_FACE('',(#8394),#4750,.F.);
#8394 = FACE_BOUND('',#8395,.T.);
#8395 = EDGE_LOOP('',(#8396,#8397,#8418,#8419));
#8396 = ORIENTED_EDGE('',*,*,#5320,.F.);
#8397 = ORIENTED_EDGE('',*,*,#8398,.T.);
#8398 = EDGE_CURVE('',#5321,#4734,#8399,.T.);
#8399 = SEAM_CURVE('',#8400,(#8404,#8411),.PCURVE_S1.);
#8400 = LINE('',#8401,#8402);
#8401 = CARTESIAN_POINT('',(-9.25,58.7,3.9));
#8402 = VECTOR('',#8403,1.);
#8403 = DIRECTION('',(0.,-1.,1.110223024625E-16));
#8404 = PCURVE('',#4750,#8405);
#8405 = DEFINITIONAL_REPRESENTATION('',(#8406),#8410);
#8406 = LINE('',#8407,#8408);
#8407 = CARTESIAN_POINT('',(-6.28318530718,0.));
#8408 = VECTOR('',#8409,1.);
#8409 = DIRECTION('',(-0.,-1.));
#8410 = ( GEOMETRIC_REPRESENTATION_CONTEXT(2) 
PARAMETRIC_REPRESENTATION_CONTEXT() REPRESENTATION_CONTEXT('2D SPACE',''
  ) );
#8411 = PCURVE('',#4750,#8412);
#8412 = DEFINITIONAL_REPRESENTATION('',(#8413),#8417);
#8413 = LINE('',#8414,#8415);
#8414 = CARTESIAN_POINT('',(-0.,0.));
#8415 = VECTOR('',#8416,1.);
#8416 = DIRECTION('',(-0.,-1.));
#8417 = ( GEOMETRIC_REPRESENTATION_CONTEXT(2) 
PARAMETRIC_REPRESENTATION_CONTEXT() REPRESENTATION_CONTEXT('2D SPACE',''
  ) );
#8418 = ORIENTED_EDGE('',*,*,#4733,.F.);
#8419 = ORIENTED_EDGE('',*,*,#8398,.F.);
#8420 = ADVANCED_FACE('',(#8421),#5017,.T.);
#8421 = FACE_BOUND('',#8422,.T.);
#8422 = EDGE_LOOP('',(#8423,#8448,#8467,#8468,#8469,#8492));
#8423 = ORIENTED_EDGE('',*,*,#8424,.F.);
#8424 = EDGE_CURVE('',#8425,#8427,#8429,.T.);
#8425 = VERTEX_POINT('',#8426);
#8426 = CARTESIAN_POINT('',(-34.04929335741,50.6,8.231636913373));
#8427 = VERTEX_POINT('',#8428);
#8428 = CARTESIAN_POINT('',(-31.68629258454,50.816999051553,
    8.310480594728));
#8429 = SURFACE_CURVE('',#8430,(#8434,#8441),.PCURVE_S1.);
#8430 = LINE('',#8431,#8432);
#8431 = CARTESIAN_POINT('',(-48.60572459781,49.263254024535,
    7.745948275623));
#8432 = VECTOR('',#8433,1.);
#8433 = DIRECTION('',(0.995260706663,9.139676629514E-02,
    3.320778347674E-02));
#8434 = PCURVE('',#5017,#8435);
#8435 = DEFINITIONAL_REPRESENTATION('',(#8436),#8440);
#8436 = LINE('',#8437,#8438);
#8437 = CARTESIAN_POINT('',(0.,0.));
#8438 = VECTOR('',#8439,1.);
#8439 = DIRECTION('',(1.,1.091188514345E-17));
#8440 = ( GEOMETRIC_REPRESENTATION_CONTEXT(2) 
PARAMETRIC_REPRESENTATION_CONTEXT() REPRESENTATION_CONTEXT('2D SPACE',''
  ) );
#8441 = PCURVE('',#4956,#8442);
#8442 = DEFINITIONAL_REPRESENTATION('',(#8443),#8447);
#8443 = LINE('',#8444,#8445);
#8444 = CARTESIAN_POINT('',(1.500046132368,-9.999993080036));
#8445 = VECTOR('',#8446,1.);
#8446 = DIRECTION('',(-4.613238354628E-06,0.999999999989));
#8447 = ( GEOMETRIC_REPRESENTATION_CONTEXT(2) 
PARAMETRIC_REPRESENTATION_CONTEXT() REPRESENTATION_CONTEXT('2D SPACE',''
  ) );
#8448 = ORIENTED_EDGE('',*,*,#8449,.T.);
#8449 = EDGE_CURVE('',#8425,#4969,#8450,.T.);
#8450 = SURFACE_CURVE('',#8451,(#8455,#8461),.PCURVE_S1.);
#8451 = LINE('',#8452,#8453);
#8452 = CARTESIAN_POINT('',(-47.80284296,50.6,8.231704101225));
#8453 = VECTOR('',#8454,1.);
#8454 = DIRECTION('',(-0.999999999988,0.,4.88512811445E-06));
#8455 = PCURVE('',#5017,#8456);
#8456 = DEFINITIONAL_REPRESENTATION('',(#8457),#8460);
#8457 = B_SPLINE_CURVE_WITH_KNOTS('',1,(#8458,#8459),.UNSPECIFIED.,.F.,
  .F.,(2,2),(-13.75354960275,-3.802842960049),.PIECEWISE_BEZIER_KNOTS.);
#8458 = CARTESIAN_POINT('',(14.625746945444,1.901599836527E-16));
#8459 = CARTESIAN_POINT('',(4.722201234797,-0.967649237187));
#8460 = ( GEOMETRIC_REPRESENTATION_CONTEXT(2) 
PARAMETRIC_REPRESENTATION_CONTEXT() REPRESENTATION_CONTEXT('2D SPACE',''
  ) );
#8461 = PCURVE('',#4984,#8462);
#8462 = DEFINITIONAL_REPRESENTATION('',(#8463),#8466);
#8463 = B_SPLINE_CURVE_WITH_KNOTS('',1,(#8464,#8465),.UNSPECIFIED.,.F.,
  .F.,(2,2),(-13.75354960275,-3.802842960049),.PIECEWISE_BEZIER_KNOTS.);
#8464 = CARTESIAN_POINT('',(7.431636913373,12.950706642582));
#8465 = CARTESIAN_POINT('',(7.43168552385,3.));
#8466 = ( GEOMETRIC_REPRESENTATION_CONTEXT(2) 
PARAMETRIC_REPRESENTATION_CONTEXT() REPRESENTATION_CONTEXT('2D SPACE',''
  ) );
#8467 = ORIENTED_EDGE('',*,*,#4996,.F.);
#8468 = ORIENTED_EDGE('',*,*,#8198,.T.);
#8469 = ORIENTED_EDGE('',*,*,#8470,.T.);
#8470 = EDGE_CURVE('',#8199,#8471,#8473,.T.);
#8471 = VERTEX_POINT('',#8472);
#8472 = CARTESIAN_POINT('',(-32.07526303589,54.558652609574,
    9.670160939412));
#8473 = SURFACE_CURVE('',#8474,(#8478,#8485),.PCURVE_S1.);
#8474 = LINE('',#8475,#8476);
#8475 = CARTESIAN_POINT('',(-48.99469504916,53.004907582557,
    9.105628620307));
#8476 = VECTOR('',#8477,1.);
#8477 = DIRECTION('',(0.995260706663,9.139676629514E-02,
    3.320778347674E-02));
#8478 = PCURVE('',#5017,#8479);
#8479 = DEFINITIONAL_REPRESENTATION('',(#8480),#8484);
#8480 = LINE('',#8481,#8482);
#8481 = CARTESIAN_POINT('',(9.338670693599E-16,-4.));
#8482 = VECTOR('',#8483,1.);
#8483 = DIRECTION('',(1.,1.091188514345E-17));
#8484 = ( GEOMETRIC_REPRESENTATION_CONTEXT(2) 
PARAMETRIC_REPRESENTATION_CONTEXT() REPRESENTATION_CONTEXT('2D SPACE',''
  ) );
#8485 = PCURVE('',#8234,#8486);
#8486 = DEFINITIONAL_REPRESENTATION('',(#8487),#8491);
#8487 = LINE('',#8488,#8489);
#8488 = CARTESIAN_POINT('',(1.500046132368,-9.999993080036));
#8489 = VECTOR('',#8490,1.);
#8490 = DIRECTION('',(-4.613238354628E-06,0.999999999989));
#8491 = ( GEOMETRIC_REPRESENTATION_CONTEXT(2) 
PARAMETRIC_REPRESENTATION_CONTEXT() REPRESENTATION_CONTEXT('2D SPACE',''
  ) );
#8492 = ORIENTED_EDGE('',*,*,#8493,.T.);
#8493 = EDGE_CURVE('',#8471,#8427,#8494,.T.);
#8494 = SURFACE_CURVE('',#8495,(#8499,#8505),.PCURVE_S1.);
#8495 = LINE('',#8496,#8497);
#8496 = CARTESIAN_POINT('',(-31.54529194379,49.460660678501,
    7.817600482237));
#8497 = VECTOR('',#8498,1.);
#8498 = DIRECTION('',(9.724261283803E-02,-0.935413389505,-0.339920086171
    ));
#8499 = PCURVE('',#5017,#8500);
#8500 = DEFINITIONAL_REPRESENTATION('',(#8501),#8504);
#8501 = B_SPLINE_CURVE_WITH_KNOTS('',1,(#8502,#8503),.UNSPECIFIED.,.F.,
  .F.,(2,2),(-5.449988195881,-1.449988195881),.PIECEWISE_BEZIER_KNOTS.);
#8502 = CARTESIAN_POINT('',(17.,-4.));
#8503 = CARTESIAN_POINT('',(17.,2.22044604925E-16));
#8504 = ( GEOMETRIC_REPRESENTATION_CONTEXT(2) 
PARAMETRIC_REPRESENTATION_CONTEXT() REPRESENTATION_CONTEXT('2D SPACE',''
  ) );
#8505 = PCURVE('',#5207,#8506);
#8506 = DEFINITIONAL_REPRESENTATION('',(#8507),#8510);
#8507 = B_SPLINE_CURVE_WITH_KNOTS('',1,(#8508,#8509),.UNSPECIFIED.,.F.,
  .F.,(2,2),(-5.449988195881,-1.449988195881),.PIECEWISE_BEZIER_KNOTS.);
#8508 = CARTESIAN_POINT('',(3.900008564369,-6.899976391762));
#8509 = CARTESIAN_POINT('',(3.900008564369,-2.899976391762));
#8510 = ( GEOMETRIC_REPRESENTATION_CONTEXT(2) 
PARAMETRIC_REPRESENTATION_CONTEXT() REPRESENTATION_CONTEXT('2D SPACE',''
  ) );
#8511 = ADVANCED_FACE('',(#8512),#4984,.T.);
#8512 = FACE_BOUND('',#8513,.T.);
#8513 = EDGE_LOOP('',(#8514,#8533,#8534));
#8514 = ORIENTED_EDGE('',*,*,#8515,.F.);
#8515 = EDGE_CURVE('',#4935,#8425,#8516,.T.);
#8516 = SURFACE_CURVE('',#8517,(#8521,#8527),.PCURVE_S1.);
#8517 = LINE('',#8518,#8519);
#8518 = CARTESIAN_POINT('',(-43.35187829307,50.6,5.570400634338));
#8519 = VECTOR('',#8520,1.);
#8520 = DIRECTION('',(0.961432305318,-0.,0.275041673733));
#8521 = PCURVE('',#4984,#8522);
#8522 = DEFINITIONAL_REPRESENTATION('',(#8523),#8526);
#8523 = B_SPLINE_CURVE_WITH_KNOTS('',1,(#8524,#8525),.UNSPECIFIED.,.F.,
  .F.,(2,2),(-0.674120999824,9.675964033471),.PIECEWISE_BEZIER_KNOTS.);
#8524 = CARTESIAN_POINT('',(4.584989266248,3.));
#8525 = CARTESIAN_POINT('',(7.431693977087,12.950906113803));
#8526 = ( GEOMETRIC_REPRESENTATION_CONTEXT(2) 
PARAMETRIC_REPRESENTATION_CONTEXT() REPRESENTATION_CONTEXT('2D SPACE',''
  ) );
#8527 = PCURVE('',#4956,#8528);
#8528 = DEFINITIONAL_REPRESENTATION('',(#8529),#8532);
#8529 = B_SPLINE_CURVE_WITH_KNOTS('',1,(#8530,#8531),.UNSPECIFIED.,.F.,
  .F.,(2,2),(-0.674120999824,9.675964033471),.PIECEWISE_BEZIER_KNOTS.);
#8530 = CARTESIAN_POINT('',(-1.175493511422,-5.372336661038));
#8531 = CARTESIAN_POINT('',(1.500032292653,4.625954286327));
#8532 = ( GEOMETRIC_REPRESENTATION_CONTEXT(2) 
PARAMETRIC_REPRESENTATION_CONTEXT() REPRESENTATION_CONTEXT('2D SPACE',''
  ) );
#8533 = ORIENTED_EDGE('',*,*,#4968,.T.);
#8534 = ORIENTED_EDGE('',*,*,#8449,.F.);
#8535 = ADVANCED_FACE('',(#8536),#4956,.T.);
#8536 = FACE_BOUND('',#8537,.T.);
#8537 = EDGE_LOOP('',(#8538,#8539,#8540,#8561,#8582,#8583));
#8538 = ORIENTED_EDGE('',*,*,#8515,.T.);
#8539 = ORIENTED_EDGE('',*,*,#8424,.T.);
#8540 = ORIENTED_EDGE('',*,*,#8541,.T.);
#8541 = EDGE_CURVE('',#8427,#8542,#8544,.T.);
#8542 = VERTEX_POINT('',#8543);
#8543 = CARTESIAN_POINT('',(-31.68630635866,51.841614001963,
    5.490877040466));
#8544 = SURFACE_CURVE('',#8545,(#8549,#8555),.PCURVE_S1.);
#8545 = LINE('',#8546,#8547);
#8546 = CARTESIAN_POINT('',(-31.68628707487,50.407151608859,
    9.43832604112));
#8547 = VECTOR('',#8548,1.);
#8548 = DIRECTION('',(-4.591374864881E-06,0.341538316803,-0.939867851421
    ));
#8549 = PCURVE('',#4956,#8550);
#8550 = DEFINITIONAL_REPRESENTATION('',(#8551),#8554);
#8551 = B_SPLINE_CURVE_WITH_KNOTS('',1,(#8552,#8553),.UNSPECIFIED.,.F.,
  .F.,(2,2),(1.199925857133,4.2000181219),.PIECEWISE_BEZIER_KNOTS.);
#8552 = CARTESIAN_POINT('',(1.500046132368,7.000006920145));
#8553 = CARTESIAN_POINT('',(-1.500046132368,6.999993080004));
#8554 = ( GEOMETRIC_REPRESENTATION_CONTEXT(2) 
PARAMETRIC_REPRESENTATION_CONTEXT() REPRESENTATION_CONTEXT('2D SPACE',''
  ) );
#8555 = PCURVE('',#5207,#8556);
#8556 = DEFINITIONAL_REPRESENTATION('',(#8557),#8560);
#8557 = B_SPLINE_CURVE_WITH_KNOTS('',1,(#8558,#8559),.UNSPECIFIED.,.F.,
  .F.,(2,2),(1.199925857133,4.2000181219),.PIECEWISE_BEZIER_KNOTS.);
#8558 = CARTESIAN_POINT('',(3.899930139317,-2.899976391762));
#8559 = CARTESIAN_POINT('',(6.900022404084,-2.899976391762));
#8560 = ( GEOMETRIC_REPRESENTATION_CONTEXT(2) 
PARAMETRIC_REPRESENTATION_CONTEXT() REPRESENTATION_CONTEXT('2D SPACE',''
  ) );
#8561 = ORIENTED_EDGE('',*,*,#8562,.T.);
#8562 = EDGE_CURVE('',#8542,#8246,#8563,.T.);
#8563 = SURFACE_CURVE('',#8564,(#8568,#8575),.PCURVE_S1.);
#8564 = LINE('',#8565,#8566);
#8565 = CARTESIAN_POINT('',(-28.70052423867,52.115804300849,
    5.590500390896));
#8566 = VECTOR('',#8567,1.);
#8567 = DIRECTION('',(-0.995260706663,-9.139676629514E-02,
    -3.320778347674E-02));
#8568 = PCURVE('',#4956,#8569);
#8569 = DEFINITIONAL_REPRESENTATION('',(#8570),#8574);
#8570 = LINE('',#8571,#8572);
#8571 = CARTESIAN_POINT('',(-1.500046132368,9.999993080036));
#8572 = VECTOR('',#8573,1.);
#8573 = DIRECTION('',(4.613238354628E-06,-0.999999999989));
#8574 = ( GEOMETRIC_REPRESENTATION_CONTEXT(2) 
PARAMETRIC_REPRESENTATION_CONTEXT() REPRESENTATION_CONTEXT('2D SPACE',''
  ) );
#8575 = PCURVE('',#8260,#8576);
#8576 = DEFINITIONAL_REPRESENTATION('',(#8577),#8581);
#8577 = LINE('',#8578,#8579);
#8578 = CARTESIAN_POINT('',(-0.,0.));
#8579 = VECTOR('',#8580,1.);
#8580 = DIRECTION('',(1.,-1.091188514345E-17));
#8581 = ( GEOMETRIC_REPRESENTATION_CONTEXT(2) 
PARAMETRIC_REPRESENTATION_CONTEXT() REPRESENTATION_CONTEXT('2D SPACE',''
  ) );
#8582 = ORIENTED_EDGE('',*,*,#8271,.T.);
#8583 = ORIENTED_EDGE('',*,*,#4934,.F.);
#8584 = ADVANCED_FACE('',(#8585),#4895,.F.);
#8585 = FACE_BOUND('',#8586,.F.);
#8586 = EDGE_LOOP('',(#8587,#8588,#8611,#8632,#8633,#8634));
#8587 = ORIENTED_EDGE('',*,*,#5159,.F.);
#8588 = ORIENTED_EDGE('',*,*,#8589,.T.);
#8589 = EDGE_CURVE('',#5160,#8590,#8592,.T.);
#8590 = VERTEX_POINT('',#8591);
#8591 = CARTESIAN_POINT('',(-32.35729599792,59.286446666682,
    5.110724940216));
#8592 = SURFACE_CURVE('',#8593,(#8597,#8604),.PCURVE_S1.);
#8593 = LINE('',#8594,#8595);
#8594 = CARTESIAN_POINT('',(-31.40431839211,50.119395449529,
    1.77950809574));
#8595 = VECTOR('',#8596,1.);
#8596 = DIRECTION('',(-9.724261283803E-02,0.935413389505,0.339920086171)
  );
#8597 = PCURVE('',#4895,#8598);
#8598 = DEFINITIONAL_REPRESENTATION('',(#8599),#8603);
#8599 = LINE('',#8600,#8601);
#8600 = CARTESIAN_POINT('',(-0.,0.));
#8601 = VECTOR('',#8602,1.);
#8602 = DIRECTION('',(-8.656904692726E-18,-1.));
#8603 = ( GEOMETRIC_REPRESENTATION_CONTEXT(2) 
PARAMETRIC_REPRESENTATION_CONTEXT() REPRESENTATION_CONTEXT('2D SPACE',''
  ) );
#8604 = PCURVE('',#5207,#8605);
#8605 = DEFINITIONAL_REPRESENTATION('',(#8606),#8610);
#8606 = LINE('',#8607,#8608);
#8607 = CARTESIAN_POINT('',(9.8,-4.514408533269E-16));
#8608 = VECTOR('',#8609,1.);
#8609 = DIRECTION('',(-1.068893579386E-16,-1.));
#8610 = ( GEOMETRIC_REPRESENTATION_CONTEXT(2) 
PARAMETRIC_REPRESENTATION_CONTEXT() REPRESENTATION_CONTEXT('2D SPACE',''
  ) );
#8611 = ORIENTED_EDGE('',*,*,#8612,.T.);
#8612 = EDGE_CURVE('',#8590,#8292,#8613,.T.);
#8613 = SURFACE_CURVE('',#8614,(#8618,#8625),.PCURVE_S1.);
#8614 = LINE('',#8615,#8616);
#8615 = CARTESIAN_POINT('',(-32.35729599792,59.286446666682,
    5.110724940216));
#8616 = VECTOR('',#8617,1.);
#8617 = DIRECTION('',(-0.995260706663,-9.139676629514E-02,
    -3.320778347674E-02));
#8618 = PCURVE('',#4895,#8619);
#8619 = DEFINITIONAL_REPRESENTATION('',(#8620),#8624);
#8620 = LINE('',#8621,#8622);
#8621 = CARTESIAN_POINT('',(-1.724030038838E-15,-9.8));
#8622 = VECTOR('',#8623,1.);
#8623 = DIRECTION('',(1.,-1.142715226657E-17));
#8624 = ( GEOMETRIC_REPRESENTATION_CONTEXT(2) 
PARAMETRIC_REPRESENTATION_CONTEXT() REPRESENTATION_CONTEXT('2D SPACE',''
  ) );
#8625 = PCURVE('',#6262,#8626);
#8626 = DEFINITIONAL_REPRESENTATION('',(#8627),#8631);
#8627 = LINE('',#8628,#8629);
#8628 = CARTESIAN_POINT('',(-4.900032292616,6.999977395058));
#8629 = VECTOR('',#8630,1.);
#8630 = DIRECTION('',(4.613238354663E-06,-0.999999999989));
#8631 = ( GEOMETRIC_REPRESENTATION_CONTEXT(2) 
PARAMETRIC_REPRESENTATION_CONTEXT() REPRESENTATION_CONTEXT('2D SPACE',''
  ) );
#8632 = ORIENTED_EDGE('',*,*,#8291,.F.);
#8633 = ORIENTED_EDGE('',*,*,#4873,.F.);
#8634 = ORIENTED_EDGE('',*,*,#5060,.T.);
#8635 = ADVANCED_FACE('',(#8636,#8684),#5207,.F.);
#8636 = FACE_BOUND('',#8637,.F.);
#8637 = EDGE_LOOP('',(#8638,#8659,#8660,#8681,#8682,#8683));
#8638 = ORIENTED_EDGE('',*,*,#8639,.F.);
#8639 = EDGE_CURVE('',#6146,#5462,#8640,.T.);
#8640 = SURFACE_CURVE('',#8641,(#8645,#8652),.PCURVE_S1.);
#8641 = LINE('',#8642,#8643);
#8642 = CARTESIAN_POINT('',(-31.40427339663,46.772319944856,
    10.990213039662));
#8643 = VECTOR('',#8644,1.);
#8644 = DIRECTION('',(-4.591374864885E-06,0.341538316803,-0.939867851421
    ));
#8645 = PCURVE('',#5207,#8646);
#8646 = DEFINITIONAL_REPRESENTATION('',(#8647),#8651);
#8647 = LINE('',#8648,#8649);
#8648 = CARTESIAN_POINT('',(0.,0.));
#8649 = VECTOR('',#8650,1.);
#8650 = DIRECTION('',(1.,7.248865211231E-17));
#8651 = ( GEOMETRIC_REPRESENTATION_CONTEXT(2) 
PARAMETRIC_REPRESENTATION_CONTEXT() REPRESENTATION_CONTEXT('2D SPACE',''
  ) );
#8652 = PCURVE('',#5478,#8653);
#8653 = DEFINITIONAL_REPRESENTATION('',(#8654),#8658);
#8654 = LINE('',#8655,#8656);
#8655 = CARTESIAN_POINT('',(4.899967707279,7.000022604793));
#8656 = VECTOR('',#8657,1.);
#8657 = DIRECTION('',(-0.999999999989,-4.613238354657E-06));
#8658 = ( GEOMETRIC_REPRESENTATION_CONTEXT(2) 
PARAMETRIC_REPRESENTATION_CONTEXT() REPRESENTATION_CONTEXT('2D SPACE',''
  ) );
#8659 = ORIENTED_EDGE('',*,*,#6165,.T.);
#8660 = ORIENTED_EDGE('',*,*,#8661,.T.);
#8661 = EDGE_CURVE('',#6166,#8590,#8662,.T.);
#8662 = SURFACE_CURVE('',#8663,(#8667,#8674),.PCURVE_S1.);
#8663 = LINE('',#8664,#8665);
#8664 = CARTESIAN_POINT('',(-32.35725100245,55.939371162008,
    14.321429884138));
#8665 = VECTOR('',#8666,1.);
#8666 = DIRECTION('',(-4.591374864885E-06,0.341538316803,-0.939867851421
    ));
#8667 = PCURVE('',#5207,#8668);
#8668 = DEFINITIONAL_REPRESENTATION('',(#8669),#8673);
#8669 = LINE('',#8670,#8671);
#8670 = CARTESIAN_POINT('',(-1.917915887665E-15,-9.8));
#8671 = VECTOR('',#8672,1.);
#8672 = DIRECTION('',(1.,7.248865211231E-17));
#8673 = ( GEOMETRIC_REPRESENTATION_CONTEXT(2) 
PARAMETRIC_REPRESENTATION_CONTEXT() REPRESENTATION_CONTEXT('2D SPACE',''
  ) );
#8674 = PCURVE('',#6262,#8675);
#8675 = DEFINITIONAL_REPRESENTATION('',(#8676),#8680);
#8676 = LINE('',#8677,#8678);
#8677 = CARTESIAN_POINT('',(4.899967707279,7.000022604793));
#8678 = VECTOR('',#8679,1.);
#8679 = DIRECTION('',(-0.999999999989,-4.613238354657E-06));
#8680 = ( GEOMETRIC_REPRESENTATION_CONTEXT(2) 
PARAMETRIC_REPRESENTATION_CONTEXT() REPRESENTATION_CONTEXT('2D SPACE',''
  ) );
#8681 = ORIENTED_EDGE('',*,*,#8589,.F.);
#8682 = ORIENTED_EDGE('',*,*,#5187,.F.);
#8683 = ORIENTED_EDGE('',*,*,#5545,.T.);
#8684 = FACE_BOUND('',#8685,.F.);
#8685 = EDGE_LOOP('',(#8686,#8687,#8708,#8727));
#8686 = ORIENTED_EDGE('',*,*,#8541,.T.);
#8687 = ORIENTED_EDGE('',*,*,#8688,.T.);
#8688 = EDGE_CURVE('',#8542,#8689,#8691,.T.);
#8689 = VERTEX_POINT('',#8690);
#8690 = CARTESIAN_POINT('',(-32.07527681002,55.583267559984,
    6.85055738515));
#8691 = SURFACE_CURVE('',#8692,(#8696,#8702),.PCURVE_S1.);
#8692 = LINE('',#8693,#8694);
#8693 = CARTESIAN_POINT('',(-31.54530571791,50.485275628911,
    4.997996927975));
#8694 = VECTOR('',#8695,1.);
#8695 = DIRECTION('',(-9.724261283803E-02,0.935413389505,0.339920086171)
  );
#8696 = PCURVE('',#5207,#8697);
#8697 = DEFINITIONAL_REPRESENTATION('',(#8698),#8701);
#8698 = B_SPLINE_CURVE_WITH_KNOTS('',1,(#8699,#8700),.UNSPECIFIED.,.F.,
  .F.,(2,2),(1.449988195881,5.449988195881),.PIECEWISE_BEZIER_KNOTS.);
#8699 = CARTESIAN_POINT('',(6.900008564369,-2.899976391762));
#8700 = CARTESIAN_POINT('',(6.900008564369,-6.899976391762));
#8701 = ( GEOMETRIC_REPRESENTATION_CONTEXT(2) 
PARAMETRIC_REPRESENTATION_CONTEXT() REPRESENTATION_CONTEXT('2D SPACE',''
  ) );
#8702 = PCURVE('',#8260,#8703);
#8703 = DEFINITIONAL_REPRESENTATION('',(#8704),#8707);
#8704 = B_SPLINE_CURVE_WITH_KNOTS('',1,(#8705,#8706),.UNSPECIFIED.,.F.,
  .F.,(2,2),(1.449988195881,5.449988195881),.PIECEWISE_BEZIER_KNOTS.);
#8705 = CARTESIAN_POINT('',(3.,6.217248937901E-15));
#8706 = CARTESIAN_POINT('',(3.,-4.));
#8707 = ( GEOMETRIC_REPRESENTATION_CONTEXT(2) 
PARAMETRIC_REPRESENTATION_CONTEXT() REPRESENTATION_CONTEXT('2D SPACE',''
  ) );
#8708 = ORIENTED_EDGE('',*,*,#8709,.F.);
#8709 = EDGE_CURVE('',#8471,#8689,#8710,.T.);
#8710 = SURFACE_CURVE('',#8711,(#8715,#8721),.PCURVE_S1.);
#8711 = LINE('',#8712,#8713);
#8712 = CARTESIAN_POINT('',(-32.07525752622,54.14880516688,
    10.798006385804));
#8713 = VECTOR('',#8714,1.);
#8714 = DIRECTION('',(-4.591374864881E-06,0.341538316803,-0.939867851421
    ));
#8715 = PCURVE('',#5207,#8716);
#8716 = DEFINITIONAL_REPRESENTATION('',(#8717),#8720);
#8717 = B_SPLINE_CURVE_WITH_KNOTS('',1,(#8718,#8719),.UNSPECIFIED.,.F.,
  .F.,(2,2),(1.199925857133,4.2000181219),.PIECEWISE_BEZIER_KNOTS.);
#8718 = CARTESIAN_POINT('',(3.899930139317,-6.899976391762));
#8719 = CARTESIAN_POINT('',(6.900022404084,-6.899976391762));
#8720 = ( GEOMETRIC_REPRESENTATION_CONTEXT(2) 
PARAMETRIC_REPRESENTATION_CONTEXT() REPRESENTATION_CONTEXT('2D SPACE',''
  ) );
#8721 = PCURVE('',#8234,#8722);
#8722 = DEFINITIONAL_REPRESENTATION('',(#8723),#8726);
#8723 = B_SPLINE_CURVE_WITH_KNOTS('',1,(#8724,#8725),.UNSPECIFIED.,.F.,
  .F.,(2,2),(1.199925857133,4.2000181219),.PIECEWISE_BEZIER_KNOTS.);
#8724 = CARTESIAN_POINT('',(1.500046132368,7.000006920145));
#8725 = CARTESIAN_POINT('',(-1.500046132368,6.999993080004));
#8726 = ( GEOMETRIC_REPRESENTATION_CONTEXT(2) 
PARAMETRIC_REPRESENTATION_CONTEXT() REPRESENTATION_CONTEXT('2D SPACE',''
  ) );
#8727 = ORIENTED_EDGE('',*,*,#8493,.T.);
#8728 = ADVANCED_FACE('',(#8729),#5390,.F.);
#8729 = FACE_BOUND('',#8730,.F.);
#8730 = EDGE_LOOP('',(#8731));
#8731 = ORIENTED_EDGE('',*,*,#5375,.T.);
#8732 = ADVANCED_FACE('',(#8733),#5445,.F.);
#8733 = FACE_BOUND('',#8734,.F.);
#8734 = EDGE_LOOP('',(#8735));
#8735 = ORIENTED_EDGE('',*,*,#5430,.T.);
#8736 = ADVANCED_FACE('',(#8737),#5478,.F.);
#8737 = FACE_BOUND('',#8738,.F.);
#8738 = EDGE_LOOP('',(#8739,#8740,#8759,#8760));
#8739 = ORIENTED_EDGE('',*,*,#5461,.T.);
#8740 = ORIENTED_EDGE('',*,*,#8741,.F.);
#8741 = EDGE_CURVE('',#6021,#5464,#8742,.T.);
#8742 = SURFACE_CURVE('',#8743,(#8747,#8753),.PCURVE_S1.);
#8743 = LINE('',#8744,#8745);
#8744 = CARTESIAN_POINT('',(-34.,48.844559399125,4.545122390308));
#8745 = VECTOR('',#8746,1.);
#8746 = DIRECTION('',(0.,0.341538738435,-0.939867698215));
#8747 = PCURVE('',#5478,#8748);
#8748 = DEFINITIONAL_REPRESENTATION('',(#8749),#8752);
#8749 = B_SPLINE_CURVE_WITH_KNOTS('',1,(#8750,#8751),.UNSPECIFIED.,.F.,
  .F.,(2,2),(-5.393141087348,-4.647736955657),.PIECEWISE_BEZIER_KNOTS.);
#8750 = CARTESIAN_POINT('',(3.527826232285,4.391935511677));
#8751 = CARTESIAN_POINT('',(2.782422100594,4.391935511677));
#8752 = ( GEOMETRIC_REPRESENTATION_CONTEXT(2) 
PARAMETRIC_REPRESENTATION_CONTEXT() REPRESENTATION_CONTEXT('2D SPACE',''
  ) );
#8753 = PCURVE('',#5504,#8754);
#8754 = DEFINITIONAL_REPRESENTATION('',(#8755),#8758);
#8755 = B_SPLINE_CURVE_WITH_KNOTS('',1,(#8756,#8757),.UNSPECIFIED.,.F.,
  .F.,(2,2),(-5.393141087348,-4.647736955657),.PIECEWISE_BEZIER_KNOTS.);
#8756 = CARTESIAN_POINT('',(8.813961490224,-3.002592795951));
#8757 = CARTESIAN_POINT('',(8.113380224731,-3.257177182713));
#8758 = ( GEOMETRIC_REPRESENTATION_CONTEXT(2) 
PARAMETRIC_REPRESENTATION_CONTEXT() REPRESENTATION_CONTEXT('2D SPACE',''
  ) );
#8759 = ORIENTED_EDGE('',*,*,#6145,.T.);
#8760 = ORIENTED_EDGE('',*,*,#8639,.T.);
#8761 = ADVANCED_FACE('',(#8762),#5504,.T.);
#8762 = FACE_BOUND('',#8763,.T.);
#8763 = EDGE_LOOP('',(#8764,#8765,#8766));
#8764 = ORIENTED_EDGE('',*,*,#6020,.F.);
#8765 = ORIENTED_EDGE('',*,*,#5489,.T.);
#8766 = ORIENTED_EDGE('',*,*,#8741,.F.);
#8767 = ADVANCED_FACE('',(#8768),#6262,.T.);
#8768 = FACE_BOUND('',#8769,.T.);
#8769 = EDGE_LOOP('',(#8770,#8771,#8772,#8773));
#8770 = ORIENTED_EDGE('',*,*,#6248,.T.);
#8771 = ORIENTED_EDGE('',*,*,#8661,.T.);
#8772 = ORIENTED_EDGE('',*,*,#8612,.T.);
#8773 = ORIENTED_EDGE('',*,*,#8314,.T.);
#8774 = ADVANCED_FACE('',(#8775),#5946,.F.);
#8775 = FACE_BOUND('',#8776,.F.);
#8776 = EDGE_LOOP('',(#8777,#8778,#8779));
#8777 = ORIENTED_EDGE('',*,*,#7979,.F.);
#8778 = ORIENTED_EDGE('',*,*,#7169,.F.);
#8779 = ORIENTED_EDGE('',*,*,#5931,.F.);
#8780 = ADVANCED_FACE('',(#8781),#5836,.T.);
#8781 = FACE_BOUND('',#8782,.T.);
#8782 = EDGE_LOOP('',(#8783,#8811,#8832,#8833));
#8783 = ORIENTED_EDGE('',*,*,#8784,.F.);
#8784 = EDGE_CURVE('',#8785,#5733,#8787,.T.);
#8785 = VERTEX_POINT('',#8786);
#8786 = CARTESIAN_POINT('',(-34.74447804694,77.144565164964,
    29.374178200617));
#8787 = SURFACE_CURVE('',#8788,(#8793,#8800),.PCURVE_S1.);
#8788 = CIRCLE('',#8789,10.);
#8789 = AXIS2_PLACEMENT_3D('',#8790,#8791,#8792);
#8790 = CARTESIAN_POINT('',(-40.9225442004,69.857415327769,
    26.419699252679));
#8791 = DIRECTION('',(-0.768592593328,0.480269955675,0.422618261741));
#8792 = DIRECTION('',(0.617806615345,0.72871498372,0.295447894794));
#8793 = PCURVE('',#5836,#8794);
#8794 = DEFINITIONAL_REPRESENTATION('',(#8795),#8799);
#8795 = LINE('',#8796,#8797);
#8796 = CARTESIAN_POINT('',(0.,0.));
#8797 = VECTOR('',#8798,1.);
#8798 = DIRECTION('',(1.,0.));
#8799 = ( GEOMETRIC_REPRESENTATION_CONTEXT(2) 
PARAMETRIC_REPRESENTATION_CONTEXT() REPRESENTATION_CONTEXT('2D SPACE',''
  ) );
#8800 = PCURVE('',#5752,#8801);
#8801 = DEFINITIONAL_REPRESENTATION('',(#8802),#8810);
#8802 = ( BOUNDED_CURVE() B_SPLINE_CURVE(2,(#8803,#8804,#8805,#8806,
#8807,#8808,#8809),.UNSPECIFIED.,.T.,.F.) B_SPLINE_CURVE_WITH_KNOTS((1,2
    ,2,2,2,1),(-2.094395102393,0.,2.094395102393,4.188790204786,
6.28318530718,8.377580409573),.UNSPECIFIED.) CURVE() 
GEOMETRIC_REPRESENTATION_ITEM() RATIONAL_B_SPLINE_CURVE((1.,0.5,1.,0.5,
1.,0.5,1.)) REPRESENTATION_ITEM('') );
#8803 = CARTESIAN_POINT('',(19.127739132943,-24.79472018518));
#8804 = CARTESIAN_POINT('',(24.774063395976,-41.16906054797));
#8805 = CARTESIAN_POINT('',(7.770306540066,-37.87175061636));
#8806 = CARTESIAN_POINT('',(-9.233450315845,-34.57444068476));
#8807 = CARTESIAN_POINT('',(2.123982277033,-21.49741025357));
#8808 = CARTESIAN_POINT('',(13.48141486991,-8.420379822384));
#8809 = CARTESIAN_POINT('',(19.127739132943,-24.79472018518));
#8810 = ( GEOMETRIC_REPRESENTATION_CONTEXT(2) 
PARAMETRIC_REPRESENTATION_CONTEXT() REPRESENTATION_CONTEXT('2D SPACE',''
  ) );
#8811 = ORIENTED_EDGE('',*,*,#8812,.T.);
#8812 = EDGE_CURVE('',#8785,#7190,#8813,.T.);
#8813 = SURFACE_CURVE('',#8814,(#8818,#8825),.PCURVE_S1.);
#8814 = LINE('',#8815,#8816);
#8815 = CARTESIAN_POINT('',(-34.74447804694,77.144565164964,
    29.374178200617));
#8816 = VECTOR('',#8817,1.);
#8817 = DIRECTION('',(0.768592593328,-0.480269955675,-0.422618261741));
#8818 = PCURVE('',#5836,#8819);
#8819 = DEFINITIONAL_REPRESENTATION('',(#8820),#8824);
#8820 = LINE('',#8821,#8822);
#8821 = CARTESIAN_POINT('',(0.,0.));
#8822 = VECTOR('',#8823,1.);
#8823 = DIRECTION('',(0.,-1.));
#8824 = ( GEOMETRIC_REPRESENTATION_CONTEXT(2) 
PARAMETRIC_REPRESENTATION_CONTEXT() REPRESENTATION_CONTEXT('2D SPACE',''
  ) );
#8825 = PCURVE('',#7233,#8826);
#8826 = DEFINITIONAL_REPRESENTATION('',(#8827),#8831);
#8827 = LINE('',#8828,#8829);
#8828 = CARTESIAN_POINT('',(25.675723300356,1.27989728769E-15));
#8829 = VECTOR('',#8830,1.);
#8830 = DIRECTION('',(5.748577597662E-17,-1.));
#8831 = ( GEOMETRIC_REPRESENTATION_CONTEXT(2) 
PARAMETRIC_REPRESENTATION_CONTEXT() REPRESENTATION_CONTEXT('2D SPACE',''
  ) );
#8832 = ORIENTED_EDGE('',*,*,#7189,.T.);
#8833 = ORIENTED_EDGE('',*,*,#5766,.F.);
#8834 = ADVANCED_FACE('',(#8835,#9000,#9120),#5752,.F.);
#8835 = FACE_BOUND('',#8836,.F.);
#8836 = EDGE_LOOP('',(#8837,#8838,#8839,#8862,#8886,#8909,#8933,#8956,
    #8980,#8999));
#8837 = ORIENTED_EDGE('',*,*,#5732,.F.);
#8838 = ORIENTED_EDGE('',*,*,#8784,.F.);
#8839 = ORIENTED_EDGE('',*,*,#8840,.F.);
#8840 = EDGE_CURVE('',#8841,#8785,#8843,.T.);
#8841 = VERTEX_POINT('',#8842);
#8842 = CARTESIAN_POINT('',(-33.65385954166,73.938676755178,
    35.000847478886));
#8843 = SURFACE_CURVE('',#8844,(#8848,#8855),.PCURVE_S1.);
#8844 = LINE('',#8845,#8846);
#8845 = CARTESIAN_POINT('',(-30.48042049538,64.610308119929,
    51.37310955017));
#8846 = VECTOR('',#8847,1.);
#8847 = DIRECTION('',(-0.166073512387,0.488175421522,-0.856798894902));
#8848 = PCURVE('',#5752,#8849);
#8849 = DEFINITIONAL_REPRESENTATION('',(#8850),#8854);
#8850 = LINE('',#8851,#8852);
#8851 = CARTESIAN_POINT('',(10.75769254954,-0.521585093311));
#8852 = VECTOR('',#8853,1.);
#8853 = DIRECTION('',(0.325990683319,-0.945372981626));
#8854 = ( GEOMETRIC_REPRESENTATION_CONTEXT(2) 
PARAMETRIC_REPRESENTATION_CONTEXT() REPRESENTATION_CONTEXT('2D SPACE',''
  ) );
#8855 = PCURVE('',#7233,#8856);
#8856 = DEFINITIONAL_REPRESENTATION('',(#8857),#8861);
#8857 = LINE('',#8858,#8859);
#8858 = CARTESIAN_POINT('',(0.,0.));
#8859 = VECTOR('',#8860,1.);
#8860 = DIRECTION('',(1.,-9.923882946946E-18));
#8861 = ( GEOMETRIC_REPRESENTATION_CONTEXT(2) 
PARAMETRIC_REPRESENTATION_CONTEXT() REPRESENTATION_CONTEXT('2D SPACE',''
  ) );
#8862 = ORIENTED_EDGE('',*,*,#8863,.T.);
#8863 = EDGE_CURVE('',#8841,#8864,#8866,.T.);
#8864 = VERTEX_POINT('',#8865);
#8865 = CARTESIAN_POINT('',(-30.93195052392,72.842838730643,
    41.196361083613));
#8866 = SURFACE_CURVE('',#8867,(#8872,#8879),.PCURVE_S1.);
#8867 = CIRCLE('',#8868,4.1);
#8868 = AXIS2_PLACEMENT_3D('',#8869,#8870,#8871);
#8869 = CARTESIAN_POINT('',(-33.42141281984,71.450481413689,
    38.251209376291));
#8870 = DIRECTION('',(0.768592593328,-0.480269955675,-0.422618261741));
#8871 = DIRECTION('',(-0.529919264233,-0.848048096156,
    -2.773547628497E-17));
#8872 = PCURVE('',#5752,#8873);
#8873 = DEFINITIONAL_REPRESENTATION('',(#8874),#8878);
#8874 = CIRCLE('',#8875,4.1);
#8875 = AXIS2_PLACEMENT_2D('',#8876,#8877);
#8876 = CARTESIAN_POINT('',(15.,-15.));
#8877 = DIRECTION('',(-1.,-6.384452462249E-18));
#8878 = ( GEOMETRIC_REPRESENTATION_CONTEXT(2) 
PARAMETRIC_REPRESENTATION_CONTEXT() REPRESENTATION_CONTEXT('2D SPACE',''
  ) );
#8879 = PCURVE('',#7262,#8880);
#8880 = DEFINITIONAL_REPRESENTATION('',(#8881),#8885);
#8881 = LINE('',#8882,#8883);
#8882 = CARTESIAN_POINT('',(-0.,0.));
#8883 = VECTOR('',#8884,1.);
#8884 = DIRECTION('',(-1.,0.));
#8885 = ( GEOMETRIC_REPRESENTATION_CONTEXT(2) 
PARAMETRIC_REPRESENTATION_CONTEXT() REPRESENTATION_CONTEXT('2D SPACE',''
  ) );
#8886 = ORIENTED_EDGE('',*,*,#8887,.T.);
#8887 = EDGE_CURVE('',#8864,#8888,#8890,.T.);
#8888 = VERTEX_POINT('',#8889);
#8889 = CARTESIAN_POINT('',(-22.50926042648,67.579757828122,
    62.495291280068));
#8890 = SURFACE_CURVE('',#8891,(#8895,#8902),.PCURVE_S1.);
#8891 = LINE('',#8892,#8893);
#8892 = CARTESIAN_POINT('',(-32.99261618993,74.130485549863,
    35.985439908699));
#8893 = VECTOR('',#8894,1.);
#8894 = DIRECTION('',(0.35840061227,-0.223953558313,0.906307787037));
#8895 = PCURVE('',#5752,#8896);
#8896 = DEFINITIONAL_REPRESENTATION('',(#8897),#8901);
#8897 = LINE('',#8898,#8899);
#8898 = CARTESIAN_POINT('',(17.5,-17.5));
#8899 = VECTOR('',#8900,1.);
#8900 = DIRECTION('',(-3.750486997659E-17,1.));
#8901 = ( GEOMETRIC_REPRESENTATION_CONTEXT(2) 
PARAMETRIC_REPRESENTATION_CONTEXT() REPRESENTATION_CONTEXT('2D SPACE',''
  ) );
#8902 = PCURVE('',#7290,#8903);
#8903 = DEFINITIONAL_REPRESENTATION('',(#8904),#8908);
#8904 = LINE('',#8905,#8906);
#8905 = CARTESIAN_POINT('',(0.,0.));
#8906 = VECTOR('',#8907,1.);
#8907 = DIRECTION('',(1.,4.268913590151E-18));
#8908 = ( GEOMETRIC_REPRESENTATION_CONTEXT(2) 
PARAMETRIC_REPRESENTATION_CONTEXT() REPRESENTATION_CONTEXT('2D SPACE',''
  ) );
#8909 = ORIENTED_EDGE('',*,*,#8910,.T.);
#8910 = EDGE_CURVE('',#8888,#8911,#8913,.T.);
#8911 = VERTEX_POINT('',#8912);
#8912 = CARTESIAN_POINT('',(-23.49542670265,61.41616064765,
    67.706212454982));
#8913 = SURFACE_CURVE('',#8914,(#8919,#8926),.PCURVE_S1.);
#8914 = CIRCLE('',#8915,4.1);
#8915 = AXIS2_PLACEMENT_3D('',#8916,#8917,#8918);
#8916 = CARTESIAN_POINT('',(-22.66939445173,64.731874664294,
    65.44044298739));
#8917 = DIRECTION('',(0.768592593328,-0.480269955675,-0.422618261741));
#8918 = DIRECTION('',(-0.529919264233,-0.848048096156,
    -2.773547628497E-17));
#8919 = PCURVE('',#5752,#8920);
#8920 = DEFINITIONAL_REPRESENTATION('',(#8921),#8925);
#8921 = CIRCLE('',#8922,4.1);
#8922 = AXIS2_PLACEMENT_2D('',#8923,#8924);
#8923 = CARTESIAN_POINT('',(15.,15.));
#8924 = DIRECTION('',(-1.,-6.384452462249E-18));
#8925 = ( GEOMETRIC_REPRESENTATION_CONTEXT(2) 
PARAMETRIC_REPRESENTATION_CONTEXT() REPRESENTATION_CONTEXT('2D SPACE',''
  ) );
#8926 = PCURVE('',#7319,#8927);
#8927 = DEFINITIONAL_REPRESENTATION('',(#8928),#8932);
#8928 = LINE('',#8929,#8930);
#8929 = CARTESIAN_POINT('',(-0.,0.));
#8930 = VECTOR('',#8931,1.);
#8931 = DIRECTION('',(-1.,0.));
#8932 = ( GEOMETRIC_REPRESENTATION_CONTEXT(2) 
PARAMETRIC_REPRESENTATION_CONTEXT() REPRESENTATION_CONTEXT('2D SPACE',''
  ) );
#8933 = ORIENTED_EDGE('',*,*,#8934,.T.);
#8934 = EDGE_CURVE('',#8911,#8935,#8937,.T.);
#8935 = VERTEX_POINT('',#8936);
#8936 = CARTESIAN_POINT('',(-29.56612050443,51.701019741427,
    67.706212454982));
#8937 = SURFACE_CURVE('',#8938,(#8942,#8949),.PCURVE_S1.);
#8938 = LINE('',#8939,#8940);
#8939 = CARTESIAN_POINT('',(-20.44859476047,66.292111008902,
    67.706212454982));
#8940 = VECTOR('',#8941,1.);
#8941 = DIRECTION('',(-0.529919264233,-0.848048096156,
    -2.773547628497E-17));
#8942 = PCURVE('',#5752,#8943);
#8943 = DEFINITIONAL_REPRESENTATION('',(#8944),#8948);
#8944 = LINE('',#8945,#8946);
#8945 = CARTESIAN_POINT('',(17.5,17.5));
#8946 = VECTOR('',#8947,1.);
#8947 = DIRECTION('',(-1.,-3.575002263689E-17));
#8948 = ( GEOMETRIC_REPRESENTATION_CONTEXT(2) 
PARAMETRIC_REPRESENTATION_CONTEXT() REPRESENTATION_CONTEXT('2D SPACE',''
  ) );
#8949 = PCURVE('',#6680,#8950);
#8950 = DEFINITIONAL_REPRESENTATION('',(#8951),#8955);
#8951 = LINE('',#8952,#8953);
#8952 = CARTESIAN_POINT('',(-0.,0.));
#8953 = VECTOR('',#8954,1.);
#8954 = DIRECTION('',(1.,1.790107792182E-18));
#8955 = ( GEOMETRIC_REPRESENTATION_CONTEXT(2) 
PARAMETRIC_REPRESENTATION_CONTEXT() REPRESENTATION_CONTEXT('2D SPACE',''
  ) );
#8956 = ORIENTED_EDGE('',*,*,#8957,.F.);
#8957 = EDGE_CURVE('',#8958,#8935,#8960,.T.);
#8958 = VERTEX_POINT('',#8959);
#8959 = CARTESIAN_POINT('',(-29.63017670902,51.931939754609,
    67.327295869034));
#8960 = SURFACE_CURVE('',#8961,(#8966,#8973),.PCURVE_S1.);
#8961 = CIRCLE('',#8962,6.);
#8962 = AXIS2_PLACEMENT_3D('',#8963,#8964,#8965);
#8963 = CARTESIAN_POINT('',(-33.33701640109,47.559649852292,
    65.554608500272));
#8964 = DIRECTION('',(0.768592593328,-0.480269955675,-0.422618261741));
#8965 = DIRECTION('',(-0.617806615345,-0.72871498372,-0.295447894794));
#8966 = PCURVE('',#5752,#8967);
#8967 = DEFINITIONAL_REPRESENTATION('',(#8968),#8972);
#8968 = CIRCLE('',#8969,6.);
#8969 = AXIS2_PLACEMENT_2D('',#8970,#8971);
#8970 = CARTESIAN_POINT('',(-5.21585093311,15.12596770602));
#8971 = DIRECTION('',(-0.945372981626,-0.325990683319));
#8972 = ( GEOMETRIC_REPRESENTATION_CONTEXT(2) 
PARAMETRIC_REPRESENTATION_CONTEXT() REPRESENTATION_CONTEXT('2D SPACE',''
  ) );
#8973 = PCURVE('',#6539,#8974);
#8974 = DEFINITIONAL_REPRESENTATION('',(#8975),#8979);
#8975 = LINE('',#8976,#8977);
#8976 = CARTESIAN_POINT('',(-6.28318530718,-0.5));
#8977 = VECTOR('',#8978,1.);
#8978 = DIRECTION('',(1.,-0.));
#8979 = ( GEOMETRIC_REPRESENTATION_CONTEXT(2) 
PARAMETRIC_REPRESENTATION_CONTEXT() REPRESENTATION_CONTEXT('2D SPACE',''
  ) );
#8980 = ORIENTED_EDGE('',*,*,#8981,.T.);
#8981 = EDGE_CURVE('',#8958,#8012,#8982,.T.);
#8982 = SURFACE_CURVE('',#8983,(#8987,#8993),.PCURVE_S1.);
#8983 = LINE('',#8984,#8985);
#8984 = CARTESIAN_POINT('',(-30.95876480811,55.837343126786,
    60.472904709819));
#8985 = VECTOR('',#8986,1.);
#8986 = DIRECTION('',(-0.166073512387,0.488175421522,-0.856798894902));
#8987 = PCURVE('',#5752,#8988);
#8988 = DEFINITIONAL_REPRESENTATION('',(#8989),#8992);
#8989 = B_SPLINE_CURVE_WITH_KNOTS('',1,(#8990,#8991),.UNSPECIFIED.,.F.,
  .F.,(2,2),(-8.,40.675723300356),.PIECEWISE_BEZIER_KNOTS.);
#8990 = CARTESIAN_POINT('',(0.456386956647,17.081911805937));
#8991 = CARTESIAN_POINT('',(16.324219256396,-28.93480186333));
#8992 = ( GEOMETRIC_REPRESENTATION_CONTEXT(2) 
PARAMETRIC_REPRESENTATION_CONTEXT() REPRESENTATION_CONTEXT('2D SPACE',''
  ) );
#8993 = PCURVE('',#8051,#8994);
#8994 = DEFINITIONAL_REPRESENTATION('',(#8995),#8998);
#8995 = B_SPLINE_CURVE_WITH_KNOTS('',1,(#8996,#8997),.UNSPECIFIED.,.F.,
  .F.,(2,2),(-8.,40.675723300356),.PIECEWISE_BEZIER_KNOTS.);
#8996 = CARTESIAN_POINT('',(0.,-0.5));
#8997 = CARTESIAN_POINT('',(48.675723300356,-0.5));
#8998 = ( GEOMETRIC_REPRESENTATION_CONTEXT(2) 
PARAMETRIC_REPRESENTATION_CONTEXT() REPRESENTATION_CONTEXT('2D SPACE',''
  ) );
#8999 = ORIENTED_EDGE('',*,*,#8011,.F.);
#9000 = FACE_BOUND('',#9001,.F.);
#9001 = EDGE_LOOP('',(#9002,#9030,#9063,#9089));
#9002 = ORIENTED_EDGE('',*,*,#9003,.F.);
#9003 = EDGE_CURVE('',#9004,#9006,#9008,.T.);
#9004 = VERTEX_POINT('',#9005);
#9005 = CARTESIAN_POINT('',(-34.58102823486,68.732786180996,
    39.230711653691));
#9006 = VERTEX_POINT('',#9007);
#9007 = CARTESIAN_POINT('',(-34.23799093094,70.876789489935,
    37.418096079618));
#9008 = SURFACE_CURVE('',#9009,(#9013,#9019),.PCURVE_S1.);
#9009 = LINE('',#9010,#9011);
#9010 = CARTESIAN_POINT('',(-35.52438082066,62.836777081413,
    44.215404482393));
#9011 = VECTOR('',#9012,1.);
#9012 = DIRECTION('',(0.121282001903,0.758019639319,-0.640856382056));
#9013 = PCURVE('',#5752,#9014);
#9014 = DEFINITIONAL_REPRESENTATION('',(#9015),#9018);
#9015 = B_SPLINE_CURVE_WITH_KNOTS('',1,(#9016,#9017),.UNSPECIFIED.,.F.,
  .F.,(2,2),(7.778174593052,10.606601717798),.PIECEWISE_BEZIER_KNOTS.);
#9016 = CARTESIAN_POINT('',(12.080761184457,-13.91923881554));
#9017 = CARTESIAN_POINT('',(14.080761184457,-15.91923881554));
#9018 = ( GEOMETRIC_REPRESENTATION_CONTEXT(2) 
PARAMETRIC_REPRESENTATION_CONTEXT() REPRESENTATION_CONTEXT('2D SPACE',''
  ) );
#9019 = PCURVE('',#9020,#9025);
#9020 = PLANE('',#9021);
#9021 = AXIS2_PLACEMENT_3D('',#9022,#9023,#9024);
#9022 = CARTESIAN_POINT('',(-35.00658352426,71.35705944561,
    37.840714341359));
#9023 = DIRECTION('',(-0.628137008538,-0.44130147981,-0.640856382056));
#9024 = DIRECTION('',(-0.121282001903,-0.758019639319,0.640856382056));
#9025 = DEFINITIONAL_REPRESENTATION('',(#9026),#9029);
#9026 = B_SPLINE_CURVE_WITH_KNOTS('',1,(#9027,#9028),.UNSPECIFIED.,.F.,
  .F.,(2,2),(7.778174593052,10.606601717798),.PIECEWISE_BEZIER_KNOTS.);
#9027 = CARTESIAN_POINT('',(2.828427124746,-1.));
#9028 = CARTESIAN_POINT('',(0.,-1.));
#9029 = ( GEOMETRIC_REPRESENTATION_CONTEXT(2) 
PARAMETRIC_REPRESENTATION_CONTEXT() REPRESENTATION_CONTEXT('2D SPACE',''
  ) );
#9030 = ORIENTED_EDGE('',*,*,#9031,.T.);
#9031 = EDGE_CURVE('',#9004,#9032,#9034,.T.);
#9032 = VERTEX_POINT('',#9033);
#9033 = CARTESIAN_POINT('',(-32.94787201266,69.880170028503,
    40.896938247036));
#9034 = SURFACE_CURVE('',#9035,(#9040,#9051),.PCURVE_S1.);
#9035 = CIRCLE('',#9036,1.3);
#9036 = AXIS2_PLACEMENT_3D('',#9037,#9038,#9039);
#9037 = CARTESIAN_POINT('',(-33.76445012376,69.30647810475,
    40.063824950364));
#9038 = DIRECTION('',(-0.768592593328,0.480269955675,0.422618261741));
#9039 = DIRECTION('',(-0.628137008538,-0.44130147981,-0.640856382056));
#9040 = PCURVE('',#5752,#9041);
#9041 = DEFINITIONAL_REPRESENTATION('',(#9042),#9050);
#9042 = ( BOUNDED_CURVE() B_SPLINE_CURVE(2,(#9043,#9044,#9045,#9046,
#9047,#9048,#9049),.UNSPECIFIED.,.T.,.F.) B_SPLINE_CURVE_WITH_KNOTS((1,2
    ,2,2,2,1),(-2.094395102393,0.,2.094395102393,4.188790204786,
6.28318530718,8.377580409573),.UNSPECIFIED.) CURVE() 
GEOMETRIC_REPRESENTATION_ITEM() RATIONAL_B_SPLINE_CURVE((1.,0.5,1.,0.5,
1.,0.5,1.)) REPRESENTATION_ITEM('') );
#9043 = CARTESIAN_POINT('',(12.080761184457,-13.91923881554));
#9044 = CARTESIAN_POINT('',(10.488592851648,-12.32707048273));
#9045 = CARTESIAN_POINT('',(12.663535241367,-11.74429642582));
#9046 = CARTESIAN_POINT('',(14.838477631085,-11.16152236891));
#9047 = CARTESIAN_POINT('',(14.255703574176,-13.33646475863));
#9048 = CARTESIAN_POINT('',(13.672929517267,-15.51140714835));
#9049 = CARTESIAN_POINT('',(12.080761184457,-13.91923881554));
#9050 = ( GEOMETRIC_REPRESENTATION_CONTEXT(2) 
PARAMETRIC_REPRESENTATION_CONTEXT() REPRESENTATION_CONTEXT('2D SPACE',''
  ) );
#9051 = PCURVE('',#9052,#9057);
#9052 = CYLINDRICAL_SURFACE('',#9053,1.3);
#9053 = AXIS2_PLACEMENT_3D('',#9054,#9055,#9056);
#9054 = CARTESIAN_POINT('',(-34.53304271709,69.786748060425,
    40.486443212105));
#9055 = DIRECTION('',(-0.768592593328,0.480269955675,0.422618261741));
#9056 = DIRECTION('',(-0.628137008538,-0.44130147981,-0.640856382056));
#9057 = DEFINITIONAL_REPRESENTATION('',(#9058),#9062);
#9058 = LINE('',#9059,#9060);
#9059 = CARTESIAN_POINT('',(0.,-1.));
#9060 = VECTOR('',#9061,1.);
#9061 = DIRECTION('',(1.,0.));
#9062 = ( GEOMETRIC_REPRESENTATION_CONTEXT(2) 
PARAMETRIC_REPRESENTATION_CONTEXT() REPRESENTATION_CONTEXT('2D SPACE',''
  ) );
#9063 = ORIENTED_EDGE('',*,*,#9064,.F.);
#9064 = EDGE_CURVE('',#9065,#9032,#9067,.T.);
#9065 = VERTEX_POINT('',#9066);
#9066 = CARTESIAN_POINT('',(-32.60483470874,72.024173337442,
    39.084322672963));
#9067 = SURFACE_CURVE('',#9068,(#9072,#9078),.PCURVE_S1.);
#9068 = LINE('',#9069,#9070);
#9069 = CARTESIAN_POINT('',(-34.06274325042,62.912159274451,
    46.787938862775));
#9070 = VECTOR('',#9071,1.);
#9071 = DIRECTION('',(-0.121282001903,-0.758019639319,0.640856382056));
#9072 = PCURVE('',#5752,#9073);
#9073 = DEFINITIONAL_REPRESENTATION('',(#9074),#9077);
#9074 = B_SPLINE_CURVE_WITH_KNOTS('',1,(#9075,#9076),.UNSPECIFIED.,.F.,
  .F.,(2,2),(-12.02081528017,-9.192388155425),.PIECEWISE_BEZIER_KNOTS.);
#9075 = CARTESIAN_POINT('',(15.919238815542,-14.08076118445));
#9076 = CARTESIAN_POINT('',(13.919238815542,-12.08076118445));
#9077 = ( GEOMETRIC_REPRESENTATION_CONTEXT(2) 
PARAMETRIC_REPRESENTATION_CONTEXT() REPRESENTATION_CONTEXT('2D SPACE',''
  ) );
#9078 = PCURVE('',#9079,#9084);
#9079 = PLANE('',#9080);
#9080 = AXIS2_PLACEMENT_3D('',#9081,#9082,#9083);
#9081 = CARTESIAN_POINT('',(-33.71646460599,70.360439984178,
    41.319556508777));
#9082 = DIRECTION('',(0.628137008538,0.44130147981,0.640856382056));
#9083 = DIRECTION('',(0.121282001903,0.758019639319,-0.640856382056));
#9084 = DEFINITIONAL_REPRESENTATION('',(#9085),#9088);
#9085 = B_SPLINE_CURVE_WITH_KNOTS('',1,(#9086,#9087),.UNSPECIFIED.,.F.,
  .F.,(2,2),(-12.02081528017,-9.192388155425),.PIECEWISE_BEZIER_KNOTS.);
#9086 = CARTESIAN_POINT('',(2.828427124746,-1.));
#9087 = CARTESIAN_POINT('',(0.,-1.));
#9088 = ( GEOMETRIC_REPRESENTATION_CONTEXT(2) 
PARAMETRIC_REPRESENTATION_CONTEXT() REPRESENTATION_CONTEXT('2D SPACE',''
  ) );
#9089 = ORIENTED_EDGE('',*,*,#9090,.T.);
#9090 = EDGE_CURVE('',#9065,#9006,#9091,.T.);
#9091 = SURFACE_CURVE('',#9092,(#9097,#9108),.PCURVE_S1.);
#9092 = CIRCLE('',#9093,1.3);
#9093 = AXIS2_PLACEMENT_3D('',#9094,#9095,#9096);
#9094 = CARTESIAN_POINT('',(-33.42141281984,71.450481413689,
    38.251209376291));
#9095 = DIRECTION('',(-0.768592593328,0.480269955675,0.422618261741));
#9096 = DIRECTION('',(0.628137008538,0.44130147981,0.640856382056));
#9097 = PCURVE('',#5752,#9098);
#9098 = DEFINITIONAL_REPRESENTATION('',(#9099),#9107);
#9099 = ( BOUNDED_CURVE() B_SPLINE_CURVE(2,(#9100,#9101,#9102,#9103,
#9104,#9105,#9106),.UNSPECIFIED.,.T.,.F.) B_SPLINE_CURVE_WITH_KNOTS((1,2
    ,2,2,2,1),(-2.094395102393,0.,2.094395102393,4.188790204786,
6.28318530718,8.377580409573),.UNSPECIFIED.) CURVE() 
GEOMETRIC_REPRESENTATION_ITEM() RATIONAL_B_SPLINE_CURVE((1.,0.5,1.,0.5,
1.,0.5,1.)) REPRESENTATION_ITEM('') );
#9100 = CARTESIAN_POINT('',(15.919238815542,-14.08076118445));
#9101 = CARTESIAN_POINT('',(17.511407148352,-15.67292951726));
#9102 = CARTESIAN_POINT('',(15.336464758633,-16.25570357417));
#9103 = CARTESIAN_POINT('',(13.161522368915,-16.83847763108));
#9104 = CARTESIAN_POINT('',(13.744296425824,-14.66353524136));
#9105 = CARTESIAN_POINT('',(14.327070482733,-12.48859285164));
#9106 = CARTESIAN_POINT('',(15.919238815542,-14.08076118445));
#9107 = ( GEOMETRIC_REPRESENTATION_CONTEXT(2) 
PARAMETRIC_REPRESENTATION_CONTEXT() REPRESENTATION_CONTEXT('2D SPACE',''
  ) );
#9108 = PCURVE('',#9109,#9114);
#9109 = CYLINDRICAL_SURFACE('',#9110,1.3);
#9110 = AXIS2_PLACEMENT_3D('',#9111,#9112,#9113);
#9111 = CARTESIAN_POINT('',(-34.19000541316,71.930751369364,
    38.673827638031));
#9112 = DIRECTION('',(-0.768592593328,0.480269955675,0.422618261741));
#9113 = DIRECTION('',(0.628137008538,0.44130147981,0.640856382056));
#9114 = DEFINITIONAL_REPRESENTATION('',(#9115),#9119);
#9115 = LINE('',#9116,#9117);
#9116 = CARTESIAN_POINT('',(0.,-1.));
#9117 = VECTOR('',#9118,1.);
#9118 = DIRECTION('',(1.,0.));
#9119 = ( GEOMETRIC_REPRESENTATION_CONTEXT(2) 
PARAMETRIC_REPRESENTATION_CONTEXT() REPRESENTATION_CONTEXT('2D SPACE',''
  ) );
#9120 = FACE_BOUND('',#9121,.F.);
#9121 = EDGE_LOOP('',(#9122,#9150,#9183,#9209));
#9122 = ORIENTED_EDGE('',*,*,#9123,.F.);
#9123 = EDGE_CURVE('',#9124,#9126,#9128,.T.);
#9124 = VERTEX_POINT('',#9125);
#9125 = CARTESIAN_POINT('',(-24.28836760226,64.469111119722,
    62.794714116644));
#9126 = VERTEX_POINT('',#9127);
#9127 = CARTESIAN_POINT('',(-22.51172784926,65.717300195409,
    64.607329690718));
#9128 = SURFACE_CURVE('',#9129,(#9133,#9139),.PCURVE_S1.);
#9129 = LINE('',#9130,#9131);
#9130 = CARTESIAN_POINT('',(-29.17412692303,61.036591161584,
    57.810021287943));
#9131 = VECTOR('',#9132,1.);
#9132 = DIRECTION('',(0.628137008538,0.44130147981,0.640856382056));
#9133 = PCURVE('',#5752,#9134);
#9134 = DEFINITIONAL_REPRESENTATION('',(#9135),#9138);
#9135 = B_SPLINE_CURVE_WITH_KNOTS('',1,(#9136,#9137),.UNSPECIFIED.,.F.,
  .F.,(2,2),(7.778174593052,10.606601717798),.PIECEWISE_BEZIER_KNOTS.);
#9136 = CARTESIAN_POINT('',(13.919238815543,12.080761184457));
#9137 = CARTESIAN_POINT('',(15.919238815543,14.080761184457));
#9138 = ( GEOMETRIC_REPRESENTATION_CONTEXT(2) 
PARAMETRIC_REPRESENTATION_CONTEXT() REPRESENTATION_CONTEXT('2D SPACE',''
  ) );
#9139 = PCURVE('',#9140,#9145);
#9140 = PLANE('',#9141);
#9141 = AXIS2_PLACEMENT_3D('',#9142,#9143,#9144);
#9142 = CARTESIAN_POINT('',(-23.28032044259,66.197570151084,
    65.029947952458));
#9143 = DIRECTION('',(0.121282001903,0.758019639319,-0.640856382056));
#9144 = DIRECTION('',(-0.628137008538,-0.44130147981,-0.640856382056));
#9145 = DEFINITIONAL_REPRESENTATION('',(#9146),#9149);
#9146 = B_SPLINE_CURVE_WITH_KNOTS('',1,(#9147,#9148),.UNSPECIFIED.,.F.,
  .F.,(2,2),(7.778174593052,10.606601717798),.PIECEWISE_BEZIER_KNOTS.);
#9147 = CARTESIAN_POINT('',(2.828427124746,-1.));
#9148 = CARTESIAN_POINT('',(-1.7763568394E-15,-1.));
#9149 = ( GEOMETRIC_REPRESENTATION_CONTEXT(2) 
PARAMETRIC_REPRESENTATION_CONTEXT() REPRESENTATION_CONTEXT('2D SPACE',''
  ) );
#9150 = ORIENTED_EDGE('',*,*,#9151,.T.);
#9151 = EDGE_CURVE('',#9124,#9152,#9154,.T.);
#9152 = VERTEX_POINT('',#9153);
#9153 = CARTESIAN_POINT('',(-24.60370080721,62.498260057494,
    64.460940709989));
#9154 = SURFACE_CURVE('',#9155,(#9160,#9171),.PCURVE_S1.);
#9155 = CIRCLE('',#9156,1.3);
#9156 = AXIS2_PLACEMENT_3D('',#9157,#9158,#9159);
#9157 = CARTESIAN_POINT('',(-24.44603420474,63.483685588608,
    63.627827413317));
#9158 = DIRECTION('',(-0.768592593328,0.480269955675,0.422618261741));
#9159 = DIRECTION('',(0.121282001903,0.758019639319,-0.640856382056));
#9160 = PCURVE('',#5752,#9161);
#9161 = DEFINITIONAL_REPRESENTATION('',(#9162),#9170);
#9162 = ( BOUNDED_CURVE() B_SPLINE_CURVE(2,(#9163,#9164,#9165,#9166,
#9167,#9168,#9169),.UNSPECIFIED.,.T.,.F.) B_SPLINE_CURVE_WITH_KNOTS((1,2
    ,2,2,2,1),(-2.094395102393,0.,2.094395102393,4.188790204786,
6.28318530718,8.377580409573),.UNSPECIFIED.) CURVE() 
GEOMETRIC_REPRESENTATION_ITEM() RATIONAL_B_SPLINE_CURVE((1.,0.5,1.,0.5,
1.,0.5,1.)) REPRESENTATION_ITEM('') );
#9163 = CARTESIAN_POINT('',(13.919238815543,12.080761184457));
#9164 = CARTESIAN_POINT('',(12.327070482733,10.488592851648));
#9165 = CARTESIAN_POINT('',(11.744296425824,12.663535241367));
#9166 = CARTESIAN_POINT('',(11.161522368915,14.838477631085));
#9167 = CARTESIAN_POINT('',(13.336464758633,14.255703574176));
#9168 = CARTESIAN_POINT('',(15.511407148352,13.672929517267));
#9169 = CARTESIAN_POINT('',(13.919238815543,12.080761184457));
#9170 = ( GEOMETRIC_REPRESENTATION_CONTEXT(2) 
PARAMETRIC_REPRESENTATION_CONTEXT() REPRESENTATION_CONTEXT('2D SPACE',''
  ) );
#9171 = PCURVE('',#9172,#9177);
#9172 = CYLINDRICAL_SURFACE('',#9173,1.3);
#9173 = AXIS2_PLACEMENT_3D('',#9174,#9175,#9176);
#9174 = CARTESIAN_POINT('',(-25.21462679807,63.963955544283,
    64.050445675058));
#9175 = DIRECTION('',(-0.768592593328,0.480269955675,0.422618261741));
#9176 = DIRECTION('',(0.121282001903,0.758019639319,-0.640856382056));
#9177 = DEFINITIONAL_REPRESENTATION('',(#9178),#9182);
#9178 = LINE('',#9179,#9180);
#9179 = CARTESIAN_POINT('',(-4.919160339616E-17,-1.));
#9180 = VECTOR('',#9181,1.);
#9181 = DIRECTION('',(1.,0.));
#9182 = ( GEOMETRIC_REPRESENTATION_CONTEXT(2) 
PARAMETRIC_REPRESENTATION_CONTEXT() REPRESENTATION_CONTEXT('2D SPACE',''
  ) );
#9183 = ORIENTED_EDGE('',*,*,#9184,.F.);
#9184 = EDGE_CURVE('',#9185,#9152,#9187,.T.);
#9185 = VERTEX_POINT('',#9186);
#9186 = CARTESIAN_POINT('',(-22.82706105421,63.74644913318,
    66.273556284063));
#9187 = SURFACE_CURVE('',#9188,(#9192,#9198),.PCURVE_S1.);
#9188 = LINE('',#9189,#9190);
#9189 = CARTESIAN_POINT('',(-30.37778000448,58.441645561512,
    58.569940094251));
#9190 = VECTOR('',#9191,1.);
#9191 = DIRECTION('',(-0.628137008538,-0.44130147981,-0.640856382056));
#9192 = PCURVE('',#5752,#9193);
#9193 = DEFINITIONAL_REPRESENTATION('',(#9194),#9197);
#9194 = B_SPLINE_CURVE_WITH_KNOTS('',1,(#9195,#9196),.UNSPECIFIED.,.F.,
  .F.,(2,2),(-12.02081528017,-9.192388155425),.PIECEWISE_BEZIER_KNOTS.);
#9195 = CARTESIAN_POINT('',(14.080761184457,15.919238815542));
#9196 = CARTESIAN_POINT('',(12.080761184457,13.919238815542));
#9197 = ( GEOMETRIC_REPRESENTATION_CONTEXT(2) 
PARAMETRIC_REPRESENTATION_CONTEXT() REPRESENTATION_CONTEXT('2D SPACE',''
  ) );
#9198 = PCURVE('',#9199,#9204);
#9199 = PLANE('',#9200);
#9200 = AXIS2_PLACEMENT_3D('',#9201,#9202,#9203);
#9201 = CARTESIAN_POINT('',(-25.37229340054,62.978530013169,
    64.88355897173));
#9202 = DIRECTION('',(-0.121282001903,-0.758019639319,0.640856382056));
#9203 = DIRECTION('',(0.628137008538,0.44130147981,0.640856382056));
#9204 = DEFINITIONAL_REPRESENTATION('',(#9205),#9208);
#9205 = B_SPLINE_CURVE_WITH_KNOTS('',1,(#9206,#9207),.UNSPECIFIED.,.F.,
  .F.,(2,2),(-12.02081528017,-9.192388155425),.PIECEWISE_BEZIER_KNOTS.);
#9206 = CARTESIAN_POINT('',(2.828427124746,-1.));
#9207 = CARTESIAN_POINT('',(0.,-1.));
#9208 = ( GEOMETRIC_REPRESENTATION_CONTEXT(2) 
PARAMETRIC_REPRESENTATION_CONTEXT() REPRESENTATION_CONTEXT('2D SPACE',''
  ) );
#9209 = ORIENTED_EDGE('',*,*,#9210,.T.);
#9210 = EDGE_CURVE('',#9185,#9126,#9211,.T.);
#9211 = SURFACE_CURVE('',#9212,(#9217,#9228),.PCURVE_S1.);
#9212 = CIRCLE('',#9213,1.3);
#9213 = AXIS2_PLACEMENT_3D('',#9214,#9215,#9216);
#9214 = CARTESIAN_POINT('',(-22.66939445173,64.731874664294,
    65.44044298739));
#9215 = DIRECTION('',(-0.768592593328,0.480269955675,0.422618261741));
#9216 = DIRECTION('',(-0.121282001903,-0.758019639319,0.640856382056));
#9217 = PCURVE('',#5752,#9218);
#9218 = DEFINITIONAL_REPRESENTATION('',(#9219),#9227);
#9219 = ( BOUNDED_CURVE() B_SPLINE_CURVE(2,(#9220,#9221,#9222,#9223,
#9224,#9225,#9226),.UNSPECIFIED.,.T.,.F.) B_SPLINE_CURVE_WITH_KNOTS((1,2
    ,2,2,2,1),(-2.094395102393,0.,2.094395102393,4.188790204786,
6.28318530718,8.377580409573),.UNSPECIFIED.) CURVE() 
GEOMETRIC_REPRESENTATION_ITEM() RATIONAL_B_SPLINE_CURVE((1.,0.5,1.,0.5,
1.,0.5,1.)) REPRESENTATION_ITEM('') );
#9220 = CARTESIAN_POINT('',(14.080761184457,15.919238815542));
#9221 = CARTESIAN_POINT('',(15.672929517267,17.511407148352));
#9222 = CARTESIAN_POINT('',(16.255703574176,15.336464758633));
#9223 = CARTESIAN_POINT('',(16.838477631085,13.161522368915));
#9224 = CARTESIAN_POINT('',(14.663535241367,13.744296425824));
#9225 = CARTESIAN_POINT('',(12.488592851648,14.327070482733));
#9226 = CARTESIAN_POINT('',(14.080761184457,15.919238815542));
#9227 = ( GEOMETRIC_REPRESENTATION_CONTEXT(2) 
PARAMETRIC_REPRESENTATION_CONTEXT() REPRESENTATION_CONTEXT('2D SPACE',''
  ) );
#9228 = PCURVE('',#9229,#9234);
#9229 = CYLINDRICAL_SURFACE('',#9230,1.3);
#9230 = AXIS2_PLACEMENT_3D('',#9231,#9232,#9233);
#9231 = CARTESIAN_POINT('',(-23.43798704506,65.21214461997,
    65.863061249131));
#9232 = DIRECTION('',(-0.768592593328,0.480269955675,0.422618261741));
#9233 = DIRECTION('',(-0.121282001903,-0.758019639319,0.640856382056));
#9234 = DEFINITIONAL_REPRESENTATION('',(#9235),#9239);
#9235 = LINE('',#9236,#9237);
#9236 = CARTESIAN_POINT('',(0.,-1.));
#9237 = VECTOR('',#9238,1.);
#9238 = DIRECTION('',(1.,0.));
#9239 = ( GEOMETRIC_REPRESENTATION_CONTEXT(2) 
PARAMETRIC_REPRESENTATION_CONTEXT() REPRESENTATION_CONTEXT('2D SPACE',''
  ) );
#9240 = ADVANCED_FACE('',(#9241),#6539,.T.);
#9241 = FACE_BOUND('',#9242,.F.);
#9242 = EDGE_LOOP('',(#9243,#9244,#9245,#9269,#9290,#9291,#9312,#9341));
#9243 = ORIENTED_EDGE('',*,*,#6640,.T.);
#9244 = ORIENTED_EDGE('',*,*,#6525,.T.);
#9245 = ORIENTED_EDGE('',*,*,#9246,.T.);
#9246 = EDGE_CURVE('',#6498,#9247,#9249,.T.);
#9247 = VERTEX_POINT('',#9248);
#9248 = CARTESIAN_POINT('',(-34.24173226899,54.813559488661,
    69.863005439478));
#9249 = SURFACE_CURVE('',#9250,(#9255,#9262),.PCURVE_S1.);
#9250 = CIRCLE('',#9251,6.);
#9251 = AXIS2_PLACEMENT_3D('',#9252,#9253,#9254);
#9252 = CARTESIAN_POINT('',(-37.94857196106,50.441269586344,
    68.090318070716));
#9253 = DIRECTION('',(-0.768592593328,0.480269955675,0.422618261741));
#9254 = DIRECTION('',(-0.617806615345,-0.72871498372,-0.295447894794));
#9255 = PCURVE('',#6539,#9256);
#9256 = DEFINITIONAL_REPRESENTATION('',(#9257),#9261);
#9257 = LINE('',#9258,#9259);
#9258 = CARTESIAN_POINT('',(-0.,-6.5));
#9259 = VECTOR('',#9260,1.);
#9260 = DIRECTION('',(-1.,0.));
#9261 = ( GEOMETRIC_REPRESENTATION_CONTEXT(2) 
PARAMETRIC_REPRESENTATION_CONTEXT() REPRESENTATION_CONTEXT('2D SPACE',''
  ) );
#9262 = PCURVE('',#6513,#9263);
#9263 = DEFINITIONAL_REPRESENTATION('',(#9264),#9268);
#9264 = CIRCLE('',#9265,6.);
#9265 = AXIS2_PLACEMENT_2D('',#9266,#9267);
#9266 = CARTESIAN_POINT('',(7.933916149875,23.008356834636));
#9267 = DIRECTION('',(0.945372981626,-0.325990683319));
#9268 = ( GEOMETRIC_REPRESENTATION_CONTEXT(2) 
PARAMETRIC_REPRESENTATION_CONTEXT() REPRESENTATION_CONTEXT('2D SPACE',''
  ) );
#9269 = ORIENTED_EDGE('',*,*,#9270,.F.);
#9270 = EDGE_CURVE('',#8958,#9247,#9271,.T.);
#9271 = SURFACE_CURVE('',#9272,(#9276,#9283),.PCURVE_S1.);
#9272 = LINE('',#9273,#9274);
#9273 = CARTESIAN_POINT('',(-29.24588041235,51.691804776772,
    67.115986738164));
#9274 = VECTOR('',#9275,1.);
#9275 = DIRECTION('',(-0.768592593328,0.480269955675,0.422618261741));
#9276 = PCURVE('',#6539,#9277);
#9277 = DEFINITIONAL_REPRESENTATION('',(#9278),#9282);
#9278 = LINE('',#9279,#9280);
#9279 = CARTESIAN_POINT('',(-3.14159265359,0.));
#9280 = VECTOR('',#9281,1.);
#9281 = DIRECTION('',(-0.,-1.));
#9282 = ( GEOMETRIC_REPRESENTATION_CONTEXT(2) 
PARAMETRIC_REPRESENTATION_CONTEXT() REPRESENTATION_CONTEXT('2D SPACE',''
  ) );
#9283 = PCURVE('',#8051,#9284);
#9284 = DEFINITIONAL_REPRESENTATION('',(#9285),#9289);
#9285 = LINE('',#9286,#9287);
#9286 = CARTESIAN_POINT('',(0.,0.));
#9287 = VECTOR('',#9288,1.);
#9288 = DIRECTION('',(-5.748577597662E-17,-1.));
#9289 = ( GEOMETRIC_REPRESENTATION_CONTEXT(2) 
PARAMETRIC_REPRESENTATION_CONTEXT() REPRESENTATION_CONTEXT('2D SPACE',''
  ) );
#9290 = ORIENTED_EDGE('',*,*,#8957,.T.);
#9291 = ORIENTED_EDGE('',*,*,#9292,.T.);
#9292 = EDGE_CURVE('',#8935,#9293,#9295,.T.);
#9293 = VERTEX_POINT('',#9294);
#9294 = CARTESIAN_POINT('',(-29.18182420777,51.460884763589,
    67.494903324111));
#9295 = SURFACE_CURVE('',#9296,(#9300,#9306),.PCURVE_S1.);
#9296 = LINE('',#9297,#9298);
#9297 = CARTESIAN_POINT('',(-29.18182420777,51.460884763589,
    67.494903324111));
#9298 = VECTOR('',#9299,1.);
#9299 = DIRECTION('',(0.768592593328,-0.480269955675,-0.422618261741));
#9300 = PCURVE('',#6539,#9301);
#9301 = DEFINITIONAL_REPRESENTATION('',(#9302),#9305);
#9302 = B_SPLINE_CURVE_WITH_KNOTS('',1,(#9303,#9304),.UNSPECIFIED.,.F.,
  .F.,(2,2),(-0.95,5.999999960935E-07),.PIECEWISE_BEZIER_KNOTS.);
#9303 = CARTESIAN_POINT('',(-3.066852618181,-0.95));
#9304 = CARTESIAN_POINT('',(-3.066852618181,6.000000014688E-07));
#9305 = ( GEOMETRIC_REPRESENTATION_CONTEXT(2) 
PARAMETRIC_REPRESENTATION_CONTEXT() REPRESENTATION_CONTEXT('2D SPACE',''
  ) );
#9306 = PCURVE('',#6680,#9307);
#9307 = DEFINITIONAL_REPRESENTATION('',(#9308),#9311);
#9308 = B_SPLINE_CURVE_WITH_KNOTS('',1,(#9309,#9310),.UNSPECIFIED.,.F.,
  .F.,(2,2),(-0.95,5.999999960935E-07),.PIECEWISE_BEZIER_KNOTS.);
#9309 = CARTESIAN_POINT('',(17.205499704092,0.45));
#9310 = CARTESIAN_POINT('',(17.205499704092,-0.5000006));
#9311 = ( GEOMETRIC_REPRESENTATION_CONTEXT(2) 
PARAMETRIC_REPRESENTATION_CONTEXT() REPRESENTATION_CONTEXT('2D SPACE',''
  ) );
#9312 = ORIENTED_EDGE('',*,*,#9313,.F.);
#9313 = EDGE_CURVE('',#9314,#9293,#9316,.T.);
#9314 = VERTEX_POINT('',#9315);
#9315 = CARTESIAN_POINT('',(-35.02190674566,42.114799025745,
    67.494903324111));
#9316 = SURFACE_CURVE('',#9317,(#9322,#9329),.PCURVE_S1.);
#9317 = CIRCLE('',#9318,6.);
#9318 = AXIS2_PLACEMENT_3D('',#9319,#9320,#9321);
#9319 = CARTESIAN_POINT('',(-32.95272010443,47.319514874454,
    65.343299369401));
#9320 = DIRECTION('',(-0.768592593328,0.480269955675,0.422618261741));
#9321 = DIRECTION('',(-0.617806615345,-0.72871498372,-0.295447894794));
#9322 = PCURVE('',#6539,#9323);
#9323 = DEFINITIONAL_REPRESENTATION('',(#9324),#9328);
#9324 = LINE('',#9325,#9326);
#9325 = CARTESIAN_POINT('',(-0.,0.));
#9326 = VECTOR('',#9327,1.);
#9327 = DIRECTION('',(-1.,0.));
#9328 = ( GEOMETRIC_REPRESENTATION_CONTEXT(2) 
PARAMETRIC_REPRESENTATION_CONTEXT() REPRESENTATION_CONTEXT('2D SPACE',''
  ) );
#9329 = PCURVE('',#9330,#9335);
#9330 = PLANE('',#9331);
#9331 = AXIS2_PLACEMENT_3D('',#9332,#9333,#9334);
#9332 = CARTESIAN_POINT('',(-36.99459427266,59.200660744476,
    44.490646403252));
#9333 = DIRECTION('',(-0.768592593328,0.480269955675,0.422618261741));
#9334 = DIRECTION('',(-0.529919264233,-0.848048096156,8.422940171363E-18
    ));
#9335 = DEFINITIONAL_REPRESENTATION('',(#9336),#9340);
#9336 = CIRCLE('',#9337,6.);
#9337 = AXIS2_PLACEMENT_2D('',#9338,#9339);
#9338 = CARTESIAN_POINT('',(7.933916149875,23.008356834636));
#9339 = DIRECTION('',(0.945372981626,-0.325990683319));
#9340 = ( GEOMETRIC_REPRESENTATION_CONTEXT(2) 
PARAMETRIC_REPRESENTATION_CONTEXT() REPRESENTATION_CONTEXT('2D SPACE',''
  ) );
#9341 = ORIENTED_EDGE('',*,*,#9342,.F.);
#9342 = EDGE_CURVE('',#6641,#9314,#9343,.T.);
#9343 = SURFACE_CURVE('',#9344,(#9348,#9354),.PCURVE_S1.);
#9344 = LINE('',#9345,#9346);
#9345 = CARTESIAN_POINT('',(-35.02190674566,42.114799025745,
    67.494903324111));
#9346 = VECTOR('',#9347,1.);
#9347 = DIRECTION('',(0.768592593328,-0.480269955675,-0.422618261741));
#9348 = PCURVE('',#6539,#9349);
#9349 = DEFINITIONAL_REPRESENTATION('',(#9350),#9353);
#9350 = B_SPLINE_CURVE_WITH_KNOTS('',1,(#9351,#9352),.UNSPECIFIED.,.F.,
  .F.,(2,2),(-0.95,5.999999960935E-07),.PIECEWISE_BEZIER_KNOTS.);
#9351 = CARTESIAN_POINT('',(-0.738858970494,-0.95));
#9352 = CARTESIAN_POINT('',(-0.738858970494,5.999999990263E-07));
#9353 = ( GEOMETRIC_REPRESENTATION_CONTEXT(2) 
PARAMETRIC_REPRESENTATION_CONTEXT() REPRESENTATION_CONTEXT('2D SPACE',''
  ) );
#9354 = PCURVE('',#6680,#9355);
#9355 = DEFINITIONAL_REPRESENTATION('',(#9356),#9359);
#9356 = B_SPLINE_CURVE_WITH_KNOTS('',1,(#9357,#9358),.UNSPECIFIED.,.F.,
  .F.,(2,2),(-0.95,5.999999960935E-07),.PIECEWISE_BEZIER_KNOTS.);
#9357 = CARTESIAN_POINT('',(28.226202162129,0.45));
#9358 = CARTESIAN_POINT('',(28.226202162129,-0.5000006));
#9359 = ( GEOMETRIC_REPRESENTATION_CONTEXT(2) 
PARAMETRIC_REPRESENTATION_CONTEXT() REPRESENTATION_CONTEXT('2D SPACE',''
  ) );
#9360 = ADVANCED_FACE('',(#9361),#6513,.T.);
#9361 = FACE_BOUND('',#9362,.T.);
#9362 = EDGE_LOOP('',(#9363,#9384,#9385,#9386));
#9363 = ORIENTED_EDGE('',*,*,#9364,.T.);
#9364 = EDGE_CURVE('',#9247,#8036,#9365,.T.);
#9365 = SURFACE_CURVE('',#9366,(#9370,#9377),.PCURVE_S1.);
#9366 = LINE('',#9367,#9368);
#9367 = CARTESIAN_POINT('',(-34.24173226899,54.813559488661,
    69.863005439478));
#9368 = VECTOR('',#9369,1.);
#9369 = DIRECTION('',(-0.166073512387,0.488175421522,-0.856798894902));
#9370 = PCURVE('',#6513,#9371);
#9371 = DEFINITIONAL_REPRESENTATION('',(#9372),#9376);
#9372 = LINE('',#9373,#9374);
#9373 = CARTESIAN_POINT('',(2.261678260117,24.964300934553));
#9374 = VECTOR('',#9375,1.);
#9375 = DIRECTION('',(-0.325990683319,-0.945372981626));
#9376 = ( GEOMETRIC_REPRESENTATION_CONTEXT(2) 
PARAMETRIC_REPRESENTATION_CONTEXT() REPRESENTATION_CONTEXT('2D SPACE',''
  ) );
#9377 = PCURVE('',#8051,#9378);
#9378 = DEFINITIONAL_REPRESENTATION('',(#9379),#9383);
#9379 = LINE('',#9380,#9381);
#9380 = CARTESIAN_POINT('',(2.658981175558E-15,-6.5));
#9381 = VECTOR('',#9382,1.);
#9382 = DIRECTION('',(1.,9.923882946946E-18));
#9383 = ( GEOMETRIC_REPRESENTATION_CONTEXT(2) 
PARAMETRIC_REPRESENTATION_CONTEXT() REPRESENTATION_CONTEXT('2D SPACE',''
  ) );
#9384 = ORIENTED_EDGE('',*,*,#8063,.T.);
#9385 = ORIENTED_EDGE('',*,*,#6497,.T.);
#9386 = ORIENTED_EDGE('',*,*,#9246,.T.);
#9387 = ADVANCED_FACE('',(#9388),#6577,.T.);
#9388 = FACE_BOUND('',#9389,.F.);
#9389 = EDGE_LOOP('',(#9390,#9391,#9410,#9411));
#9390 = ORIENTED_EDGE('',*,*,#6554,.T.);
#9391 = ORIENTED_EDGE('',*,*,#9392,.F.);
#9392 = EDGE_CURVE('',#7068,#6557,#9393,.T.);
#9393 = SURFACE_CURVE('',#9394,(#9398,#9404),.PCURVE_S1.);
#9394 = LINE('',#9395,#9396);
#9395 = CARTESIAN_POINT('',(-49.47912477208,43.161155365169,
    41.196361083613));
#9396 = VECTOR('',#9397,1.);
#9397 = DIRECTION('',(-0.768592593328,0.480269955675,0.422618261741));
#9398 = PCURVE('',#6577,#9399);
#9399 = DEFINITIONAL_REPRESENTATION('',(#9400),#9403);
#9400 = B_SPLINE_CURVE_WITH_KNOTS('',1,(#9401,#9402),.UNSPECIFIED.,.F.,
  .F.,(2,2),(-4.5,-1.037776980086E-14),.PIECEWISE_BEZIER_KNOTS.);
#9401 = CARTESIAN_POINT('',(-5.368141806142,-4.5));
#9402 = CARTESIAN_POINT('',(-5.368141806142,-5.739695607915E-15));
#9403 = ( GEOMETRIC_REPRESENTATION_CONTEXT(2) 
PARAMETRIC_REPRESENTATION_CONTEXT() REPRESENTATION_CONTEXT('2D SPACE',''
  ) );
#9404 = PCURVE('',#6739,#9405);
#9405 = DEFINITIONAL_REPRESENTATION('',(#9406),#9409);
#9406 = B_SPLINE_CURVE_WITH_KNOTS('',1,(#9407,#9408),.UNSPECIFIED.,.F.,
  .F.,(2,2),(-4.5000006,5.999999930906E-07),.PIECEWISE_BEZIER_KNOTS.);
#9407 = CARTESIAN_POINT('',(29.250384638146,-4.5000006));
#9408 = CARTESIAN_POINT('',(29.250384638146,6.000000024853E-07));
#9409 = ( GEOMETRIC_REPRESENTATION_CONTEXT(2) 
PARAMETRIC_REPRESENTATION_CONTEXT() REPRESENTATION_CONTEXT('2D SPACE',''
  ) );
#9410 = ORIENTED_EDGE('',*,*,#7090,.T.);
#9411 = ORIENTED_EDGE('',*,*,#9412,.T.);
#9412 = EDGE_CURVE('',#7091,#6555,#9413,.T.);
#9413 = SURFACE_CURVE('',#9414,(#9418,#9424),.PCURVE_S1.);
#9414 = LINE('',#9415,#9416);
#9415 = CARTESIAN_POINT('',(-48.49295849591,49.32475254564,
    35.985439908699));
#9416 = VECTOR('',#9417,1.);
#9417 = DIRECTION('',(-0.768592593328,0.480269955675,0.422618261741));
#9418 = PCURVE('',#6577,#9419);
#9419 = DEFINITIONAL_REPRESENTATION('',(#9420),#9423);
#9420 = B_SPLINE_CURVE_WITH_KNOTS('',1,(#9421,#9422),.UNSPECIFIED.,.F.,
  .F.,(2,2),(-4.5,-2.582283495008E-15),.PIECEWISE_BEZIER_KNOTS.);
#9421 = CARTESIAN_POINT('',(-8.769025135012,-4.5));
#9422 = CARTESIAN_POINT('',(-8.769025135012,-5.249654065501E-15));
#9423 = ( GEOMETRIC_REPRESENTATION_CONTEXT(2) 
PARAMETRIC_REPRESENTATION_CONTEXT() REPRESENTATION_CONTEXT('2D SPACE',''
  ) );
#9424 = PCURVE('',#6605,#9425);
#9425 = DEFINITIONAL_REPRESENTATION('',(#9426),#9429);
#9426 = B_SPLINE_CURVE_WITH_KNOTS('',1,(#9427,#9428),.UNSPECIFIED.,.F.,
  .F.,(2,2),(-4.5000006,6.000000049672E-07),.PIECEWISE_BEZIER_KNOTS.);
#9427 = CARTESIAN_POINT('',(5.749615361854,-4.5000006));
#9428 = CARTESIAN_POINT('',(5.749615361854,6.000000099936E-07));
#9429 = ( GEOMETRIC_REPRESENTATION_CONTEXT(2) 
PARAMETRIC_REPRESENTATION_CONTEXT() REPRESENTATION_CONTEXT('2D SPACE',''
  ) );
#9430 = ADVANCED_FACE('',(#9431),#6739,.F.);
#9431 = FACE_BOUND('',#9432,.F.);
#9432 = EDGE_LOOP('',(#9433,#9434,#9453,#9454));
#9433 = ORIENTED_EDGE('',*,*,#6725,.F.);
#9434 = ORIENTED_EDGE('',*,*,#9435,.F.);
#9435 = EDGE_CURVE('',#7044,#6693,#9436,.T.);
#9436 = SURFACE_CURVE('',#9437,(#9441,#9447),.PCURVE_S1.);
#9437 = LINE('',#9438,#9439);
#9438 = CARTESIAN_POINT('',(-41.05643467464,37.898074462647,
    62.495291280068));
#9439 = VECTOR('',#9440,1.);
#9440 = DIRECTION('',(-0.768592593328,0.480269955675,0.422618261741));
#9441 = PCURVE('',#6739,#9442);
#9442 = DEFINITIONAL_REPRESENTATION('',(#9443),#9446);
#9443 = B_SPLINE_CURVE_WITH_KNOTS('',1,(#9444,#9445),.UNSPECIFIED.,.F.,
  .F.,(2,2),(-4.5000006,6.000000019643E-07),.PIECEWISE_BEZIER_KNOTS.);
#9444 = CARTESIAN_POINT('',(5.749615361854,-4.5000006));
#9445 = CARTESIAN_POINT('',(5.749615361854,5.999999992448E-07));
#9446 = ( GEOMETRIC_REPRESENTATION_CONTEXT(2) 
PARAMETRIC_REPRESENTATION_CONTEXT() REPRESENTATION_CONTEXT('2D SPACE',''
  ) );
#9447 = PCURVE('',#6713,#9448);
#9448 = DEFINITIONAL_REPRESENTATION('',(#9449),#9452);
#9449 = B_SPLINE_CURVE_WITH_KNOTS('',1,(#9450,#9451),.UNSPECIFIED.,.F.,
  .F.,(2,2),(-4.5,2.461723716794E-15),.PIECEWISE_BEZIER_KNOTS.);
#9450 = CARTESIAN_POINT('',(-7.198228808217,-4.5));
#9451 = CARTESIAN_POINT('',(-7.198228808217,1.714711302341E-15));
#9452 = ( GEOMETRIC_REPRESENTATION_CONTEXT(2) 
PARAMETRIC_REPRESENTATION_CONTEXT() REPRESENTATION_CONTEXT('2D SPACE',''
  ) );
#9453 = ORIENTED_EDGE('',*,*,#7067,.T.);
#9454 = ORIENTED_EDGE('',*,*,#9392,.T.);
#9455 = ADVANCED_FACE('',(#9456),#6713,.T.);
#9456 = FACE_BOUND('',#9457,.F.);
#9457 = EDGE_LOOP('',(#9458,#9459,#9478,#9479));
#9458 = ORIENTED_EDGE('',*,*,#6692,.T.);
#9459 = ORIENTED_EDGE('',*,*,#9460,.F.);
#9460 = EDGE_CURVE('',#7042,#6665,#9461,.T.);
#9461 = SURFACE_CURVE('',#9462,(#9466,#9472),.PCURVE_S1.);
#9462 = LINE('',#9463,#9464);
#9463 = CARTESIAN_POINT('',(-35.94893706646,41.48637800468,
    67.706212454982));
#9464 = VECTOR('',#9465,1.);
#9465 = DIRECTION('',(-0.768592593328,0.480269955675,0.422618261741));
#9466 = PCURVE('',#6713,#9467);
#9467 = DEFINITIONAL_REPRESENTATION('',(#9468),#9471);
#9468 = B_SPLINE_CURVE_WITH_KNOTS('',1,(#9469,#9470),.UNSPECIFIED.,.F.,
  .F.,(2,2),(-4.5,3.278031268199E-15),.PIECEWISE_BEZIER_KNOTS.);
#9469 = CARTESIAN_POINT('',(-3.797345479348,-4.5));
#9470 = CARTESIAN_POINT('',(-3.797345479348,3.164563084822E-15));
#9471 = ( GEOMETRIC_REPRESENTATION_CONTEXT(2) 
PARAMETRIC_REPRESENTATION_CONTEXT() REPRESENTATION_CONTEXT('2D SPACE',''
  ) );
#9472 = PCURVE('',#6680,#9473);
#9473 = DEFINITIONAL_REPRESENTATION('',(#9474),#9477);
#9474 = B_SPLINE_CURVE_WITH_KNOTS('',1,(#9475,#9476),.UNSPECIFIED.,.F.,
  .F.,(2,2),(-4.5000006,6.000000015547E-07),.PIECEWISE_BEZIER_KNOTS.);
#9475 = CARTESIAN_POINT('',(29.250384638146,-4.5000006));
#9476 = CARTESIAN_POINT('',(29.250384638146,5.99999999299E-07));
#9477 = ( GEOMETRIC_REPRESENTATION_CONTEXT(2) 
PARAMETRIC_REPRESENTATION_CONTEXT() REPRESENTATION_CONTEXT('2D SPACE',''
  ) );
#9478 = ORIENTED_EDGE('',*,*,#7041,.T.);
#9479 = ORIENTED_EDGE('',*,*,#9435,.T.);
#9480 = ADVANCED_FACE('',(#9481),#6680,.F.);
#9481 = FACE_BOUND('',#9482,.F.);
#9482 = EDGE_LOOP('',(#9483,#9484,#9503,#9504,#9505,#9506,#9507,#9526));
#9483 = ORIENTED_EDGE('',*,*,#8934,.F.);
#9484 = ORIENTED_EDGE('',*,*,#9485,.F.);
#9485 = EDGE_CURVE('',#7303,#8911,#9486,.T.);
#9486 = SURFACE_CURVE('',#9487,(#9491,#9497),.PCURVE_S1.);
#9487 = LINE('',#9488,#9489);
#9488 = CARTESIAN_POINT('',(-23.49542670265,61.41616064765,
    67.706212454982));
#9489 = VECTOR('',#9490,1.);
#9490 = DIRECTION('',(-0.768592593328,0.480269955675,0.422618261741));
#9491 = PCURVE('',#6680,#9492);
#9492 = DEFINITIONAL_REPRESENTATION('',(#9493),#9496);
#9493 = B_SPLINE_CURVE_WITH_KNOTS('',1,(#9494,#9495),.UNSPECIFIED.,.F.,
  .F.,(2,2),(-4.5000006,6.000000056491E-07),.PIECEWISE_BEZIER_KNOTS.);
#9494 = CARTESIAN_POINT('',(5.749615361854,-4.5000006));
#9495 = CARTESIAN_POINT('',(5.749615361854,5.999999958698E-07));
#9496 = ( GEOMETRIC_REPRESENTATION_CONTEXT(2) 
PARAMETRIC_REPRESENTATION_CONTEXT() REPRESENTATION_CONTEXT('2D SPACE',''
  ) );
#9497 = PCURVE('',#7319,#9498);
#9498 = DEFINITIONAL_REPRESENTATION('',(#9499),#9502);
#9499 = B_SPLINE_CURVE_WITH_KNOTS('',1,(#9500,#9501),.UNSPECIFIED.,.F.,
  .F.,(2,2),(-4.5000006,6.000000056491E-07),.PIECEWISE_BEZIER_KNOTS.);
#9500 = CARTESIAN_POINT('',(-5.627432481422,-4.5000006));
#9501 = CARTESIAN_POINT('',(-5.627432481422,6.000000010948E-07));
#9502 = ( GEOMETRIC_REPRESENTATION_CONTEXT(2) 
PARAMETRIC_REPRESENTATION_CONTEXT() REPRESENTATION_CONTEXT('2D SPACE',''
  ) );
#9503 = ORIENTED_EDGE('',*,*,#7331,.T.);
#9504 = ORIENTED_EDGE('',*,*,#9460,.T.);
#9505 = ORIENTED_EDGE('',*,*,#6664,.F.);
#9506 = ORIENTED_EDGE('',*,*,#9342,.T.);
#9507 = ORIENTED_EDGE('',*,*,#9508,.T.);
#9508 = EDGE_CURVE('',#9314,#9293,#9509,.T.);
#9509 = SURFACE_CURVE('',#9510,(#9514,#9520),.PCURVE_S1.);
#9510 = LINE('',#9511,#9512);
#9511 = CARTESIAN_POINT('',(-23.98091446595,59.784080205849,
    67.494903324111));
#9512 = VECTOR('',#9513,1.);
#9513 = DIRECTION('',(0.529919264233,0.848048096156,4.496009815104E-16)
  );
#9514 = PCURVE('',#6680,#9515);
#9515 = DEFINITIONAL_REPRESENTATION('',(#9516),#9519);
#9516 = B_SPLINE_CURVE_WITH_KNOTS('',1,(#9517,#9518),.UNSPECIFIED.,.F.,
  .F.,(2,2),(-21.32488354149,1.641352029764),.PIECEWISE_BEZIER_KNOTS.);
#9517 = CARTESIAN_POINT('',(28.71585093311,-0.5));
#9518 = CARTESIAN_POINT('',(5.749615361854,-0.5));
#9519 = ( GEOMETRIC_REPRESENTATION_CONTEXT(2) 
PARAMETRIC_REPRESENTATION_CONTEXT() REPRESENTATION_CONTEXT('2D SPACE',''
  ) );
#9520 = PCURVE('',#9330,#9521);
#9521 = DEFINITIONAL_REPRESENTATION('',(#9522),#9525);
#9522 = B_SPLINE_CURVE_WITH_KNOTS('',1,(#9523,#9524),.UNSPECIFIED.,.F.,
  .F.,(2,2),(-21.32488354149,1.641352029764),.PIECEWISE_BEZIER_KNOTS.);
#9523 = CARTESIAN_POINT('',(13.933916149875,25.382389128616));
#9524 = CARTESIAN_POINT('',(-9.032319421381,25.382389128616));
#9525 = ( GEOMETRIC_REPRESENTATION_CONTEXT(2) 
PARAMETRIC_REPRESENTATION_CONTEXT() REPRESENTATION_CONTEXT('2D SPACE',''
  ) );
#9526 = ORIENTED_EDGE('',*,*,#9292,.F.);
#9527 = ADVANCED_FACE('',(#9528),#6605,.F.);
#9528 = FACE_BOUND('',#9529,.F.);
#9529 = EDGE_LOOP('',(#9530,#9531,#9532,#9533));
#9530 = ORIENTED_EDGE('',*,*,#6589,.F.);
#9531 = ORIENTED_EDGE('',*,*,#9412,.F.);
#9532 = ORIENTED_EDGE('',*,*,#7114,.T.);
#9533 = ORIENTED_EDGE('',*,*,#7019,.F.);
#9534 = ADVANCED_FACE('',(#9535),#6770,.F.);
#9535 = FACE_BOUND('',#9536,.F.);
#9536 = EDGE_LOOP('',(#9537,#9538,#9561,#9587));
#9537 = ORIENTED_EDGE('',*,*,#6753,.T.);
#9538 = ORIENTED_EDGE('',*,*,#9539,.T.);
#9539 = EDGE_CURVE('',#6756,#9540,#9542,.T.);
#9540 = VERTEX_POINT('',#9541);
#9541 = CARTESIAN_POINT('',(-41.62023994139,44.640628468232,
    36.061074690636));
#9542 = SURFACE_CURVE('',#9543,(#9547,#9554),.PCURVE_S1.);
#9543 = LINE('',#9544,#9545);
#9544 = CARTESIAN_POINT('',(-48.15327698468,48.722923091472,
    39.653329915432));
#9545 = VECTOR('',#9546,1.);
#9546 = DIRECTION('',(0.768592593328,-0.480269955675,-0.422618261741));
#9547 = PCURVE('',#6770,#9548);
#9548 = DEFINITIONAL_REPRESENTATION('',(#9549),#9553);
#9549 = LINE('',#9550,#9551);
#9550 = CARTESIAN_POINT('',(-0.,0.));
#9551 = VECTOR('',#9552,1.);
#9552 = DIRECTION('',(-1.775206544715E-17,-1.));
#9553 = ( GEOMETRIC_REPRESENTATION_CONTEXT(2) 
PARAMETRIC_REPRESENTATION_CONTEXT() REPRESENTATION_CONTEXT('2D SPACE',''
  ) );
#9554 = PCURVE('',#6859,#9555);
#9555 = DEFINITIONAL_REPRESENTATION('',(#9556),#9560);
#9556 = LINE('',#9557,#9558);
#9557 = CARTESIAN_POINT('',(3.14159265359,0.));
#9558 = VECTOR('',#9559,1.);
#9559 = DIRECTION('',(0.,-1.));
#9560 = ( GEOMETRIC_REPRESENTATION_CONTEXT(2) 
PARAMETRIC_REPRESENTATION_CONTEXT() REPRESENTATION_CONTEXT('2D SPACE',''
  ) );
#9561 = ORIENTED_EDGE('',*,*,#9562,.T.);
#9562 = EDGE_CURVE('',#9540,#9563,#9565,.T.);
#9563 = VERTEX_POINT('',#9564);
#9564 = CARTESIAN_POINT('',(-43.3968796944,43.392439392546,
    34.248459116563));
#9565 = SURFACE_CURVE('',#9566,(#9570,#9576),.PCURVE_S1.);
#9566 = LINE('',#9567,#9568);
#9567 = CARTESIAN_POINT('',(-42.06439987964,44.32858119931,
    35.607920797118));
#9568 = VECTOR('',#9569,1.);
#9569 = DIRECTION('',(-0.628137008538,-0.44130147981,-0.640856382056));
#9570 = PCURVE('',#6770,#9571);
#9571 = DEFINITIONAL_REPRESENTATION('',(#9572),#9575);
#9572 = B_SPLINE_CURVE_WITH_KNOTS('',1,(#9573,#9574),.UNSPECIFIED.,.F.,
  .F.,(2,2),(-0.707106781187,2.12132034356),.PIECEWISE_BEZIER_KNOTS.);
#9573 = CARTESIAN_POINT('',(-3.330669073875E-15,-8.5));
#9574 = CARTESIAN_POINT('',(2.828427124746,-8.5));
#9575 = ( GEOMETRIC_REPRESENTATION_CONTEXT(2) 
PARAMETRIC_REPRESENTATION_CONTEXT() REPRESENTATION_CONTEXT('2D SPACE',''
  ) );
#9576 = PCURVE('',#9577,#9582);
#9577 = PLANE('',#9578);
#9578 = AXIS2_PLACEMENT_3D('',#9579,#9580,#9581);
#9579 = CARTESIAN_POINT('',(-42.66622642037,43.031108399275,
    35.987880200272));
#9580 = DIRECTION('',(-0.768592593328,0.480269955675,0.422618261741));
#9581 = DIRECTION('',(-0.529919264233,-0.848048096156,
    -4.935829116417E-18));
#9582 = DEFINITIONAL_REPRESENTATION('',(#9583),#9586);
#9583 = B_SPLINE_CURVE_WITH_KNOTS('',1,(#9584,#9585),.UNSPECIFIED.,.F.,
  .F.,(2,2),(-0.707106781187,2.12132034356),.PIECEWISE_BEZIER_KNOTS.);
#9584 = CARTESIAN_POINT('',(-1.919238815543,8.076118445749E-02));
#9585 = CARTESIAN_POINT('',(8.076118445749E-02,-1.919238815543));
#9586 = ( GEOMETRIC_REPRESENTATION_CONTEXT(2) 
PARAMETRIC_REPRESENTATION_CONTEXT() REPRESENTATION_CONTEXT('2D SPACE',''
  ) );
#9587 = ORIENTED_EDGE('',*,*,#9588,.F.);
#9588 = EDGE_CURVE('',#6754,#9563,#9589,.T.);
#9589 = SURFACE_CURVE('',#9590,(#9594,#9601),.PCURVE_S1.);
#9590 = LINE('',#9591,#9592);
#9591 = CARTESIAN_POINT('',(-49.92991673769,47.474734015785,
    37.840714341359));
#9592 = VECTOR('',#9593,1.);
#9593 = DIRECTION('',(0.768592593328,-0.480269955675,-0.422618261741));
#9594 = PCURVE('',#6770,#9595);
#9595 = DEFINITIONAL_REPRESENTATION('',(#9596),#9600);
#9596 = LINE('',#9597,#9598);
#9597 = CARTESIAN_POINT('',(2.828427124746,2.146556229119E-16));
#9598 = VECTOR('',#9599,1.);
#9599 = DIRECTION('',(-1.775206544715E-17,-1.));
#9600 = ( GEOMETRIC_REPRESENTATION_CONTEXT(2) 
PARAMETRIC_REPRESENTATION_CONTEXT() REPRESENTATION_CONTEXT('2D SPACE',''
  ) );
#9601 = PCURVE('',#6802,#9602);
#9602 = DEFINITIONAL_REPRESENTATION('',(#9603),#9607);
#9603 = LINE('',#9604,#9605);
#9604 = CARTESIAN_POINT('',(0.,0.));
#9605 = VECTOR('',#9606,1.);
#9606 = DIRECTION('',(0.,-1.));
#9607 = ( GEOMETRIC_REPRESENTATION_CONTEXT(2) 
PARAMETRIC_REPRESENTATION_CONTEXT() REPRESENTATION_CONTEXT('2D SPACE',''
  ) );
#9608 = ADVANCED_FACE('',(#9609),#6802,.F.);
#9609 = FACE_BOUND('',#9610,.F.);
#9610 = EDGE_LOOP('',(#9611,#9612,#9613,#9637));
#9611 = ORIENTED_EDGE('',*,*,#6781,.F.);
#9612 = ORIENTED_EDGE('',*,*,#9588,.T.);
#9613 = ORIENTED_EDGE('',*,*,#9614,.T.);
#9614 = EDGE_CURVE('',#9563,#9615,#9617,.T.);
#9615 = VERTEX_POINT('',#9616);
#9616 = CARTESIAN_POINT('',(-43.71221289934,41.421588330317,
    35.914685709908));
#9617 = SURFACE_CURVE('',#9618,(#9623,#9630),.PCURVE_S1.);
#9618 = CIRCLE('',#9619,1.3);
#9619 = AXIS2_PLACEMENT_3D('',#9620,#9621,#9622);
#9620 = CARTESIAN_POINT('',(-43.55454629687,42.407013861431,
    35.081572413235));
#9621 = DIRECTION('',(-0.768592593328,0.480269955675,0.422618261741));
#9622 = DIRECTION('',(0.121282001903,0.758019639319,-0.640856382056));
#9623 = PCURVE('',#6802,#9624);
#9624 = DEFINITIONAL_REPRESENTATION('',(#9625),#9629);
#9625 = LINE('',#9626,#9627);
#9626 = CARTESIAN_POINT('',(0.,-8.5));
#9627 = VECTOR('',#9628,1.);
#9628 = DIRECTION('',(1.,0.));
#9629 = ( GEOMETRIC_REPRESENTATION_CONTEXT(2) 
PARAMETRIC_REPRESENTATION_CONTEXT() REPRESENTATION_CONTEXT('2D SPACE',''
  ) );
#9630 = PCURVE('',#9577,#9631);
#9631 = DEFINITIONAL_REPRESENTATION('',(#9632),#9636);
#9632 = CIRCLE('',#9633,1.3);
#9633 = AXIS2_PLACEMENT_2D('',#9634,#9635);
#9634 = CARTESIAN_POINT('',(1.,-1.));
#9635 = DIRECTION('',(-0.707106781187,-0.707106781187));
#9636 = ( GEOMETRIC_REPRESENTATION_CONTEXT(2) 
PARAMETRIC_REPRESENTATION_CONTEXT() REPRESENTATION_CONTEXT('2D SPACE',''
  ) );
#9637 = ORIENTED_EDGE('',*,*,#9638,.F.);
#9638 = EDGE_CURVE('',#6782,#9615,#9639,.T.);
#9639 = SURFACE_CURVE('',#9640,(#9644,#9651),.PCURVE_S1.);
#9640 = LINE('',#9641,#9642);
#9641 = CARTESIAN_POINT('',(-50.24524994263,45.503882953557,
    39.506940934704));
#9642 = VECTOR('',#9643,1.);
#9643 = DIRECTION('',(0.768592593328,-0.480269955675,-0.422618261741));
#9644 = PCURVE('',#6802,#9645);
#9645 = DEFINITIONAL_REPRESENTATION('',(#9646),#9650);
#9646 = LINE('',#9647,#9648);
#9647 = CARTESIAN_POINT('',(3.14159265359,0.));
#9648 = VECTOR('',#9649,1.);
#9649 = DIRECTION('',(0.,-1.));
#9650 = ( GEOMETRIC_REPRESENTATION_CONTEXT(2) 
PARAMETRIC_REPRESENTATION_CONTEXT() REPRESENTATION_CONTEXT('2D SPACE',''
  ) );
#9651 = PCURVE('',#6829,#9652);
#9652 = DEFINITIONAL_REPRESENTATION('',(#9653),#9657);
#9653 = LINE('',#9654,#9655);
#9654 = CARTESIAN_POINT('',(0.,0.));
#9655 = VECTOR('',#9656,1.);
#9656 = DIRECTION('',(1.775206544715E-17,-1.));
#9657 = ( GEOMETRIC_REPRESENTATION_CONTEXT(2) 
PARAMETRIC_REPRESENTATION_CONTEXT() REPRESENTATION_CONTEXT('2D SPACE',''
  ) );
#9658 = ADVANCED_FACE('',(#9659),#6859,.F.);
#9659 = FACE_BOUND('',#9660,.F.);
#9660 = EDGE_LOOP('',(#9661,#9662,#9685,#9707));
#9661 = ORIENTED_EDGE('',*,*,#6840,.F.);
#9662 = ORIENTED_EDGE('',*,*,#9663,.T.);
#9663 = EDGE_CURVE('',#6815,#9664,#9666,.T.);
#9664 = VERTEX_POINT('',#9665);
#9665 = CARTESIAN_POINT('',(-41.93557314634,42.669777406004,
    37.727301283981));
#9666 = SURFACE_CURVE('',#9667,(#9671,#9678),.PCURVE_S1.);
#9667 = LINE('',#9668,#9669);
#9668 = CARTESIAN_POINT('',(-48.46861018963,46.752072029244,
    41.319556508777));
#9669 = VECTOR('',#9670,1.);
#9670 = DIRECTION('',(0.768592593328,-0.480269955675,-0.422618261741));
#9671 = PCURVE('',#6859,#9672);
#9672 = DEFINITIONAL_REPRESENTATION('',(#9673),#9677);
#9673 = LINE('',#9674,#9675);
#9674 = CARTESIAN_POINT('',(0.,0.));
#9675 = VECTOR('',#9676,1.);
#9676 = DIRECTION('',(0.,-1.));
#9677 = ( GEOMETRIC_REPRESENTATION_CONTEXT(2) 
PARAMETRIC_REPRESENTATION_CONTEXT() REPRESENTATION_CONTEXT('2D SPACE',''
  ) );
#9678 = PCURVE('',#6829,#9679);
#9679 = DEFINITIONAL_REPRESENTATION('',(#9680),#9684);
#9680 = LINE('',#9681,#9682);
#9681 = CARTESIAN_POINT('',(2.828427124746,-2.146556229119E-16));
#9682 = VECTOR('',#9683,1.);
#9683 = DIRECTION('',(1.775206544715E-17,-1.));
#9684 = ( GEOMETRIC_REPRESENTATION_CONTEXT(2) 
PARAMETRIC_REPRESENTATION_CONTEXT() REPRESENTATION_CONTEXT('2D SPACE',''
  ) );
#9685 = ORIENTED_EDGE('',*,*,#9686,.T.);
#9686 = EDGE_CURVE('',#9664,#9540,#9687,.T.);
#9687 = SURFACE_CURVE('',#9688,(#9693,#9700),.PCURVE_S1.);
#9688 = CIRCLE('',#9689,1.3);
#9689 = AXIS2_PLACEMENT_3D('',#9690,#9691,#9692);
#9690 = CARTESIAN_POINT('',(-41.77790654386,43.655202937118,
    36.894187987309));
#9691 = DIRECTION('',(-0.768592593328,0.480269955675,0.422618261741));
#9692 = DIRECTION('',(-0.121282001903,-0.758019639319,0.640856382056));
#9693 = PCURVE('',#6859,#9694);
#9694 = DEFINITIONAL_REPRESENTATION('',(#9695),#9699);
#9695 = LINE('',#9696,#9697);
#9696 = CARTESIAN_POINT('',(-4.919160339616E-17,-8.5));
#9697 = VECTOR('',#9698,1.);
#9698 = DIRECTION('',(1.,0.));
#9699 = ( GEOMETRIC_REPRESENTATION_CONTEXT(2) 
PARAMETRIC_REPRESENTATION_CONTEXT() REPRESENTATION_CONTEXT('2D SPACE',''
  ) );
#9700 = PCURVE('',#9577,#9701);
#9701 = DEFINITIONAL_REPRESENTATION('',(#9702),#9706);
#9702 = CIRCLE('',#9703,1.3);
#9703 = AXIS2_PLACEMENT_2D('',#9704,#9705);
#9704 = CARTESIAN_POINT('',(-1.,1.));
#9705 = DIRECTION('',(0.707106781187,0.707106781187));
#9706 = ( GEOMETRIC_REPRESENTATION_CONTEXT(2) 
PARAMETRIC_REPRESENTATION_CONTEXT() REPRESENTATION_CONTEXT('2D SPACE',''
  ) );
#9707 = ORIENTED_EDGE('',*,*,#9539,.F.);
#9708 = ADVANCED_FACE('',(#9709),#6829,.F.);
#9709 = FACE_BOUND('',#9710,.F.);
#9710 = EDGE_LOOP('',(#9711,#9712,#9713,#9732));
#9711 = ORIENTED_EDGE('',*,*,#6814,.T.);
#9712 = ORIENTED_EDGE('',*,*,#9638,.T.);
#9713 = ORIENTED_EDGE('',*,*,#9714,.T.);
#9714 = EDGE_CURVE('',#9615,#9664,#9715,.T.);
#9715 = SURFACE_CURVE('',#9716,(#9720,#9726),.PCURVE_S1.);
#9716 = LINE('',#9717,#9718);
#9717 = CARTESIAN_POINT('',(-43.26805296109,41.733635599239,
    36.367839603426));
#9718 = VECTOR('',#9719,1.);
#9719 = DIRECTION('',(0.628137008538,0.44130147981,0.640856382056));
#9720 = PCURVE('',#6829,#9721);
#9721 = DEFINITIONAL_REPRESENTATION('',(#9722),#9725);
#9722 = B_SPLINE_CURVE_WITH_KNOTS('',1,(#9723,#9724),.UNSPECIFIED.,.F.,
  .F.,(2,2),(-0.707106781187,2.12132034356),.PIECEWISE_BEZIER_KNOTS.);
#9723 = CARTESIAN_POINT('',(0.,-8.5));
#9724 = CARTESIAN_POINT('',(2.828427124746,-8.5));
#9725 = ( GEOMETRIC_REPRESENTATION_CONTEXT(2) 
PARAMETRIC_REPRESENTATION_CONTEXT() REPRESENTATION_CONTEXT('2D SPACE',''
  ) );
#9726 = PCURVE('',#9577,#9727);
#9727 = DEFINITIONAL_REPRESENTATION('',(#9728),#9731);
#9728 = B_SPLINE_CURVE_WITH_KNOTS('',1,(#9729,#9730),.UNSPECIFIED.,.F.,
  .F.,(2,2),(-0.707106781187,2.12132034356),.PIECEWISE_BEZIER_KNOTS.);
#9729 = CARTESIAN_POINT('',(1.919238815543,-8.076118445749E-02));
#9730 = CARTESIAN_POINT('',(-8.076118445749E-02,1.919238815543));
#9731 = ( GEOMETRIC_REPRESENTATION_CONTEXT(2) 
PARAMETRIC_REPRESENTATION_CONTEXT() REPRESENTATION_CONTEXT('2D SPACE',''
  ) );
#9732 = ORIENTED_EDGE('',*,*,#9663,.F.);
#9733 = ADVANCED_FACE('',(#9734),#6890,.F.);
#9734 = FACE_BOUND('',#9735,.F.);
#9735 = EDGE_LOOP('',(#9736,#9737,#9760,#9786));
#9736 = ORIENTED_EDGE('',*,*,#6873,.T.);
#9737 = ORIENTED_EDGE('',*,*,#9738,.T.);
#9738 = EDGE_CURVE('',#6876,#9739,#9741,.T.);
#9739 = VERTEX_POINT('',#9740);
#9740 = CARTESIAN_POINT('',(-33.27606873594,37.258718497222,
    59.625077153589));
#9741 = SURFACE_CURVE('',#9742,(#9746,#9753),.PCURVE_S1.);
#9742 = LINE('',#9743,#9744);
#9743 = CARTESIAN_POINT('',(-39.80910577923,41.341013120462,
    63.217332378385));
#9744 = VECTOR('',#9745,1.);
#9745 = DIRECTION('',(0.768592593328,-0.480269955675,-0.422618261741));
#9746 = PCURVE('',#6890,#9747);
#9747 = DEFINITIONAL_REPRESENTATION('',(#9748),#9752);
#9748 = LINE('',#9749,#9750);
#9749 = CARTESIAN_POINT('',(0.,0.));
#9750 = VECTOR('',#9751,1.);
#9751 = DIRECTION('',(-3.775908578411E-17,-1.));
#9752 = ( GEOMETRIC_REPRESENTATION_CONTEXT(2) 
PARAMETRIC_REPRESENTATION_CONTEXT() REPRESENTATION_CONTEXT('2D SPACE',''
  ) );
#9753 = PCURVE('',#6979,#9754);
#9754 = DEFINITIONAL_REPRESENTATION('',(#9755),#9759);
#9755 = LINE('',#9756,#9757);
#9756 = CARTESIAN_POINT('',(3.14159265359,0.));
#9757 = VECTOR('',#9758,1.);
#9758 = DIRECTION('',(0.,-1.));
#9759 = ( GEOMETRIC_REPRESENTATION_CONTEXT(2) 
PARAMETRIC_REPRESENTATION_CONTEXT() REPRESENTATION_CONTEXT('2D SPACE',''
  ) );
#9760 = ORIENTED_EDGE('',*,*,#9761,.T.);
#9761 = EDGE_CURVE('',#9739,#9762,#9764,.T.);
#9762 = VERTEX_POINT('',#9763);
#9763 = CARTESIAN_POINT('',(-33.61910603987,35.114715188283,
    61.437692727662));
#9764 = SURFACE_CURVE('',#9765,(#9769,#9775),.PCURVE_S1.);
#9765 = LINE('',#9766,#9767);
#9766 = CARTESIAN_POINT('',(-33.36182806192,36.722717669988,
    60.078231047107));
#9767 = VECTOR('',#9768,1.);
#9768 = DIRECTION('',(-0.121282001903,-0.758019639319,0.640856382056));
#9769 = PCURVE('',#6890,#9770);
#9770 = DEFINITIONAL_REPRESENTATION('',(#9771),#9774);
#9771 = B_SPLINE_CURVE_WITH_KNOTS('',1,(#9772,#9773),.UNSPECIFIED.,.F.,
  .F.,(2,2),(-0.707106781187,2.12132034356),.PIECEWISE_BEZIER_KNOTS.);
#9772 = CARTESIAN_POINT('',(-3.330669073875E-16,-8.5));
#9773 = CARTESIAN_POINT('',(2.828427124746,-8.5));
#9774 = ( GEOMETRIC_REPRESENTATION_CONTEXT(2) 
PARAMETRIC_REPRESENTATION_CONTEXT() REPRESENTATION_CONTEXT('2D SPACE',''
  ) );
#9775 = PCURVE('',#9776,#9781);
#9776 = PLANE('',#9777);
#9777 = AXIS2_PLACEMENT_3D('',#9778,#9779,#9780);
#9778 = CARTESIAN_POINT('',(-32.6310092768,36.760408766506,
    61.364498237298));
#9779 = DIRECTION('',(-0.768592593328,0.480269955675,0.422618261741));
#9780 = DIRECTION('',(-0.529919264233,-0.848048096156,2.084291850699E-18
    ));
#9781 = DEFINITIONAL_REPRESENTATION('',(#9782),#9785);
#9782 = B_SPLINE_CURVE_WITH_KNOTS('',1,(#9783,#9784),.UNSPECIFIED.,.F.,
  .F.,(2,2),(-0.707106781187,2.12132034356),.PIECEWISE_BEZIER_KNOTS.);
#9783 = CARTESIAN_POINT('',(-8.076118445748E-02,-1.919238815543));
#9784 = CARTESIAN_POINT('',(1.919238815543,8.076118445749E-02));
#9785 = ( GEOMETRIC_REPRESENTATION_CONTEXT(2) 
PARAMETRIC_REPRESENTATION_CONTEXT() REPRESENTATION_CONTEXT('2D SPACE',''
  ) );
#9786 = ORIENTED_EDGE('',*,*,#9787,.F.);
#9787 = EDGE_CURVE('',#6874,#9762,#9788,.T.);
#9788 = SURFACE_CURVE('',#9789,(#9793,#9800),.PCURVE_S1.);
#9789 = LINE('',#9790,#9791);
#9790 = CARTESIAN_POINT('',(-40.15214308316,39.197009811523,
    65.029947952458));
#9791 = VECTOR('',#9792,1.);
#9792 = DIRECTION('',(0.768592593328,-0.480269955675,-0.422618261741));
#9793 = PCURVE('',#6890,#9794);
#9794 = DEFINITIONAL_REPRESENTATION('',(#9795),#9799);
#9795 = LINE('',#9796,#9797);
#9796 = CARTESIAN_POINT('',(2.828427124746,1.444963271939E-16));
#9797 = VECTOR('',#9798,1.);
#9798 = DIRECTION('',(-3.775908578411E-17,-1.));
#9799 = ( GEOMETRIC_REPRESENTATION_CONTEXT(2) 
PARAMETRIC_REPRESENTATION_CONTEXT() REPRESENTATION_CONTEXT('2D SPACE',''
  ) );
#9800 = PCURVE('',#6922,#9801);
#9801 = DEFINITIONAL_REPRESENTATION('',(#9802),#9806);
#9802 = LINE('',#9803,#9804);
#9803 = CARTESIAN_POINT('',(0.,0.));
#9804 = VECTOR('',#9805,1.);
#9805 = DIRECTION('',(0.,-1.));
#9806 = ( GEOMETRIC_REPRESENTATION_CONTEXT(2) 
PARAMETRIC_REPRESENTATION_CONTEXT() REPRESENTATION_CONTEXT('2D SPACE',''
  ) );
#9807 = ADVANCED_FACE('',(#9808),#6922,.F.);
#9808 = FACE_BOUND('',#9809,.F.);
#9809 = EDGE_LOOP('',(#9810,#9811,#9812,#9836));
#9810 = ORIENTED_EDGE('',*,*,#6901,.F.);
#9811 = ORIENTED_EDGE('',*,*,#9787,.T.);
#9812 = ORIENTED_EDGE('',*,*,#9813,.T.);
#9813 = EDGE_CURVE('',#9762,#9814,#9816,.T.);
#9814 = VERTEX_POINT('',#9815);
#9815 = CARTESIAN_POINT('',(-31.98594981767,36.26209903579,
    63.103919321007));
#9816 = SURFACE_CURVE('',#9817,(#9822,#9829),.PCURVE_S1.);
#9817 = CIRCLE('',#9818,1.3);
#9818 = AXIS2_PLACEMENT_3D('',#9819,#9820,#9821);
#9819 = CARTESIAN_POINT('',(-32.80252792877,35.688407112037,
    62.270806024335));
#9820 = DIRECTION('',(-0.768592593328,0.480269955675,0.422618261741));
#9821 = DIRECTION('',(-0.628137008538,-0.44130147981,-0.640856382056));
#9822 = PCURVE('',#6922,#9823);
#9823 = DEFINITIONAL_REPRESENTATION('',(#9824),#9828);
#9824 = LINE('',#9825,#9826);
#9825 = CARTESIAN_POINT('',(0.,-8.5));
#9826 = VECTOR('',#9827,1.);
#9827 = DIRECTION('',(1.,0.));
#9828 = ( GEOMETRIC_REPRESENTATION_CONTEXT(2) 
PARAMETRIC_REPRESENTATION_CONTEXT() REPRESENTATION_CONTEXT('2D SPACE',''
  ) );
#9829 = PCURVE('',#9776,#9830);
#9830 = DEFINITIONAL_REPRESENTATION('',(#9831),#9835);
#9831 = CIRCLE('',#9832,1.3);
#9832 = AXIS2_PLACEMENT_2D('',#9833,#9834);
#9833 = CARTESIAN_POINT('',(1.,1.));
#9834 = DIRECTION('',(0.707106781187,-0.707106781187));
#9835 = ( GEOMETRIC_REPRESENTATION_CONTEXT(2) 
PARAMETRIC_REPRESENTATION_CONTEXT() REPRESENTATION_CONTEXT('2D SPACE',''
  ) );
#9836 = ORIENTED_EDGE('',*,*,#9837,.F.);
#9837 = EDGE_CURVE('',#6902,#9814,#9838,.T.);
#9838 = SURFACE_CURVE('',#9839,(#9843,#9850),.PCURVE_S1.);
#9839 = LINE('',#9840,#9841);
#9840 = CARTESIAN_POINT('',(-38.51898686096,40.34439365903,
    66.696174545803));
#9841 = VECTOR('',#9842,1.);
#9842 = DIRECTION('',(0.768592593328,-0.480269955675,-0.422618261741));
#9843 = PCURVE('',#6922,#9844);
#9844 = DEFINITIONAL_REPRESENTATION('',(#9845),#9849);
#9845 = LINE('',#9846,#9847);
#9846 = CARTESIAN_POINT('',(3.14159265359,0.));
#9847 = VECTOR('',#9848,1.);
#9848 = DIRECTION('',(0.,-1.));
#9849 = ( GEOMETRIC_REPRESENTATION_CONTEXT(2) 
PARAMETRIC_REPRESENTATION_CONTEXT() REPRESENTATION_CONTEXT('2D SPACE',''
  ) );
#9850 = PCURVE('',#6949,#9851);
#9851 = DEFINITIONAL_REPRESENTATION('',(#9852),#9856);
#9852 = LINE('',#9853,#9854);
#9853 = CARTESIAN_POINT('',(0.,0.));
#9854 = VECTOR('',#9855,1.);
#9855 = DIRECTION('',(3.775908578411E-17,-1.));
#9856 = ( GEOMETRIC_REPRESENTATION_CONTEXT(2) 
PARAMETRIC_REPRESENTATION_CONTEXT() REPRESENTATION_CONTEXT('2D SPACE',''
  ) );
#9857 = ADVANCED_FACE('',(#9858),#6979,.F.);
#9858 = FACE_BOUND('',#9859,.F.);
#9859 = EDGE_LOOP('',(#9860,#9861,#9884,#9906));
#9860 = ORIENTED_EDGE('',*,*,#6960,.F.);
#9861 = ORIENTED_EDGE('',*,*,#9862,.T.);
#9862 = EDGE_CURVE('',#6935,#9863,#9865,.T.);
#9863 = VERTEX_POINT('',#9864);
#9864 = CARTESIAN_POINT('',(-31.64291251374,38.40610234473,
    61.291303746934));
#9865 = SURFACE_CURVE('',#9866,(#9870,#9877),.PCURVE_S1.);
#9866 = LINE('',#9867,#9868);
#9867 = CARTESIAN_POINT('',(-38.17594955703,42.48839696797,
    64.88355897173));
#9868 = VECTOR('',#9869,1.);
#9869 = DIRECTION('',(0.768592593328,-0.480269955675,-0.422618261741));
#9870 = PCURVE('',#6979,#9871);
#9871 = DEFINITIONAL_REPRESENTATION('',(#9872),#9876);
#9872 = LINE('',#9873,#9874);
#9873 = CARTESIAN_POINT('',(0.,0.));
#9874 = VECTOR('',#9875,1.);
#9875 = DIRECTION('',(0.,-1.));
#9876 = ( GEOMETRIC_REPRESENTATION_CONTEXT(2) 
PARAMETRIC_REPRESENTATION_CONTEXT() REPRESENTATION_CONTEXT('2D SPACE',''
  ) );
#9877 = PCURVE('',#6949,#9878);
#9878 = DEFINITIONAL_REPRESENTATION('',(#9879),#9883);
#9879 = LINE('',#9880,#9881);
#9880 = CARTESIAN_POINT('',(2.828427124746,-1.444963271939E-16));
#9881 = VECTOR('',#9882,1.);
#9882 = DIRECTION('',(3.775908578411E-17,-1.));
#9883 = ( GEOMETRIC_REPRESENTATION_CONTEXT(2) 
PARAMETRIC_REPRESENTATION_CONTEXT() REPRESENTATION_CONTEXT('2D SPACE',''
  ) );
#9884 = ORIENTED_EDGE('',*,*,#9885,.T.);
#9885 = EDGE_CURVE('',#9863,#9739,#9886,.T.);
#9886 = SURFACE_CURVE('',#9887,(#9892,#9899),.PCURVE_S1.);
#9887 = CIRCLE('',#9888,1.3);
#9888 = AXIS2_PLACEMENT_3D('',#9889,#9890,#9891);
#9889 = CARTESIAN_POINT('',(-32.45949062484,37.832410420976,
    60.458190450262));
#9890 = DIRECTION('',(-0.768592593328,0.480269955675,0.422618261741));
#9891 = DIRECTION('',(0.628137008538,0.44130147981,0.640856382056));
#9892 = PCURVE('',#6979,#9893);
#9893 = DEFINITIONAL_REPRESENTATION('',(#9894),#9898);
#9894 = LINE('',#9895,#9896);
#9895 = CARTESIAN_POINT('',(-1.080608752412E-16,-8.5));
#9896 = VECTOR('',#9897,1.);
#9897 = DIRECTION('',(1.,0.));
#9898 = ( GEOMETRIC_REPRESENTATION_CONTEXT(2) 
PARAMETRIC_REPRESENTATION_CONTEXT() REPRESENTATION_CONTEXT('2D SPACE',''
  ) );
#9899 = PCURVE('',#9776,#9900);
#9900 = DEFINITIONAL_REPRESENTATION('',(#9901),#9905);
#9901 = CIRCLE('',#9902,1.3);
#9902 = AXIS2_PLACEMENT_2D('',#9903,#9904);
#9903 = CARTESIAN_POINT('',(-1.,-1.));
#9904 = DIRECTION('',(-0.707106781187,0.707106781187));
#9905 = ( GEOMETRIC_REPRESENTATION_CONTEXT(2) 
PARAMETRIC_REPRESENTATION_CONTEXT() REPRESENTATION_CONTEXT('2D SPACE',''
  ) );
#9906 = ORIENTED_EDGE('',*,*,#9738,.F.);
#9907 = ADVANCED_FACE('',(#9908),#6949,.F.);
#9908 = FACE_BOUND('',#9909,.F.);
#9909 = EDGE_LOOP('',(#9910,#9911,#9912,#9931));
#9910 = ORIENTED_EDGE('',*,*,#6934,.T.);
#9911 = ORIENTED_EDGE('',*,*,#9837,.T.);
#9912 = ORIENTED_EDGE('',*,*,#9913,.T.);
#9913 = EDGE_CURVE('',#9814,#9863,#9914,.T.);
#9914 = SURFACE_CURVE('',#9915,(#9919,#9925),.PCURVE_S1.);
#9915 = LINE('',#9916,#9917);
#9916 = CARTESIAN_POINT('',(-31.90019049169,36.798099863025,
    62.650765427489));
#9917 = VECTOR('',#9918,1.);
#9918 = DIRECTION('',(0.121282001903,0.758019639319,-0.640856382056));
#9919 = PCURVE('',#6949,#9920);
#9920 = DEFINITIONAL_REPRESENTATION('',(#9921),#9924);
#9921 = B_SPLINE_CURVE_WITH_KNOTS('',1,(#9922,#9923),.UNSPECIFIED.,.F.,
  .F.,(2,2),(-0.707106781187,2.12132034356),.PIECEWISE_BEZIER_KNOTS.);
#9922 = CARTESIAN_POINT('',(-6.661338147751E-16,-8.5));
#9923 = CARTESIAN_POINT('',(2.828427124746,-8.5));
#9924 = ( GEOMETRIC_REPRESENTATION_CONTEXT(2) 
PARAMETRIC_REPRESENTATION_CONTEXT() REPRESENTATION_CONTEXT('2D SPACE',''
  ) );
#9925 = PCURVE('',#9776,#9926);
#9926 = DEFINITIONAL_REPRESENTATION('',(#9927),#9930);
#9927 = B_SPLINE_CURVE_WITH_KNOTS('',1,(#9928,#9929),.UNSPECIFIED.,.F.,
  .F.,(2,2),(-0.707106781187,2.12132034356),.PIECEWISE_BEZIER_KNOTS.);
#9928 = CARTESIAN_POINT('',(8.076118445749E-02,1.919238815543));
#9929 = CARTESIAN_POINT('',(-1.919238815543,-8.076118445749E-02));
#9930 = ( GEOMETRIC_REPRESENTATION_CONTEXT(2) 
PARAMETRIC_REPRESENTATION_CONTEXT() REPRESENTATION_CONTEXT('2D SPACE',''
  ) );
#9931 = ORIENTED_EDGE('',*,*,#9862,.F.);
#9932 = ADVANCED_FACE('',(#9933),#7319,.T.);
#9933 = FACE_BOUND('',#9934,.F.);
#9934 = EDGE_LOOP('',(#9935,#9936,#9955,#9956));
#9935 = ORIENTED_EDGE('',*,*,#8910,.F.);
#9936 = ORIENTED_EDGE('',*,*,#9937,.F.);
#9937 = EDGE_CURVE('',#7275,#8888,#9938,.T.);
#9938 = SURFACE_CURVE('',#9939,(#9943,#9949),.PCURVE_S1.);
#9939 = LINE('',#9940,#9941);
#9940 = CARTESIAN_POINT('',(-22.50926042648,67.579757828122,
    62.495291280068));
#9941 = VECTOR('',#9942,1.);
#9942 = DIRECTION('',(-0.768592593328,0.480269955675,0.422618261741));
#9943 = PCURVE('',#7319,#9944);
#9944 = DEFINITIONAL_REPRESENTATION('',(#9945),#9948);
#9945 = B_SPLINE_CURVE_WITH_KNOTS('',1,(#9946,#9947),.UNSPECIFIED.,.F.,
  .F.,(2,2),(-4.5000006,5.999999958212E-07),.PIECEWISE_BEZIER_KNOTS.);
#9946 = CARTESIAN_POINT('',(-2.226549152553,-4.5000006));
#9947 = CARTESIAN_POINT('',(-2.226549152553,6.000000018518E-07));
#9948 = ( GEOMETRIC_REPRESENTATION_CONTEXT(2) 
PARAMETRIC_REPRESENTATION_CONTEXT() REPRESENTATION_CONTEXT('2D SPACE',''
  ) );
#9949 = PCURVE('',#7290,#9950);
#9950 = DEFINITIONAL_REPRESENTATION('',(#9951),#9954);
#9951 = B_SPLINE_CURVE_WITH_KNOTS('',1,(#9952,#9953),.UNSPECIFIED.,.F.,
  .F.,(2,2),(-4.5000006,5.999999958212E-07),.PIECEWISE_BEZIER_KNOTS.);
#9952 = CARTESIAN_POINT('',(29.250384638146,-4.5000006));
#9953 = CARTESIAN_POINT('',(29.250384638146,5.999999972115E-07));
#9954 = ( GEOMETRIC_REPRESENTATION_CONTEXT(2) 
PARAMETRIC_REPRESENTATION_CONTEXT() REPRESENTATION_CONTEXT('2D SPACE',''
  ) );
#9955 = ORIENTED_EDGE('',*,*,#7302,.T.);
#9956 = ORIENTED_EDGE('',*,*,#9485,.T.);
#9957 = ADVANCED_FACE('',(#9958),#7290,.F.);
#9958 = FACE_BOUND('',#9959,.F.);
#9959 = EDGE_LOOP('',(#9960,#9961,#9980,#9981));
#9960 = ORIENTED_EDGE('',*,*,#8887,.F.);
#9961 = ORIENTED_EDGE('',*,*,#9962,.F.);
#9962 = EDGE_CURVE('',#7246,#8864,#9963,.T.);
#9963 = SURFACE_CURVE('',#9964,(#9968,#9974),.PCURVE_S1.);
#9964 = LINE('',#9965,#9966);
#9965 = CARTESIAN_POINT('',(-30.93195052392,72.842838730643,
    41.196361083613));
#9966 = VECTOR('',#9967,1.);
#9967 = DIRECTION('',(-0.768592593328,0.480269955675,0.422618261741));
#9968 = PCURVE('',#7290,#9969);
#9969 = DEFINITIONAL_REPRESENTATION('',(#9970),#9973);
#9970 = B_SPLINE_CURVE_WITH_KNOTS('',1,(#9971,#9972),.UNSPECIFIED.,.F.,
  .F.,(2,2),(-4.5000006,5.999999958212E-07),.PIECEWISE_BEZIER_KNOTS.);
#9971 = CARTESIAN_POINT('',(5.749615361854,-4.5000006));
#9972 = CARTESIAN_POINT('',(5.749615361854,5.999999971027E-07));
#9973 = ( GEOMETRIC_REPRESENTATION_CONTEXT(2) 
PARAMETRIC_REPRESENTATION_CONTEXT() REPRESENTATION_CONTEXT('2D SPACE',''
  ) );
#9974 = PCURVE('',#7262,#9975);
#9975 = DEFINITIONAL_REPRESENTATION('',(#9976),#9979);
#9976 = B_SPLINE_CURVE_WITH_KNOTS('',1,(#9977,#9978),.UNSPECIFIED.,.F.,
  .F.,(2,2),(-4.5000006,5.999999958212E-07),.PIECEWISE_BEZIER_KNOTS.);
#9977 = CARTESIAN_POINT('',(-4.056636154627,-4.5000006));
#9978 = CARTESIAN_POINT('',(-4.056636154627,5.999999969066E-07));
#9979 = ( GEOMETRIC_REPRESENTATION_CONTEXT(2) 
PARAMETRIC_REPRESENTATION_CONTEXT() REPRESENTATION_CONTEXT('2D SPACE',''
  ) );
#9980 = ORIENTED_EDGE('',*,*,#7274,.T.);
#9981 = ORIENTED_EDGE('',*,*,#9937,.T.);
#9982 = ADVANCED_FACE('',(#9983),#7262,.T.);
#9983 = FACE_BOUND('',#9984,.F.);
#9984 = EDGE_LOOP('',(#9985,#9986,#10005,#10006));
#9985 = ORIENTED_EDGE('',*,*,#8863,.F.);
#9986 = ORIENTED_EDGE('',*,*,#9987,.F.);
#9987 = EDGE_CURVE('',#7218,#8841,#9988,.T.);
#9988 = SURFACE_CURVE('',#9989,(#9993,#9999),.PCURVE_S1.);
#9989 = LINE('',#9990,#9991);
#9990 = CARTESIAN_POINT('',(-33.65385954166,73.938676755178,
    35.000847478886));
#9991 = VECTOR('',#9992,1.);
#9992 = DIRECTION('',(-0.768592593328,0.480269955675,0.422618261741));
#9993 = PCURVE('',#7262,#9994);
#9994 = DEFINITIONAL_REPRESENTATION('',(#9995),#9998);
#9995 = B_SPLINE_CURVE_WITH_KNOTS('',1,(#9996,#9997),.UNSPECIFIED.,.F.,
  .F.,(2,2),(-4.5000006,6.000000015547E-07),.PIECEWISE_BEZIER_KNOTS.);
#9996 = CARTESIAN_POINT('',(-2.076722043667,-4.5000006));
#9997 = CARTESIAN_POINT('',(-2.076722043667,5.999999974289E-07));
#9998 = ( GEOMETRIC_REPRESENTATION_CONTEXT(2) 
PARAMETRIC_REPRESENTATION_CONTEXT() REPRESENTATION_CONTEXT('2D SPACE',''
  ) );
#9999 = PCURVE('',#7233,#10000);
#10000 = DEFINITIONAL_REPRESENTATION('',(#10001),#10004);
#10001 = B_SPLINE_CURVE_WITH_KNOTS('',1,(#10002,#10003),.UNSPECIFIED.,
  .F.,.F.,(2,2),(-4.5000006,6.000000015547E-07),
  .PIECEWISE_BEZIER_KNOTS.);
#10002 = CARTESIAN_POINT('',(19.108640509111,-4.5000006));
#10003 = CARTESIAN_POINT('',(19.108640509111,6.00000001796E-07));
#10004 = ( GEOMETRIC_REPRESENTATION_CONTEXT(2) 
PARAMETRIC_REPRESENTATION_CONTEXT() REPRESENTATION_CONTEXT('2D SPACE',''
  ) );
#10005 = ORIENTED_EDGE('',*,*,#7245,.T.);
#10006 = ORIENTED_EDGE('',*,*,#9962,.T.);
#10007 = ADVANCED_FACE('',(#10008),#7233,.T.);
#10008 = FACE_BOUND('',#10009,.T.);
#10009 = EDGE_LOOP('',(#10010,#10011,#10012,#10013));
#10010 = ORIENTED_EDGE('',*,*,#8840,.F.);
#10011 = ORIENTED_EDGE('',*,*,#9987,.F.);
#10012 = ORIENTED_EDGE('',*,*,#7217,.T.);
#10013 = ORIENTED_EDGE('',*,*,#8812,.F.);
#10014 = ADVANCED_FACE('',(#10015),#7371,.T.);
#10015 = FACE_BOUND('',#10016,.T.);
#10016 = EDGE_LOOP('',(#10017,#10018,#10041,#10064));
#10017 = ORIENTED_EDGE('',*,*,#7354,.T.);
#10018 = ORIENTED_EDGE('',*,*,#10019,.T.);
#10019 = EDGE_CURVE('',#7357,#10020,#10022,.T.);
#10020 = VERTEX_POINT('',#10021);
#10021 = CARTESIAN_POINT('',(-41.37984863749,46.491547418548,
    34.394848097291));
#10022 = SURFACE_CURVE('',#10023,(#10027,#10034),.PCURVE_S1.);
#10023 = LINE('',#10024,#10025);
#10024 = CARTESIAN_POINT('',(-44.4542190108,48.412627241249,
    36.085321144254));
#10025 = VECTOR('',#10026,1.);
#10026 = DIRECTION('',(0.768592593328,-0.480269955675,-0.422618261741));
#10027 = PCURVE('',#7371,#10028);
#10028 = DEFINITIONAL_REPRESENTATION('',(#10029),#10033);
#10029 = LINE('',#10030,#10031);
#10030 = CARTESIAN_POINT('',(-0.,0.));
#10031 = VECTOR('',#10032,1.);
#10032 = DIRECTION('',(-1.775206544715E-17,-1.));
#10033 = ( GEOMETRIC_REPRESENTATION_CONTEXT(2) 
PARAMETRIC_REPRESENTATION_CONTEXT() REPRESENTATION_CONTEXT('2D SPACE',''
  ) );
#10034 = PCURVE('',#7460,#10035);
#10035 = DEFINITIONAL_REPRESENTATION('',(#10036),#10040);
#10036 = LINE('',#10037,#10038);
#10037 = CARTESIAN_POINT('',(3.14159265359,0.));
#10038 = VECTOR('',#10039,1.);
#10039 = DIRECTION('',(0.,-1.));
#10040 = ( GEOMETRIC_REPRESENTATION_CONTEXT(2) 
PARAMETRIC_REPRESENTATION_CONTEXT() REPRESENTATION_CONTEXT('2D SPACE',''
  ) );
#10041 = ORIENTED_EDGE('',*,*,#10042,.T.);
#10042 = EDGE_CURVE('',#10020,#10043,#10045,.T.);
#10043 = VERTEX_POINT('',#10044);
#10044 = CARTESIAN_POINT('',(-43.03086098879,45.331618638823,
    32.710403799629));
#10045 = SURFACE_CURVE('',#10046,(#10050,#10057),.PCURVE_S1.);
#10046 = LINE('',#10047,#10048);
#10047 = CARTESIAN_POINT('',(-41.37984863749,46.491547418548,
    34.394848097291));
#10048 = VECTOR('',#10049,1.);
#10049 = DIRECTION('',(-0.628137008538,-0.44130147981,-0.640856382056));
#10050 = PCURVE('',#7371,#10051);
#10051 = DEFINITIONAL_REPRESENTATION('',(#10052),#10056);
#10052 = LINE('',#10053,#10054);
#10053 = CARTESIAN_POINT('',(4.079066818394E-15,-4.));
#10054 = VECTOR('',#10055,1.);
#10055 = DIRECTION('',(1.,-4.635018453421E-17));
#10056 = ( GEOMETRIC_REPRESENTATION_CONTEXT(2) 
PARAMETRIC_REPRESENTATION_CONTEXT() REPRESENTATION_CONTEXT('2D SPACE',''
  ) );
#10057 = PCURVE('',#9577,#10058);
#10058 = DEFINITIONAL_REPRESENTATION('',(#10059),#10063);
#10059 = LINE('',#10060,#10061);
#10060 = CARTESIAN_POINT('',(-3.61629509039,-1.757716446628));
#10061 = VECTOR('',#10062,1.);
#10062 = DIRECTION('',(0.707106781187,-0.707106781187));
#10063 = ( GEOMETRIC_REPRESENTATION_CONTEXT(2) 
PARAMETRIC_REPRESENTATION_CONTEXT() REPRESENTATION_CONTEXT('2D SPACE',''
  ) );
#10064 = ORIENTED_EDGE('',*,*,#10065,.F.);
#10065 = EDGE_CURVE('',#7355,#10043,#10066,.T.);
#10066 = SURFACE_CURVE('',#10067,(#10071,#10078),.PCURVE_S1.);
#10067 = LINE('',#10068,#10069);
#10068 = CARTESIAN_POINT('',(-46.1052313621,47.252698461524,
    34.400876846592));
#10069 = VECTOR('',#10070,1.);
#10070 = DIRECTION('',(0.768592593328,-0.480269955675,-0.422618261741));
#10071 = PCURVE('',#7371,#10072);
#10072 = DEFINITIONAL_REPRESENTATION('',(#10073),#10077);
#10073 = LINE('',#10074,#10075);
#10074 = CARTESIAN_POINT('',(2.628427124746,2.062929856165E-15));
#10075 = VECTOR('',#10076,1.);
#10076 = DIRECTION('',(-1.775206544715E-17,-1.));
#10077 = ( GEOMETRIC_REPRESENTATION_CONTEXT(2) 
PARAMETRIC_REPRESENTATION_CONTEXT() REPRESENTATION_CONTEXT('2D SPACE',''
  ) );
#10078 = PCURVE('',#7403,#10079);
#10079 = DEFINITIONAL_REPRESENTATION('',(#10080),#10084);
#10080 = LINE('',#10081,#10082);
#10081 = CARTESIAN_POINT('',(0.,0.));
#10082 = VECTOR('',#10083,1.);
#10083 = DIRECTION('',(0.,-1.));
#10084 = ( GEOMETRIC_REPRESENTATION_CONTEXT(2) 
PARAMETRIC_REPRESENTATION_CONTEXT() REPRESENTATION_CONTEXT('2D SPACE',''
  ) );
#10085 = ADVANCED_FACE('',(#10086),#7403,.T.);
#10086 = FACE_BOUND('',#10087,.T.);
#10087 = EDGE_LOOP('',(#10088,#10089,#10090,#10114));
#10088 = ORIENTED_EDGE('',*,*,#7382,.F.);
#10089 = ORIENTED_EDGE('',*,*,#10065,.T.);
#10090 = ORIENTED_EDGE('',*,*,#10091,.T.);
#10091 = EDGE_CURVE('',#10043,#10092,#10094,.T.);
#10092 = VERTEX_POINT('',#10093);
#10093 = CARTESIAN_POINT('',(-43.95260420325,39.570669380002,
    37.580912303253));
#10094 = SURFACE_CURVE('',#10095,(#10100,#10107),.PCURVE_S1.);
#10095 = CIRCLE('',#10096,3.8);
#10096 = AXIS2_PLACEMENT_3D('',#10097,#10098,#10099);
#10097 = CARTESIAN_POINT('',(-43.49173259602,42.451144009412,
    35.145658051441));
#10098 = DIRECTION('',(-0.768592593328,0.480269955675,0.422618261741));
#10099 = DIRECTION('',(0.121282001903,0.758019639319,-0.640856382056));
#10100 = PCURVE('',#7403,#10101);
#10101 = DEFINITIONAL_REPRESENTATION('',(#10102),#10106);
#10102 = LINE('',#10103,#10104);
#10103 = CARTESIAN_POINT('',(0.,-4.));
#10104 = VECTOR('',#10105,1.);
#10105 = DIRECTION('',(1.,0.));
#10106 = ( GEOMETRIC_REPRESENTATION_CONTEXT(2) 
PARAMETRIC_REPRESENTATION_CONTEXT() REPRESENTATION_CONTEXT('2D SPACE',''
  ) );
#10107 = PCURVE('',#9577,#10108);
#10108 = DEFINITIONAL_REPRESENTATION('',(#10109),#10113);
#10109 = CIRCLE('',#10110,3.8);
#10110 = AXIS2_PLACEMENT_2D('',#10111,#10112);
#10111 = CARTESIAN_POINT('',(0.929289321881,-0.929289321881));
#10112 = DIRECTION('',(-0.707106781187,-0.707106781187));
#10113 = ( GEOMETRIC_REPRESENTATION_CONTEXT(2) 
PARAMETRIC_REPRESENTATION_CONTEXT() REPRESENTATION_CONTEXT('2D SPACE',''
  ) );
#10114 = ORIENTED_EDGE('',*,*,#10115,.F.);
#10115 = EDGE_CURVE('',#7383,#10092,#10116,.T.);
#10116 = SURFACE_CURVE('',#10117,(#10121,#10128),.PCURVE_S1.);
#10117 = LINE('',#10118,#10119);
#10118 = CARTESIAN_POINT('',(-47.02697457656,41.491749202703,
    39.271385350216));
#10119 = VECTOR('',#10120,1.);
#10120 = DIRECTION('',(0.768592593328,-0.480269955675,-0.422618261741));
#10121 = PCURVE('',#7403,#10122);
#10122 = DEFINITIONAL_REPRESENTATION('',(#10123),#10127);
#10123 = LINE('',#10124,#10125);
#10124 = CARTESIAN_POINT('',(3.14159265359,0.));
#10125 = VECTOR('',#10126,1.);
#10126 = DIRECTION('',(0.,-1.));
#10127 = ( GEOMETRIC_REPRESENTATION_CONTEXT(2) 
PARAMETRIC_REPRESENTATION_CONTEXT() REPRESENTATION_CONTEXT('2D SPACE',''
  ) );
#10128 = PCURVE('',#7430,#10129);
#10129 = DEFINITIONAL_REPRESENTATION('',(#10130),#10134);
#10130 = LINE('',#10131,#10132);
#10131 = CARTESIAN_POINT('',(0.,0.));
#10132 = VECTOR('',#10133,1.);
#10133 = DIRECTION('',(1.775206544715E-17,-1.));
#10134 = ( GEOMETRIC_REPRESENTATION_CONTEXT(2) 
PARAMETRIC_REPRESENTATION_CONTEXT() REPRESENTATION_CONTEXT('2D SPACE',''
  ) );
#10135 = ADVANCED_FACE('',(#10136),#7460,.T.);
#10136 = FACE_BOUND('',#10137,.T.);
#10137 = EDGE_LOOP('',(#10138,#10139,#10162,#10184));
#10138 = ORIENTED_EDGE('',*,*,#7441,.F.);
#10139 = ORIENTED_EDGE('',*,*,#10140,.T.);
#10140 = EDGE_CURVE('',#7416,#10141,#10143,.T.);
#10141 = VERTEX_POINT('',#10142);
#10142 = CARTESIAN_POINT('',(-42.30159185195,40.730598159726,
    39.265356600915));
#10143 = SURFACE_CURVE('',#10144,(#10148,#10155),.PCURVE_S1.);
#10144 = LINE('',#10145,#10146);
#10145 = CARTESIAN_POINT('',(-45.37596222526,42.651677982427,
    40.955829647878));
#10146 = VECTOR('',#10147,1.);
#10147 = DIRECTION('',(0.768592593328,-0.480269955675,-0.422618261741));
#10148 = PCURVE('',#7460,#10149);
#10149 = DEFINITIONAL_REPRESENTATION('',(#10150),#10154);
#10150 = LINE('',#10151,#10152);
#10151 = CARTESIAN_POINT('',(0.,0.));
#10152 = VECTOR('',#10153,1.);
#10153 = DIRECTION('',(0.,-1.));
#10154 = ( GEOMETRIC_REPRESENTATION_CONTEXT(2) 
PARAMETRIC_REPRESENTATION_CONTEXT() REPRESENTATION_CONTEXT('2D SPACE',''
  ) );
#10155 = PCURVE('',#7430,#10156);
#10156 = DEFINITIONAL_REPRESENTATION('',(#10157),#10161);
#10157 = LINE('',#10158,#10159);
#10158 = CARTESIAN_POINT('',(2.628427124746,-2.062929856165E-15));
#10159 = VECTOR('',#10160,1.);
#10160 = DIRECTION('',(1.775206544715E-17,-1.));
#10161 = ( GEOMETRIC_REPRESENTATION_CONTEXT(2) 
PARAMETRIC_REPRESENTATION_CONTEXT() REPRESENTATION_CONTEXT('2D SPACE',''
  ) );
#10162 = ORIENTED_EDGE('',*,*,#10163,.T.);
#10163 = EDGE_CURVE('',#10141,#10020,#10164,.T.);
#10164 = SURFACE_CURVE('',#10165,(#10170,#10177),.PCURVE_S1.);
#10165 = CIRCLE('',#10166,3.8);
#10166 = AXIS2_PLACEMENT_3D('',#10167,#10168,#10169);
#10167 = CARTESIAN_POINT('',(-41.84072024472,43.611072789137,
    36.830102349103));
#10168 = DIRECTION('',(-0.768592593328,0.480269955675,0.422618261741));
#10169 = DIRECTION('',(-0.121282001903,-0.758019639319,0.640856382056));
#10170 = PCURVE('',#7460,#10171);
#10171 = DEFINITIONAL_REPRESENTATION('',(#10172),#10176);
#10172 = LINE('',#10173,#10174);
#10173 = CARTESIAN_POINT('',(0.,-4.));
#10174 = VECTOR('',#10175,1.);
#10175 = DIRECTION('',(1.,0.));
#10176 = ( GEOMETRIC_REPRESENTATION_CONTEXT(2) 
PARAMETRIC_REPRESENTATION_CONTEXT() REPRESENTATION_CONTEXT('2D SPACE',''
  ) );
#10177 = PCURVE('',#9577,#10178);
#10178 = DEFINITIONAL_REPRESENTATION('',(#10179),#10183);
#10179 = CIRCLE('',#10180,3.8);
#10180 = AXIS2_PLACEMENT_2D('',#10181,#10182);
#10181 = CARTESIAN_POINT('',(-0.929289321881,0.929289321881));
#10182 = DIRECTION('',(0.707106781187,0.707106781187));
#10183 = ( GEOMETRIC_REPRESENTATION_CONTEXT(2) 
PARAMETRIC_REPRESENTATION_CONTEXT() REPRESENTATION_CONTEXT('2D SPACE',''
  ) );
#10184 = ORIENTED_EDGE('',*,*,#10019,.F.);
#10185 = ADVANCED_FACE('',(#10186),#7430,.T.);
#10186 = FACE_BOUND('',#10187,.T.);
#10187 = EDGE_LOOP('',(#10188,#10189,#10190,#10211));
#10188 = ORIENTED_EDGE('',*,*,#7415,.T.);
#10189 = ORIENTED_EDGE('',*,*,#10115,.T.);
#10190 = ORIENTED_EDGE('',*,*,#10191,.T.);
#10191 = EDGE_CURVE('',#10092,#10141,#10192,.T.);
#10192 = SURFACE_CURVE('',#10193,(#10197,#10204),.PCURVE_S1.);
#10193 = LINE('',#10194,#10195);
#10194 = CARTESIAN_POINT('',(-43.95260420325,39.570669380002,
    37.580912303253));
#10195 = VECTOR('',#10196,1.);
#10196 = DIRECTION('',(0.628137008538,0.44130147981,0.640856382056));
#10197 = PCURVE('',#7430,#10198);
#10198 = DEFINITIONAL_REPRESENTATION('',(#10199),#10203);
#10199 = LINE('',#10200,#10201);
#10200 = CARTESIAN_POINT('',(-4.079066818394E-15,-4.));
#10201 = VECTOR('',#10202,1.);
#10202 = DIRECTION('',(1.,4.635018453421E-17));
#10203 = ( GEOMETRIC_REPRESENTATION_CONTEXT(2) 
PARAMETRIC_REPRESENTATION_CONTEXT() REPRESENTATION_CONTEXT('2D SPACE',''
  ) );
#10204 = PCURVE('',#9577,#10205);
#10205 = DEFINITIONAL_REPRESENTATION('',(#10206),#10210);
#10206 = LINE('',#10207,#10208);
#10207 = CARTESIAN_POINT('',(3.61629509039,1.757716446628));
#10208 = VECTOR('',#10209,1.);
#10209 = DIRECTION('',(-0.707106781187,0.707106781187));
#10210 = ( GEOMETRIC_REPRESENTATION_CONTEXT(2) 
PARAMETRIC_REPRESENTATION_CONTEXT() REPRESENTATION_CONTEXT('2D SPACE',''
  ) );
#10211 = ORIENTED_EDGE('',*,*,#10140,.F.);
#10212 = ADVANCED_FACE('',(#10213),#7491,.T.);
#10213 = FACE_BOUND('',#10214,.T.);
#10214 = EDGE_LOOP('',(#10215,#10245,#10266,#10267));
#10215 = ORIENTED_EDGE('',*,*,#10216,.F.);
#10216 = EDGE_CURVE('',#10217,#10219,#10221,.T.);
#10217 = VERTEX_POINT('',#10218);
#10218 = CARTESIAN_POINT('',(-35.61637898363,44.521766817231,
    58.946050610818));
#10219 = VERTEX_POINT('',#10220);
#10220 = CARTESIAN_POINT('',(-42.06759000449,48.552930866867,
    42.632510444159));
#10221 = SURFACE_CURVE('',#10222,(#10226,#10233),.PCURVE_S1.);
#10222 = LINE('',#10223,#10224);
#10223 = CARTESIAN_POINT('',(-35.61637898363,44.521766817231,
    58.946050610818));
#10224 = VECTOR('',#10225,1.);
#10225 = DIRECTION('',(-0.35840061227,0.223953558313,-0.906307787037));
#10226 = PCURVE('',#7491,#10227);
#10227 = DEFINITIONAL_REPRESENTATION('',(#10228),#10232);
#10228 = LINE('',#10229,#10230);
#10229 = CARTESIAN_POINT('',(0.,0.));
#10230 = VECTOR('',#10231,1.);
#10231 = DIRECTION('',(1.,-4.268913590151E-18));
#10232 = ( GEOMETRIC_REPRESENTATION_CONTEXT(2) 
PARAMETRIC_REPRESENTATION_CONTEXT() REPRESENTATION_CONTEXT('2D SPACE',''
  ) );
#10233 = PCURVE('',#10234,#10239);
#10234 = PLANE('',#10235);
#10235 = AXIS2_PLACEMENT_3D('',#10236,#10237,#10238);
#10236 = CARTESIAN_POINT('',(-34.07271111596,54.169781707457,
    50.789280527489));
#10237 = DIRECTION('',(0.768592593328,-0.480269955675,-0.422618261741));
#10238 = DIRECTION('',(0.529919264233,0.848048096156,-3.551209177523E-18
    ));
#10239 = DEFINITIONAL_REPRESENTATION('',(#10240),#10244);
#10240 = LINE('',#10241,#10242);
#10241 = CARTESIAN_POINT('',(-9.,9.));
#10242 = VECTOR('',#10243,1.);
#10243 = DIRECTION('',(6.938091724323E-17,-1.));
#10244 = ( GEOMETRIC_REPRESENTATION_CONTEXT(2) 
PARAMETRIC_REPRESENTATION_CONTEXT() REPRESENTATION_CONTEXT('2D SPACE',''
  ) );
#10245 = ORIENTED_EDGE('',*,*,#10246,.T.);
#10246 = EDGE_CURVE('',#10217,#7477,#10247,.T.);
#10247 = SURFACE_CURVE('',#10248,(#10252,#10259),.PCURVE_S1.);
#10248 = LINE('',#10249,#10250);
#10249 = CARTESIAN_POINT('',(-35.61637898363,44.521766817231,
    58.946050610818));
#10250 = VECTOR('',#10251,1.);
#10251 = DIRECTION('',(0.768592593328,-0.480269955675,-0.422618261741));
#10252 = PCURVE('',#7491,#10253);
#10253 = DEFINITIONAL_REPRESENTATION('',(#10254),#10258);
#10254 = LINE('',#10255,#10256);
#10255 = CARTESIAN_POINT('',(0.,0.));
#10256 = VECTOR('',#10257,1.);
#10257 = DIRECTION('',(-9.523147762948E-18,-1.));
#10258 = ( GEOMETRIC_REPRESENTATION_CONTEXT(2) 
PARAMETRIC_REPRESENTATION_CONTEXT() REPRESENTATION_CONTEXT('2D SPACE',''
  ) );
#10259 = PCURVE('',#7517,#10260);
#10260 = DEFINITIONAL_REPRESENTATION('',(#10261),#10265);
#10261 = LINE('',#10262,#10263);
#10262 = CARTESIAN_POINT('',(18.,-1.470337228133E-15));
#10263 = VECTOR('',#10264,1.);
#10264 = DIRECTION('',(-1.124440797397E-16,-1.));
#10265 = ( GEOMETRIC_REPRESENTATION_CONTEXT(2) 
PARAMETRIC_REPRESENTATION_CONTEXT() REPRESENTATION_CONTEXT('2D SPACE',''
  ) );
#10266 = ORIENTED_EDGE('',*,*,#7474,.F.);
#10267 = ORIENTED_EDGE('',*,*,#10268,.F.);
#10268 = EDGE_CURVE('',#10219,#7475,#10269,.T.);
#10269 = SURFACE_CURVE('',#10270,(#10274,#10281),.PCURVE_S1.);
#10270 = LINE('',#10271,#10272);
#10271 = CARTESIAN_POINT('',(-42.06759000449,48.552930866867,
    42.632510444159));
#10272 = VECTOR('',#10273,1.);
#10273 = DIRECTION('',(0.768592593328,-0.480269955675,-0.422618261741));
#10274 = PCURVE('',#7491,#10275);
#10275 = DEFINITIONAL_REPRESENTATION('',(#10276),#10280);
#10276 = LINE('',#10277,#10278);
#10277 = CARTESIAN_POINT('',(18.,2.721180506747E-15));
#10278 = VECTOR('',#10279,1.);
#10279 = DIRECTION('',(-9.523147762948E-18,-1.));
#10280 = ( GEOMETRIC_REPRESENTATION_CONTEXT(2) 
PARAMETRIC_REPRESENTATION_CONTEXT() REPRESENTATION_CONTEXT('2D SPACE',''
  ) );
#10281 = PCURVE('',#7567,#10282);
#10282 = DEFINITIONAL_REPRESENTATION('',(#10283),#10287);
#10283 = LINE('',#10284,#10285);
#10284 = CARTESIAN_POINT('',(0.,0.));
#10285 = VECTOR('',#10286,1.);
#10286 = DIRECTION('',(1.124440797397E-16,-1.));
#10287 = ( GEOMETRIC_REPRESENTATION_CONTEXT(2) 
PARAMETRIC_REPRESENTATION_CONTEXT() REPRESENTATION_CONTEXT('2D SPACE',''
  ) );
#10288 = ADVANCED_FACE('',(#10289),#7567,.T.);
#10289 = FACE_BOUND('',#10290,.T.);
#10290 = EDGE_LOOP('',(#10291,#10314,#10315,#10316));
#10291 = ORIENTED_EDGE('',*,*,#10292,.F.);
#10292 = EDGE_CURVE('',#10219,#10293,#10295,.T.);
#10293 = VERTEX_POINT('',#10294);
#10294 = CARTESIAN_POINT('',(-32.52904324829,63.817796597683,
    42.632510444159));
#10295 = SURFACE_CURVE('',#10296,(#10300,#10307),.PCURVE_S1.);
#10296 = LINE('',#10297,#10298);
#10297 = CARTESIAN_POINT('',(-42.06759000449,48.552930866867,
    42.632510444159));
#10298 = VECTOR('',#10299,1.);
#10299 = DIRECTION('',(0.529919264233,0.848048096156,2.773547628497E-17)
  );
#10300 = PCURVE('',#7567,#10301);
#10301 = DEFINITIONAL_REPRESENTATION('',(#10302),#10306);
#10302 = LINE('',#10303,#10304);
#10303 = CARTESIAN_POINT('',(0.,0.));
#10304 = VECTOR('',#10305,1.);
#10305 = DIRECTION('',(1.,-4.475669865594E-18));
#10306 = ( GEOMETRIC_REPRESENTATION_CONTEXT(2) 
PARAMETRIC_REPRESENTATION_CONTEXT() REPRESENTATION_CONTEXT('2D SPACE',''
  ) );
#10307 = PCURVE('',#10234,#10308);
#10308 = DEFINITIONAL_REPRESENTATION('',(#10309),#10313);
#10309 = LINE('',#10310,#10311);
#10310 = CARTESIAN_POINT('',(-9.,-9.));
#10311 = VECTOR('',#10312,1.);
#10312 = DIRECTION('',(1.,9.663229801497E-17));
#10313 = ( GEOMETRIC_REPRESENTATION_CONTEXT(2) 
PARAMETRIC_REPRESENTATION_CONTEXT() REPRESENTATION_CONTEXT('2D SPACE',''
  ) );
#10314 = ORIENTED_EDGE('',*,*,#10268,.T.);
#10315 = ORIENTED_EDGE('',*,*,#7554,.F.);
#10316 = ORIENTED_EDGE('',*,*,#10317,.F.);
#10317 = EDGE_CURVE('',#10293,#7529,#10318,.T.);
#10318 = SURFACE_CURVE('',#10319,(#10323,#10330),.PCURVE_S1.);
#10319 = LINE('',#10320,#10321);
#10320 = CARTESIAN_POINT('',(-32.52904324829,63.817796597683,
    42.632510444159));
#10321 = VECTOR('',#10322,1.);
#10322 = DIRECTION('',(0.768592593328,-0.480269955675,-0.422618261741));
#10323 = PCURVE('',#7567,#10324);
#10324 = DEFINITIONAL_REPRESENTATION('',(#10325),#10329);
#10325 = LINE('',#10326,#10327);
#10326 = CARTESIAN_POINT('',(18.,1.470337228133E-15));
#10327 = VECTOR('',#10328,1.);
#10328 = DIRECTION('',(1.124440797397E-16,-1.));
#10329 = ( GEOMETRIC_REPRESENTATION_CONTEXT(2) 
PARAMETRIC_REPRESENTATION_CONTEXT() REPRESENTATION_CONTEXT('2D SPACE',''
  ) );
#10330 = PCURVE('',#7543,#10331);
#10331 = DEFINITIONAL_REPRESENTATION('',(#10332),#10336);
#10332 = LINE('',#10333,#10334);
#10333 = CARTESIAN_POINT('',(0.,0.));
#10334 = VECTOR('',#10335,1.);
#10335 = DIRECTION('',(9.523147762948E-18,-1.));
#10336 = ( GEOMETRIC_REPRESENTATION_CONTEXT(2) 
PARAMETRIC_REPRESENTATION_CONTEXT() REPRESENTATION_CONTEXT('2D SPACE',''
  ) );
#10337 = ADVANCED_FACE('',(#10338),#7517,.T.);
#10338 = FACE_BOUND('',#10339,.T.);
#10339 = EDGE_LOOP('',(#10340,#10363,#10384,#10385));
#10340 = ORIENTED_EDGE('',*,*,#10341,.F.);
#10341 = EDGE_CURVE('',#10342,#10217,#10344,.T.);
#10342 = VERTEX_POINT('',#10343);
#10343 = CARTESIAN_POINT('',(-26.07783222743,59.786632548046,
    58.946050610818));
#10344 = SURFACE_CURVE('',#10345,(#10349,#10356),.PCURVE_S1.);
#10345 = LINE('',#10346,#10347);
#10346 = CARTESIAN_POINT('',(-26.07783222743,59.786632548046,
    58.946050610818));
#10347 = VECTOR('',#10348,1.);
#10348 = DIRECTION('',(-0.529919264233,-0.848048096156,
    -2.773547628497E-17));
#10349 = PCURVE('',#7517,#10350);
#10350 = DEFINITIONAL_REPRESENTATION('',(#10351),#10355);
#10351 = LINE('',#10352,#10353);
#10352 = CARTESIAN_POINT('',(-0.,0.));
#10353 = VECTOR('',#10354,1.);
#10354 = DIRECTION('',(1.,4.475669865594E-18));
#10355 = ( GEOMETRIC_REPRESENTATION_CONTEXT(2) 
PARAMETRIC_REPRESENTATION_CONTEXT() REPRESENTATION_CONTEXT('2D SPACE',''
  ) );
#10356 = PCURVE('',#10234,#10357);
#10357 = DEFINITIONAL_REPRESENTATION('',(#10358),#10362);
#10358 = LINE('',#10359,#10360);
#10359 = CARTESIAN_POINT('',(9.,9.));
#10360 = VECTOR('',#10361,1.);
#10361 = DIRECTION('',(-1.,-9.663229801497E-17));
#10362 = ( GEOMETRIC_REPRESENTATION_CONTEXT(2) 
PARAMETRIC_REPRESENTATION_CONTEXT() REPRESENTATION_CONTEXT('2D SPACE',''
  ) );
#10363 = ORIENTED_EDGE('',*,*,#10364,.T.);
#10364 = EDGE_CURVE('',#10342,#7503,#10365,.T.);
#10365 = SURFACE_CURVE('',#10366,(#10370,#10377),.PCURVE_S1.);
#10366 = LINE('',#10367,#10368);
#10367 = CARTESIAN_POINT('',(-26.07783222743,59.786632548046,
    58.946050610818));
#10368 = VECTOR('',#10369,1.);
#10369 = DIRECTION('',(0.768592593328,-0.480269955675,-0.422618261741));
#10370 = PCURVE('',#7517,#10371);
#10371 = DEFINITIONAL_REPRESENTATION('',(#10372),#10376);
#10372 = LINE('',#10373,#10374);
#10373 = CARTESIAN_POINT('',(-0.,0.));
#10374 = VECTOR('',#10375,1.);
#10375 = DIRECTION('',(-1.124440797397E-16,-1.));
#10376 = ( GEOMETRIC_REPRESENTATION_CONTEXT(2) 
PARAMETRIC_REPRESENTATION_CONTEXT() REPRESENTATION_CONTEXT('2D SPACE',''
  ) );
#10377 = PCURVE('',#7543,#10378);
#10378 = DEFINITIONAL_REPRESENTATION('',(#10379),#10383);
#10379 = LINE('',#10380,#10381);
#10380 = CARTESIAN_POINT('',(18.,-5.385715765847E-15));
#10381 = VECTOR('',#10382,1.);
#10382 = DIRECTION('',(9.523147762948E-18,-1.));
#10383 = ( GEOMETRIC_REPRESENTATION_CONTEXT(2) 
PARAMETRIC_REPRESENTATION_CONTEXT() REPRESENTATION_CONTEXT('2D SPACE',''
  ) );
#10384 = ORIENTED_EDGE('',*,*,#7502,.F.);
#10385 = ORIENTED_EDGE('',*,*,#10246,.F.);
#10386 = ADVANCED_FACE('',(#10387),#7543,.T.);
#10387 = FACE_BOUND('',#10388,.T.);
#10388 = EDGE_LOOP('',(#10389,#10410,#10411,#10412));
#10389 = ORIENTED_EDGE('',*,*,#10390,.F.);
#10390 = EDGE_CURVE('',#10293,#10342,#10391,.T.);
#10391 = SURFACE_CURVE('',#10392,(#10396,#10403),.PCURVE_S1.);
#10392 = LINE('',#10393,#10394);
#10393 = CARTESIAN_POINT('',(-32.52904324829,63.817796597683,
    42.632510444159));
#10394 = VECTOR('',#10395,1.);
#10395 = DIRECTION('',(0.35840061227,-0.223953558313,0.906307787037));
#10396 = PCURVE('',#7543,#10397);
#10397 = DEFINITIONAL_REPRESENTATION('',(#10398),#10402);
#10398 = LINE('',#10399,#10400);
#10399 = CARTESIAN_POINT('',(0.,0.));
#10400 = VECTOR('',#10401,1.);
#10401 = DIRECTION('',(1.,4.268913590151E-18));
#10402 = ( GEOMETRIC_REPRESENTATION_CONTEXT(2) 
PARAMETRIC_REPRESENTATION_CONTEXT() REPRESENTATION_CONTEXT('2D SPACE',''
  ) );
#10403 = PCURVE('',#10234,#10404);
#10404 = DEFINITIONAL_REPRESENTATION('',(#10405),#10409);
#10405 = LINE('',#10406,#10407);
#10406 = CARTESIAN_POINT('',(9.,-9.));
#10407 = VECTOR('',#10408,1.);
#10408 = DIRECTION('',(-6.938091724323E-17,1.));
#10409 = ( GEOMETRIC_REPRESENTATION_CONTEXT(2) 
PARAMETRIC_REPRESENTATION_CONTEXT() REPRESENTATION_CONTEXT('2D SPACE',''
  ) );
#10410 = ORIENTED_EDGE('',*,*,#10317,.T.);
#10411 = ORIENTED_EDGE('',*,*,#7528,.F.);
#10412 = ORIENTED_EDGE('',*,*,#10364,.F.);
#10413 = ADVANCED_FACE('',(#10414),#7597,.T.);
#10414 = FACE_BOUND('',#10415,.T.);
#10415 = EDGE_LOOP('',(#10416,#10417,#10440,#10468));
#10416 = ORIENTED_EDGE('',*,*,#7580,.T.);
#10417 = ORIENTED_EDGE('',*,*,#10418,.T.);
#10418 = EDGE_CURVE('',#7583,#10419,#10421,.T.);
#10419 = VERTEX_POINT('',#10420);
#10420 = CARTESIAN_POINT('',(-30.05601720251,66.095709158912,
    32.710403799629));
#10421 = SURFACE_CURVE('',#10422,(#10426,#10433),.PCURVE_S1.);
#10422 = LINE('',#10423,#10424);
#10423 = CARTESIAN_POINT('',(-33.13038757582,68.016788981614,
    34.400876846592));
#10424 = VECTOR('',#10425,1.);
#10425 = DIRECTION('',(0.768592593328,-0.480269955675,-0.422618261741));
#10426 = PCURVE('',#7597,#10427);
#10427 = DEFINITIONAL_REPRESENTATION('',(#10428),#10432);
#10428 = LINE('',#10429,#10430);
#10429 = CARTESIAN_POINT('',(0.,0.));
#10430 = VECTOR('',#10431,1.);
#10431 = DIRECTION('',(-3.775908578411E-17,-1.));
#10432 = ( GEOMETRIC_REPRESENTATION_CONTEXT(2) 
PARAMETRIC_REPRESENTATION_CONTEXT() REPRESENTATION_CONTEXT('2D SPACE',''
  ) );
#10433 = PCURVE('',#7686,#10434);
#10434 = DEFINITIONAL_REPRESENTATION('',(#10435),#10439);
#10435 = LINE('',#10436,#10437);
#10436 = CARTESIAN_POINT('',(3.14159265359,0.));
#10437 = VECTOR('',#10438,1.);
#10438 = DIRECTION('',(0.,-1.));
#10439 = ( GEOMETRIC_REPRESENTATION_CONTEXT(2) 
PARAMETRIC_REPRESENTATION_CONTEXT() REPRESENTATION_CONTEXT('2D SPACE',''
  ) );
#10440 = ORIENTED_EDGE('',*,*,#10441,.T.);
#10441 = EDGE_CURVE('',#10419,#10442,#10444,.T.);
#10442 = VERTEX_POINT('',#10443);
#10443 = CARTESIAN_POINT('',(-30.37479810606,64.103309777837,
    34.394848097291));
#10444 = SURFACE_CURVE('',#10445,(#10449,#10456),.PCURVE_S1.);
#10445 = LINE('',#10446,#10447);
#10446 = CARTESIAN_POINT('',(-30.05601720251,66.095709158912,
    32.710403799629));
#10447 = VECTOR('',#10448,1.);
#10448 = DIRECTION('',(-0.121282001903,-0.758019639319,0.640856382056));
#10449 = PCURVE('',#7597,#10450);
#10450 = DEFINITIONAL_REPRESENTATION('',(#10451),#10455);
#10451 = LINE('',#10452,#10453);
#10452 = CARTESIAN_POINT('',(-5.263531395934E-16,-4.));
#10453 = VECTOR('',#10454,1.);
#10454 = DIRECTION('',(1.,-8.031031778068E-17));
#10455 = ( GEOMETRIC_REPRESENTATION_CONTEXT(2) 
PARAMETRIC_REPRESENTATION_CONTEXT() REPRESENTATION_CONTEXT('2D SPACE',''
  ) );
#10456 = PCURVE('',#10457,#10462);
#10457 = PLANE('',#10458);
#10458 = AXIS2_PLACEMENT_3D('',#10459,#10460,#10461);
#10459 = CARTESIAN_POINT('',(-27.82848702184,66.776455091654,
    35.987880200272));
#10460 = DIRECTION('',(-0.768592593328,0.480269955675,0.422618261741));
#10461 = DIRECTION('',(-0.529919264233,-0.848048096156,
    -7.869663770064E-18));
#10462 = DEFINITIONAL_REPRESENTATION('',(#10463),#10467);
#10463 = LINE('',#10464,#10465);
#10464 = CARTESIAN_POINT('',(1.757716446628,-3.61629509039));
#10465 = VECTOR('',#10466,1.);
#10466 = DIRECTION('',(0.707106781187,0.707106781187));
#10467 = ( GEOMETRIC_REPRESENTATION_CONTEXT(2) 
PARAMETRIC_REPRESENTATION_CONTEXT() REPRESENTATION_CONTEXT('2D SPACE',''
  ) );
#10468 = ORIENTED_EDGE('',*,*,#10469,.F.);
#10469 = EDGE_CURVE('',#7581,#10442,#10470,.T.);
#10470 = SURFACE_CURVE('',#10471,(#10475,#10482),.PCURVE_S1.);
#10471 = LINE('',#10472,#10473);
#10472 = CARTESIAN_POINT('',(-33.44916847937,66.024389600538,
    36.085321144254));
#10473 = VECTOR('',#10474,1.);
#10474 = DIRECTION('',(0.768592593328,-0.480269955675,-0.422618261741));
#10475 = PCURVE('',#7597,#10476);
#10476 = DEFINITIONAL_REPRESENTATION('',(#10477),#10481);
#10477 = LINE('',#10478,#10479);
#10478 = CARTESIAN_POINT('',(2.628427124746,2.301973660501E-15));
#10479 = VECTOR('',#10480,1.);
#10480 = DIRECTION('',(-3.775908578411E-17,-1.));
#10481 = ( GEOMETRIC_REPRESENTATION_CONTEXT(2) 
PARAMETRIC_REPRESENTATION_CONTEXT() REPRESENTATION_CONTEXT('2D SPACE',''
  ) );
#10482 = PCURVE('',#7629,#10483);
#10483 = DEFINITIONAL_REPRESENTATION('',(#10484),#10488);
#10484 = LINE('',#10485,#10486);
#10485 = CARTESIAN_POINT('',(0.,0.));
#10486 = VECTOR('',#10487,1.);
#10487 = DIRECTION('',(0.,-1.));
#10488 = ( GEOMETRIC_REPRESENTATION_CONTEXT(2) 
PARAMETRIC_REPRESENTATION_CONTEXT() REPRESENTATION_CONTEXT('2D SPACE',''
  ) );
#10489 = ADVANCED_FACE('',(#10490),#7629,.T.);
#10490 = FACE_BOUND('',#10491,.T.);
#10491 = EDGE_LOOP('',(#10492,#10493,#10494,#10518));
#10492 = ORIENTED_EDGE('',*,*,#7608,.F.);
#10493 = ORIENTED_EDGE('',*,*,#10469,.T.);
#10494 = ORIENTED_EDGE('',*,*,#10495,.T.);
#10495 = EDGE_CURVE('',#10442,#10496,#10498,.T.);
#10496 = VERTEX_POINT('',#10497);
#10497 = CARTESIAN_POINT('',(-25.60095684116,67.457201024397,
    39.265356600915));
#10498 = SURFACE_CURVE('',#10499,(#10504,#10511),.PCURVE_S1.);
#10499 = CIRCLE('',#10500,3.8);
#10500 = AXIS2_PLACEMENT_3D('',#10501,#10502,#10503);
#10501 = CARTESIAN_POINT('',(-27.98787747361,65.780255401117,
    36.830102349103));
#10502 = DIRECTION('',(-0.768592593328,0.480269955675,0.422618261741));
#10503 = DIRECTION('',(-0.628137008538,-0.44130147981,-0.640856382056));
#10504 = PCURVE('',#7629,#10505);
#10505 = DEFINITIONAL_REPRESENTATION('',(#10506),#10510);
#10506 = LINE('',#10507,#10508);
#10507 = CARTESIAN_POINT('',(0.,-4.));
#10508 = VECTOR('',#10509,1.);
#10509 = DIRECTION('',(1.,0.));
#10510 = ( GEOMETRIC_REPRESENTATION_CONTEXT(2) 
PARAMETRIC_REPRESENTATION_CONTEXT() REPRESENTATION_CONTEXT('2D SPACE',''
  ) );
#10511 = PCURVE('',#10457,#10512);
#10512 = DEFINITIONAL_REPRESENTATION('',(#10513),#10517);
#10513 = CIRCLE('',#10514,3.8);
#10514 = AXIS2_PLACEMENT_2D('',#10515,#10516);
#10515 = CARTESIAN_POINT('',(0.929289321881,0.929289321881));
#10516 = DIRECTION('',(0.707106781187,-0.707106781187));
#10517 = ( GEOMETRIC_REPRESENTATION_CONTEXT(2) 
PARAMETRIC_REPRESENTATION_CONTEXT() REPRESENTATION_CONTEXT('2D SPACE',''
  ) );
#10518 = ORIENTED_EDGE('',*,*,#10519,.F.);
#10519 = EDGE_CURVE('',#7609,#10496,#10520,.T.);
#10520 = SURFACE_CURVE('',#10521,(#10525,#10532),.PCURVE_S1.);
#10521 = LINE('',#10522,#10523);
#10522 = CARTESIAN_POINT('',(-28.67532721448,69.378280847098,
    40.955829647878));
#10523 = VECTOR('',#10524,1.);
#10524 = DIRECTION('',(0.768592593328,-0.480269955675,-0.422618261741));
#10525 = PCURVE('',#7629,#10526);
#10526 = DEFINITIONAL_REPRESENTATION('',(#10527),#10531);
#10527 = LINE('',#10528,#10529);
#10528 = CARTESIAN_POINT('',(3.14159265359,0.));
#10529 = VECTOR('',#10530,1.);
#10530 = DIRECTION('',(0.,-1.));
#10531 = ( GEOMETRIC_REPRESENTATION_CONTEXT(2) 
PARAMETRIC_REPRESENTATION_CONTEXT() REPRESENTATION_CONTEXT('2D SPACE',''
  ) );
#10532 = PCURVE('',#7656,#10533);
#10533 = DEFINITIONAL_REPRESENTATION('',(#10534),#10538);
#10534 = LINE('',#10535,#10536);
#10535 = CARTESIAN_POINT('',(0.,0.));
#10536 = VECTOR('',#10537,1.);
#10537 = DIRECTION('',(3.775908578411E-17,-1.));
#10538 = ( GEOMETRIC_REPRESENTATION_CONTEXT(2) 
PARAMETRIC_REPRESENTATION_CONTEXT() REPRESENTATION_CONTEXT('2D SPACE',''
  ) );
#10539 = ADVANCED_FACE('',(#10540),#7686,.T.);
#10540 = FACE_BOUND('',#10541,.T.);
#10541 = EDGE_LOOP('',(#10542,#10543,#10566,#10588));
#10542 = ORIENTED_EDGE('',*,*,#7667,.F.);
#10543 = ORIENTED_EDGE('',*,*,#10544,.T.);
#10544 = EDGE_CURVE('',#7642,#10545,#10547,.T.);
#10545 = VERTEX_POINT('',#10546);
#10546 = CARTESIAN_POINT('',(-25.28217593762,69.449600405472,
    37.580912303253));
#10547 = SURFACE_CURVE('',#10548,(#10552,#10559),.PCURVE_S1.);
#10548 = LINE('',#10549,#10550);
#10549 = CARTESIAN_POINT('',(-28.35654631093,71.370680228173,
    39.271385350216));
#10550 = VECTOR('',#10551,1.);
#10551 = DIRECTION('',(0.768592593328,-0.480269955675,-0.422618261741));
#10552 = PCURVE('',#7686,#10553);
#10553 = DEFINITIONAL_REPRESENTATION('',(#10554),#10558);
#10554 = LINE('',#10555,#10556);
#10555 = CARTESIAN_POINT('',(0.,0.));
#10556 = VECTOR('',#10557,1.);
#10557 = DIRECTION('',(0.,-1.));
#10558 = ( GEOMETRIC_REPRESENTATION_CONTEXT(2) 
PARAMETRIC_REPRESENTATION_CONTEXT() REPRESENTATION_CONTEXT('2D SPACE',''
  ) );
#10559 = PCURVE('',#7656,#10560);
#10560 = DEFINITIONAL_REPRESENTATION('',(#10561),#10565);
#10561 = LINE('',#10562,#10563);
#10562 = CARTESIAN_POINT('',(2.628427124746,-2.301973660501E-15));
#10563 = VECTOR('',#10564,1.);
#10564 = DIRECTION('',(3.775908578411E-17,-1.));
#10565 = ( GEOMETRIC_REPRESENTATION_CONTEXT(2) 
PARAMETRIC_REPRESENTATION_CONTEXT() REPRESENTATION_CONTEXT('2D SPACE',''
  ) );
#10566 = ORIENTED_EDGE('',*,*,#10567,.T.);
#10567 = EDGE_CURVE('',#10545,#10419,#10568,.T.);
#10568 = SURFACE_CURVE('',#10569,(#10574,#10581),.PCURVE_S1.);
#10569 = CIRCLE('',#10570,3.8);
#10570 = AXIS2_PLACEMENT_3D('',#10571,#10572,#10573);
#10571 = CARTESIAN_POINT('',(-27.66909657006,67.772654782192,
    35.145658051441));
#10572 = DIRECTION('',(-0.768592593328,0.480269955675,0.422618261741));
#10573 = DIRECTION('',(0.628137008538,0.44130147981,0.640856382056));
#10574 = PCURVE('',#7686,#10575);
#10575 = DEFINITIONAL_REPRESENTATION('',(#10576),#10580);
#10576 = LINE('',#10577,#10578);
#10577 = CARTESIAN_POINT('',(0.,-4.));
#10578 = VECTOR('',#10579,1.);
#10579 = DIRECTION('',(1.,0.));
#10580 = ( GEOMETRIC_REPRESENTATION_CONTEXT(2) 
PARAMETRIC_REPRESENTATION_CONTEXT() REPRESENTATION_CONTEXT('2D SPACE',''
  ) );
#10581 = PCURVE('',#10457,#10582);
#10582 = DEFINITIONAL_REPRESENTATION('',(#10583),#10587);
#10583 = CIRCLE('',#10584,3.8);
#10584 = AXIS2_PLACEMENT_2D('',#10585,#10586);
#10585 = CARTESIAN_POINT('',(-0.929289321881,-0.929289321881));
#10586 = DIRECTION('',(-0.707106781187,0.707106781187));
#10587 = ( GEOMETRIC_REPRESENTATION_CONTEXT(2) 
PARAMETRIC_REPRESENTATION_CONTEXT() REPRESENTATION_CONTEXT('2D SPACE',''
  ) );
#10588 = ORIENTED_EDGE('',*,*,#10418,.F.);
#10589 = ADVANCED_FACE('',(#10590),#7656,.T.);
#10590 = FACE_BOUND('',#10591,.T.);
#10591 = EDGE_LOOP('',(#10592,#10593,#10594,#10615));
#10592 = ORIENTED_EDGE('',*,*,#7641,.T.);
#10593 = ORIENTED_EDGE('',*,*,#10519,.T.);
#10594 = ORIENTED_EDGE('',*,*,#10595,.T.);
#10595 = EDGE_CURVE('',#10496,#10545,#10596,.T.);
#10596 = SURFACE_CURVE('',#10597,(#10601,#10608),.PCURVE_S1.);
#10597 = LINE('',#10598,#10599);
#10598 = CARTESIAN_POINT('',(-25.60095684116,67.457201024397,
    39.265356600915));
#10599 = VECTOR('',#10600,1.);
#10600 = DIRECTION('',(0.121282001903,0.758019639319,-0.640856382056));
#10601 = PCURVE('',#7656,#10602);
#10602 = DEFINITIONAL_REPRESENTATION('',(#10603),#10607);
#10603 = LINE('',#10604,#10605);
#10604 = CARTESIAN_POINT('',(5.263531395934E-16,-4.));
#10605 = VECTOR('',#10606,1.);
#10606 = DIRECTION('',(1.,8.031031778068E-17));
#10607 = ( GEOMETRIC_REPRESENTATION_CONTEXT(2) 
PARAMETRIC_REPRESENTATION_CONTEXT() REPRESENTATION_CONTEXT('2D SPACE',''
  ) );
#10608 = PCURVE('',#10457,#10609);
#10609 = DEFINITIONAL_REPRESENTATION('',(#10610),#10614);
#10610 = LINE('',#10611,#10612);
#10611 = CARTESIAN_POINT('',(-1.757716446628,3.61629509039));
#10612 = VECTOR('',#10613,1.);
#10613 = DIRECTION('',(-0.707106781187,-0.707106781187));
#10614 = ( GEOMETRIC_REPRESENTATION_CONTEXT(2) 
PARAMETRIC_REPRESENTATION_CONTEXT() REPRESENTATION_CONTEXT('2D SPACE',''
  ) );
#10615 = ORIENTED_EDGE('',*,*,#10544,.F.);
#10616 = ADVANCED_FACE('',(#10617),#7717,.T.);
#10617 = FACE_BOUND('',#10618,.T.);
#10618 = EDGE_LOOP('',(#10619,#10620,#10643,#10666));
#10619 = ORIENTED_EDGE('',*,*,#7700,.T.);
#10620 = ORIENTED_EDGE('',*,*,#10621,.T.);
#10621 = EDGE_CURVE('',#7703,#10622,#10624,.T.);
#10622 = VERTEX_POINT('',#10623);
#10623 = CARTESIAN_POINT('',(-34.85853945748,36.079662833764,
    58.087021836655));
#10624 = SURFACE_CURVE('',#10625,(#10629,#10636),.PCURVE_S1.);
#10625 = LINE('',#10626,#10627);
#10626 = CARTESIAN_POINT('',(-37.93290983079,38.000742656466,
    59.777494883618));
#10627 = VECTOR('',#10628,1.);
#10628 = DIRECTION('',(0.768592593328,-0.480269955675,-0.422618261741));
#10629 = PCURVE('',#7717,#10630);
#10630 = DEFINITIONAL_REPRESENTATION('',(#10631),#10635);
#10631 = LINE('',#10632,#10633);
#10632 = CARTESIAN_POINT('',(0.,0.));
#10633 = VECTOR('',#10634,1.);
#10634 = DIRECTION('',(-3.775908578411E-17,-1.));
#10635 = ( GEOMETRIC_REPRESENTATION_CONTEXT(2) 
PARAMETRIC_REPRESENTATION_CONTEXT() REPRESENTATION_CONTEXT('2D SPACE',''
  ) );
#10636 = PCURVE('',#7806,#10637);
#10637 = DEFINITIONAL_REPRESENTATION('',(#10638),#10642);
#10638 = LINE('',#10639,#10640);
#10639 = CARTESIAN_POINT('',(3.14159265359,0.));
#10640 = VECTOR('',#10641,1.);
#10641 = DIRECTION('',(0.,-1.));
#10642 = ( GEOMETRIC_REPRESENTATION_CONTEXT(2) 
PARAMETRIC_REPRESENTATION_CONTEXT() REPRESENTATION_CONTEXT('2D SPACE',''
  ) );
#10643 = ORIENTED_EDGE('',*,*,#10644,.T.);
#10644 = EDGE_CURVE('',#10622,#10645,#10647,.T.);
#10645 = VERTEX_POINT('',#10646);
#10646 = CARTESIAN_POINT('',(-35.17732036102,34.087263452689,
    59.771466134317));
#10647 = SURFACE_CURVE('',#10648,(#10652,#10659),.PCURVE_S1.);
#10648 = LINE('',#10649,#10650);
#10649 = CARTESIAN_POINT('',(-34.85853945748,36.079662833764,
    58.087021836655));
#10650 = VECTOR('',#10651,1.);
#10651 = DIRECTION('',(-0.121282001903,-0.758019639319,0.640856382056));
#10652 = PCURVE('',#7717,#10653);
#10653 = DEFINITIONAL_REPRESENTATION('',(#10654),#10658);
#10654 = LINE('',#10655,#10656);
#10655 = CARTESIAN_POINT('',(-8.226392974332E-17,-4.));
#10656 = VECTOR('',#10657,1.);
#10657 = DIRECTION('',(1.,-8.031031778068E-17));
#10658 = ( GEOMETRIC_REPRESENTATION_CONTEXT(2) 
PARAMETRIC_REPRESENTATION_CONTEXT() REPRESENTATION_CONTEXT('2D SPACE',''
  ) );
#10659 = PCURVE('',#9776,#10660);
#10660 = DEFINITIONAL_REPRESENTATION('',(#10661),#10665);
#10661 = LINE('',#10662,#10663);
#10662 = CARTESIAN_POINT('',(1.757716446628,-3.61629509039));
#10663 = VECTOR('',#10664,1.);
#10664 = DIRECTION('',(0.707106781187,0.707106781187));
#10665 = ( GEOMETRIC_REPRESENTATION_CONTEXT(2) 
PARAMETRIC_REPRESENTATION_CONTEXT() REPRESENTATION_CONTEXT('2D SPACE',''
  ) );
#10666 = ORIENTED_EDGE('',*,*,#10667,.F.);
#10667 = EDGE_CURVE('',#7701,#10645,#10668,.T.);
#10668 = SURFACE_CURVE('',#10669,(#10673,#10680),.PCURVE_S1.);
#10669 = LINE('',#10670,#10671);
#10670 = CARTESIAN_POINT('',(-38.25169073433,36.00834327539,
    61.46193918128));
#10671 = VECTOR('',#10672,1.);
#10672 = DIRECTION('',(0.768592593328,-0.480269955675,-0.422618261741));
#10673 = PCURVE('',#7717,#10674);
#10674 = DEFINITIONAL_REPRESENTATION('',(#10675),#10679);
#10675 = LINE('',#10676,#10677);
#10676 = CARTESIAN_POINT('',(2.628427124746,-6.5798105365E-15));
#10677 = VECTOR('',#10678,1.);
#10678 = DIRECTION('',(-3.775908578411E-17,-1.));
#10679 = ( GEOMETRIC_REPRESENTATION_CONTEXT(2) 
PARAMETRIC_REPRESENTATION_CONTEXT() REPRESENTATION_CONTEXT('2D SPACE',''
  ) );
#10680 = PCURVE('',#7749,#10681);
#10681 = DEFINITIONAL_REPRESENTATION('',(#10682),#10686);
#10682 = LINE('',#10683,#10684);
#10683 = CARTESIAN_POINT('',(0.,0.));
#10684 = VECTOR('',#10685,1.);
#10685 = DIRECTION('',(0.,-1.));
#10686 = ( GEOMETRIC_REPRESENTATION_CONTEXT(2) 
PARAMETRIC_REPRESENTATION_CONTEXT() REPRESENTATION_CONTEXT('2D SPACE',''
  ) );
#10687 = ADVANCED_FACE('',(#10688),#7749,.T.);
#10688 = FACE_BOUND('',#10689,.T.);
#10689 = EDGE_LOOP('',(#10690,#10691,#10692,#10716));
#10690 = ORIENTED_EDGE('',*,*,#7728,.F.);
#10691 = ORIENTED_EDGE('',*,*,#10667,.T.);
#10692 = ORIENTED_EDGE('',*,*,#10693,.T.);
#10693 = EDGE_CURVE('',#10645,#10694,#10696,.T.);
#10694 = VERTEX_POINT('',#10695);
#10695 = CARTESIAN_POINT('',(-30.40347909613,37.441154699248,
    64.641974637941));
#10696 = SURFACE_CURVE('',#10697,(#10702,#10709),.PCURVE_S1.);
#10697 = CIRCLE('',#10698,3.8);
#10698 = AXIS2_PLACEMENT_3D('',#10699,#10700,#10701);
#10699 = CARTESIAN_POINT('',(-32.79039972858,35.764209075969,
    62.206720386129));
#10700 = DIRECTION('',(-0.768592593328,0.480269955675,0.422618261741));
#10701 = DIRECTION('',(-0.628137008538,-0.44130147981,-0.640856382056));
#10702 = PCURVE('',#7749,#10703);
#10703 = DEFINITIONAL_REPRESENTATION('',(#10704),#10708);
#10704 = LINE('',#10705,#10706);
#10705 = CARTESIAN_POINT('',(0.,-4.));
#10706 = VECTOR('',#10707,1.);
#10707 = DIRECTION('',(1.,0.));
#10708 = ( GEOMETRIC_REPRESENTATION_CONTEXT(2) 
PARAMETRIC_REPRESENTATION_CONTEXT() REPRESENTATION_CONTEXT('2D SPACE',''
  ) );
#10709 = PCURVE('',#9776,#10710);
#10710 = DEFINITIONAL_REPRESENTATION('',(#10711),#10715);
#10711 = CIRCLE('',#10712,3.8);
#10712 = AXIS2_PLACEMENT_2D('',#10713,#10714);
#10713 = CARTESIAN_POINT('',(0.929289321881,0.929289321881));
#10714 = DIRECTION('',(0.707106781187,-0.707106781187));
#10715 = ( GEOMETRIC_REPRESENTATION_CONTEXT(2) 
PARAMETRIC_REPRESENTATION_CONTEXT() REPRESENTATION_CONTEXT('2D SPACE',''
  ) );
#10716 = ORIENTED_EDGE('',*,*,#10717,.F.);
#10717 = EDGE_CURVE('',#7729,#10694,#10718,.T.);
#10718 = SURFACE_CURVE('',#10719,(#10723,#10730),.PCURVE_S1.);
#10719 = LINE('',#10720,#10721);
#10720 = CARTESIAN_POINT('',(-33.47784946944,39.36223452195,
    66.332447684904));
#10721 = VECTOR('',#10722,1.);
#10722 = DIRECTION('',(0.768592593328,-0.480269955675,-0.422618261741));
#10723 = PCURVE('',#7749,#10724);
#10724 = DEFINITIONAL_REPRESENTATION('',(#10725),#10729);
#10725 = LINE('',#10726,#10727);
#10726 = CARTESIAN_POINT('',(3.14159265359,0.));
#10727 = VECTOR('',#10728,1.);
#10728 = DIRECTION('',(0.,-1.));
#10729 = ( GEOMETRIC_REPRESENTATION_CONTEXT(2) 
PARAMETRIC_REPRESENTATION_CONTEXT() REPRESENTATION_CONTEXT('2D SPACE',''
  ) );
#10730 = PCURVE('',#7776,#10731);
#10731 = DEFINITIONAL_REPRESENTATION('',(#10732),#10736);
#10732 = LINE('',#10733,#10734);
#10733 = CARTESIAN_POINT('',(0.,0.));
#10734 = VECTOR('',#10735,1.);
#10735 = DIRECTION('',(3.775908578411E-17,-1.));
#10736 = ( GEOMETRIC_REPRESENTATION_CONTEXT(2) 
PARAMETRIC_REPRESENTATION_CONTEXT() REPRESENTATION_CONTEXT('2D SPACE',''
  ) );
#10737 = ADVANCED_FACE('',(#10738),#7806,.T.);
#10738 = FACE_BOUND('',#10739,.T.);
#10739 = EDGE_LOOP('',(#10740,#10741,#10764,#10786));
#10740 = ORIENTED_EDGE('',*,*,#7787,.F.);
#10741 = ORIENTED_EDGE('',*,*,#10742,.T.);
#10742 = EDGE_CURVE('',#7762,#10743,#10745,.T.);
#10743 = VERTEX_POINT('',#10744);
#10744 = CARTESIAN_POINT('',(-30.08469819259,39.433554080324,
    62.957530340279));
#10745 = SURFACE_CURVE('',#10746,(#10750,#10757),.PCURVE_S1.);
#10746 = LINE('',#10747,#10748);
#10747 = CARTESIAN_POINT('',(-33.1590685659,41.354633903025,
    64.648003387242));
#10748 = VECTOR('',#10749,1.);
#10749 = DIRECTION('',(0.768592593328,-0.480269955675,-0.422618261741));
#10750 = PCURVE('',#7806,#10751);
#10751 = DEFINITIONAL_REPRESENTATION('',(#10752),#10756);
#10752 = LINE('',#10753,#10754);
#10753 = CARTESIAN_POINT('',(0.,0.));
#10754 = VECTOR('',#10755,1.);
#10755 = DIRECTION('',(0.,-1.));
#10756 = ( GEOMETRIC_REPRESENTATION_CONTEXT(2) 
PARAMETRIC_REPRESENTATION_CONTEXT() REPRESENTATION_CONTEXT('2D SPACE',''
  ) );
#10757 = PCURVE('',#7776,#10758);
#10758 = DEFINITIONAL_REPRESENTATION('',(#10759),#10763);
#10759 = LINE('',#10760,#10761);
#10760 = CARTESIAN_POINT('',(2.628427124746,6.5798105365E-15));
#10761 = VECTOR('',#10762,1.);
#10762 = DIRECTION('',(3.775908578411E-17,-1.));
#10763 = ( GEOMETRIC_REPRESENTATION_CONTEXT(2) 
PARAMETRIC_REPRESENTATION_CONTEXT() REPRESENTATION_CONTEXT('2D SPACE',''
  ) );
#10764 = ORIENTED_EDGE('',*,*,#10765,.T.);
#10765 = EDGE_CURVE('',#10743,#10622,#10766,.T.);
#10766 = SURFACE_CURVE('',#10767,(#10772,#10779),.PCURVE_S1.);
#10767 = CIRCLE('',#10768,3.8);
#10768 = AXIS2_PLACEMENT_3D('',#10769,#10770,#10771);
#10769 = CARTESIAN_POINT('',(-32.47161882503,37.756608457044,
    60.522276088467));
#10770 = DIRECTION('',(-0.768592593328,0.480269955675,0.422618261741));
#10771 = DIRECTION('',(0.628137008538,0.44130147981,0.640856382056));
#10772 = PCURVE('',#7806,#10773);
#10773 = DEFINITIONAL_REPRESENTATION('',(#10774),#10778);
#10774 = LINE('',#10775,#10776);
#10775 = CARTESIAN_POINT('',(0.,-4.));
#10776 = VECTOR('',#10777,1.);
#10777 = DIRECTION('',(1.,0.));
#10778 = ( GEOMETRIC_REPRESENTATION_CONTEXT(2) 
PARAMETRIC_REPRESENTATION_CONTEXT() REPRESENTATION_CONTEXT('2D SPACE',''
  ) );
#10779 = PCURVE('',#9776,#10780);
#10780 = DEFINITIONAL_REPRESENTATION('',(#10781),#10785);
#10781 = CIRCLE('',#10782,3.8);
#10782 = AXIS2_PLACEMENT_2D('',#10783,#10784);
#10783 = CARTESIAN_POINT('',(-0.929289321881,-0.929289321881));
#10784 = DIRECTION('',(-0.707106781187,0.707106781187));
#10785 = ( GEOMETRIC_REPRESENTATION_CONTEXT(2) 
PARAMETRIC_REPRESENTATION_CONTEXT() REPRESENTATION_CONTEXT('2D SPACE',''
  ) );
#10786 = ORIENTED_EDGE('',*,*,#10621,.F.);
#10787 = ADVANCED_FACE('',(#10788),#7776,.T.);
#10788 = FACE_BOUND('',#10789,.T.);
#10789 = EDGE_LOOP('',(#10790,#10791,#10792,#10813));
#10790 = ORIENTED_EDGE('',*,*,#7761,.T.);
#10791 = ORIENTED_EDGE('',*,*,#10717,.T.);
#10792 = ORIENTED_EDGE('',*,*,#10793,.T.);
#10793 = EDGE_CURVE('',#10694,#10743,#10794,.T.);
#10794 = SURFACE_CURVE('',#10795,(#10799,#10806),.PCURVE_S1.);
#10795 = LINE('',#10796,#10797);
#10796 = CARTESIAN_POINT('',(-30.40347909613,37.441154699248,
    64.641974637941));
#10797 = VECTOR('',#10798,1.);
#10798 = DIRECTION('',(0.121282001903,0.758019639319,-0.640856382056));
#10799 = PCURVE('',#7776,#10800);
#10800 = DEFINITIONAL_REPRESENTATION('',(#10801),#10805);
#10801 = LINE('',#10802,#10803);
#10802 = CARTESIAN_POINT('',(-4.027205329759E-15,-4.));
#10803 = VECTOR('',#10804,1.);
#10804 = DIRECTION('',(1.,8.031031778068E-17));
#10805 = ( GEOMETRIC_REPRESENTATION_CONTEXT(2) 
PARAMETRIC_REPRESENTATION_CONTEXT() REPRESENTATION_CONTEXT('2D SPACE',''
  ) );
#10806 = PCURVE('',#9776,#10807);
#10807 = DEFINITIONAL_REPRESENTATION('',(#10808),#10812);
#10808 = LINE('',#10809,#10810);
#10809 = CARTESIAN_POINT('',(-1.757716446628,3.61629509039));
#10810 = VECTOR('',#10811,1.);
#10811 = DIRECTION('',(-0.707106781187,-0.707106781187));
#10812 = ( GEOMETRIC_REPRESENTATION_CONTEXT(2) 
PARAMETRIC_REPRESENTATION_CONTEXT() REPRESENTATION_CONTEXT('2D SPACE',''
  ) );
#10813 = ORIENTED_EDGE('',*,*,#10742,.F.);
#10814 = ADVANCED_FACE('',(#10815),#7837,.T.);
#10815 = FACE_BOUND('',#10816,.T.);
#10816 = EDGE_LOOP('',(#10817,#10818,#10841,#10869));
#10817 = ORIENTED_EDGE('',*,*,#7820,.T.);
#10818 = ORIENTED_EDGE('',*,*,#10819,.T.);
#10819 = EDGE_CURVE('',#7823,#10820,#10822,.T.);
#10820 = VERTEX_POINT('',#10821);
#10821 = CARTESIAN_POINT('',(-16.50689209539,63.966194478159,
    59.771466134317));
#10822 = SURFACE_CURVE('',#10823,(#10827,#10834),.PCURVE_S1.);
#10823 = LINE('',#10824,#10825);
#10824 = CARTESIAN_POINT('',(-19.58126246871,65.887274300861,
    61.46193918128));
#10825 = VECTOR('',#10826,1.);
#10826 = DIRECTION('',(0.768592593328,-0.480269955675,-0.422618261741));
#10827 = PCURVE('',#7837,#10828);
#10828 = DEFINITIONAL_REPRESENTATION('',(#10829),#10833);
#10829 = LINE('',#10830,#10831);
#10830 = CARTESIAN_POINT('',(-0.,0.));
#10831 = VECTOR('',#10832,1.);
#10832 = DIRECTION('',(-1.775206544715E-17,-1.));
#10833 = ( GEOMETRIC_REPRESENTATION_CONTEXT(2) 
PARAMETRIC_REPRESENTATION_CONTEXT() REPRESENTATION_CONTEXT('2D SPACE',''
  ) );
#10834 = PCURVE('',#7926,#10835);
#10835 = DEFINITIONAL_REPRESENTATION('',(#10836),#10840);
#10836 = LINE('',#10837,#10838);
#10837 = CARTESIAN_POINT('',(3.14159265359,0.));
#10838 = VECTOR('',#10839,1.);
#10839 = DIRECTION('',(0.,-1.));
#10840 = ( GEOMETRIC_REPRESENTATION_CONTEXT(2) 
PARAMETRIC_REPRESENTATION_CONTEXT() REPRESENTATION_CONTEXT('2D SPACE',''
  ) );
#10841 = ORIENTED_EDGE('',*,*,#10842,.T.);
#10842 = EDGE_CURVE('',#10820,#10843,#10845,.T.);
#10843 = VERTEX_POINT('',#10844);
#10844 = CARTESIAN_POINT('',(-18.15790444669,62.806265698435,
    58.087021836655));
#10845 = SURFACE_CURVE('',#10846,(#10850,#10857),.PCURVE_S1.);
#10846 = LINE('',#10847,#10848);
#10847 = CARTESIAN_POINT('',(-16.50689209539,63.966194478159,
    59.771466134317));
#10848 = VECTOR('',#10849,1.);
#10849 = DIRECTION('',(-0.628137008538,-0.44130147981,-0.640856382056));
#10850 = PCURVE('',#7837,#10851);
#10851 = DEFINITIONAL_REPRESENTATION('',(#10852),#10856);
#10852 = LINE('',#10853,#10854);
#10853 = CARTESIAN_POINT('',(1.636576164219E-15,-4.));
#10854 = VECTOR('',#10855,1.);
#10855 = DIRECTION('',(1.,-4.635018453421E-17));
#10856 = ( GEOMETRIC_REPRESENTATION_CONTEXT(2) 
PARAMETRIC_REPRESENTATION_CONTEXT() REPRESENTATION_CONTEXT('2D SPACE',''
  ) );
#10857 = PCURVE('',#10858,#10863);
#10858 = PLANE('',#10859);
#10859 = AXIS2_PLACEMENT_3D('',#10860,#10861,#10862);
#10860 = CARTESIAN_POINT('',(-17.79326987827,60.505755458886,
    61.364498237298));
#10861 = DIRECTION('',(-0.768592593328,0.480269955675,0.422618261741));
#10862 = DIRECTION('',(-0.529919264233,-0.848048096156,
    -3.415832205887E-17));
#10863 = DEFINITIONAL_REPRESENTATION('',(#10864),#10868);
#10864 = LINE('',#10865,#10866);
#10865 = CARTESIAN_POINT('',(-3.61629509039,-1.757716446628));
#10866 = VECTOR('',#10867,1.);
#10867 = DIRECTION('',(0.707106781187,-0.707106781187));
#10868 = ( GEOMETRIC_REPRESENTATION_CONTEXT(2) 
PARAMETRIC_REPRESENTATION_CONTEXT() REPRESENTATION_CONTEXT('2D SPACE',''
  ) );
#10869 = ORIENTED_EDGE('',*,*,#10870,.F.);
#10870 = EDGE_CURVE('',#7821,#10843,#10871,.T.);
#10871 = SURFACE_CURVE('',#10872,(#10876,#10883),.PCURVE_S1.);
#10872 = LINE('',#10873,#10874);
#10873 = CARTESIAN_POINT('',(-21.23227482,64.727345521136,
    59.777494883618));
#10874 = VECTOR('',#10875,1.);
#10875 = DIRECTION('',(0.768592593328,-0.480269955675,-0.422618261741));
#10876 = PCURVE('',#7837,#10877);
#10877 = DEFINITIONAL_REPRESENTATION('',(#10878),#10882);
#10878 = LINE('',#10879,#10880);
#10879 = CARTESIAN_POINT('',(2.628427124746,-1.26773921771E-15));
#10880 = VECTOR('',#10881,1.);
#10881 = DIRECTION('',(-1.775206544715E-17,-1.));
#10882 = ( GEOMETRIC_REPRESENTATION_CONTEXT(2) 
PARAMETRIC_REPRESENTATION_CONTEXT() REPRESENTATION_CONTEXT('2D SPACE',''
  ) );
#10883 = PCURVE('',#7869,#10884);
#10884 = DEFINITIONAL_REPRESENTATION('',(#10885),#10889);
#10885 = LINE('',#10886,#10887);
#10886 = CARTESIAN_POINT('',(0.,0.));
#10887 = VECTOR('',#10888,1.);
#10888 = DIRECTION('',(0.,-1.));
#10889 = ( GEOMETRIC_REPRESENTATION_CONTEXT(2) 
PARAMETRIC_REPRESENTATION_CONTEXT() REPRESENTATION_CONTEXT('2D SPACE',''
  ) );
#10890 = ADVANCED_FACE('',(#10891),#7869,.T.);
#10891 = FACE_BOUND('',#10892,.T.);
#10892 = EDGE_LOOP('',(#10893,#10894,#10895,#10919));
#10893 = ORIENTED_EDGE('',*,*,#7848,.F.);
#10894 = ORIENTED_EDGE('',*,*,#10870,.T.);
#10895 = ORIENTED_EDGE('',*,*,#10896,.T.);
#10896 = EDGE_CURVE('',#10843,#10897,#10899,.T.);
#10897 = VERTEX_POINT('',#10898);
#10898 = CARTESIAN_POINT('',(-19.07964766115,57.045316439613,
    62.957530340279));
#10899 = SURFACE_CURVE('',#10900,(#10905,#10912),.PCURVE_S1.);
#10900 = CIRCLE('',#10901,3.8);
#10901 = AXIS2_PLACEMENT_3D('',#10902,#10903,#10904);
#10902 = CARTESIAN_POINT('',(-18.61877605392,59.925791069024,
    60.522276088467));
#10903 = DIRECTION('',(-0.768592593328,0.480269955675,0.422618261741));
#10904 = DIRECTION('',(0.121282001903,0.758019639319,-0.640856382056));
#10905 = PCURVE('',#7869,#10906);
#10906 = DEFINITIONAL_REPRESENTATION('',(#10907),#10911);
#10907 = LINE('',#10908,#10909);
#10908 = CARTESIAN_POINT('',(0.,-4.));
#10909 = VECTOR('',#10910,1.);
#10910 = DIRECTION('',(1.,0.));
#10911 = ( GEOMETRIC_REPRESENTATION_CONTEXT(2) 
PARAMETRIC_REPRESENTATION_CONTEXT() REPRESENTATION_CONTEXT('2D SPACE',''
  ) );
#10912 = PCURVE('',#10858,#10913);
#10913 = DEFINITIONAL_REPRESENTATION('',(#10914),#10918);
#10914 = CIRCLE('',#10915,3.8);
#10915 = AXIS2_PLACEMENT_2D('',#10916,#10917);
#10916 = CARTESIAN_POINT('',(0.929289321881,-0.929289321881));
#10917 = DIRECTION('',(-0.707106781187,-0.707106781187));
#10918 = ( GEOMETRIC_REPRESENTATION_CONTEXT(2) 
PARAMETRIC_REPRESENTATION_CONTEXT() REPRESENTATION_CONTEXT('2D SPACE',''
  ) );
#10919 = ORIENTED_EDGE('',*,*,#10920,.F.);
#10920 = EDGE_CURVE('',#7849,#10897,#10921,.T.);
#10921 = SURFACE_CURVE('',#10922,(#10926,#10933),.PCURVE_S1.);
#10922 = LINE('',#10923,#10924);
#10923 = CARTESIAN_POINT('',(-22.15401803447,58.966396262314,
    64.648003387242));
#10924 = VECTOR('',#10925,1.);
#10925 = DIRECTION('',(0.768592593328,-0.480269955675,-0.422618261741));
#10926 = PCURVE('',#7869,#10927);
#10927 = DEFINITIONAL_REPRESENTATION('',(#10928),#10932);
#10928 = LINE('',#10929,#10930);
#10929 = CARTESIAN_POINT('',(3.14159265359,0.));
#10930 = VECTOR('',#10931,1.);
#10931 = DIRECTION('',(0.,-1.));
#10932 = ( GEOMETRIC_REPRESENTATION_CONTEXT(2) 
PARAMETRIC_REPRESENTATION_CONTEXT() REPRESENTATION_CONTEXT('2D SPACE',''
  ) );
#10933 = PCURVE('',#7896,#10934);
#10934 = DEFINITIONAL_REPRESENTATION('',(#10935),#10939);
#10935 = LINE('',#10936,#10937);
#10936 = CARTESIAN_POINT('',(0.,0.));
#10937 = VECTOR('',#10938,1.);
#10938 = DIRECTION('',(1.775206544715E-17,-1.));
#10939 = ( GEOMETRIC_REPRESENTATION_CONTEXT(2) 
PARAMETRIC_REPRESENTATION_CONTEXT() REPRESENTATION_CONTEXT('2D SPACE',''
  ) );
#10940 = ADVANCED_FACE('',(#10941),#7926,.T.);
#10941 = FACE_BOUND('',#10942,.T.);
#10942 = EDGE_LOOP('',(#10943,#10944,#10967,#10989));
#10943 = ORIENTED_EDGE('',*,*,#7907,.F.);
#10944 = ORIENTED_EDGE('',*,*,#10945,.T.);
#10945 = EDGE_CURVE('',#7882,#10946,#10948,.T.);
#10946 = VERTEX_POINT('',#10947);
#10947 = CARTESIAN_POINT('',(-17.42863530986,58.205245219338,
    64.641974637941));
#10948 = SURFACE_CURVE('',#10949,(#10953,#10960),.PCURVE_S1.);
#10949 = LINE('',#10950,#10951);
#10950 = CARTESIAN_POINT('',(-20.50300568317,60.126325042039,
    66.332447684904));
#10951 = VECTOR('',#10952,1.);
#10952 = DIRECTION('',(0.768592593328,-0.480269955675,-0.422618261741));
#10953 = PCURVE('',#7926,#10954);
#10954 = DEFINITIONAL_REPRESENTATION('',(#10955),#10959);
#10955 = LINE('',#10956,#10957);
#10956 = CARTESIAN_POINT('',(0.,0.));
#10957 = VECTOR('',#10958,1.);
#10958 = DIRECTION('',(0.,-1.));
#10959 = ( GEOMETRIC_REPRESENTATION_CONTEXT(2) 
PARAMETRIC_REPRESENTATION_CONTEXT() REPRESENTATION_CONTEXT('2D SPACE',''
  ) );
#10960 = PCURVE('',#7896,#10961);
#10961 = DEFINITIONAL_REPRESENTATION('',(#10962),#10966);
#10962 = LINE('',#10963,#10964);
#10963 = CARTESIAN_POINT('',(2.628427124746,7.273505935298E-15));
#10964 = VECTOR('',#10965,1.);
#10965 = DIRECTION('',(1.775206544715E-17,-1.));
#10966 = ( GEOMETRIC_REPRESENTATION_CONTEXT(2) 
PARAMETRIC_REPRESENTATION_CONTEXT() REPRESENTATION_CONTEXT('2D SPACE',''
  ) );
#10967 = ORIENTED_EDGE('',*,*,#10968,.T.);
#10968 = EDGE_CURVE('',#10946,#10820,#10969,.T.);
#10969 = SURFACE_CURVE('',#10970,(#10975,#10982),.PCURVE_S1.);
#10970 = CIRCLE('',#10971,3.8);
#10971 = AXIS2_PLACEMENT_3D('',#10972,#10973,#10974);
#10972 = CARTESIAN_POINT('',(-16.96776370262,61.085719848749,
    62.206720386129));
#10973 = DIRECTION('',(-0.768592593328,0.480269955675,0.422618261741));
#10974 = DIRECTION('',(-0.121282001903,-0.758019639319,0.640856382056));
#10975 = PCURVE('',#7926,#10976);
#10976 = DEFINITIONAL_REPRESENTATION('',(#10977),#10981);
#10977 = LINE('',#10978,#10979);
#10978 = CARTESIAN_POINT('',(0.,-4.));
#10979 = VECTOR('',#10980,1.);
#10980 = DIRECTION('',(1.,0.));
#10981 = ( GEOMETRIC_REPRESENTATION_CONTEXT(2) 
PARAMETRIC_REPRESENTATION_CONTEXT() REPRESENTATION_CONTEXT('2D SPACE',''
  ) );
#10982 = PCURVE('',#10858,#10983);
#10983 = DEFINITIONAL_REPRESENTATION('',(#10984),#10988);
#10984 = CIRCLE('',#10985,3.8);
#10985 = AXIS2_PLACEMENT_2D('',#10986,#10987);
#10986 = CARTESIAN_POINT('',(-0.929289321881,0.929289321881));
#10987 = DIRECTION('',(0.707106781187,0.707106781187));
#10988 = ( GEOMETRIC_REPRESENTATION_CONTEXT(2) 
PARAMETRIC_REPRESENTATION_CONTEXT() REPRESENTATION_CONTEXT('2D SPACE',''
  ) );
#10989 = ORIENTED_EDGE('',*,*,#10819,.F.);
#10990 = ADVANCED_FACE('',(#10991),#7896,.T.);
#10991 = FACE_BOUND('',#10992,.T.);
#10992 = EDGE_LOOP('',(#10993,#10994,#10995,#11016));
#10993 = ORIENTED_EDGE('',*,*,#7881,.T.);
#10994 = ORIENTED_EDGE('',*,*,#10920,.T.);
#10995 = ORIENTED_EDGE('',*,*,#10996,.T.);
#10996 = EDGE_CURVE('',#10897,#10946,#10997,.T.);
#10997 = SURFACE_CURVE('',#10998,(#11002,#11009),.PCURVE_S1.);
#10998 = LINE('',#10999,#11000);
#10999 = CARTESIAN_POINT('',(-19.07964766115,57.045316439613,
    62.957530340279));
#11000 = VECTOR('',#11001,1.);
#11001 = DIRECTION('',(0.628137008538,0.44130147981,0.640856382056));
#11002 = PCURVE('',#7896,#11003);
#11003 = DEFINITIONAL_REPRESENTATION('',(#11004),#11008);
#11004 = LINE('',#11005,#11006);
#11005 = CARTESIAN_POINT('',(-1.636576164219E-15,-4.));
#11006 = VECTOR('',#11007,1.);
#11007 = DIRECTION('',(1.,4.635018453421E-17));
#11008 = ( GEOMETRIC_REPRESENTATION_CONTEXT(2) 
PARAMETRIC_REPRESENTATION_CONTEXT() REPRESENTATION_CONTEXT('2D SPACE',''
  ) );
#11009 = PCURVE('',#10858,#11010);
#11010 = DEFINITIONAL_REPRESENTATION('',(#11011),#11015);
#11011 = LINE('',#11012,#11013);
#11012 = CARTESIAN_POINT('',(3.61629509039,1.757716446628));
#11013 = VECTOR('',#11014,1.);
#11014 = DIRECTION('',(-0.707106781187,0.707106781187));
#11015 = ( GEOMETRIC_REPRESENTATION_CONTEXT(2) 
PARAMETRIC_REPRESENTATION_CONTEXT() REPRESENTATION_CONTEXT('2D SPACE',''
  ) );
#11016 = ORIENTED_EDGE('',*,*,#10945,.F.);
#11017 = ADVANCED_FACE('',(#11018),#8051,.F.);
#11018 = FACE_BOUND('',#11019,.F.);
#11019 = EDGE_LOOP('',(#11020,#11021,#11022,#11023));
#11020 = ORIENTED_EDGE('',*,*,#8981,.F.);
#11021 = ORIENTED_EDGE('',*,*,#9270,.T.);
#11022 = ORIENTED_EDGE('',*,*,#9364,.T.);
#11023 = ORIENTED_EDGE('',*,*,#8035,.F.);
#11024 = ADVANCED_FACE('',(#11025),#8260,.T.);
#11025 = FACE_BOUND('',#11026,.T.);
#11026 = EDGE_LOOP('',(#11027,#11028,#11029,#11050));
#11027 = ORIENTED_EDGE('',*,*,#8562,.F.);
#11028 = ORIENTED_EDGE('',*,*,#8688,.T.);
#11029 = ORIENTED_EDGE('',*,*,#11030,.T.);
#11030 = EDGE_CURVE('',#8689,#8220,#11031,.T.);
#11031 = SURFACE_CURVE('',#11032,(#11036,#11043),.PCURVE_S1.);
#11032 = LINE('',#11033,#11034);
#11033 = CARTESIAN_POINT('',(-29.08949469003,55.85745785887,
    6.95018073558));
#11034 = VECTOR('',#11035,1.);
#11035 = DIRECTION('',(-0.995260706663,-9.139676629514E-02,
    -3.320778347674E-02));
#11036 = PCURVE('',#8260,#11037);
#11037 = DEFINITIONAL_REPRESENTATION('',(#11038),#11042);
#11038 = LINE('',#11039,#11040);
#11039 = CARTESIAN_POINT('',(-9.043726327097E-16,-4.));
#11040 = VECTOR('',#11041,1.);
#11041 = DIRECTION('',(1.,-1.091188514345E-17));
#11042 = ( GEOMETRIC_REPRESENTATION_CONTEXT(2) 
PARAMETRIC_REPRESENTATION_CONTEXT() REPRESENTATION_CONTEXT('2D SPACE',''
  ) );
#11043 = PCURVE('',#8234,#11044);
#11044 = DEFINITIONAL_REPRESENTATION('',(#11045),#11049);
#11045 = LINE('',#11046,#11047);
#11046 = CARTESIAN_POINT('',(-1.500046132368,9.999993080036));
#11047 = VECTOR('',#11048,1.);
#11048 = DIRECTION('',(4.613238354628E-06,-0.999999999989));
#11049 = ( GEOMETRIC_REPRESENTATION_CONTEXT(2) 
PARAMETRIC_REPRESENTATION_CONTEXT() REPRESENTATION_CONTEXT('2D SPACE',''
  ) );
#11050 = ORIENTED_EDGE('',*,*,#8245,.T.);
#11051 = ADVANCED_FACE('',(#11052),#8234,.F.);
#11052 = FACE_BOUND('',#11053,.F.);
#11053 = EDGE_LOOP('',(#11054,#11055,#11056,#11057));
#11054 = ORIENTED_EDGE('',*,*,#8470,.T.);
#11055 = ORIENTED_EDGE('',*,*,#8709,.T.);
#11056 = ORIENTED_EDGE('',*,*,#11030,.T.);
#11057 = ORIENTED_EDGE('',*,*,#8219,.T.);
#11058 = ADVANCED_FACE('',(#11059),#9020,.F.);
#11059 = FACE_BOUND('',#11060,.F.);
#11060 = EDGE_LOOP('',(#11061,#11062,#11085,#11106));
#11061 = ORIENTED_EDGE('',*,*,#9003,.T.);
#11062 = ORIENTED_EDGE('',*,*,#11063,.T.);
#11063 = EDGE_CURVE('',#9006,#11064,#11066,.T.);
#11064 = VERTEX_POINT('',#11065);
#11065 = CARTESIAN_POINT('',(-28.47354648097,67.27476482237,
    34.248459116563));
#11066 = SURFACE_CURVE('',#11067,(#11071,#11078),.PCURVE_S1.);
#11067 = LINE('',#11068,#11069);
#11068 = CARTESIAN_POINT('',(-35.00658352426,71.35705944561,
    37.840714341359));
#11069 = VECTOR('',#11070,1.);
#11070 = DIRECTION('',(0.768592593328,-0.480269955675,-0.422618261741));
#11071 = PCURVE('',#9020,#11072);
#11072 = DEFINITIONAL_REPRESENTATION('',(#11073),#11077);
#11073 = LINE('',#11074,#11075);
#11074 = CARTESIAN_POINT('',(0.,0.));
#11075 = VECTOR('',#11076,1.);
#11076 = DIRECTION('',(-3.775908578411E-17,-1.));
#11077 = ( GEOMETRIC_REPRESENTATION_CONTEXT(2) 
PARAMETRIC_REPRESENTATION_CONTEXT() REPRESENTATION_CONTEXT('2D SPACE',''
  ) );
#11078 = PCURVE('',#9109,#11079);
#11079 = DEFINITIONAL_REPRESENTATION('',(#11080),#11084);
#11080 = LINE('',#11081,#11082);
#11081 = CARTESIAN_POINT('',(3.14159265359,0.));
#11082 = VECTOR('',#11083,1.);
#11083 = DIRECTION('',(0.,-1.));
#11084 = ( GEOMETRIC_REPRESENTATION_CONTEXT(2) 
PARAMETRIC_REPRESENTATION_CONTEXT() REPRESENTATION_CONTEXT('2D SPACE',''
  ) );
#11085 = ORIENTED_EDGE('',*,*,#11086,.T.);
#11086 = EDGE_CURVE('',#11064,#11087,#11089,.T.);
#11087 = VERTEX_POINT('',#11088);
#11088 = CARTESIAN_POINT('',(-28.8165837849,65.130761513431,
    36.061074690636));
#11089 = SURFACE_CURVE('',#11090,(#11094,#11100),.PCURVE_S1.);
#11090 = LINE('',#11091,#11092);
#11091 = CARTESIAN_POINT('',(-28.55930580696,66.738763995136,
    34.701613010081));
#11092 = VECTOR('',#11093,1.);
#11093 = DIRECTION('',(-0.121282001903,-0.758019639319,0.640856382056));
#11094 = PCURVE('',#9020,#11095);
#11095 = DEFINITIONAL_REPRESENTATION('',(#11096),#11099);
#11096 = B_SPLINE_CURVE_WITH_KNOTS('',1,(#11097,#11098),.UNSPECIFIED.,
  .F.,.F.,(2,2),(-0.707106781187,2.12132034356),
  .PIECEWISE_BEZIER_KNOTS.);
#11097 = CARTESIAN_POINT('',(-3.330669073875E-16,-8.5));
#11098 = CARTESIAN_POINT('',(2.828427124746,-8.5));
#11099 = ( GEOMETRIC_REPRESENTATION_CONTEXT(2) 
PARAMETRIC_REPRESENTATION_CONTEXT() REPRESENTATION_CONTEXT('2D SPACE',''
  ) );
#11100 = PCURVE('',#10457,#11101);
#11101 = DEFINITIONAL_REPRESENTATION('',(#11102),#11105);
#11102 = B_SPLINE_CURVE_WITH_KNOTS('',1,(#11103,#11104),.UNSPECIFIED.,
  .F.,.F.,(2,2),(-0.707106781187,2.12132034356),
  .PIECEWISE_BEZIER_KNOTS.);
#11103 = CARTESIAN_POINT('',(-8.07611844575E-02,-1.919238815543));
#11104 = CARTESIAN_POINT('',(1.919238815542,8.076118445748E-02));
#11105 = ( GEOMETRIC_REPRESENTATION_CONTEXT(2) 
PARAMETRIC_REPRESENTATION_CONTEXT() REPRESENTATION_CONTEXT('2D SPACE',''
  ) );
#11106 = ORIENTED_EDGE('',*,*,#11107,.F.);
#11107 = EDGE_CURVE('',#9004,#11087,#11108,.T.);
#11108 = SURFACE_CURVE('',#11109,(#11113,#11120),.PCURVE_S1.);
#11109 = LINE('',#11110,#11111);
#11110 = CARTESIAN_POINT('',(-35.34962082819,69.213056136671,
    39.653329915432));
#11111 = VECTOR('',#11112,1.);
#11112 = DIRECTION('',(0.768592593328,-0.480269955675,-0.422618261741));
#11113 = PCURVE('',#9020,#11114);
#11114 = DEFINITIONAL_REPRESENTATION('',(#11115),#11119);
#11115 = LINE('',#11116,#11117);
#11116 = CARTESIAN_POINT('',(2.828427124746,-2.8583870316E-15));
#11117 = VECTOR('',#11118,1.);
#11118 = DIRECTION('',(-3.775908578411E-17,-1.));
#11119 = ( GEOMETRIC_REPRESENTATION_CONTEXT(2) 
PARAMETRIC_REPRESENTATION_CONTEXT() REPRESENTATION_CONTEXT('2D SPACE',''
  ) );
#11120 = PCURVE('',#9052,#11121);
#11121 = DEFINITIONAL_REPRESENTATION('',(#11122),#11126);
#11122 = LINE('',#11123,#11124);
#11123 = CARTESIAN_POINT('',(0.,0.));
#11124 = VECTOR('',#11125,1.);
#11125 = DIRECTION('',(0.,-1.));
#11126 = ( GEOMETRIC_REPRESENTATION_CONTEXT(2) 
PARAMETRIC_REPRESENTATION_CONTEXT() REPRESENTATION_CONTEXT('2D SPACE',''
  ) );
#11127 = ADVANCED_FACE('',(#11128),#9052,.F.);
#11128 = FACE_BOUND('',#11129,.F.);
#11129 = EDGE_LOOP('',(#11130,#11131,#11132,#11156));
#11130 = ORIENTED_EDGE('',*,*,#9031,.F.);
#11131 = ORIENTED_EDGE('',*,*,#11107,.T.);
#11132 = ORIENTED_EDGE('',*,*,#11133,.T.);
#11133 = EDGE_CURVE('',#11087,#11134,#11136,.T.);
#11134 = VERTEX_POINT('',#11135);
#11135 = CARTESIAN_POINT('',(-27.1834275627,66.278145360939,
    37.727301283981));
#11136 = SURFACE_CURVE('',#11137,(#11142,#11149),.PCURVE_S1.);
#11137 = CIRCLE('',#11138,1.3);
#11138 = AXIS2_PLACEMENT_3D('',#11139,#11140,#11141);
#11139 = CARTESIAN_POINT('',(-28.0000056738,65.704453437185,
    36.894187987309));
#11140 = DIRECTION('',(-0.768592593328,0.480269955675,0.422618261741));
#11141 = DIRECTION('',(-0.628137008538,-0.44130147981,-0.640856382056));
#11142 = PCURVE('',#9052,#11143);
#11143 = DEFINITIONAL_REPRESENTATION('',(#11144),#11148);
#11144 = LINE('',#11145,#11146);
#11145 = CARTESIAN_POINT('',(-1.080608752412E-16,-8.5));
#11146 = VECTOR('',#11147,1.);
#11147 = DIRECTION('',(1.,0.));
#11148 = ( GEOMETRIC_REPRESENTATION_CONTEXT(2) 
PARAMETRIC_REPRESENTATION_CONTEXT() REPRESENTATION_CONTEXT('2D SPACE',''
  ) );
#11149 = PCURVE('',#10457,#11150);
#11150 = DEFINITIONAL_REPRESENTATION('',(#11151),#11155);
#11151 = CIRCLE('',#11152,1.3);
#11152 = AXIS2_PLACEMENT_2D('',#11153,#11154);
#11153 = CARTESIAN_POINT('',(1.,1.));
#11154 = DIRECTION('',(0.707106781187,-0.707106781187));
#11155 = ( GEOMETRIC_REPRESENTATION_CONTEXT(2) 
PARAMETRIC_REPRESENTATION_CONTEXT() REPRESENTATION_CONTEXT('2D SPACE',''
  ) );
#11156 = ORIENTED_EDGE('',*,*,#11157,.F.);
#11157 = EDGE_CURVE('',#9032,#11134,#11158,.T.);
#11158 = SURFACE_CURVE('',#11159,(#11163,#11170),.PCURVE_S1.);
#11159 = LINE('',#11160,#11161);
#11160 = CARTESIAN_POINT('',(-33.71646460599,70.360439984178,
    41.319556508777));
#11161 = VECTOR('',#11162,1.);
#11162 = DIRECTION('',(0.768592593328,-0.480269955675,-0.422618261741));
#11163 = PCURVE('',#9052,#11164);
#11164 = DEFINITIONAL_REPRESENTATION('',(#11165),#11169);
#11165 = LINE('',#11166,#11167);
#11166 = CARTESIAN_POINT('',(3.14159265359,0.));
#11167 = VECTOR('',#11168,1.);
#11168 = DIRECTION('',(0.,-1.));
#11169 = ( GEOMETRIC_REPRESENTATION_CONTEXT(2) 
PARAMETRIC_REPRESENTATION_CONTEXT() REPRESENTATION_CONTEXT('2D SPACE',''
  ) );
#11170 = PCURVE('',#9079,#11171);
#11171 = DEFINITIONAL_REPRESENTATION('',(#11172),#11176);
#11172 = LINE('',#11173,#11174);
#11173 = CARTESIAN_POINT('',(0.,0.));
#11174 = VECTOR('',#11175,1.);
#11175 = DIRECTION('',(3.775908578411E-17,-1.));
#11176 = ( GEOMETRIC_REPRESENTATION_CONTEXT(2) 
PARAMETRIC_REPRESENTATION_CONTEXT() REPRESENTATION_CONTEXT('2D SPACE',''
  ) );
#11177 = ADVANCED_FACE('',(#11178),#9109,.F.);
#11178 = FACE_BOUND('',#11179,.F.);
#11179 = EDGE_LOOP('',(#11180,#11181,#11204,#11226));
#11180 = ORIENTED_EDGE('',*,*,#9090,.F.);
#11181 = ORIENTED_EDGE('',*,*,#11182,.T.);
#11182 = EDGE_CURVE('',#9065,#11183,#11185,.T.);
#11183 = VERTEX_POINT('',#11184);
#11184 = CARTESIAN_POINT('',(-26.84039025877,68.422148669878,
    35.914685709908));
#11185 = SURFACE_CURVE('',#11186,(#11190,#11197),.PCURVE_S1.);
#11186 = LINE('',#11187,#11188);
#11187 = CARTESIAN_POINT('',(-33.37342730206,72.504443293118,
    39.506940934704));
#11188 = VECTOR('',#11189,1.);
#11189 = DIRECTION('',(0.768592593328,-0.480269955675,-0.422618261741));
#11190 = PCURVE('',#9109,#11191);
#11191 = DEFINITIONAL_REPRESENTATION('',(#11192),#11196);
#11192 = LINE('',#11193,#11194);
#11193 = CARTESIAN_POINT('',(0.,0.));
#11194 = VECTOR('',#11195,1.);
#11195 = DIRECTION('',(0.,-1.));
#11196 = ( GEOMETRIC_REPRESENTATION_CONTEXT(2) 
PARAMETRIC_REPRESENTATION_CONTEXT() REPRESENTATION_CONTEXT('2D SPACE',''
  ) );
#11197 = PCURVE('',#9079,#11198);
#11198 = DEFINITIONAL_REPRESENTATION('',(#11199),#11203);
#11199 = LINE('',#11200,#11201);
#11200 = CARTESIAN_POINT('',(2.828427124746,2.8583870316E-15));
#11201 = VECTOR('',#11202,1.);
#11202 = DIRECTION('',(3.775908578411E-17,-1.));
#11203 = ( GEOMETRIC_REPRESENTATION_CONTEXT(2) 
PARAMETRIC_REPRESENTATION_CONTEXT() REPRESENTATION_CONTEXT('2D SPACE',''
  ) );
#11204 = ORIENTED_EDGE('',*,*,#11205,.T.);
#11205 = EDGE_CURVE('',#11183,#11064,#11206,.T.);
#11206 = SURFACE_CURVE('',#11207,(#11212,#11219),.PCURVE_S1.);
#11207 = CIRCLE('',#11208,1.3);
#11208 = AXIS2_PLACEMENT_3D('',#11209,#11210,#11211);
#11209 = CARTESIAN_POINT('',(-27.65696836987,67.848456746124,
    35.081572413235));
#11210 = DIRECTION('',(-0.768592593328,0.480269955675,0.422618261741));
#11211 = DIRECTION('',(0.628137008538,0.44130147981,0.640856382056));
#11212 = PCURVE('',#9109,#11213);
#11213 = DEFINITIONAL_REPRESENTATION('',(#11214),#11218);
#11214 = LINE('',#11215,#11216);
#11215 = CARTESIAN_POINT('',(-1.080608752412E-16,-8.5));
#11216 = VECTOR('',#11217,1.);
#11217 = DIRECTION('',(1.,0.));
#11218 = ( GEOMETRIC_REPRESENTATION_CONTEXT(2) 
PARAMETRIC_REPRESENTATION_CONTEXT() REPRESENTATION_CONTEXT('2D SPACE',''
  ) );
#11219 = PCURVE('',#10457,#11220);
#11220 = DEFINITIONAL_REPRESENTATION('',(#11221),#11225);
#11221 = CIRCLE('',#11222,1.3);
#11222 = AXIS2_PLACEMENT_2D('',#11223,#11224);
#11223 = CARTESIAN_POINT('',(-1.,-1.));
#11224 = DIRECTION('',(-0.707106781187,0.707106781187));
#11225 = ( GEOMETRIC_REPRESENTATION_CONTEXT(2) 
PARAMETRIC_REPRESENTATION_CONTEXT() REPRESENTATION_CONTEXT('2D SPACE',''
  ) );
#11226 = ORIENTED_EDGE('',*,*,#11063,.F.);
#11227 = ADVANCED_FACE('',(#11228),#9079,.F.);
#11228 = FACE_BOUND('',#11229,.F.);
#11229 = EDGE_LOOP('',(#11230,#11231,#11232,#11251));
#11230 = ORIENTED_EDGE('',*,*,#9064,.T.);
#11231 = ORIENTED_EDGE('',*,*,#11157,.T.);
#11232 = ORIENTED_EDGE('',*,*,#11233,.T.);
#11233 = EDGE_CURVE('',#11134,#11183,#11234,.T.);
#11234 = SURFACE_CURVE('',#11235,(#11239,#11245),.PCURVE_S1.);
#11235 = LINE('',#11236,#11237);
#11236 = CARTESIAN_POINT('',(-27.09766823672,66.814146188173,
    37.274147390463));
#11237 = VECTOR('',#11238,1.);
#11238 = DIRECTION('',(0.121282001903,0.758019639319,-0.640856382056));
#11239 = PCURVE('',#9079,#11240);
#11240 = DEFINITIONAL_REPRESENTATION('',(#11241),#11244);
#11241 = B_SPLINE_CURVE_WITH_KNOTS('',1,(#11242,#11243),.UNSPECIFIED.,
  .F.,.F.,(2,2),(-0.707106781187,2.12132034356),
  .PIECEWISE_BEZIER_KNOTS.);
#11242 = CARTESIAN_POINT('',(-6.661338147751E-16,-8.5));
#11243 = CARTESIAN_POINT('',(2.828427124746,-8.5));
#11244 = ( GEOMETRIC_REPRESENTATION_CONTEXT(2) 
PARAMETRIC_REPRESENTATION_CONTEXT() REPRESENTATION_CONTEXT('2D SPACE',''
  ) );
#11245 = PCURVE('',#10457,#11246);
#11246 = DEFINITIONAL_REPRESENTATION('',(#11247),#11250);
#11247 = B_SPLINE_CURVE_WITH_KNOTS('',1,(#11248,#11249),.UNSPECIFIED.,
  .F.,.F.,(2,2),(-0.707106781187,2.12132034356),
  .PIECEWISE_BEZIER_KNOTS.);
#11248 = CARTESIAN_POINT('',(8.076118445748E-02,1.919238815543));
#11249 = CARTESIAN_POINT('',(-1.919238815543,-8.076118445749E-02));
#11250 = ( GEOMETRIC_REPRESENTATION_CONTEXT(2) 
PARAMETRIC_REPRESENTATION_CONTEXT() REPRESENTATION_CONTEXT('2D SPACE',''
  ) );
#11251 = ORIENTED_EDGE('',*,*,#11182,.F.);
#11252 = ADVANCED_FACE('',(#11253),#9140,.F.);
#11253 = FACE_BOUND('',#11254,.F.);
#11254 = EDGE_LOOP('',(#11255,#11256,#11279,#11300));
#11255 = ORIENTED_EDGE('',*,*,#9123,.T.);
#11256 = ORIENTED_EDGE('',*,*,#11257,.T.);
#11257 = EDGE_CURVE('',#9126,#11258,#11260,.T.);
#11258 = VERTEX_POINT('',#11259);
#11259 = CARTESIAN_POINT('',(-16.7472833993,62.115275527844,
    61.437692727662));
#11260 = SURFACE_CURVE('',#11261,(#11265,#11272),.PCURVE_S1.);
#11261 = LINE('',#11262,#11263);
#11262 = CARTESIAN_POINT('',(-23.28032044259,66.197570151084,
    65.029947952458));
#11263 = VECTOR('',#11264,1.);
#11264 = DIRECTION('',(0.768592593328,-0.480269955675,-0.422618261741));
#11265 = PCURVE('',#9140,#11266);
#11266 = DEFINITIONAL_REPRESENTATION('',(#11267),#11271);
#11267 = LINE('',#11268,#11269);
#11268 = CARTESIAN_POINT('',(-0.,0.));
#11269 = VECTOR('',#11270,1.);
#11270 = DIRECTION('',(-1.775206544715E-17,-1.));
#11271 = ( GEOMETRIC_REPRESENTATION_CONTEXT(2) 
PARAMETRIC_REPRESENTATION_CONTEXT() REPRESENTATION_CONTEXT('2D SPACE',''
  ) );
#11272 = PCURVE('',#9229,#11273);
#11273 = DEFINITIONAL_REPRESENTATION('',(#11274),#11278);
#11274 = LINE('',#11275,#11276);
#11275 = CARTESIAN_POINT('',(3.14159265359,0.));
#11276 = VECTOR('',#11277,1.);
#11277 = DIRECTION('',(0.,-1.));
#11278 = ( GEOMETRIC_REPRESENTATION_CONTEXT(2) 
PARAMETRIC_REPRESENTATION_CONTEXT() REPRESENTATION_CONTEXT('2D SPACE',''
  ) );
#11279 = ORIENTED_EDGE('',*,*,#11280,.T.);
#11280 = EDGE_CURVE('',#11258,#11281,#11283,.T.);
#11281 = VERTEX_POINT('',#11282);
#11282 = CARTESIAN_POINT('',(-18.5239231523,60.867086452157,
    59.625077153589));
#11283 = SURFACE_CURVE('',#11284,(#11288,#11294),.PCURVE_S1.);
#11284 = LINE('',#11285,#11286);
#11285 = CARTESIAN_POINT('',(-17.19144333755,61.803228258922,
    60.984538834144));
#11286 = VECTOR('',#11287,1.);
#11287 = DIRECTION('',(-0.628137008538,-0.44130147981,-0.640856382056));
#11288 = PCURVE('',#9140,#11289);
#11289 = DEFINITIONAL_REPRESENTATION('',(#11290),#11293);
#11290 = B_SPLINE_CURVE_WITH_KNOTS('',1,(#11291,#11292),.UNSPECIFIED.,
  .F.,.F.,(2,2),(-0.707106781187,2.12132034356),
  .PIECEWISE_BEZIER_KNOTS.);
#11291 = CARTESIAN_POINT('',(-1.110223024625E-15,-8.5));
#11292 = CARTESIAN_POINT('',(2.828427124746,-8.5));
#11293 = ( GEOMETRIC_REPRESENTATION_CONTEXT(2) 
PARAMETRIC_REPRESENTATION_CONTEXT() REPRESENTATION_CONTEXT('2D SPACE',''
  ) );
#11294 = PCURVE('',#10858,#11295);
#11295 = DEFINITIONAL_REPRESENTATION('',(#11296),#11299);
#11296 = B_SPLINE_CURVE_WITH_KNOTS('',1,(#11297,#11298),.UNSPECIFIED.,
  .F.,.F.,(2,2),(-0.707106781187,2.12132034356),
  .PIECEWISE_BEZIER_KNOTS.);
#11297 = CARTESIAN_POINT('',(-1.919238815543,8.076118445748E-02));
#11298 = CARTESIAN_POINT('',(8.076118445749E-02,-1.919238815543));
#11299 = ( GEOMETRIC_REPRESENTATION_CONTEXT(2) 
PARAMETRIC_REPRESENTATION_CONTEXT() REPRESENTATION_CONTEXT('2D SPACE',''
  ) );
#11300 = ORIENTED_EDGE('',*,*,#11301,.F.);
#11301 = EDGE_CURVE('',#9124,#11281,#11302,.T.);
#11302 = SURFACE_CURVE('',#11303,(#11307,#11314),.PCURVE_S1.);
#11303 = LINE('',#11304,#11305);
#11304 = CARTESIAN_POINT('',(-25.05696019559,64.949381075397,
    63.217332378385));
#11305 = VECTOR('',#11306,1.);
#11306 = DIRECTION('',(0.768592593328,-0.480269955675,-0.422618261741));
#11307 = PCURVE('',#9140,#11308);
#11308 = DEFINITIONAL_REPRESENTATION('',(#11309),#11313);
#11309 = LINE('',#11310,#11311);
#11310 = CARTESIAN_POINT('',(2.828427124746,-6.896052926995E-15));
#11311 = VECTOR('',#11312,1.);
#11312 = DIRECTION('',(-1.775206544715E-17,-1.));
#11313 = ( GEOMETRIC_REPRESENTATION_CONTEXT(2) 
PARAMETRIC_REPRESENTATION_CONTEXT() REPRESENTATION_CONTEXT('2D SPACE',''
  ) );
#11314 = PCURVE('',#9172,#11315);
#11315 = DEFINITIONAL_REPRESENTATION('',(#11316),#11320);
#11316 = LINE('',#11317,#11318);
#11317 = CARTESIAN_POINT('',(0.,0.));
#11318 = VECTOR('',#11319,1.);
#11319 = DIRECTION('',(0.,-1.));
#11320 = ( GEOMETRIC_REPRESENTATION_CONTEXT(2) 
PARAMETRIC_REPRESENTATION_CONTEXT() REPRESENTATION_CONTEXT('2D SPACE',''
  ) );
#11321 = ADVANCED_FACE('',(#11322),#9172,.F.);
#11322 = FACE_BOUND('',#11323,.F.);
#11323 = EDGE_LOOP('',(#11324,#11325,#11326,#11350));
#11324 = ORIENTED_EDGE('',*,*,#9151,.F.);
#11325 = ORIENTED_EDGE('',*,*,#11301,.T.);
#11326 = ORIENTED_EDGE('',*,*,#11327,.T.);
#11327 = EDGE_CURVE('',#11281,#11328,#11330,.T.);
#11328 = VERTEX_POINT('',#11329);
#11329 = CARTESIAN_POINT('',(-18.83925635725,58.896235389929,
    61.291303746934));
#11330 = SURFACE_CURVE('',#11331,(#11336,#11343),.PCURVE_S1.);
#11331 = CIRCLE('',#11332,1.3);
#11332 = AXIS2_PLACEMENT_3D('',#11333,#11334,#11335);
#11333 = CARTESIAN_POINT('',(-18.68158975478,59.881660921043,
    60.458190450262));
#11334 = DIRECTION('',(-0.768592593328,0.480269955675,0.422618261741));
#11335 = DIRECTION('',(0.121282001903,0.758019639319,-0.640856382056));
#11336 = PCURVE('',#9172,#11337);
#11337 = DEFINITIONAL_REPRESENTATION('',(#11338),#11342);
#11338 = LINE('',#11339,#11340);
#11339 = CARTESIAN_POINT('',(0.,-8.5));
#11340 = VECTOR('',#11341,1.);
#11341 = DIRECTION('',(1.,0.));
#11342 = ( GEOMETRIC_REPRESENTATION_CONTEXT(2) 
PARAMETRIC_REPRESENTATION_CONTEXT() REPRESENTATION_CONTEXT('2D SPACE',''
  ) );
#11343 = PCURVE('',#10858,#11344);
#11344 = DEFINITIONAL_REPRESENTATION('',(#11345),#11349);
#11345 = CIRCLE('',#11346,1.3);
#11346 = AXIS2_PLACEMENT_2D('',#11347,#11348);
#11347 = CARTESIAN_POINT('',(1.,-1.));
#11348 = DIRECTION('',(-0.707106781187,-0.707106781187));
#11349 = ( GEOMETRIC_REPRESENTATION_CONTEXT(2) 
PARAMETRIC_REPRESENTATION_CONTEXT() REPRESENTATION_CONTEXT('2D SPACE',''
  ) );
#11350 = ORIENTED_EDGE('',*,*,#11351,.F.);
#11351 = EDGE_CURVE('',#9152,#11328,#11352,.T.);
#11352 = SURFACE_CURVE('',#11353,(#11357,#11364),.PCURVE_S1.);
#11353 = LINE('',#11354,#11355);
#11354 = CARTESIAN_POINT('',(-25.37229340054,62.978530013169,
    64.88355897173));
#11355 = VECTOR('',#11356,1.);
#11356 = DIRECTION('',(0.768592593328,-0.480269955675,-0.422618261741));
#11357 = PCURVE('',#9172,#11358);
#11358 = DEFINITIONAL_REPRESENTATION('',(#11359),#11363);
#11359 = LINE('',#11360,#11361);
#11360 = CARTESIAN_POINT('',(3.14159265359,0.));
#11361 = VECTOR('',#11362,1.);
#11362 = DIRECTION('',(0.,-1.));
#11363 = ( GEOMETRIC_REPRESENTATION_CONTEXT(2) 
PARAMETRIC_REPRESENTATION_CONTEXT() REPRESENTATION_CONTEXT('2D SPACE',''
  ) );
#11364 = PCURVE('',#9199,#11365);
#11365 = DEFINITIONAL_REPRESENTATION('',(#11366),#11370);
#11366 = LINE('',#11367,#11368);
#11367 = CARTESIAN_POINT('',(0.,0.));
#11368 = VECTOR('',#11369,1.);
#11369 = DIRECTION('',(1.775206544715E-17,-1.));
#11370 = ( GEOMETRIC_REPRESENTATION_CONTEXT(2) 
PARAMETRIC_REPRESENTATION_CONTEXT() REPRESENTATION_CONTEXT('2D SPACE',''
  ) );
#11371 = ADVANCED_FACE('',(#11372),#9229,.F.);
#11372 = FACE_BOUND('',#11373,.F.);
#11373 = EDGE_LOOP('',(#11374,#11375,#11398,#11420));
#11374 = ORIENTED_EDGE('',*,*,#9210,.F.);
#11375 = ORIENTED_EDGE('',*,*,#11376,.T.);
#11376 = EDGE_CURVE('',#9185,#11377,#11379,.T.);
#11377 = VERTEX_POINT('',#11378);
#11378 = CARTESIAN_POINT('',(-17.06261660424,60.144424465615,
    63.103919321007));
#11379 = SURFACE_CURVE('',#11380,(#11384,#11391),.PCURVE_S1.);
#11380 = LINE('',#11381,#11382);
#11381 = CARTESIAN_POINT('',(-23.59565364753,64.226719088855,
    66.696174545803));
#11382 = VECTOR('',#11383,1.);
#11383 = DIRECTION('',(0.768592593328,-0.480269955675,-0.422618261741));
#11384 = PCURVE('',#9229,#11385);
#11385 = DEFINITIONAL_REPRESENTATION('',(#11386),#11390);
#11386 = LINE('',#11387,#11388);
#11387 = CARTESIAN_POINT('',(0.,0.));
#11388 = VECTOR('',#11389,1.);
#11389 = DIRECTION('',(0.,-1.));
#11390 = ( GEOMETRIC_REPRESENTATION_CONTEXT(2) 
PARAMETRIC_REPRESENTATION_CONTEXT() REPRESENTATION_CONTEXT('2D SPACE',''
  ) );
#11391 = PCURVE('',#9199,#11392);
#11392 = DEFINITIONAL_REPRESENTATION('',(#11393),#11397);
#11393 = LINE('',#11394,#11395);
#11394 = CARTESIAN_POINT('',(2.828427124746,3.454361550657E-15));
#11395 = VECTOR('',#11396,1.);
#11396 = DIRECTION('',(1.775206544715E-17,-1.));
#11397 = ( GEOMETRIC_REPRESENTATION_CONTEXT(2) 
PARAMETRIC_REPRESENTATION_CONTEXT() REPRESENTATION_CONTEXT('2D SPACE',''
  ) );
#11398 = ORIENTED_EDGE('',*,*,#11399,.T.);
#11399 = EDGE_CURVE('',#11377,#11258,#11400,.T.);
#11400 = SURFACE_CURVE('',#11401,(#11406,#11413),.PCURVE_S1.);
#11401 = CIRCLE('',#11402,1.3);
#11402 = AXIS2_PLACEMENT_3D('',#11403,#11404,#11405);
#11403 = CARTESIAN_POINT('',(-16.90495000177,61.12984999673,
    62.270806024335));
#11404 = DIRECTION('',(-0.768592593328,0.480269955675,0.422618261741));
#11405 = DIRECTION('',(-0.121282001903,-0.758019639319,0.640856382056));
#11406 = PCURVE('',#9229,#11407);
#11407 = DEFINITIONAL_REPRESENTATION('',(#11408),#11412);
#11408 = LINE('',#11409,#11410);
#11409 = CARTESIAN_POINT('',(-4.919160339616E-17,-8.5));
#11410 = VECTOR('',#11411,1.);
#11411 = DIRECTION('',(1.,0.));
#11412 = ( GEOMETRIC_REPRESENTATION_CONTEXT(2) 
PARAMETRIC_REPRESENTATION_CONTEXT() REPRESENTATION_CONTEXT('2D SPACE',''
  ) );
#11413 = PCURVE('',#10858,#11414);
#11414 = DEFINITIONAL_REPRESENTATION('',(#11415),#11419);
#11415 = CIRCLE('',#11416,1.3);
#11416 = AXIS2_PLACEMENT_2D('',#11417,#11418);
#11417 = CARTESIAN_POINT('',(-1.,1.));
#11418 = DIRECTION('',(0.707106781187,0.707106781187));
#11419 = ( GEOMETRIC_REPRESENTATION_CONTEXT(2) 
PARAMETRIC_REPRESENTATION_CONTEXT() REPRESENTATION_CONTEXT('2D SPACE',''
  ) );
#11420 = ORIENTED_EDGE('',*,*,#11257,.F.);
#11421 = ADVANCED_FACE('',(#11422),#9199,.F.);
#11422 = FACE_BOUND('',#11423,.F.);
#11423 = EDGE_LOOP('',(#11424,#11425,#11426,#11445));
#11424 = ORIENTED_EDGE('',*,*,#9184,.T.);
#11425 = ORIENTED_EDGE('',*,*,#11351,.T.);
#11426 = ORIENTED_EDGE('',*,*,#11427,.T.);
#11427 = EDGE_CURVE('',#11328,#11377,#11428,.T.);
#11428 = SURFACE_CURVE('',#11429,(#11433,#11439),.PCURVE_S1.);
#11429 = LINE('',#11430,#11431);
#11430 = CARTESIAN_POINT('',(-18.395096419,59.208282658851,
    61.744457640452));
#11431 = VECTOR('',#11432,1.);
#11432 = DIRECTION('',(0.628137008538,0.44130147981,0.640856382056));
#11433 = PCURVE('',#9199,#11434);
#11434 = DEFINITIONAL_REPRESENTATION('',(#11435),#11438);
#11435 = B_SPLINE_CURVE_WITH_KNOTS('',1,(#11436,#11437),.UNSPECIFIED.,
  .F.,.F.,(2,2),(-0.707106781187,2.12132034356),
  .PIECEWISE_BEZIER_KNOTS.);
#11436 = CARTESIAN_POINT('',(0.,-8.5));
#11437 = CARTESIAN_POINT('',(2.828427124746,-8.5));
#11438 = ( GEOMETRIC_REPRESENTATION_CONTEXT(2) 
PARAMETRIC_REPRESENTATION_CONTEXT() REPRESENTATION_CONTEXT('2D SPACE',''
  ) );
#11439 = PCURVE('',#10858,#11440);
#11440 = DEFINITIONAL_REPRESENTATION('',(#11441),#11444);
#11441 = B_SPLINE_CURVE_WITH_KNOTS('',1,(#11442,#11443),.UNSPECIFIED.,
  .F.,.F.,(2,2),(-0.707106781187,2.12132034356),
  .PIECEWISE_BEZIER_KNOTS.);
#11442 = CARTESIAN_POINT('',(1.919238815543,-8.076118445751E-02));
#11443 = CARTESIAN_POINT('',(-8.07611844575E-02,1.919238815542));
#11444 = ( GEOMETRIC_REPRESENTATION_CONTEXT(2) 
PARAMETRIC_REPRESENTATION_CONTEXT() REPRESENTATION_CONTEXT('2D SPACE',''
  ) );
#11445 = ORIENTED_EDGE('',*,*,#11376,.F.);
#11446 = ADVANCED_FACE('',(#11447),#9330,.F.);
#11447 = FACE_BOUND('',#11448,.F.);
#11448 = EDGE_LOOP('',(#11449,#11450));
#11449 = ORIENTED_EDGE('',*,*,#9313,.T.);
#11450 = ORIENTED_EDGE('',*,*,#9508,.F.);
#11451 = ADVANCED_FACE('',(#11452,#11458),#9577,.F.);
#11452 = FACE_BOUND('',#11453,.F.);
#11453 = EDGE_LOOP('',(#11454,#11455,#11456,#11457));
#11454 = ORIENTED_EDGE('',*,*,#10042,.T.);
#11455 = ORIENTED_EDGE('',*,*,#10091,.T.);
#11456 = ORIENTED_EDGE('',*,*,#10191,.T.);
#11457 = ORIENTED_EDGE('',*,*,#10163,.T.);
#11458 = FACE_BOUND('',#11459,.F.);
#11459 = EDGE_LOOP('',(#11460,#11461,#11462,#11463));
#11460 = ORIENTED_EDGE('',*,*,#9562,.F.);
#11461 = ORIENTED_EDGE('',*,*,#9686,.F.);
#11462 = ORIENTED_EDGE('',*,*,#9714,.F.);
#11463 = ORIENTED_EDGE('',*,*,#9614,.F.);
#11464 = ADVANCED_FACE('',(#11465,#11471),#9776,.F.);
#11465 = FACE_BOUND('',#11466,.F.);
#11466 = EDGE_LOOP('',(#11467,#11468,#11469,#11470));
#11467 = ORIENTED_EDGE('',*,*,#10644,.T.);
#11468 = ORIENTED_EDGE('',*,*,#10693,.T.);
#11469 = ORIENTED_EDGE('',*,*,#10793,.T.);
#11470 = ORIENTED_EDGE('',*,*,#10765,.T.);
#11471 = FACE_BOUND('',#11472,.F.);
#11472 = EDGE_LOOP('',(#11473,#11474,#11475,#11476));
#11473 = ORIENTED_EDGE('',*,*,#9761,.F.);
#11474 = ORIENTED_EDGE('',*,*,#9885,.F.);
#11475 = ORIENTED_EDGE('',*,*,#9913,.F.);
#11476 = ORIENTED_EDGE('',*,*,#9813,.F.);
#11477 = ADVANCED_FACE('',(#11478),#10234,.T.);
#11478 = FACE_BOUND('',#11479,.T.);
#11479 = EDGE_LOOP('',(#11480,#11481,#11482,#11483));
#11480 = ORIENTED_EDGE('',*,*,#10341,.T.);
#11481 = ORIENTED_EDGE('',*,*,#10216,.T.);
#11482 = ORIENTED_EDGE('',*,*,#10292,.T.);
#11483 = ORIENTED_EDGE('',*,*,#10390,.T.);
#11484 = ADVANCED_FACE('',(#11485,#11491),#10457,.F.);
#11485 = FACE_BOUND('',#11486,.F.);
#11486 = EDGE_LOOP('',(#11487,#11488,#11489,#11490));
#11487 = ORIENTED_EDGE('',*,*,#10441,.T.);
#11488 = ORIENTED_EDGE('',*,*,#10495,.T.);
#11489 = ORIENTED_EDGE('',*,*,#10595,.T.);
#11490 = ORIENTED_EDGE('',*,*,#10567,.T.);
#11491 = FACE_BOUND('',#11492,.F.);
#11492 = EDGE_LOOP('',(#11493,#11494,#11495,#11496));
#11493 = ORIENTED_EDGE('',*,*,#11086,.F.);
#11494 = ORIENTED_EDGE('',*,*,#11205,.F.);
#11495 = ORIENTED_EDGE('',*,*,#11233,.F.);
#11496 = ORIENTED_EDGE('',*,*,#11133,.F.);
#11497 = ADVANCED_FACE('',(#11498,#11504),#10858,.F.);
#11498 = FACE_BOUND('',#11499,.F.);
#11499 = EDGE_LOOP('',(#11500,#11501,#11502,#11503));
#11500 = ORIENTED_EDGE('',*,*,#10842,.T.);
#11501 = ORIENTED_EDGE('',*,*,#10896,.T.);
#11502 = ORIENTED_EDGE('',*,*,#10996,.T.);
#11503 = ORIENTED_EDGE('',*,*,#10968,.T.);
#11504 = FACE_BOUND('',#11505,.F.);
#11505 = EDGE_LOOP('',(#11506,#11507,#11508,#11509));
#11506 = ORIENTED_EDGE('',*,*,#11280,.F.);
#11507 = ORIENTED_EDGE('',*,*,#11399,.F.);
#11508 = ORIENTED_EDGE('',*,*,#11427,.F.);
#11509 = ORIENTED_EDGE('',*,*,#11327,.F.);
#11510 = ( GEOMETRIC_REPRESENTATION_CONTEXT(3) 
GLOBAL_UNCERTAINTY_ASSIGNED_CONTEXT((#11514)) 
GLOBAL_UNIT_ASSIGNED_CONTEXT((#11511,#11512,#11513)) 
REPRESENTATION_CONTEXT('Context #1',
  '3D Context with UNIT and UNCERTAINTY') );
#11511 = ( LENGTH_UNIT() NAMED_UNIT(*) SI_UNIT(.MILLI.,.METRE.) );
#11512 = ( NAMED_UNIT(*) PLANE_ANGLE_UNIT() SI_UNIT($,.RADIAN.) );
#11513 = ( NAMED_UNIT(*) SI_UNIT($,.STERADIAN.) SOLID_ANGLE_UNIT() );
#11514 = UNCERTAINTY_MEASURE_WITH_UNIT(LENGTH_MEASURE(1.E-06),#11511,
  'distance_accuracy_value','confusion accuracy');
#11515 = CONTEXT_DEPENDENT_SHAPE_REPRESENTATION(#11516,#11518);
#11516 = ( REPRESENTATION_RELATIONSHIP('','',#36,#10) 
REPRESENTATION_RELATIONSHIP_WITH_TRANSFORMATION(#11517) 
SHAPE_REPRESENTATION_RELATIONSHIP() );
#11517 = ITEM_DEFINED_TRANSFORMATION('','',#11,#15);
#11518 = PRODUCT_DEFINITION_SHAPE('Placement','Placement of an item',
  #11519);
#11519 = NEXT_ASSEMBLY_USAGE_OCCURRENCE('1','upper','',#5,#31,$);
#11520 = PRODUCT_RELATED_PRODUCT_CATEGORY('part',$,(#33));
#11521 = SHAPE_DEFINITION_REPRESENTATION(#11522,#11528);
#11522 = PRODUCT_DEFINITION_SHAPE('','',#11523);
#11523 = PRODUCT_DEFINITION('design','',#11524,#11527);
#11524 = PRODUCT_DEFINITION_FORMATION('','',#11525);
#11525 = PRODUCT('lower','lower','',(#11526));
#11526 = PRODUCT_CONTEXT('',#2,'mechanical');
#11527 = PRODUCT_DEFINITION_CONTEXT('part definition',#2,'design');
#11528 = ADVANCED_BREP_SHAPE_REPRESENTATION('',(#11,#11529),#16257);
#11529 = MANIFOLD_SOLID_BREP('',#11530);
#11530 = CLOSED_SHELL('',(#11531,#12153,#12341,#12814,#12886,#12913,
    #13074,#13100,#13128,#13177,#13310,#13451,#13606,#13655,#14086,
    #14158,#14185,#14562,#14588,#14616,#14663,#14688,#14713,#14739,
    #14773,#14798,#14876,#14925,#14952,#15001,#15028,#15078,#15085,
    #15132,#15139,#15194,#15253,#15303,#15399,#15468,#15475,#15482,
    #15509,#15603,#15653,#15660,#15709,#15736,#15790,#15845,#15894,
    #15941,#15990,#16039,#16088,#16135,#16184,#16211,#16219,#16223,
    #16230,#16238,#16253));
#11531 = ADVANCED_FACE('',(#11532),#11547,.T.);
#11532 = FACE_BOUND('',#11533,.F.);
#11533 = EDGE_LOOP('',(#11534,#11570,#11597,#11630,#11670,#11696,#11736,
    #11769,#11791,#11824,#11850,#11879,#11905,#11934,#11961,#11994,
    #12034,#12060,#12100,#12133));
#11534 = ORIENTED_EDGE('',*,*,#11535,.F.);
#11535 = EDGE_CURVE('',#11536,#11538,#11540,.T.);
#11536 = VERTEX_POINT('',#11537);
#11537 = CARTESIAN_POINT('',(-52.,-34.99085594837,-0.8));
#11538 = VERTEX_POINT('',#11539);
#11539 = CARTESIAN_POINT('',(-52.,34.990855948376,-0.8));
#11540 = SURFACE_CURVE('',#11541,(#11546,#11558),.PCURVE_S1.);
#11541 = CIRCLE('',#11542,35.);
#11542 = AXIS2_PLACEMENT_3D('',#11543,#11544,#11545);
#11543 = CARTESIAN_POINT('',(-52.,0.,0.));
#11544 = DIRECTION('',(1.,0.,0.));
#11545 = DIRECTION('',(0.,1.,0.));
#11546 = PCURVE('',#11547,#11552);
#11547 = CYLINDRICAL_SURFACE('',#11548,35.);
#11548 = AXIS2_PLACEMENT_3D('',#11549,#11550,#11551);
#11549 = CARTESIAN_POINT('',(-52.,0.,0.));
#11550 = DIRECTION('',(-1.,-0.,-0.));
#11551 = DIRECTION('',(0.,1.,0.));
#11552 = DEFINITIONAL_REPRESENTATION('',(#11553),#11557);
#11553 = LINE('',#11554,#11555);
#11554 = CARTESIAN_POINT('',(-0.,0.));
#11555 = VECTOR('',#11556,1.);
#11556 = DIRECTION('',(-1.,0.));
#11557 = ( GEOMETRIC_REPRESENTATION_CONTEXT(2) 
PARAMETRIC_REPRESENTATION_CONTEXT() REPRESENTATION_CONTEXT('2D SPACE',''
  ) );
#11558 = PCURVE('',#11559,#11564);
#11559 = PLANE('',#11560);
#11560 = AXIS2_PLACEMENT_3D('',#11561,#11562,#11563);
#11561 = CARTESIAN_POINT('',(-52.,-1.250230978322E-15,2.32193833596E-15)
  );
#11562 = DIRECTION('',(1.,0.,0.));
#11563 = DIRECTION('',(-0.,0.,1.));
#11564 = DEFINITIONAL_REPRESENTATION('',(#11565),#11569);
#11565 = CIRCLE('',#11566,35.);
#11566 = AXIS2_PLACEMENT_2D('',#11567,#11568);
#11567 = CARTESIAN_POINT('',(-2.32193833596E-15,-1.250230978322E-15));
#11568 = DIRECTION('',(0.,-1.));
#11569 = ( GEOMETRIC_REPRESENTATION_CONTEXT(2) 
PARAMETRIC_REPRESENTATION_CONTEXT() REPRESENTATION_CONTEXT('2D SPACE',''
  ) );
#11570 = ORIENTED_EDGE('',*,*,#11571,.F.);
#11571 = EDGE_CURVE('',#11572,#11536,#11574,.T.);
#11572 = VERTEX_POINT('',#11573);
#11573 = CARTESIAN_POINT('',(-47.,-34.99085594837,-0.8));
#11574 = SURFACE_CURVE('',#11575,(#11579,#11585),.PCURVE_S1.);
#11575 = LINE('',#11576,#11577);
#11576 = CARTESIAN_POINT('',(-52.,-34.99085594837,-0.8));
#11577 = VECTOR('',#11578,1.);
#11578 = DIRECTION('',(-1.,-0.,-0.));
#11579 = PCURVE('',#11547,#11580);
#11580 = DEFINITIONAL_REPRESENTATION('',(#11581),#11584);
#11581 = B_SPLINE_CURVE_WITH_KNOTS('',1,(#11582,#11583),.UNSPECIFIED.,
  .F.,.F.,(2,2),(-28.0000006,5.999999999062E-07),
  .PIECEWISE_BEZIER_KNOTS.);
#11582 = CARTESIAN_POINT('',(-3.164451787197,-28.0000006));
#11583 = CARTESIAN_POINT('',(-3.164451787197,5.999999999062E-07));
#11584 = ( GEOMETRIC_REPRESENTATION_CONTEXT(2) 
PARAMETRIC_REPRESENTATION_CONTEXT() REPRESENTATION_CONTEXT('2D SPACE',''
  ) );
#11585 = PCURVE('',#11586,#11591);
#11586 = PLANE('',#11587);
#11587 = AXIS2_PLACEMENT_3D('',#11588,#11589,#11590);
#11588 = CARTESIAN_POINT('',(-120.,-120.,-0.8));
#11589 = DIRECTION('',(0.,0.,1.));
#11590 = DIRECTION('',(1.,0.,0.));
#11591 = DEFINITIONAL_REPRESENTATION('',(#11592),#11596);
#11592 = LINE('',#11593,#11594);
#11593 = CARTESIAN_POINT('',(68.,85.009144051624));
#11594 = VECTOR('',#11595,1.);
#11595 = DIRECTION('',(-1.,0.));
#11596 = ( GEOMETRIC_REPRESENTATION_CONTEXT(2) 
PARAMETRIC_REPRESENTATION_CONTEXT() REPRESENTATION_CONTEXT('2D SPACE',''
  ) );
#11597 = ORIENTED_EDGE('',*,*,#11598,.F.);
#11598 = EDGE_CURVE('',#11599,#11572,#11601,.T.);
#11599 = VERTEX_POINT('',#11600);
#11600 = CARTESIAN_POINT('',(-47.,-34.5,-5.894913061276));
#11601 = SURFACE_CURVE('',#11602,(#11607,#11614),.PCURVE_S1.);
#11602 = CIRCLE('',#11603,35.);
#11603 = AXIS2_PLACEMENT_3D('',#11604,#11605,#11606);
#11604 = CARTESIAN_POINT('',(-47.,0.,0.));
#11605 = DIRECTION('',(-1.,0.,0.));
#11606 = DIRECTION('',(0.,1.,0.));
#11607 = PCURVE('',#11547,#11608);
#11608 = DEFINITIONAL_REPRESENTATION('',(#11609),#11613);
#11609 = LINE('',#11610,#11611);
#11610 = CARTESIAN_POINT('',(-6.28318530718,-5.));
#11611 = VECTOR('',#11612,1.);
#11612 = DIRECTION('',(1.,-0.));
#11613 = ( GEOMETRIC_REPRESENTATION_CONTEXT(2) 
PARAMETRIC_REPRESENTATION_CONTEXT() REPRESENTATION_CONTEXT('2D SPACE',''
  ) );
#11614 = PCURVE('',#11615,#11620);
#11615 = PLANE('',#11616);
#11616 = AXIS2_PLACEMENT_3D('',#11617,#11618,#11619);
#11617 = CARTESIAN_POINT('',(-47.,-50.6,-9.));
#11618 = DIRECTION('',(1.,0.,0.));
#11619 = DIRECTION('',(0.,0.,1.));
#11620 = DEFINITIONAL_REPRESENTATION('',(#11621),#11629);
#11621 = ( BOUNDED_CURVE() B_SPLINE_CURVE(2,(#11622,#11623,#11624,#11625
    ,#11626,#11627,#11628),.UNSPECIFIED.,.T.,.F.) 
B_SPLINE_CURVE_WITH_KNOTS((1,2,2,2,2,1),(-2.094395102393,0.,
    2.094395102393,4.188790204786,6.28318530718,8.377580409573),
.UNSPECIFIED.) CURVE() GEOMETRIC_REPRESENTATION_ITEM() 
RATIONAL_B_SPLINE_CURVE((1.,0.5,1.,0.5,1.,0.5,1.)) REPRESENTATION_ITEM(
  '') );
#11622 = CARTESIAN_POINT('',(9.,-85.6));
#11623 = CARTESIAN_POINT('',(-51.62177826491,-85.6));
#11624 = CARTESIAN_POINT('',(-21.31088913245,-33.1));
#11625 = CARTESIAN_POINT('',(9.,19.4));
#11626 = CARTESIAN_POINT('',(39.310889132455,-33.1));
#11627 = CARTESIAN_POINT('',(69.621778264911,-85.6));
#11628 = CARTESIAN_POINT('',(9.,-85.6));
#11629 = ( GEOMETRIC_REPRESENTATION_CONTEXT(2) 
PARAMETRIC_REPRESENTATION_CONTEXT() REPRESENTATION_CONTEXT('2D SPACE',''
  ) );
#11630 = ORIENTED_EDGE('',*,*,#11631,.T.);
#11631 = EDGE_CURVE('',#11599,#11632,#11634,.T.);
#11632 = VERTEX_POINT('',#11633);
#11633 = CARTESIAN_POINT('',(-46.92262972162,-33.82306905057,-9.));
#11634 = SURFACE_CURVE('',#11635,(#11643,#11654),.PCURVE_S1.);
#11635 = B_SPLINE_CURVE_WITH_KNOTS('',6,(#11636,#11637,#11638,#11639,
    #11640,#11641,#11642),.UNSPECIFIED.,.F.,.F.,(7,7),(0.,1.),
  .PIECEWISE_BEZIER_KNOTS.);
#11636 = CARTESIAN_POINT('',(-47.,-34.5,-5.894913061276));
#11637 = CARTESIAN_POINT('',(-47.,-34.41102866705,-6.415618108957));
#11638 = CARTESIAN_POINT('',(-46.99683355069,-34.31260588567,
    -6.934833099039));
#11639 = CARTESIAN_POINT('',(-46.98923985732,-34.20462404043,
    -7.453137191748));
#11640 = CARTESIAN_POINT('',(-46.97568200813,-34.08697255019,
    -7.970592964359));
#11641 = CARTESIAN_POINT('',(-46.95426861463,-33.95966901869,
    -8.486641130644));
#11642 = CARTESIAN_POINT('',(-46.92262968464,-33.82306889092,-9.0000006)
  );
#11643 = PCURVE('',#11547,#11644);
#11644 = DEFINITIONAL_REPRESENTATION('',(#11645),#11653);
#11645 = B_SPLINE_CURVE_WITH_KNOTS('',6,(#11646,#11647,#11648,#11649,
    #11650,#11651,#11652),.UNSPECIFIED.,.F.,.F.,(7,7),(0.,1.),
  .PIECEWISE_BEZIER_KNOTS.);
#11646 = CARTESIAN_POINT('',(-3.310825381304,-5.));
#11647 = CARTESIAN_POINT('',(-3.325918281237,-5.));
#11648 = CARTESIAN_POINT('',(-3.341014697609,-5.003166449303));
#11649 = CARTESIAN_POINT('',(-3.356137652605,-5.010760142672));
#11650 = CARTESIAN_POINT('',(-3.371295627584,-5.024317991864));
#11651 = CARTESIAN_POINT('',(-3.38647935308,-5.045731385361));
#11652 = CARTESIAN_POINT('',(-3.401657144044,-5.077370315356));
#11653 = ( GEOMETRIC_REPRESENTATION_CONTEXT(2) 
PARAMETRIC_REPRESENTATION_CONTEXT() REPRESENTATION_CONTEXT('2D SPACE',''
  ) );
#11654 = PCURVE('',#11655,#11660);
#11655 = CYLINDRICAL_SURFACE('',#11656,3.);
#11656 = AXIS2_PLACEMENT_3D('',#11657,#11658,#11659);
#11657 = CARTESIAN_POINT('',(-44.,-34.5,-9.));
#11658 = DIRECTION('',(0.,0.,1.));
#11659 = DIRECTION('',(-1.,-0.,0.));
#11660 = DEFINITIONAL_REPRESENTATION('',(#11661),#11669);
#11661 = B_SPLINE_CURVE_WITH_KNOTS('',6,(#11662,#11663,#11664,#11665,
    #11666,#11667,#11668),.UNSPECIFIED.,.F.,.F.,(7,7),(0.,1.),
  .PIECEWISE_BEZIER_KNOTS.);
#11662 = CARTESIAN_POINT('',(8.881784197001E-16,3.105086938724));
#11663 = CARTESIAN_POINT('',(-2.96571109821E-02,2.584381891043));
#11664 = CARTESIAN_POINT('',(-6.246478445342E-02,2.065166900961));
#11665 = CARTESIAN_POINT('',(-9.850530985879E-02,1.546862808252));
#11666 = CARTESIAN_POINT('',(-0.137914151007,1.029407035641));
#11667 = CARTESIAN_POINT('',(-0.180864955535,0.513358869356));
#11668 = CARTESIAN_POINT('',(-0.227603729349,-6.E-07));
#11669 = ( GEOMETRIC_REPRESENTATION_CONTEXT(2) 
PARAMETRIC_REPRESENTATION_CONTEXT() REPRESENTATION_CONTEXT('2D SPACE',''
  ) );
#11670 = ORIENTED_EDGE('',*,*,#11671,.F.);
#11671 = EDGE_CURVE('',#11672,#11632,#11674,.T.);
#11672 = VERTEX_POINT('',#11673);
#11673 = CARTESIAN_POINT('',(-29.07737027837,-33.82306905057,-9.));
#11674 = SURFACE_CURVE('',#11675,(#11679,#11685),.PCURVE_S1.);
#11675 = LINE('',#11676,#11677);
#11676 = CARTESIAN_POINT('',(-52.,-33.82306905057,-9.));
#11677 = VECTOR('',#11678,1.);
#11678 = DIRECTION('',(-1.,-0.,-0.));
#11679 = PCURVE('',#11547,#11680);
#11680 = DEFINITIONAL_REPRESENTATION('',(#11681),#11684);
#11681 = B_SPLINE_CURVE_WITH_KNOTS('',1,(#11682,#11683),.UNSPECIFIED.,
  .F.,.F.,(2,2),(-24.8,-3.2),.PIECEWISE_BEZIER_KNOTS.);
#11682 = CARTESIAN_POINT('',(-3.401657126304,-24.8));
#11683 = CARTESIAN_POINT('',(-3.401657126304,-3.2));
#11684 = ( GEOMETRIC_REPRESENTATION_CONTEXT(2) 
PARAMETRIC_REPRESENTATION_CONTEXT() REPRESENTATION_CONTEXT('2D SPACE',''
  ) );
#11685 = PCURVE('',#11686,#11691);
#11686 = PLANE('',#11687);
#11687 = AXIS2_PLACEMENT_3D('',#11688,#11689,#11690);
#11688 = CARTESIAN_POINT('',(-47.,-50.6,-9.));
#11689 = DIRECTION('',(0.,0.,1.));
#11690 = DIRECTION('',(1.,0.,0.));
#11691 = DEFINITIONAL_REPRESENTATION('',(#11692),#11695);
#11692 = B_SPLINE_CURVE_WITH_KNOTS('',1,(#11693,#11694),.UNSPECIFIED.,
  .F.,.F.,(2,2),(-24.8,-3.2),.PIECEWISE_BEZIER_KNOTS.);
#11693 = CARTESIAN_POINT('',(19.8,16.776930949424));
#11694 = CARTESIAN_POINT('',(-1.8,16.776930949424));
#11695 = ( GEOMETRIC_REPRESENTATION_CONTEXT(2) 
PARAMETRIC_REPRESENTATION_CONTEXT() REPRESENTATION_CONTEXT('2D SPACE',''
  ) );
#11696 = ORIENTED_EDGE('',*,*,#11697,.F.);
#11697 = EDGE_CURVE('',#11698,#11672,#11700,.T.);
#11698 = VERTEX_POINT('',#11699);
#11699 = CARTESIAN_POINT('',(-29.,-34.5,-5.894913061276));
#11700 = SURFACE_CURVE('',#11701,(#11709,#11720),.PCURVE_S1.);
#11701 = B_SPLINE_CURVE_WITH_KNOTS('',6,(#11702,#11703,#11704,#11705,
    #11706,#11707,#11708),.UNSPECIFIED.,.F.,.F.,(7,7),(0.,1.),
  .PIECEWISE_BEZIER_KNOTS.);
#11702 = CARTESIAN_POINT('',(-29.,-34.5,-5.894913061276));
#11703 = CARTESIAN_POINT('',(-29.,-34.41102866705,-6.415618108956));
#11704 = CARTESIAN_POINT('',(-29.0031664493,-34.31260588567,
    -6.93483309904));
#11705 = CARTESIAN_POINT('',(-29.01076014267,-34.20462404043,
    -7.45313719175));
#11706 = CARTESIAN_POINT('',(-29.02431799186,-34.08697255019,
    -7.970592964359));
#11707 = CARTESIAN_POINT('',(-29.04573138536,-33.95966901869,
    -8.486641130642));
#11708 = CARTESIAN_POINT('',(-29.07737031535,-33.82306889092,-9.0000006)
  );
#11709 = PCURVE('',#11547,#11710);
#11710 = DEFINITIONAL_REPRESENTATION('',(#11711),#11719);
#11711 = B_SPLINE_CURVE_WITH_KNOTS('',6,(#11712,#11713,#11714,#11715,
    #11716,#11717,#11718),.UNSPECIFIED.,.F.,.F.,(7,7),(0.,1.),
  .PIECEWISE_BEZIER_KNOTS.);
#11712 = CARTESIAN_POINT('',(-3.310825381304,-23.));
#11713 = CARTESIAN_POINT('',(-3.325918281237,-23.));
#11714 = CARTESIAN_POINT('',(-3.341014697609,-22.99683355069));
#11715 = CARTESIAN_POINT('',(-3.356137652605,-22.98923985732));
#11716 = CARTESIAN_POINT('',(-3.371295627584,-22.97568200813));
#11717 = CARTESIAN_POINT('',(-3.38647935308,-22.95426861463));
#11718 = CARTESIAN_POINT('',(-3.401657144044,-22.92262968464));
#11719 = ( GEOMETRIC_REPRESENTATION_CONTEXT(2) 
PARAMETRIC_REPRESENTATION_CONTEXT() REPRESENTATION_CONTEXT('2D SPACE',''
  ) );
#11720 = PCURVE('',#11721,#11726);
#11721 = CYLINDRICAL_SURFACE('',#11722,3.);
#11722 = AXIS2_PLACEMENT_3D('',#11723,#11724,#11725);
#11723 = CARTESIAN_POINT('',(-32.,-34.5,-9.));
#11724 = DIRECTION('',(0.,0.,1.));
#11725 = DIRECTION('',(1.,0.,-0.));
#11726 = DEFINITIONAL_REPRESENTATION('',(#11727),#11735);
#11727 = B_SPLINE_CURVE_WITH_KNOTS('',6,(#11728,#11729,#11730,#11731,
    #11732,#11733,#11734),.UNSPECIFIED.,.F.,.F.,(7,7),(0.,1.),
  .PIECEWISE_BEZIER_KNOTS.);
#11728 = CARTESIAN_POINT('',(-8.881784197001E-16,3.105086938724));
#11729 = CARTESIAN_POINT('',(2.965711098207E-02,2.584381891044));
#11730 = CARTESIAN_POINT('',(6.246478445345E-02,2.06516690096));
#11731 = CARTESIAN_POINT('',(9.850530985894E-02,1.54686280825));
#11732 = CARTESIAN_POINT('',(0.137914151007,1.029407035641));
#11733 = CARTESIAN_POINT('',(0.180864955535,0.513358869358));
#11734 = CARTESIAN_POINT('',(0.227603729349,-6.E-07));
#11735 = ( GEOMETRIC_REPRESENTATION_CONTEXT(2) 
PARAMETRIC_REPRESENTATION_CONTEXT() REPRESENTATION_CONTEXT('2D SPACE',''
  ) );
#11736 = ORIENTED_EDGE('',*,*,#11737,.T.);
#11737 = EDGE_CURVE('',#11698,#11738,#11740,.T.);
#11738 = VERTEX_POINT('',#11739);
#11739 = CARTESIAN_POINT('',(-29.,-34.99085594837,-0.8));
#11740 = SURFACE_CURVE('',#11741,(#11746,#11753),.PCURVE_S1.);
#11741 = CIRCLE('',#11742,35.);
#11742 = AXIS2_PLACEMENT_3D('',#11743,#11744,#11745);
#11743 = CARTESIAN_POINT('',(-29.,0.,0.));
#11744 = DIRECTION('',(-1.,0.,0.));
#11745 = DIRECTION('',(0.,1.,0.));
#11746 = PCURVE('',#11547,#11747);
#11747 = DEFINITIONAL_REPRESENTATION('',(#11748),#11752);
#11748 = LINE('',#11749,#11750);
#11749 = CARTESIAN_POINT('',(-6.28318530718,-23.));
#11750 = VECTOR('',#11751,1.);
#11751 = DIRECTION('',(1.,-0.));
#11752 = ( GEOMETRIC_REPRESENTATION_CONTEXT(2) 
PARAMETRIC_REPRESENTATION_CONTEXT() REPRESENTATION_CONTEXT('2D SPACE',''
  ) );
#11753 = PCURVE('',#11754,#11759);
#11754 = PLANE('',#11755);
#11755 = AXIS2_PLACEMENT_3D('',#11756,#11757,#11758);
#11756 = CARTESIAN_POINT('',(-29.,-50.6,-9.));
#11757 = DIRECTION('',(1.,0.,0.));
#11758 = DIRECTION('',(0.,0.,1.));
#11759 = DEFINITIONAL_REPRESENTATION('',(#11760),#11768);
#11760 = ( BOUNDED_CURVE() B_SPLINE_CURVE(2,(#11761,#11762,#11763,#11764
    ,#11765,#11766,#11767),.UNSPECIFIED.,.T.,.F.) 
B_SPLINE_CURVE_WITH_KNOTS((1,2,2,2,2,1),(-2.094395102393,0.,
    2.094395102393,4.188790204786,6.28318530718,8.377580409573),
.UNSPECIFIED.) CURVE() GEOMETRIC_REPRESENTATION_ITEM() 
RATIONAL_B_SPLINE_CURVE((1.,0.5,1.,0.5,1.,0.5,1.)) REPRESENTATION_ITEM(
  '') );
#11761 = CARTESIAN_POINT('',(9.,-85.6));
#11762 = CARTESIAN_POINT('',(-51.62177826491,-85.6));
#11763 = CARTESIAN_POINT('',(-21.31088913245,-33.1));
#11764 = CARTESIAN_POINT('',(9.,19.4));
#11765 = CARTESIAN_POINT('',(39.310889132455,-33.1));
#11766 = CARTESIAN_POINT('',(69.621778264911,-85.6));
#11767 = CARTESIAN_POINT('',(9.,-85.6));
#11768 = ( GEOMETRIC_REPRESENTATION_CONTEXT(2) 
PARAMETRIC_REPRESENTATION_CONTEXT() REPRESENTATION_CONTEXT('2D SPACE',''
  ) );
#11769 = ORIENTED_EDGE('',*,*,#11770,.F.);
#11770 = EDGE_CURVE('',#11771,#11738,#11773,.T.);
#11771 = VERTEX_POINT('',#11772);
#11772 = CARTESIAN_POINT('',(-27.,-34.99085594837,-0.8));
#11773 = SURFACE_CURVE('',#11774,(#11778,#11784),.PCURVE_S1.);
#11774 = LINE('',#11775,#11776);
#11775 = CARTESIAN_POINT('',(-52.,-34.99085594837,-0.8));
#11776 = VECTOR('',#11777,1.);
#11777 = DIRECTION('',(-1.,-0.,-0.));
#11778 = PCURVE('',#11547,#11779);
#11779 = DEFINITIONAL_REPRESENTATION('',(#11780),#11783);
#11780 = B_SPLINE_CURVE_WITH_KNOTS('',1,(#11781,#11782),.UNSPECIFIED.,
  .F.,.F.,(2,2),(-28.0000006,5.999999999062E-07),
  .PIECEWISE_BEZIER_KNOTS.);
#11781 = CARTESIAN_POINT('',(-3.164451787197,-28.0000006));
#11782 = CARTESIAN_POINT('',(-3.164451787197,5.999999999062E-07));
#11783 = ( GEOMETRIC_REPRESENTATION_CONTEXT(2) 
PARAMETRIC_REPRESENTATION_CONTEXT() REPRESENTATION_CONTEXT('2D SPACE',''
  ) );
#11784 = PCURVE('',#11586,#11785);
#11785 = DEFINITIONAL_REPRESENTATION('',(#11786),#11790);
#11786 = LINE('',#11787,#11788);
#11787 = CARTESIAN_POINT('',(68.,85.009144051624));
#11788 = VECTOR('',#11789,1.);
#11789 = DIRECTION('',(-1.,0.));
#11790 = ( GEOMETRIC_REPRESENTATION_CONTEXT(2) 
PARAMETRIC_REPRESENTATION_CONTEXT() REPRESENTATION_CONTEXT('2D SPACE',''
  ) );
#11791 = ORIENTED_EDGE('',*,*,#11792,.F.);
#11792 = EDGE_CURVE('',#11793,#11771,#11795,.T.);
#11793 = VERTEX_POINT('',#11794);
#11794 = CARTESIAN_POINT('',(-27.,-34.48187929913,-6.));
#11795 = SURFACE_CURVE('',#11796,(#11801,#11808),.PCURVE_S1.);
#11796 = CIRCLE('',#11797,35.);
#11797 = AXIS2_PLACEMENT_3D('',#11798,#11799,#11800);
#11798 = CARTESIAN_POINT('',(-27.,0.,0.));
#11799 = DIRECTION('',(-1.,0.,0.));
#11800 = DIRECTION('',(0.,1.,0.));
#11801 = PCURVE('',#11547,#11802);
#11802 = DEFINITIONAL_REPRESENTATION('',(#11803),#11807);
#11803 = LINE('',#11804,#11805);
#11804 = CARTESIAN_POINT('',(-6.28318530718,-25.));
#11805 = VECTOR('',#11806,1.);
#11806 = DIRECTION('',(1.,-0.));
#11807 = ( GEOMETRIC_REPRESENTATION_CONTEXT(2) 
PARAMETRIC_REPRESENTATION_CONTEXT() REPRESENTATION_CONTEXT('2D SPACE',''
  ) );
#11808 = PCURVE('',#11809,#11814);
#11809 = PLANE('',#11810);
#11810 = AXIS2_PLACEMENT_3D('',#11811,#11812,#11813);
#11811 = CARTESIAN_POINT('',(-27.,-30.2,-6.));
#11812 = DIRECTION('',(1.,0.,-0.));
#11813 = DIRECTION('',(0.,-1.,0.));
#11814 = DEFINITIONAL_REPRESENTATION('',(#11815),#11823);
#11815 = ( BOUNDED_CURVE() B_SPLINE_CURVE(2,(#11816,#11817,#11818,#11819
    ,#11820,#11821,#11822),.UNSPECIFIED.,.T.,.F.) 
B_SPLINE_CURVE_WITH_KNOTS((1,2,2,2,2,1),(-2.094395102393,0.,
    2.094395102393,4.188790204786,6.28318530718,8.377580409573),
.UNSPECIFIED.) CURVE() GEOMETRIC_REPRESENTATION_ITEM() 
RATIONAL_B_SPLINE_CURVE((1.,0.5,1.,0.5,1.,0.5,1.)) REPRESENTATION_ITEM(
  '') );
#11816 = CARTESIAN_POINT('',(-65.2,-6.));
#11817 = CARTESIAN_POINT('',(-65.2,54.621778264911));
#11818 = CARTESIAN_POINT('',(-12.7,24.310889132455));
#11819 = CARTESIAN_POINT('',(39.8,-6.));
#11820 = CARTESIAN_POINT('',(-12.7,-36.31088913245));
#11821 = CARTESIAN_POINT('',(-65.2,-66.62177826491));
#11822 = CARTESIAN_POINT('',(-65.2,-6.));
#11823 = ( GEOMETRIC_REPRESENTATION_CONTEXT(2) 
PARAMETRIC_REPRESENTATION_CONTEXT() REPRESENTATION_CONTEXT('2D SPACE',''
  ) );
#11824 = ORIENTED_EDGE('',*,*,#11825,.F.);
#11825 = EDGE_CURVE('',#11826,#11793,#11828,.T.);
#11826 = VERTEX_POINT('',#11827);
#11827 = CARTESIAN_POINT('',(-24.,-34.48187929913,-6.));
#11828 = SURFACE_CURVE('',#11829,(#11833,#11839),.PCURVE_S1.);
#11829 = LINE('',#11830,#11831);
#11830 = CARTESIAN_POINT('',(-52.,-34.48187929913,-6.));
#11831 = VECTOR('',#11832,1.);
#11832 = DIRECTION('',(-1.,-0.,-0.));
#11833 = PCURVE('',#11547,#11834);
#11834 = DEFINITIONAL_REPRESENTATION('',(#11835),#11838);
#11835 = B_SPLINE_CURVE_WITH_KNOTS('',1,(#11836,#11837),.UNSPECIFIED.,
  .F.,.F.,(2,2),(-28.0000006,-23.865),.PIECEWISE_BEZIER_KNOTS.);
#11836 = CARTESIAN_POINT('',(-3.313872177318,-28.0000006));
#11837 = CARTESIAN_POINT('',(-3.313872177318,-23.865));
#11838 = ( GEOMETRIC_REPRESENTATION_CONTEXT(2) 
PARAMETRIC_REPRESENTATION_CONTEXT() REPRESENTATION_CONTEXT('2D SPACE',''
  ) );
#11839 = PCURVE('',#11840,#11845);
#11840 = PLANE('',#11841);
#11841 = AXIS2_PLACEMENT_3D('',#11842,#11843,#11844);
#11842 = CARTESIAN_POINT('',(-20.16991279863,-42.5804550127,-6.));
#11843 = DIRECTION('',(0.,0.,1.));
#11844 = DIRECTION('',(1.,0.,-0.));
#11845 = DEFINITIONAL_REPRESENTATION('',(#11846),#11849);
#11846 = B_SPLINE_CURVE_WITH_KNOTS('',1,(#11847,#11848),.UNSPECIFIED.,
  .F.,.F.,(2,2),(-28.0000006,-23.865),.PIECEWISE_BEZIER_KNOTS.);
#11847 = CARTESIAN_POINT('',(-3.830086601365,8.098575713571));
#11848 = CARTESIAN_POINT('',(-7.965087201365,8.098575713571));
#11849 = ( GEOMETRIC_REPRESENTATION_CONTEXT(2) 
PARAMETRIC_REPRESENTATION_CONTEXT() REPRESENTATION_CONTEXT('2D SPACE',''
  ) );
#11850 = ORIENTED_EDGE('',*,*,#11851,.T.);
#11851 = EDGE_CURVE('',#11826,#11852,#11854,.T.);
#11852 = VERTEX_POINT('',#11853);
#11853 = CARTESIAN_POINT('',(-24.,34.481879299133,-6.));
#11854 = SURFACE_CURVE('',#11855,(#11860,#11867),.PCURVE_S1.);
#11855 = CIRCLE('',#11856,35.);
#11856 = AXIS2_PLACEMENT_3D('',#11857,#11858,#11859);
#11857 = CARTESIAN_POINT('',(-24.,0.,0.));
#11858 = DIRECTION('',(1.,0.,0.));
#11859 = DIRECTION('',(0.,1.,0.));
#11860 = PCURVE('',#11547,#11861);
#11861 = DEFINITIONAL_REPRESENTATION('',(#11862),#11866);
#11862 = LINE('',#11863,#11864);
#11863 = CARTESIAN_POINT('',(-0.,-28.));
#11864 = VECTOR('',#11865,1.);
#11865 = DIRECTION('',(-1.,0.));
#11866 = ( GEOMETRIC_REPRESENTATION_CONTEXT(2) 
PARAMETRIC_REPRESENTATION_CONTEXT() REPRESENTATION_CONTEXT('2D SPACE',''
  ) );
#11867 = PCURVE('',#11868,#11873);
#11868 = PLANE('',#11869);
#11869 = AXIS2_PLACEMENT_3D('',#11870,#11871,#11872);
#11870 = CARTESIAN_POINT('',(-24.,-1.250230978322E-15,2.32193833596E-15)
  );
#11871 = DIRECTION('',(1.,0.,0.));
#11872 = DIRECTION('',(-0.,0.,1.));
#11873 = DEFINITIONAL_REPRESENTATION('',(#11874),#11878);
#11874 = CIRCLE('',#11875,35.);
#11875 = AXIS2_PLACEMENT_2D('',#11876,#11877);
#11876 = CARTESIAN_POINT('',(-2.32193833596E-15,-1.250230978322E-15));
#11877 = DIRECTION('',(0.,-1.));
#11878 = ( GEOMETRIC_REPRESENTATION_CONTEXT(2) 
PARAMETRIC_REPRESENTATION_CONTEXT() REPRESENTATION_CONTEXT('2D SPACE',''
  ) );
#11879 = ORIENTED_EDGE('',*,*,#11880,.T.);
#11880 = EDGE_CURVE('',#11852,#11881,#11883,.T.);
#11881 = VERTEX_POINT('',#11882);
#11882 = CARTESIAN_POINT('',(-27.,34.481879299133,-6.));
#11883 = SURFACE_CURVE('',#11884,(#11888,#11894),.PCURVE_S1.);
#11884 = LINE('',#11885,#11886);
#11885 = CARTESIAN_POINT('',(-52.,34.481879299133,-6.));
#11886 = VECTOR('',#11887,1.);
#11887 = DIRECTION('',(-1.,-0.,-0.));
#11888 = PCURVE('',#11547,#11889);
#11889 = DEFINITIONAL_REPRESENTATION('',(#11890),#11893);
#11890 = B_SPLINE_CURVE_WITH_KNOTS('',1,(#11891,#11892),.UNSPECIFIED.,
  .F.,.F.,(2,2),(-28.0000006,-23.865),.PIECEWISE_BEZIER_KNOTS.);
#11891 = CARTESIAN_POINT('',(-6.110905783452,-28.0000006));
#11892 = CARTESIAN_POINT('',(-6.110905783452,-23.865));
#11893 = ( GEOMETRIC_REPRESENTATION_CONTEXT(2) 
PARAMETRIC_REPRESENTATION_CONTEXT() REPRESENTATION_CONTEXT('2D SPACE',''
  ) );
#11894 = PCURVE('',#11895,#11900);
#11895 = PLANE('',#11896);
#11896 = AXIS2_PLACEMENT_3D('',#11897,#11898,#11899);
#11897 = CARTESIAN_POINT('',(-20.16991279863,42.580455012705,-6.));
#11898 = DIRECTION('',(-0.,-0.,-1.));
#11899 = DIRECTION('',(-1.,0.,0.));
#11900 = DEFINITIONAL_REPRESENTATION('',(#11901),#11904);
#11901 = B_SPLINE_CURVE_WITH_KNOTS('',1,(#11902,#11903),.UNSPECIFIED.,
  .F.,.F.,(2,2),(-28.0000006,-23.865),.PIECEWISE_BEZIER_KNOTS.);
#11902 = CARTESIAN_POINT('',(3.830086601365,-8.098575713571));
#11903 = CARTESIAN_POINT('',(7.965087201365,-8.098575713571));
#11904 = ( GEOMETRIC_REPRESENTATION_CONTEXT(2) 
PARAMETRIC_REPRESENTATION_CONTEXT() REPRESENTATION_CONTEXT('2D SPACE',''
  ) );
#11905 = ORIENTED_EDGE('',*,*,#11906,.F.);
#11906 = EDGE_CURVE('',#11907,#11881,#11909,.T.);
#11907 = VERTEX_POINT('',#11908);
#11908 = CARTESIAN_POINT('',(-27.,34.990855948376,-0.8));
#11909 = SURFACE_CURVE('',#11910,(#11915,#11922),.PCURVE_S1.);
#11910 = CIRCLE('',#11911,35.);
#11911 = AXIS2_PLACEMENT_3D('',#11912,#11913,#11914);
#11912 = CARTESIAN_POINT('',(-27.,0.,0.));
#11913 = DIRECTION('',(-1.,0.,0.));
#11914 = DIRECTION('',(0.,1.,0.));
#11915 = PCURVE('',#11547,#11916);
#11916 = DEFINITIONAL_REPRESENTATION('',(#11917),#11921);
#11917 = LINE('',#11918,#11919);
#11918 = CARTESIAN_POINT('',(-6.28318530718,-25.));
#11919 = VECTOR('',#11920,1.);
#11920 = DIRECTION('',(1.,-0.));
#11921 = ( GEOMETRIC_REPRESENTATION_CONTEXT(2) 
PARAMETRIC_REPRESENTATION_CONTEXT() REPRESENTATION_CONTEXT('2D SPACE',''
  ) );
#11922 = PCURVE('',#11923,#11928);
#11923 = PLANE('',#11924);
#11924 = AXIS2_PLACEMENT_3D('',#11925,#11926,#11927);
#11925 = CARTESIAN_POINT('',(-27.,30.2,-6.));
#11926 = DIRECTION('',(-1.,0.,0.));
#11927 = DIRECTION('',(0.,1.,0.));
#11928 = DEFINITIONAL_REPRESENTATION('',(#11929),#11933);
#11929 = CIRCLE('',#11930,35.);
#11930 = AXIS2_PLACEMENT_2D('',#11931,#11932);
#11931 = CARTESIAN_POINT('',(-30.2,-6.));
#11932 = DIRECTION('',(1.,0.));
#11933 = ( GEOMETRIC_REPRESENTATION_CONTEXT(2) 
PARAMETRIC_REPRESENTATION_CONTEXT() REPRESENTATION_CONTEXT('2D SPACE',''
  ) );
#11934 = ORIENTED_EDGE('',*,*,#11935,.T.);
#11935 = EDGE_CURVE('',#11907,#11936,#11938,.T.);
#11936 = VERTEX_POINT('',#11937);
#11937 = CARTESIAN_POINT('',(-29.,34.990855948376,-0.8));
#11938 = SURFACE_CURVE('',#11939,(#11943,#11949),.PCURVE_S1.);
#11939 = LINE('',#11940,#11941);
#11940 = CARTESIAN_POINT('',(-52.,34.990855948376,-0.8));
#11941 = VECTOR('',#11942,1.);
#11942 = DIRECTION('',(-1.,-0.,-0.));
#11943 = PCURVE('',#11547,#11944);
#11944 = DEFINITIONAL_REPRESENTATION('',(#11945),#11948);
#11945 = B_SPLINE_CURVE_WITH_KNOTS('',1,(#11946,#11947),.UNSPECIFIED.,
  .F.,.F.,(2,2),(-28.0000006,5.999999999062E-07),
  .PIECEWISE_BEZIER_KNOTS.);
#11946 = CARTESIAN_POINT('',(-6.260326173573,-28.0000006));
#11947 = CARTESIAN_POINT('',(-6.260326173573,5.999999999062E-07));
#11948 = ( GEOMETRIC_REPRESENTATION_CONTEXT(2) 
PARAMETRIC_REPRESENTATION_CONTEXT() REPRESENTATION_CONTEXT('2D SPACE',''
  ) );
#11949 = PCURVE('',#11950,#11955);
#11950 = PLANE('',#11951);
#11951 = AXIS2_PLACEMENT_3D('',#11952,#11953,#11954);
#11952 = CARTESIAN_POINT('',(-120.,-120.,-0.8));
#11953 = DIRECTION('',(0.,0.,1.));
#11954 = DIRECTION('',(1.,0.,0.));
#11955 = DEFINITIONAL_REPRESENTATION('',(#11956),#11960);
#11956 = LINE('',#11957,#11958);
#11957 = CARTESIAN_POINT('',(68.,154.99085594837));
#11958 = VECTOR('',#11959,1.);
#11959 = DIRECTION('',(-1.,0.));
#11960 = ( GEOMETRIC_REPRESENTATION_CONTEXT(2) 
PARAMETRIC_REPRESENTATION_CONTEXT() REPRESENTATION_CONTEXT('2D SPACE',''
  ) );
#11961 = ORIENTED_EDGE('',*,*,#11962,.T.);
#11962 = EDGE_CURVE('',#11936,#11963,#11965,.T.);
#11963 = VERTEX_POINT('',#11964);
#11964 = CARTESIAN_POINT('',(-29.,34.5,-5.894913061276));
#11965 = SURFACE_CURVE('',#11966,(#11971,#11978),.PCURVE_S1.);
#11966 = CIRCLE('',#11967,35.);
#11967 = AXIS2_PLACEMENT_3D('',#11968,#11969,#11970);
#11968 = CARTESIAN_POINT('',(-29.,0.,0.));
#11969 = DIRECTION('',(-1.,0.,0.));
#11970 = DIRECTION('',(0.,1.,0.));
#11971 = PCURVE('',#11547,#11972);
#11972 = DEFINITIONAL_REPRESENTATION('',(#11973),#11977);
#11973 = LINE('',#11974,#11975);
#11974 = CARTESIAN_POINT('',(-6.28318530718,-23.));
#11975 = VECTOR('',#11976,1.);
#11976 = DIRECTION('',(1.,-0.));
#11977 = ( GEOMETRIC_REPRESENTATION_CONTEXT(2) 
PARAMETRIC_REPRESENTATION_CONTEXT() REPRESENTATION_CONTEXT('2D SPACE',''
  ) );
#11978 = PCURVE('',#11979,#11984);
#11979 = PLANE('',#11980);
#11980 = AXIS2_PLACEMENT_3D('',#11981,#11982,#11983);
#11981 = CARTESIAN_POINT('',(-29.,31.5,-9.));
#11982 = DIRECTION('',(1.,0.,0.));
#11983 = DIRECTION('',(0.,0.,1.));
#11984 = DEFINITIONAL_REPRESENTATION('',(#11985),#11993);
#11985 = ( BOUNDED_CURVE() B_SPLINE_CURVE(2,(#11986,#11987,#11988,#11989
    ,#11990,#11991,#11992),.UNSPECIFIED.,.T.,.F.) 
B_SPLINE_CURVE_WITH_KNOTS((1,2,2,2,2,1),(-2.094395102393,0.,
    2.094395102393,4.188790204786,6.28318530718,8.377580409573),
.UNSPECIFIED.) CURVE() GEOMETRIC_REPRESENTATION_ITEM() 
RATIONAL_B_SPLINE_CURVE((1.,0.5,1.,0.5,1.,0.5,1.)) REPRESENTATION_ITEM(
  '') );
#11986 = CARTESIAN_POINT('',(9.,-3.5));
#11987 = CARTESIAN_POINT('',(-51.62177826491,-3.5));
#11988 = CARTESIAN_POINT('',(-21.31088913245,49.));
#11989 = CARTESIAN_POINT('',(9.,101.5));
#11990 = CARTESIAN_POINT('',(39.310889132455,49.));
#11991 = CARTESIAN_POINT('',(69.621778264911,-3.5));
#11992 = CARTESIAN_POINT('',(9.,-3.5));
#11993 = ( GEOMETRIC_REPRESENTATION_CONTEXT(2) 
PARAMETRIC_REPRESENTATION_CONTEXT() REPRESENTATION_CONTEXT('2D SPACE',''
  ) );
#11994 = ORIENTED_EDGE('',*,*,#11995,.T.);
#11995 = EDGE_CURVE('',#11963,#11996,#11998,.T.);
#11996 = VERTEX_POINT('',#11997);
#11997 = CARTESIAN_POINT('',(-29.07737027837,33.823069050576,-9.));
#11998 = SURFACE_CURVE('',#11999,(#12007,#12018),.PCURVE_S1.);
#11999 = B_SPLINE_CURVE_WITH_KNOTS('',6,(#12000,#12001,#12002,#12003,
    #12004,#12005,#12006),.UNSPECIFIED.,.F.,.F.,(7,7),(0.,1.),
  .PIECEWISE_BEZIER_KNOTS.);
#12000 = CARTESIAN_POINT('',(-29.,34.5,-5.894913061276));
#12001 = CARTESIAN_POINT('',(-29.,34.411028667054,-6.415618108956));
#12002 = CARTESIAN_POINT('',(-29.0031664493,34.312605885676,
    -6.93483309904));
#12003 = CARTESIAN_POINT('',(-29.01076014267,34.204624040438,
    -7.453137191749));
#12004 = CARTESIAN_POINT('',(-29.02431799186,34.086972550198,
    -7.97059296436));
#12005 = CARTESIAN_POINT('',(-29.04573138536,33.959669018696,
    -8.486641130644));
#12006 = CARTESIAN_POINT('',(-29.07737031535,33.823068890921,-9.0000006)
  );
#12007 = PCURVE('',#11547,#12008);
#12008 = DEFINITIONAL_REPRESENTATION('',(#12009),#12017);
#12009 = B_SPLINE_CURVE_WITH_KNOTS('',6,(#12010,#12011,#12012,#12013,
    #12014,#12015,#12016),.UNSPECIFIED.,.F.,.F.,(7,7),(0.,1.),
  .PIECEWISE_BEZIER_KNOTS.);
#12010 = CARTESIAN_POINT('',(-6.113952579465,-23.));
#12011 = CARTESIAN_POINT('',(-6.098859679532,-23.));
#12012 = CARTESIAN_POINT('',(-6.08376326316,-22.99683355069));
#12013 = CARTESIAN_POINT('',(-6.068640308165,-22.98923985732));
#12014 = CARTESIAN_POINT('',(-6.053482333185,-22.97568200813));
#12015 = CARTESIAN_POINT('',(-6.038298607689,-22.95426861463));
#12016 = CARTESIAN_POINT('',(-6.023120816726,-22.92262968464));
#12017 = ( GEOMETRIC_REPRESENTATION_CONTEXT(2) 
PARAMETRIC_REPRESENTATION_CONTEXT() REPRESENTATION_CONTEXT('2D SPACE',''
  ) );
#12018 = PCURVE('',#12019,#12024);
#12019 = CYLINDRICAL_SURFACE('',#12020,3.);
#12020 = AXIS2_PLACEMENT_3D('',#12021,#12022,#12023);
#12021 = CARTESIAN_POINT('',(-32.,34.5,-9.));
#12022 = DIRECTION('',(0.,0.,1.));
#12023 = DIRECTION('',(1.,0.,-0.));
#12024 = DEFINITIONAL_REPRESENTATION('',(#12025),#12033);
#12025 = B_SPLINE_CURVE_WITH_KNOTS('',6,(#12026,#12027,#12028,#12029,
    #12030,#12031,#12032),.UNSPECIFIED.,.F.,.F.,(7,7),(0.,1.),
  .PIECEWISE_BEZIER_KNOTS.);
#12026 = CARTESIAN_POINT('',(0.,3.105086938724));
#12027 = CARTESIAN_POINT('',(-2.965711098205E-02,2.584381891044));
#12028 = CARTESIAN_POINT('',(-6.246478445344E-02,2.06516690096));
#12029 = CARTESIAN_POINT('',(-9.850530985886E-02,1.546862808251));
#12030 = CARTESIAN_POINT('',(-0.137914151007,1.02940703564));
#12031 = CARTESIAN_POINT('',(-0.180864955535,0.513358869356));
#12032 = CARTESIAN_POINT('',(-0.227603729349,-6.E-07));
#12033 = ( GEOMETRIC_REPRESENTATION_CONTEXT(2) 
PARAMETRIC_REPRESENTATION_CONTEXT() REPRESENTATION_CONTEXT('2D SPACE',''
  ) );
#12034 = ORIENTED_EDGE('',*,*,#12035,.T.);
#12035 = EDGE_CURVE('',#11996,#12036,#12038,.T.);
#12036 = VERTEX_POINT('',#12037);
#12037 = CARTESIAN_POINT('',(-46.92262972162,33.823069050576,-9.));
#12038 = SURFACE_CURVE('',#12039,(#12043,#12049),.PCURVE_S1.);
#12039 = LINE('',#12040,#12041);
#12040 = CARTESIAN_POINT('',(-52.,33.823069050576,-9.));
#12041 = VECTOR('',#12042,1.);
#12042 = DIRECTION('',(-1.,-0.,-0.));
#12043 = PCURVE('',#11547,#12044);
#12044 = DEFINITIONAL_REPRESENTATION('',(#12045),#12048);
#12045 = B_SPLINE_CURVE_WITH_KNOTS('',1,(#12046,#12047),.UNSPECIFIED.,
  .F.,.F.,(2,2),(-24.8,-3.2),.PIECEWISE_BEZIER_KNOTS.);
#12046 = CARTESIAN_POINT('',(-6.023120834465,-24.8));
#12047 = CARTESIAN_POINT('',(-6.023120834465,-3.2));
#12048 = ( GEOMETRIC_REPRESENTATION_CONTEXT(2) 
PARAMETRIC_REPRESENTATION_CONTEXT() REPRESENTATION_CONTEXT('2D SPACE',''
  ) );
#12049 = PCURVE('',#12050,#12055);
#12050 = PLANE('',#12051);
#12051 = AXIS2_PLACEMENT_3D('',#12052,#12053,#12054);
#12052 = CARTESIAN_POINT('',(-47.,31.5,-9.));
#12053 = DIRECTION('',(0.,0.,1.));
#12054 = DIRECTION('',(1.,0.,0.));
#12055 = DEFINITIONAL_REPRESENTATION('',(#12056),#12059);
#12056 = B_SPLINE_CURVE_WITH_KNOTS('',1,(#12057,#12058),.UNSPECIFIED.,
  .F.,.F.,(2,2),(-24.8,-3.2),.PIECEWISE_BEZIER_KNOTS.);
#12057 = CARTESIAN_POINT('',(19.8,2.323069050576));
#12058 = CARTESIAN_POINT('',(-1.8,2.323069050576));
#12059 = ( GEOMETRIC_REPRESENTATION_CONTEXT(2) 
PARAMETRIC_REPRESENTATION_CONTEXT() REPRESENTATION_CONTEXT('2D SPACE',''
  ) );
#12060 = ORIENTED_EDGE('',*,*,#12061,.F.);
#12061 = EDGE_CURVE('',#12062,#12036,#12064,.T.);
#12062 = VERTEX_POINT('',#12063);
#12063 = CARTESIAN_POINT('',(-47.,34.5,-5.894913061276));
#12064 = SURFACE_CURVE('',#12065,(#12073,#12084),.PCURVE_S1.);
#12065 = B_SPLINE_CURVE_WITH_KNOTS('',6,(#12066,#12067,#12068,#12069,
    #12070,#12071,#12072),.UNSPECIFIED.,.F.,.F.,(7,7),(0.,1.),
  .PIECEWISE_BEZIER_KNOTS.);
#12066 = CARTESIAN_POINT('',(-47.,34.5,-5.894913061276));
#12067 = CARTESIAN_POINT('',(-47.,34.411028667054,-6.415618108955));
#12068 = CARTESIAN_POINT('',(-46.99683355069,34.312605885676,
    -6.93483309904));
#12069 = CARTESIAN_POINT('',(-46.98923985732,34.204624040438,
    -7.45313719175));
#12070 = CARTESIAN_POINT('',(-46.97568200813,34.086972550198,
    -7.970592964361));
#12071 = CARTESIAN_POINT('',(-46.95426861463,33.959669018696,
    -8.486641130643));
#12072 = CARTESIAN_POINT('',(-46.92262968464,33.823068890921,-9.0000006)
  );
#12073 = PCURVE('',#11547,#12074);
#12074 = DEFINITIONAL_REPRESENTATION('',(#12075),#12083);
#12075 = B_SPLINE_CURVE_WITH_KNOTS('',6,(#12076,#12077,#12078,#12079,
    #12080,#12081,#12082),.UNSPECIFIED.,.F.,.F.,(7,7),(0.,1.),
  .PIECEWISE_BEZIER_KNOTS.);
#12076 = CARTESIAN_POINT('',(-6.113952579465,-5.));
#12077 = CARTESIAN_POINT('',(-6.098859679532,-5.));
#12078 = CARTESIAN_POINT('',(-6.08376326316,-5.003166449303));
#12079 = CARTESIAN_POINT('',(-6.068640308165,-5.010760142672));
#12080 = CARTESIAN_POINT('',(-6.053482333185,-5.024317991864));
#12081 = CARTESIAN_POINT('',(-6.038298607689,-5.045731385361));
#12082 = CARTESIAN_POINT('',(-6.023120816726,-5.077370315356));
#12083 = ( GEOMETRIC_REPRESENTATION_CONTEXT(2) 
PARAMETRIC_REPRESENTATION_CONTEXT() REPRESENTATION_CONTEXT('2D SPACE',''
  ) );
#12084 = PCURVE('',#12085,#12090);
#12085 = CYLINDRICAL_SURFACE('',#12086,3.);
#12086 = AXIS2_PLACEMENT_3D('',#12087,#12088,#12089);
#12087 = CARTESIAN_POINT('',(-44.,34.5,-9.));
#12088 = DIRECTION('',(0.,0.,1.));
#12089 = DIRECTION('',(-1.,-0.,0.));
#12090 = DEFINITIONAL_REPRESENTATION('',(#12091),#12099);
#12091 = B_SPLINE_CURVE_WITH_KNOTS('',6,(#12092,#12093,#12094,#12095,
    #12096,#12097,#12098),.UNSPECIFIED.,.F.,.F.,(7,7),(0.,1.),
  .PIECEWISE_BEZIER_KNOTS.);
#12092 = CARTESIAN_POINT('',(0.,3.105086938724));
#12093 = CARTESIAN_POINT('',(2.965711098197E-02,2.584381891045));
#12094 = CARTESIAN_POINT('',(6.246478445342E-02,2.06516690096));
#12095 = CARTESIAN_POINT('',(9.850530985894E-02,1.54686280825));
#12096 = CARTESIAN_POINT('',(0.137914151007,1.029407035639));
#12097 = CARTESIAN_POINT('',(0.180864955535,0.513358869357));
#12098 = CARTESIAN_POINT('',(0.227603729349,-6.E-07));
#12099 = ( GEOMETRIC_REPRESENTATION_CONTEXT(2) 
PARAMETRIC_REPRESENTATION_CONTEXT() REPRESENTATION_CONTEXT('2D SPACE',''
  ) );
#12100 = ORIENTED_EDGE('',*,*,#12101,.F.);
#12101 = EDGE_CURVE('',#12102,#12062,#12104,.T.);
#12102 = VERTEX_POINT('',#12103);
#12103 = CARTESIAN_POINT('',(-47.,34.990855948376,-0.8));
#12104 = SURFACE_CURVE('',#12105,(#12110,#12117),.PCURVE_S1.);
#12105 = CIRCLE('',#12106,35.);
#12106 = AXIS2_PLACEMENT_3D('',#12107,#12108,#12109);
#12107 = CARTESIAN_POINT('',(-47.,0.,0.));
#12108 = DIRECTION('',(-1.,0.,0.));
#12109 = DIRECTION('',(0.,1.,0.));
#12110 = PCURVE('',#11547,#12111);
#12111 = DEFINITIONAL_REPRESENTATION('',(#12112),#12116);
#12112 = LINE('',#12113,#12114);
#12113 = CARTESIAN_POINT('',(-6.28318530718,-5.));
#12114 = VECTOR('',#12115,1.);
#12115 = DIRECTION('',(1.,-0.));
#12116 = ( GEOMETRIC_REPRESENTATION_CONTEXT(2) 
PARAMETRIC_REPRESENTATION_CONTEXT() REPRESENTATION_CONTEXT('2D SPACE',''
  ) );
#12117 = PCURVE('',#12118,#12123);
#12118 = PLANE('',#12119);
#12119 = AXIS2_PLACEMENT_3D('',#12120,#12121,#12122);
#12120 = CARTESIAN_POINT('',(-47.,31.5,-9.));
#12121 = DIRECTION('',(1.,0.,0.));
#12122 = DIRECTION('',(0.,0.,1.));
#12123 = DEFINITIONAL_REPRESENTATION('',(#12124),#12132);
#12124 = ( BOUNDED_CURVE() B_SPLINE_CURVE(2,(#12125,#12126,#12127,#12128
    ,#12129,#12130,#12131),.UNSPECIFIED.,.T.,.F.) 
B_SPLINE_CURVE_WITH_KNOTS((1,2,2,2,2,1),(-2.094395102393,0.,
    2.094395102393,4.188790204786,6.28318530718,8.377580409573),
.UNSPECIFIED.) CURVE() GEOMETRIC_REPRESENTATION_ITEM() 
RATIONAL_B_SPLINE_CURVE((1.,0.5,1.,0.5,1.,0.5,1.)) REPRESENTATION_ITEM(
  '') );
#12125 = CARTESIAN_POINT('',(9.,-3.5));
#12126 = CARTESIAN_POINT('',(-51.62177826491,-3.5));
#12127 = CARTESIAN_POINT('',(-21.31088913245,49.));
#12128 = CARTESIAN_POINT('',(9.,101.5));
#12129 = CARTESIAN_POINT('',(39.310889132455,49.));
#12130 = CARTESIAN_POINT('',(69.621778264911,-3.5));
#12131 = CARTESIAN_POINT('',(9.,-3.5));
#12132 = ( GEOMETRIC_REPRESENTATION_CONTEXT(2) 
PARAMETRIC_REPRESENTATION_CONTEXT() REPRESENTATION_CONTEXT('2D SPACE',''
  ) );
#12133 = ORIENTED_EDGE('',*,*,#12134,.T.);
#12134 = EDGE_CURVE('',#12102,#11538,#12135,.T.);
#12135 = SURFACE_CURVE('',#12136,(#12140,#12146),.PCURVE_S1.);
#12136 = LINE('',#12137,#12138);
#12137 = CARTESIAN_POINT('',(-52.,34.990855948376,-0.8));
#12138 = VECTOR('',#12139,1.);
#12139 = DIRECTION('',(-1.,-0.,-0.));
#12140 = PCURVE('',#11547,#12141);
#12141 = DEFINITIONAL_REPRESENTATION('',(#12142),#12145);
#12142 = B_SPLINE_CURVE_WITH_KNOTS('',1,(#12143,#12144),.UNSPECIFIED.,
  .F.,.F.,(2,2),(-28.0000006,5.999999999062E-07),
  .PIECEWISE_BEZIER_KNOTS.);
#12143 = CARTESIAN_POINT('',(-6.260326173573,-28.0000006));
#12144 = CARTESIAN_POINT('',(-6.260326173573,5.999999999062E-07));
#12145 = ( GEOMETRIC_REPRESENTATION_CONTEXT(2) 
PARAMETRIC_REPRESENTATION_CONTEXT() REPRESENTATION_CONTEXT('2D SPACE',''
  ) );
#12146 = PCURVE('',#11950,#12147);
#12147 = DEFINITIONAL_REPRESENTATION('',(#12148),#12152);
#12148 = LINE('',#12149,#12150);
#12149 = CARTESIAN_POINT('',(68.,154.99085594837));
#12150 = VECTOR('',#12151,1.);
#12151 = DIRECTION('',(-1.,0.));
#12152 = ( GEOMETRIC_REPRESENTATION_CONTEXT(2) 
PARAMETRIC_REPRESENTATION_CONTEXT() REPRESENTATION_CONTEXT('2D SPACE',''
  ) );
#12153 = ADVANCED_FACE('',(#12154),#11559,.F.);
#12154 = FACE_BOUND('',#12155,.F.);
#12155 = EDGE_LOOP('',(#12156,#12186,#12206,#12207,#12229,#12258,#12284,
    #12317));
#12156 = ORIENTED_EDGE('',*,*,#12157,.F.);
#12157 = EDGE_CURVE('',#12158,#12160,#12162,.T.);
#12158 = VERTEX_POINT('',#12159);
#12159 = CARTESIAN_POINT('',(-52.,-30.78960863668,-0.8));
#12160 = VERTEX_POINT('',#12161);
#12161 = CARTESIAN_POINT('',(-52.,-13.18568976631,-27.83482684312));
#12162 = SURFACE_CURVE('',#12163,(#12168,#12175),.PCURVE_S1.);
#12163 = CIRCLE('',#12164,30.8);
#12164 = AXIS2_PLACEMENT_3D('',#12165,#12166,#12167);
#12165 = CARTESIAN_POINT('',(-52.,1.671608690878E-13,1.085324868355E-16)
  );
#12166 = DIRECTION('',(1.,0.,0.));
#12167 = DIRECTION('',(0.,1.,0.));
#12168 = PCURVE('',#11559,#12169);
#12169 = DEFINITIONAL_REPRESENTATION('',(#12170),#12174);
#12170 = CIRCLE('',#12171,30.8);
#12171 = AXIS2_PLACEMENT_2D('',#12172,#12173);
#12172 = CARTESIAN_POINT('',(-2.213405849125E-15,-1.684111000661E-13));
#12173 = DIRECTION('',(0.,-1.));
#12174 = ( GEOMETRIC_REPRESENTATION_CONTEXT(2) 
PARAMETRIC_REPRESENTATION_CONTEXT() REPRESENTATION_CONTEXT('2D SPACE',''
  ) );
#12175 = PCURVE('',#12176,#12181);
#12176 = CYLINDRICAL_SURFACE('',#12177,30.8);
#12177 = AXIS2_PLACEMENT_3D('',#12178,#12179,#12180);
#12178 = CARTESIAN_POINT('',(-52.,1.671608690878E-13,1.085324868355E-16)
  );
#12179 = DIRECTION('',(-1.,-0.,-0.));
#12180 = DIRECTION('',(0.,1.,0.));
#12181 = DEFINITIONAL_REPRESENTATION('',(#12182),#12185);
#12182 = B_SPLINE_CURVE_WITH_KNOTS('',1,(#12183,#12184),.UNSPECIFIED.,
  .F.,.F.,(2,2),(3.167569601014,4.269992111499),
  .PIECEWISE_BEZIER_KNOTS.);
#12183 = CARTESIAN_POINT('',(-3.167569601014,0.));
#12184 = CARTESIAN_POINT('',(-4.269992111499,0.));
#12185 = ( GEOMETRIC_REPRESENTATION_CONTEXT(2) 
PARAMETRIC_REPRESENTATION_CONTEXT() REPRESENTATION_CONTEXT('2D SPACE',''
  ) );
#12186 = ORIENTED_EDGE('',*,*,#12187,.T.);
#12187 = EDGE_CURVE('',#12158,#11536,#12188,.T.);
#12188 = SURFACE_CURVE('',#12189,(#12193,#12199),.PCURVE_S1.);
#12189 = LINE('',#12190,#12191);
#12190 = CARTESIAN_POINT('',(-52.,-60.,-0.8));
#12191 = VECTOR('',#12192,1.);
#12192 = DIRECTION('',(0.,-1.,0.));
#12193 = PCURVE('',#11559,#12194);
#12194 = DEFINITIONAL_REPRESENTATION('',(#12195),#12198);
#12195 = B_SPLINE_CURVE_WITH_KNOTS('',1,(#12196,#12197),.UNSPECIFIED.,
  .F.,.F.,(2,2),(-95.,-25.),.PIECEWISE_BEZIER_KNOTS.);
#12196 = CARTESIAN_POINT('',(-0.8,-35.));
#12197 = CARTESIAN_POINT('',(-0.8,35.));
#12198 = ( GEOMETRIC_REPRESENTATION_CONTEXT(2) 
PARAMETRIC_REPRESENTATION_CONTEXT() REPRESENTATION_CONTEXT('2D SPACE',''
  ) );
#12199 = PCURVE('',#11586,#12200);
#12200 = DEFINITIONAL_REPRESENTATION('',(#12201),#12205);
#12201 = LINE('',#12202,#12203);
#12202 = CARTESIAN_POINT('',(68.,60.));
#12203 = VECTOR('',#12204,1.);
#12204 = DIRECTION('',(0.,-1.));
#12205 = ( GEOMETRIC_REPRESENTATION_CONTEXT(2) 
PARAMETRIC_REPRESENTATION_CONTEXT() REPRESENTATION_CONTEXT('2D SPACE',''
  ) );
#12206 = ORIENTED_EDGE('',*,*,#11535,.T.);
#12207 = ORIENTED_EDGE('',*,*,#12208,.T.);
#12208 = EDGE_CURVE('',#11538,#12209,#12211,.T.);
#12209 = VERTEX_POINT('',#12210);
#12210 = CARTESIAN_POINT('',(-52.,30.789608636681,-0.8));
#12211 = SURFACE_CURVE('',#12212,(#12216,#12222),.PCURVE_S1.);
#12212 = LINE('',#12213,#12214);
#12213 = CARTESIAN_POINT('',(-52.,-60.,-0.8));
#12214 = VECTOR('',#12215,1.);
#12215 = DIRECTION('',(0.,-1.,0.));
#12216 = PCURVE('',#11559,#12217);
#12217 = DEFINITIONAL_REPRESENTATION('',(#12218),#12221);
#12218 = B_SPLINE_CURVE_WITH_KNOTS('',1,(#12219,#12220),.UNSPECIFIED.,
  .F.,.F.,(2,2),(-95.,-25.),.PIECEWISE_BEZIER_KNOTS.);
#12219 = CARTESIAN_POINT('',(-0.8,-35.));
#12220 = CARTESIAN_POINT('',(-0.8,35.));
#12221 = ( GEOMETRIC_REPRESENTATION_CONTEXT(2) 
PARAMETRIC_REPRESENTATION_CONTEXT() REPRESENTATION_CONTEXT('2D SPACE',''
  ) );
#12222 = PCURVE('',#11950,#12223);
#12223 = DEFINITIONAL_REPRESENTATION('',(#12224),#12228);
#12224 = LINE('',#12225,#12226);
#12225 = CARTESIAN_POINT('',(68.,60.));
#12226 = VECTOR('',#12227,1.);
#12227 = DIRECTION('',(0.,-1.));
#12228 = ( GEOMETRIC_REPRESENTATION_CONTEXT(2) 
PARAMETRIC_REPRESENTATION_CONTEXT() REPRESENTATION_CONTEXT('2D SPACE',''
  ) );
#12229 = ORIENTED_EDGE('',*,*,#12230,.F.);
#12230 = EDGE_CURVE('',#12231,#12209,#12233,.T.);
#12231 = VERTEX_POINT('',#12232);
#12232 = CARTESIAN_POINT('',(-52.,13.18568976631,-27.83482684312));
#12233 = SURFACE_CURVE('',#12234,(#12239,#12246),.PCURVE_S1.);
#12234 = CIRCLE('',#12235,30.8);
#12235 = AXIS2_PLACEMENT_3D('',#12236,#12237,#12238);
#12236 = CARTESIAN_POINT('',(-52.,1.671608690878E-13,1.085324868355E-16)
  );
#12237 = DIRECTION('',(1.,0.,0.));
#12238 = DIRECTION('',(0.,1.,0.));
#12239 = PCURVE('',#11559,#12240);
#12240 = DEFINITIONAL_REPRESENTATION('',(#12241),#12245);
#12241 = CIRCLE('',#12242,30.8);
#12242 = AXIS2_PLACEMENT_2D('',#12243,#12244);
#12243 = CARTESIAN_POINT('',(-2.213405849125E-15,-1.684111000661E-13));
#12244 = DIRECTION('',(0.,-1.));
#12245 = ( GEOMETRIC_REPRESENTATION_CONTEXT(2) 
PARAMETRIC_REPRESENTATION_CONTEXT() REPRESENTATION_CONTEXT('2D SPACE',''
  ) );
#12246 = PCURVE('',#12247,#12252);
#12247 = CYLINDRICAL_SURFACE('',#12248,30.8);
#12248 = AXIS2_PLACEMENT_3D('',#12249,#12250,#12251);
#12249 = CARTESIAN_POINT('',(-52.,1.671608690878E-13,1.085324868355E-16)
  );
#12250 = DIRECTION('',(-1.,-0.,-0.));
#12251 = DIRECTION('',(0.,1.,0.));
#12252 = DEFINITIONAL_REPRESENTATION('',(#12253),#12257);
#12253 = LINE('',#12254,#12255);
#12254 = CARTESIAN_POINT('',(-0.,0.));
#12255 = VECTOR('',#12256,1.);
#12256 = DIRECTION('',(-1.,0.));
#12257 = ( GEOMETRIC_REPRESENTATION_CONTEXT(2) 
PARAMETRIC_REPRESENTATION_CONTEXT() REPRESENTATION_CONTEXT('2D SPACE',''
  ) );
#12258 = ORIENTED_EDGE('',*,*,#12259,.F.);
#12259 = EDGE_CURVE('',#12260,#12231,#12262,.T.);
#12260 = VERTEX_POINT('',#12261);
#12261 = CARTESIAN_POINT('',(-52.,13.18568976631,-28.27680295554));
#12262 = SURFACE_CURVE('',#12263,(#12267,#12273),.PCURVE_S1.);
#12263 = LINE('',#12264,#12265);
#12264 = CARTESIAN_POINT('',(-52.,13.18568976631,-35.));
#12265 = VECTOR('',#12266,1.);
#12266 = DIRECTION('',(0.,0.,1.));
#12267 = PCURVE('',#11559,#12268);
#12268 = DEFINITIONAL_REPRESENTATION('',(#12269),#12272);
#12269 = B_SPLINE_CURVE_WITH_KNOTS('',1,(#12270,#12271),.UNSPECIFIED.,
  .F.,.F.,(2,2),(6.723197044457,7.165173156877),
  .PIECEWISE_BEZIER_KNOTS.);
#12270 = CARTESIAN_POINT('',(-28.27680295554,-13.18568976631));
#12271 = CARTESIAN_POINT('',(-27.83482684312,-13.18568976631));
#12272 = ( GEOMETRIC_REPRESENTATION_CONTEXT(2) 
PARAMETRIC_REPRESENTATION_CONTEXT() REPRESENTATION_CONTEXT('2D SPACE',''
  ) );
#12273 = PCURVE('',#12274,#12279);
#12274 = PLANE('',#12275);
#12275 = AXIS2_PLACEMENT_3D('',#12276,#12277,#12278);
#12276 = CARTESIAN_POINT('',(-55.,13.18568976631,-70.));
#12277 = DIRECTION('',(0.,1.,0.));
#12278 = DIRECTION('',(0.,0.,1.));
#12279 = DEFINITIONAL_REPRESENTATION('',(#12280),#12283);
#12280 = B_SPLINE_CURVE_WITH_KNOTS('',1,(#12281,#12282),.UNSPECIFIED.,
  .F.,.F.,(2,2),(6.723197044457,7.165173156877),
  .PIECEWISE_BEZIER_KNOTS.);
#12281 = CARTESIAN_POINT('',(41.723197044457,3.));
#12282 = CARTESIAN_POINT('',(42.165173156877,3.));
#12283 = ( GEOMETRIC_REPRESENTATION_CONTEXT(2) 
PARAMETRIC_REPRESENTATION_CONTEXT() REPRESENTATION_CONTEXT('2D SPACE',''
  ) );
#12284 = ORIENTED_EDGE('',*,*,#12285,.T.);
#12285 = EDGE_CURVE('',#12260,#12286,#12288,.T.);
#12286 = VERTEX_POINT('',#12287);
#12287 = CARTESIAN_POINT('',(-52.,-13.18568976631,-28.27680295554));
#12288 = SURFACE_CURVE('',#12289,(#12294,#12305),.PCURVE_S1.);
#12289 = CIRCLE('',#12290,31.2);
#12290 = AXIS2_PLACEMENT_3D('',#12291,#12292,#12293);
#12291 = CARTESIAN_POINT('',(-52.,0.,0.));
#12292 = DIRECTION('',(-1.,0.,0.));
#12293 = DIRECTION('',(0.,1.,0.));
#12294 = PCURVE('',#11559,#12295);
#12295 = DEFINITIONAL_REPRESENTATION('',(#12296),#12304);
#12296 = ( BOUNDED_CURVE() B_SPLINE_CURVE(2,(#12297,#12298,#12299,#12300
    ,#12301,#12302,#12303),.UNSPECIFIED.,.T.,.F.) 
B_SPLINE_CURVE_WITH_KNOTS((1,2,2,2,2,1),(-2.094395102393,0.,
    2.094395102393,4.188790204786,6.28318530718,8.377580409573),
.UNSPECIFIED.) CURVE() GEOMETRIC_REPRESENTATION_ITEM() 
RATIONAL_B_SPLINE_CURVE((1.,0.5,1.,0.5,1.,0.5,1.)) REPRESENTATION_ITEM(
  '') );
#12297 = CARTESIAN_POINT('',(-2.32193833596E-15,-31.2));
#12298 = CARTESIAN_POINT('',(-54.03998519614,-31.2));
#12299 = CARTESIAN_POINT('',(-27.01999259807,15.6));
#12300 = CARTESIAN_POINT('',(-9.96373436264E-15,62.4));
#12301 = CARTESIAN_POINT('',(27.019992598074,15.6));
#12302 = CARTESIAN_POINT('',(54.039985196149,-31.2));
#12303 = CARTESIAN_POINT('',(-2.32193833596E-15,-31.2));
#12304 = ( GEOMETRIC_REPRESENTATION_CONTEXT(2) 
PARAMETRIC_REPRESENTATION_CONTEXT() REPRESENTATION_CONTEXT('2D SPACE',''
  ) );
#12305 = PCURVE('',#12306,#12311);
#12306 = CYLINDRICAL_SURFACE('',#12307,31.2);
#12307 = AXIS2_PLACEMENT_3D('',#12308,#12309,#12310);
#12308 = CARTESIAN_POINT('',(-54.,0.,0.));
#12309 = DIRECTION('',(-1.,-0.,-0.));
#12310 = DIRECTION('',(0.,1.,0.));
#12311 = DEFINITIONAL_REPRESENTATION('',(#12312),#12316);
#12312 = LINE('',#12313,#12314);
#12313 = CARTESIAN_POINT('',(-6.28318530718,-2.));
#12314 = VECTOR('',#12315,1.);
#12315 = DIRECTION('',(1.,-0.));
#12316 = ( GEOMETRIC_REPRESENTATION_CONTEXT(2) 
PARAMETRIC_REPRESENTATION_CONTEXT() REPRESENTATION_CONTEXT('2D SPACE',''
  ) );
#12317 = ORIENTED_EDGE('',*,*,#12318,.T.);
#12318 = EDGE_CURVE('',#12286,#12160,#12319,.T.);
#12319 = SURFACE_CURVE('',#12320,(#12324,#12330),.PCURVE_S1.);
#12320 = LINE('',#12321,#12322);
#12321 = CARTESIAN_POINT('',(-52.,-13.18568976631,-35.));
#12322 = VECTOR('',#12323,1.);
#12323 = DIRECTION('',(0.,0.,1.));
#12324 = PCURVE('',#11559,#12325);
#12325 = DEFINITIONAL_REPRESENTATION('',(#12326),#12329);
#12326 = B_SPLINE_CURVE_WITH_KNOTS('',1,(#12327,#12328),.UNSPECIFIED.,
  .F.,.F.,(2,2),(6.723197044457,7.165173156877),
  .PIECEWISE_BEZIER_KNOTS.);
#12327 = CARTESIAN_POINT('',(-28.27680295554,13.18568976631));
#12328 = CARTESIAN_POINT('',(-27.83482684312,13.18568976631));
#12329 = ( GEOMETRIC_REPRESENTATION_CONTEXT(2) 
PARAMETRIC_REPRESENTATION_CONTEXT() REPRESENTATION_CONTEXT('2D SPACE',''
  ) );
#12330 = PCURVE('',#12331,#12336);
#12331 = PLANE('',#12332);
#12332 = AXIS2_PLACEMENT_3D('',#12333,#12334,#12335);
#12333 = CARTESIAN_POINT('',(-55.,-13.18568976631,-70.));
#12334 = DIRECTION('',(0.,1.,0.));
#12335 = DIRECTION('',(0.,0.,1.));
#12336 = DEFINITIONAL_REPRESENTATION('',(#12337),#12340);
#12337 = B_SPLINE_CURVE_WITH_KNOTS('',1,(#12338,#12339),.UNSPECIFIED.,
  .F.,.F.,(2,2),(6.723197044457,7.165173156877),
  .PIECEWISE_BEZIER_KNOTS.);
#12338 = CARTESIAN_POINT('',(41.723197044457,3.));
#12339 = CARTESIAN_POINT('',(42.165173156877,3.));
#12340 = ( GEOMETRIC_REPRESENTATION_CONTEXT(2) 
PARAMETRIC_REPRESENTATION_CONTEXT() REPRESENTATION_CONTEXT('2D SPACE',''
  ) );
#12341 = ADVANCED_FACE('',(#12342,#12744,#12779),#11950,.T.);
#12342 = FACE_BOUND('',#12343,.T.);
#12343 = EDGE_LOOP('',(#12344,#12367,#12395,#12423,#12451,#12479,#12507,
    #12530,#12558,#12586,#12607,#12608,#12631,#12660,#12688,#12721,
    #12742,#12743));
#12344 = ORIENTED_EDGE('',*,*,#12345,.T.);
#12345 = EDGE_CURVE('',#12209,#12346,#12348,.T.);
#12346 = VERTEX_POINT('',#12347);
#12347 = CARTESIAN_POINT('',(-15.65,30.789608636681,-0.800000000001));
#12348 = SURFACE_CURVE('',#12349,(#12353,#12360),.PCURVE_S1.);
#12349 = LINE('',#12350,#12351);
#12350 = CARTESIAN_POINT('',(-52.,30.789608636681,-0.8));
#12351 = VECTOR('',#12352,1.);
#12352 = DIRECTION('',(1.,-6.352858022614E-15,-3.578674877451E-14));
#12353 = PCURVE('',#11950,#12354);
#12354 = DEFINITIONAL_REPRESENTATION('',(#12355),#12359);
#12355 = LINE('',#12356,#12357);
#12356 = CARTESIAN_POINT('',(68.,150.78960863668));
#12357 = VECTOR('',#12358,1.);
#12358 = DIRECTION('',(1.,-6.352858022614E-15));
#12359 = ( GEOMETRIC_REPRESENTATION_CONTEXT(2) 
PARAMETRIC_REPRESENTATION_CONTEXT() REPRESENTATION_CONTEXT('2D SPACE',''
  ) );
#12360 = PCURVE('',#12247,#12361);
#12361 = DEFINITIONAL_REPRESENTATION('',(#12362),#12366);
#12362 = LINE('',#12363,#12364);
#12363 = CARTESIAN_POINT('',(-6.257208359756,0.));
#12364 = VECTOR('',#12365,1.);
#12365 = DIRECTION('',(-0.,-1.));
#12366 = ( GEOMETRIC_REPRESENTATION_CONTEXT(2) 
PARAMETRIC_REPRESENTATION_CONTEXT() REPRESENTATION_CONTEXT('2D SPACE',''
  ) );
#12367 = ORIENTED_EDGE('',*,*,#12368,.F.);
#12368 = EDGE_CURVE('',#12369,#12346,#12371,.T.);
#12369 = VERTEX_POINT('',#12370);
#12370 = CARTESIAN_POINT('',(-15.65,54.31,-0.8));
#12371 = SURFACE_CURVE('',#12372,(#12376,#12383),.PCURVE_S1.);
#12372 = LINE('',#12373,#12374);
#12373 = CARTESIAN_POINT('',(-15.65,58.7,-0.8));
#12374 = VECTOR('',#12375,1.);
#12375 = DIRECTION('',(0.,-1.,0.));
#12376 = PCURVE('',#11950,#12377);
#12377 = DEFINITIONAL_REPRESENTATION('',(#12378),#12382);
#12378 = LINE('',#12379,#12380);
#12379 = CARTESIAN_POINT('',(104.35,178.7));
#12380 = VECTOR('',#12381,1.);
#12381 = DIRECTION('',(0.,-1.));
#12382 = ( GEOMETRIC_REPRESENTATION_CONTEXT(2) 
PARAMETRIC_REPRESENTATION_CONTEXT() REPRESENTATION_CONTEXT('2D SPACE',''
  ) );
#12383 = PCURVE('',#12384,#12389);
#12384 = PLANE('',#12385);
#12385 = AXIS2_PLACEMENT_3D('',#12386,#12387,#12388);
#12386 = CARTESIAN_POINT('',(-15.65,58.7,-6.));
#12387 = DIRECTION('',(1.,0.,-0.));
#12388 = DIRECTION('',(0.,-1.,0.));
#12389 = DEFINITIONAL_REPRESENTATION('',(#12390),#12394);
#12390 = LINE('',#12391,#12392);
#12391 = CARTESIAN_POINT('',(0.,-5.2));
#12392 = VECTOR('',#12393,1.);
#12393 = DIRECTION('',(1.,0.));
#12394 = ( GEOMETRIC_REPRESENTATION_CONTEXT(2) 
PARAMETRIC_REPRESENTATION_CONTEXT() REPRESENTATION_CONTEXT('2D SPACE',''
  ) );
#12395 = ORIENTED_EDGE('',*,*,#12396,.T.);
#12396 = EDGE_CURVE('',#12369,#12397,#12399,.T.);
#12397 = VERTEX_POINT('',#12398);
#12398 = CARTESIAN_POINT('',(-6.2,54.31,-0.8));
#12399 = SURFACE_CURVE('',#12400,(#12404,#12411),.PCURVE_S1.);
#12400 = LINE('',#12401,#12402);
#12401 = CARTESIAN_POINT('',(-16.65,54.31,-0.8));
#12402 = VECTOR('',#12403,1.);
#12403 = DIRECTION('',(1.,0.,0.));
#12404 = PCURVE('',#11950,#12405);
#12405 = DEFINITIONAL_REPRESENTATION('',(#12406),#12410);
#12406 = LINE('',#12407,#12408);
#12407 = CARTESIAN_POINT('',(103.35,174.31));
#12408 = VECTOR('',#12409,1.);
#12409 = DIRECTION('',(1.,0.));
#12410 = ( GEOMETRIC_REPRESENTATION_CONTEXT(2) 
PARAMETRIC_REPRESENTATION_CONTEXT() REPRESENTATION_CONTEXT('2D SPACE',''
  ) );
#12411 = PCURVE('',#12412,#12417);
#12412 = PLANE('',#12413);
#12413 = AXIS2_PLACEMENT_3D('',#12414,#12415,#12416);
#12414 = CARTESIAN_POINT('',(-16.65,54.31,-7.));
#12415 = DIRECTION('',(0.,1.,0.));
#12416 = DIRECTION('',(0.,0.,1.));
#12417 = DEFINITIONAL_REPRESENTATION('',(#12418),#12422);
#12418 = LINE('',#12419,#12420);
#12419 = CARTESIAN_POINT('',(6.2,0.));
#12420 = VECTOR('',#12421,1.);
#12421 = DIRECTION('',(0.,1.));
#12422 = ( GEOMETRIC_REPRESENTATION_CONTEXT(2) 
PARAMETRIC_REPRESENTATION_CONTEXT() REPRESENTATION_CONTEXT('2D SPACE',''
  ) );
#12423 = ORIENTED_EDGE('',*,*,#12424,.F.);
#12424 = EDGE_CURVE('',#12425,#12397,#12427,.T.);
#12425 = VERTEX_POINT('',#12426);
#12426 = CARTESIAN_POINT('',(-5.,55.51,-0.8));
#12427 = SURFACE_CURVE('',#12428,(#12432,#12439),.PCURVE_S1.);
#12428 = LINE('',#12429,#12430);
#12429 = CARTESIAN_POINT('',(-5.,55.51,-0.8));
#12430 = VECTOR('',#12431,1.);
#12431 = DIRECTION('',(-0.707106781187,-0.707106781187,0.));
#12432 = PCURVE('',#11950,#12433);
#12433 = DEFINITIONAL_REPRESENTATION('',(#12434),#12438);
#12434 = LINE('',#12435,#12436);
#12435 = CARTESIAN_POINT('',(115.,175.51));
#12436 = VECTOR('',#12437,1.);
#12437 = DIRECTION('',(-0.707106781187,-0.707106781187));
#12438 = ( GEOMETRIC_REPRESENTATION_CONTEXT(2) 
PARAMETRIC_REPRESENTATION_CONTEXT() REPRESENTATION_CONTEXT('2D SPACE',''
  ) );
#12439 = PCURVE('',#12440,#12445);
#12440 = PLANE('',#12441);
#12441 = AXIS2_PLACEMENT_3D('',#12442,#12443,#12444);
#12442 = CARTESIAN_POINT('',(-5.,55.51,-7.));
#12443 = DIRECTION('',(0.707106781187,-0.707106781187,0.));
#12444 = DIRECTION('',(-0.707106781187,-0.707106781187,0.));
#12445 = DEFINITIONAL_REPRESENTATION('',(#12446),#12450);
#12446 = LINE('',#12447,#12448);
#12447 = CARTESIAN_POINT('',(0.,-6.2));
#12448 = VECTOR('',#12449,1.);
#12449 = DIRECTION('',(1.,0.));
#12450 = ( GEOMETRIC_REPRESENTATION_CONTEXT(2) 
PARAMETRIC_REPRESENTATION_CONTEXT() REPRESENTATION_CONTEXT('2D SPACE',''
  ) );
#12451 = ORIENTED_EDGE('',*,*,#12452,.T.);
#12452 = EDGE_CURVE('',#12425,#12453,#12455,.T.);
#12453 = VERTEX_POINT('',#12454);
#12454 = CARTESIAN_POINT('',(-5.,58.7,-0.8));
#12455 = SURFACE_CURVE('',#12456,(#12460,#12467),.PCURVE_S1.);
#12456 = LINE('',#12457,#12458);
#12457 = CARTESIAN_POINT('',(-5.,54.31,-0.8));
#12458 = VECTOR('',#12459,1.);
#12459 = DIRECTION('',(0.,1.,0.));
#12460 = PCURVE('',#11950,#12461);
#12461 = DEFINITIONAL_REPRESENTATION('',(#12462),#12466);
#12462 = LINE('',#12463,#12464);
#12463 = CARTESIAN_POINT('',(115.,174.31));
#12464 = VECTOR('',#12465,1.);
#12465 = DIRECTION('',(0.,1.));
#12466 = ( GEOMETRIC_REPRESENTATION_CONTEXT(2) 
PARAMETRIC_REPRESENTATION_CONTEXT() REPRESENTATION_CONTEXT('2D SPACE',''
  ) );
#12467 = PCURVE('',#12468,#12473);
#12468 = PLANE('',#12469);
#12469 = AXIS2_PLACEMENT_3D('',#12470,#12471,#12472);
#12470 = CARTESIAN_POINT('',(-5.,54.31,-7.));
#12471 = DIRECTION('',(1.,0.,0.));
#12472 = DIRECTION('',(0.,0.,1.));
#12473 = DEFINITIONAL_REPRESENTATION('',(#12474),#12478);
#12474 = LINE('',#12475,#12476);
#12475 = CARTESIAN_POINT('',(6.2,0.));
#12476 = VECTOR('',#12477,1.);
#12477 = DIRECTION('',(0.,-1.));
#12478 = ( GEOMETRIC_REPRESENTATION_CONTEXT(2) 
PARAMETRIC_REPRESENTATION_CONTEXT() REPRESENTATION_CONTEXT('2D SPACE',''
  ) );
#12479 = ORIENTED_EDGE('',*,*,#12480,.F.);
#12480 = EDGE_CURVE('',#12481,#12453,#12483,.T.);
#12481 = VERTEX_POINT('',#12482);
#12482 = CARTESIAN_POINT('',(-15.65,58.7,-0.8));
#12483 = SURFACE_CURVE('',#12484,(#12488,#12495),.PCURVE_S1.);
#12484 = LINE('',#12485,#12486);
#12485 = CARTESIAN_POINT('',(-16.65,58.7,-0.8));
#12486 = VECTOR('',#12487,1.);
#12487 = DIRECTION('',(1.,0.,0.));
#12488 = PCURVE('',#11950,#12489);
#12489 = DEFINITIONAL_REPRESENTATION('',(#12490),#12494);
#12490 = LINE('',#12491,#12492);
#12491 = CARTESIAN_POINT('',(103.35,178.7));
#12492 = VECTOR('',#12493,1.);
#12493 = DIRECTION('',(1.,0.));
#12494 = ( GEOMETRIC_REPRESENTATION_CONTEXT(2) 
PARAMETRIC_REPRESENTATION_CONTEXT() REPRESENTATION_CONTEXT('2D SPACE',''
  ) );
#12495 = PCURVE('',#12496,#12501);
#12496 = PLANE('',#12497);
#12497 = AXIS2_PLACEMENT_3D('',#12498,#12499,#12500);
#12498 = CARTESIAN_POINT('',(-16.65,58.7,-7.));
#12499 = DIRECTION('',(0.,1.,0.));
#12500 = DIRECTION('',(0.,0.,1.));
#12501 = DEFINITIONAL_REPRESENTATION('',(#12502),#12506);
#12502 = LINE('',#12503,#12504);
#12503 = CARTESIAN_POINT('',(6.2,0.));
#12504 = VECTOR('',#12505,1.);
#12505 = DIRECTION('',(0.,1.));
#12506 = ( GEOMETRIC_REPRESENTATION_CONTEXT(2) 
PARAMETRIC_REPRESENTATION_CONTEXT() REPRESENTATION_CONTEXT('2D SPACE',''
  ) );
#12507 = ORIENTED_EDGE('',*,*,#12508,.F.);
#12508 = EDGE_CURVE('',#12509,#12481,#12511,.T.);
#12509 = VERTEX_POINT('',#12510);
#12510 = CARTESIAN_POINT('',(-16.65,58.7,-0.8));
#12511 = SURFACE_CURVE('',#12512,(#12516,#12523),.PCURVE_S1.);
#12512 = LINE('',#12513,#12514);
#12513 = CARTESIAN_POINT('',(-16.65,58.7,-0.8));
#12514 = VECTOR('',#12515,1.);
#12515 = DIRECTION('',(1.,0.,0.));
#12516 = PCURVE('',#11950,#12517);
#12517 = DEFINITIONAL_REPRESENTATION('',(#12518),#12522);
#12518 = LINE('',#12519,#12520);
#12519 = CARTESIAN_POINT('',(103.35,178.7));
#12520 = VECTOR('',#12521,1.);
#12521 = DIRECTION('',(1.,0.));
#12522 = ( GEOMETRIC_REPRESENTATION_CONTEXT(2) 
PARAMETRIC_REPRESENTATION_CONTEXT() REPRESENTATION_CONTEXT('2D SPACE',''
  ) );
#12523 = PCURVE('',#12496,#12524);
#12524 = DEFINITIONAL_REPRESENTATION('',(#12525),#12529);
#12525 = LINE('',#12526,#12527);
#12526 = CARTESIAN_POINT('',(6.2,0.));
#12527 = VECTOR('',#12528,1.);
#12528 = DIRECTION('',(0.,1.));
#12529 = ( GEOMETRIC_REPRESENTATION_CONTEXT(2) 
PARAMETRIC_REPRESENTATION_CONTEXT() REPRESENTATION_CONTEXT('2D SPACE',''
  ) );
#12530 = ORIENTED_EDGE('',*,*,#12531,.F.);
#12531 = EDGE_CURVE('',#12532,#12509,#12534,.T.);
#12532 = VERTEX_POINT('',#12533);
#12533 = CARTESIAN_POINT('',(-16.65,57.404845814978,-0.8));
#12534 = SURFACE_CURVE('',#12535,(#12539,#12546),.PCURVE_S1.);
#12535 = LINE('',#12536,#12537);
#12536 = CARTESIAN_POINT('',(-16.65,54.31,-0.8));
#12537 = VECTOR('',#12538,1.);
#12538 = DIRECTION('',(0.,1.,0.));
#12539 = PCURVE('',#11950,#12540);
#12540 = DEFINITIONAL_REPRESENTATION('',(#12541),#12545);
#12541 = LINE('',#12542,#12543);
#12542 = CARTESIAN_POINT('',(103.35,174.31));
#12543 = VECTOR('',#12544,1.);
#12544 = DIRECTION('',(0.,1.));
#12545 = ( GEOMETRIC_REPRESENTATION_CONTEXT(2) 
PARAMETRIC_REPRESENTATION_CONTEXT() REPRESENTATION_CONTEXT('2D SPACE',''
  ) );
#12546 = PCURVE('',#12547,#12552);
#12547 = PLANE('',#12548);
#12548 = AXIS2_PLACEMENT_3D('',#12549,#12550,#12551);
#12549 = CARTESIAN_POINT('',(-16.65,54.31,-7.));
#12550 = DIRECTION('',(1.,0.,0.));
#12551 = DIRECTION('',(0.,0.,1.));
#12552 = DEFINITIONAL_REPRESENTATION('',(#12553),#12557);
#12553 = LINE('',#12554,#12555);
#12554 = CARTESIAN_POINT('',(6.2,0.));
#12555 = VECTOR('',#12556,1.);
#12556 = DIRECTION('',(0.,-1.));
#12557 = ( GEOMETRIC_REPRESENTATION_CONTEXT(2) 
PARAMETRIC_REPRESENTATION_CONTEXT() REPRESENTATION_CONTEXT('2D SPACE',''
  ) );
#12558 = ORIENTED_EDGE('',*,*,#12559,.F.);
#12559 = EDGE_CURVE('',#12560,#12532,#12562,.T.);
#12560 = VERTEX_POINT('',#12561);
#12561 = CARTESIAN_POINT('',(-27.,44.,-0.8));
#12562 = SURFACE_CURVE('',#12563,(#12567,#12574),.PCURVE_S1.);
#12563 = LINE('',#12564,#12565);
#12564 = CARTESIAN_POINT('',(-27.,44.,-0.8));
#12565 = VECTOR('',#12566,1.);
#12566 = DIRECTION('',(0.61114096351,0.791521776529,0.));
#12567 = PCURVE('',#11950,#12568);
#12568 = DEFINITIONAL_REPRESENTATION('',(#12569),#12573);
#12569 = LINE('',#12570,#12571);
#12570 = CARTESIAN_POINT('',(93.,164.));
#12571 = VECTOR('',#12572,1.);
#12572 = DIRECTION('',(0.61114096351,0.791521776529));
#12573 = ( GEOMETRIC_REPRESENTATION_CONTEXT(2) 
PARAMETRIC_REPRESENTATION_CONTEXT() REPRESENTATION_CONTEXT('2D SPACE',''
  ) );
#12574 = PCURVE('',#12575,#12580);
#12575 = PLANE('',#12576);
#12576 = AXIS2_PLACEMENT_3D('',#12577,#12578,#12579);
#12577 = CARTESIAN_POINT('',(-27.,44.,-6.));
#12578 = DIRECTION('',(-0.791521776529,0.61114096351,0.));
#12579 = DIRECTION('',(0.61114096351,0.791521776529,0.));
#12580 = DEFINITIONAL_REPRESENTATION('',(#12581),#12585);
#12581 = LINE('',#12582,#12583);
#12582 = CARTESIAN_POINT('',(0.,-5.2));
#12583 = VECTOR('',#12584,1.);
#12584 = DIRECTION('',(1.,0.));
#12585 = ( GEOMETRIC_REPRESENTATION_CONTEXT(2) 
PARAMETRIC_REPRESENTATION_CONTEXT() REPRESENTATION_CONTEXT('2D SPACE',''
  ) );
#12586 = ORIENTED_EDGE('',*,*,#12587,.F.);
#12587 = EDGE_CURVE('',#11907,#12560,#12588,.T.);
#12588 = SURFACE_CURVE('',#12589,(#12593,#12600),.PCURVE_S1.);
#12589 = LINE('',#12590,#12591);
#12590 = CARTESIAN_POINT('',(-27.,30.2,-0.8));
#12591 = VECTOR('',#12592,1.);
#12592 = DIRECTION('',(0.,1.,0.));
#12593 = PCURVE('',#11950,#12594);
#12594 = DEFINITIONAL_REPRESENTATION('',(#12595),#12599);
#12595 = LINE('',#12596,#12597);
#12596 = CARTESIAN_POINT('',(93.,150.2));
#12597 = VECTOR('',#12598,1.);
#12598 = DIRECTION('',(0.,1.));
#12599 = ( GEOMETRIC_REPRESENTATION_CONTEXT(2) 
PARAMETRIC_REPRESENTATION_CONTEXT() REPRESENTATION_CONTEXT('2D SPACE',''
  ) );
#12600 = PCURVE('',#11923,#12601);
#12601 = DEFINITIONAL_REPRESENTATION('',(#12602),#12606);
#12602 = LINE('',#12603,#12604);
#12603 = CARTESIAN_POINT('',(0.,-5.2));
#12604 = VECTOR('',#12605,1.);
#12605 = DIRECTION('',(1.,0.));
#12606 = ( GEOMETRIC_REPRESENTATION_CONTEXT(2) 
PARAMETRIC_REPRESENTATION_CONTEXT() REPRESENTATION_CONTEXT('2D SPACE',''
  ) );
#12607 = ORIENTED_EDGE('',*,*,#11935,.T.);
#12608 = ORIENTED_EDGE('',*,*,#12609,.T.);
#12609 = EDGE_CURVE('',#11936,#12610,#12612,.T.);
#12610 = VERTEX_POINT('',#12611);
#12611 = CARTESIAN_POINT('',(-29.,47.6,-0.8));
#12612 = SURFACE_CURVE('',#12613,(#12617,#12624),.PCURVE_S1.);
#12613 = LINE('',#12614,#12615);
#12614 = CARTESIAN_POINT('',(-29.,31.5,-0.8));
#12615 = VECTOR('',#12616,1.);
#12616 = DIRECTION('',(0.,1.,0.));
#12617 = PCURVE('',#11950,#12618);
#12618 = DEFINITIONAL_REPRESENTATION('',(#12619),#12623);
#12619 = LINE('',#12620,#12621);
#12620 = CARTESIAN_POINT('',(91.,151.5));
#12621 = VECTOR('',#12622,1.);
#12622 = DIRECTION('',(0.,1.));
#12623 = ( GEOMETRIC_REPRESENTATION_CONTEXT(2) 
PARAMETRIC_REPRESENTATION_CONTEXT() REPRESENTATION_CONTEXT('2D SPACE',''
  ) );
#12624 = PCURVE('',#11979,#12625);
#12625 = DEFINITIONAL_REPRESENTATION('',(#12626),#12630);
#12626 = LINE('',#12627,#12628);
#12627 = CARTESIAN_POINT('',(8.2,0.));
#12628 = VECTOR('',#12629,1.);
#12629 = DIRECTION('',(0.,-1.));
#12630 = ( GEOMETRIC_REPRESENTATION_CONTEXT(2) 
PARAMETRIC_REPRESENTATION_CONTEXT() REPRESENTATION_CONTEXT('2D SPACE',''
  ) );
#12631 = ORIENTED_EDGE('',*,*,#12632,.T.);
#12632 = EDGE_CURVE('',#12610,#12633,#12635,.T.);
#12633 = VERTEX_POINT('',#12634);
#12634 = CARTESIAN_POINT('',(-32.,50.6,-0.8));
#12635 = SURFACE_CURVE('',#12636,(#12641,#12648),.PCURVE_S1.);
#12636 = CIRCLE('',#12637,3.);
#12637 = AXIS2_PLACEMENT_3D('',#12638,#12639,#12640);
#12638 = CARTESIAN_POINT('',(-32.,47.6,-0.8));
#12639 = DIRECTION('',(0.,0.,1.));
#12640 = DIRECTION('',(0.,-1.,0.));
#12641 = PCURVE('',#11950,#12642);
#12642 = DEFINITIONAL_REPRESENTATION('',(#12643),#12647);
#12643 = CIRCLE('',#12644,3.);
#12644 = AXIS2_PLACEMENT_2D('',#12645,#12646);
#12645 = CARTESIAN_POINT('',(88.,167.6));
#12646 = DIRECTION('',(0.,-1.));
#12647 = ( GEOMETRIC_REPRESENTATION_CONTEXT(2) 
PARAMETRIC_REPRESENTATION_CONTEXT() REPRESENTATION_CONTEXT('2D SPACE',''
  ) );
#12648 = PCURVE('',#12649,#12654);
#12649 = CYLINDRICAL_SURFACE('',#12650,3.);
#12650 = AXIS2_PLACEMENT_3D('',#12651,#12652,#12653);
#12651 = CARTESIAN_POINT('',(-32.,47.6,-9.));
#12652 = DIRECTION('',(0.,0.,1.));
#12653 = DIRECTION('',(1.,0.,-0.));
#12654 = DEFINITIONAL_REPRESENTATION('',(#12655),#12659);
#12655 = LINE('',#12656,#12657);
#12656 = CARTESIAN_POINT('',(-1.570796326795,8.2));
#12657 = VECTOR('',#12658,1.);
#12658 = DIRECTION('',(1.,0.));
#12659 = ( GEOMETRIC_REPRESENTATION_CONTEXT(2) 
PARAMETRIC_REPRESENTATION_CONTEXT() REPRESENTATION_CONTEXT('2D SPACE',''
  ) );
#12660 = ORIENTED_EDGE('',*,*,#12661,.F.);
#12661 = EDGE_CURVE('',#12662,#12633,#12664,.T.);
#12662 = VERTEX_POINT('',#12663);
#12663 = CARTESIAN_POINT('',(-44.,50.6,-0.8));
#12664 = SURFACE_CURVE('',#12665,(#12669,#12676),.PCURVE_S1.);
#12665 = LINE('',#12666,#12667);
#12666 = CARTESIAN_POINT('',(-47.,50.6,-0.8));
#12667 = VECTOR('',#12668,1.);
#12668 = DIRECTION('',(1.,0.,0.));
#12669 = PCURVE('',#11950,#12670);
#12670 = DEFINITIONAL_REPRESENTATION('',(#12671),#12675);
#12671 = LINE('',#12672,#12673);
#12672 = CARTESIAN_POINT('',(73.,170.6));
#12673 = VECTOR('',#12674,1.);
#12674 = DIRECTION('',(1.,0.));
#12675 = ( GEOMETRIC_REPRESENTATION_CONTEXT(2) 
PARAMETRIC_REPRESENTATION_CONTEXT() REPRESENTATION_CONTEXT('2D SPACE',''
  ) );
#12676 = PCURVE('',#12677,#12682);
#12677 = PLANE('',#12678);
#12678 = AXIS2_PLACEMENT_3D('',#12679,#12680,#12681);
#12679 = CARTESIAN_POINT('',(-47.,50.6,-9.));
#12680 = DIRECTION('',(0.,1.,0.));
#12681 = DIRECTION('',(0.,0.,1.));
#12682 = DEFINITIONAL_REPRESENTATION('',(#12683),#12687);
#12683 = LINE('',#12684,#12685);
#12684 = CARTESIAN_POINT('',(8.2,0.));
#12685 = VECTOR('',#12686,1.);
#12686 = DIRECTION('',(0.,1.));
#12687 = ( GEOMETRIC_REPRESENTATION_CONTEXT(2) 
PARAMETRIC_REPRESENTATION_CONTEXT() REPRESENTATION_CONTEXT('2D SPACE',''
  ) );
#12688 = ORIENTED_EDGE('',*,*,#12689,.F.);
#12689 = EDGE_CURVE('',#12690,#12662,#12692,.T.);
#12690 = VERTEX_POINT('',#12691);
#12691 = CARTESIAN_POINT('',(-47.,47.6,-0.8));
#12692 = SURFACE_CURVE('',#12693,(#12698,#12709),.PCURVE_S1.);
#12693 = CIRCLE('',#12694,3.);
#12694 = AXIS2_PLACEMENT_3D('',#12695,#12696,#12697);
#12695 = CARTESIAN_POINT('',(-44.,47.6,-0.8));
#12696 = DIRECTION('',(-0.,-0.,-1.));
#12697 = DIRECTION('',(0.,-1.,0.));
#12698 = PCURVE('',#11950,#12699);
#12699 = DEFINITIONAL_REPRESENTATION('',(#12700),#12708);
#12700 = ( BOUNDED_CURVE() B_SPLINE_CURVE(2,(#12701,#12702,#12703,#12704
    ,#12705,#12706,#12707),.UNSPECIFIED.,.T.,.F.) 
B_SPLINE_CURVE_WITH_KNOTS((1,2,2,2,2,1),(-2.094395102393,0.,
    2.094395102393,4.188790204786,6.28318530718,8.377580409573),
.UNSPECIFIED.) CURVE() GEOMETRIC_REPRESENTATION_ITEM() 
RATIONAL_B_SPLINE_CURVE((1.,0.5,1.,0.5,1.,0.5,1.)) REPRESENTATION_ITEM(
  '') );
#12701 = CARTESIAN_POINT('',(76.,164.6));
#12702 = CARTESIAN_POINT('',(70.803847577293,164.6));
#12703 = CARTESIAN_POINT('',(73.401923788647,169.1));
#12704 = CARTESIAN_POINT('',(76.,173.6));
#12705 = CARTESIAN_POINT('',(78.598076211353,169.1));
#12706 = CARTESIAN_POINT('',(81.196152422707,164.6));
#12707 = CARTESIAN_POINT('',(76.,164.6));
#12708 = ( GEOMETRIC_REPRESENTATION_CONTEXT(2) 
PARAMETRIC_REPRESENTATION_CONTEXT() REPRESENTATION_CONTEXT('2D SPACE',''
  ) );
#12709 = PCURVE('',#12710,#12715);
#12710 = CYLINDRICAL_SURFACE('',#12711,3.);
#12711 = AXIS2_PLACEMENT_3D('',#12712,#12713,#12714);
#12712 = CARTESIAN_POINT('',(-44.,47.6,-9.));
#12713 = DIRECTION('',(0.,0.,1.));
#12714 = DIRECTION('',(-1.,-0.,0.));
#12715 = DEFINITIONAL_REPRESENTATION('',(#12716),#12720);
#12716 = LINE('',#12717,#12718);
#12717 = CARTESIAN_POINT('',(1.570796326795,8.2));
#12718 = VECTOR('',#12719,1.);
#12719 = DIRECTION('',(-1.,0.));
#12720 = ( GEOMETRIC_REPRESENTATION_CONTEXT(2) 
PARAMETRIC_REPRESENTATION_CONTEXT() REPRESENTATION_CONTEXT('2D SPACE',''
  ) );
#12721 = ORIENTED_EDGE('',*,*,#12722,.F.);
#12722 = EDGE_CURVE('',#12102,#12690,#12723,.T.);
#12723 = SURFACE_CURVE('',#12724,(#12728,#12735),.PCURVE_S1.);
#12724 = LINE('',#12725,#12726);
#12725 = CARTESIAN_POINT('',(-47.,31.5,-0.8));
#12726 = VECTOR('',#12727,1.);
#12727 = DIRECTION('',(0.,1.,0.));
#12728 = PCURVE('',#11950,#12729);
#12729 = DEFINITIONAL_REPRESENTATION('',(#12730),#12734);
#12730 = LINE('',#12731,#12732);
#12731 = CARTESIAN_POINT('',(73.,151.5));
#12732 = VECTOR('',#12733,1.);
#12733 = DIRECTION('',(0.,1.));
#12734 = ( GEOMETRIC_REPRESENTATION_CONTEXT(2) 
PARAMETRIC_REPRESENTATION_CONTEXT() REPRESENTATION_CONTEXT('2D SPACE',''
  ) );
#12735 = PCURVE('',#12118,#12736);
#12736 = DEFINITIONAL_REPRESENTATION('',(#12737),#12741);
#12737 = LINE('',#12738,#12739);
#12738 = CARTESIAN_POINT('',(8.2,0.));
#12739 = VECTOR('',#12740,1.);
#12740 = DIRECTION('',(0.,-1.));
#12741 = ( GEOMETRIC_REPRESENTATION_CONTEXT(2) 
PARAMETRIC_REPRESENTATION_CONTEXT() REPRESENTATION_CONTEXT('2D SPACE',''
  ) );
#12742 = ORIENTED_EDGE('',*,*,#12134,.T.);
#12743 = ORIENTED_EDGE('',*,*,#12208,.T.);
#12744 = FACE_BOUND('',#12745,.T.);
#12745 = EDGE_LOOP('',(#12746));
#12746 = ORIENTED_EDGE('',*,*,#12747,.T.);
#12747 = EDGE_CURVE('',#12748,#12748,#12750,.T.);
#12748 = VERTEX_POINT('',#12749);
#12749 = CARTESIAN_POINT('',(-40.9,36.5,-0.8));
#12750 = SURFACE_CURVE('',#12751,(#12756,#12767),.PCURVE_S1.);
#12751 = CIRCLE('',#12752,1.6);
#12752 = AXIS2_PLACEMENT_3D('',#12753,#12754,#12755);
#12753 = CARTESIAN_POINT('',(-42.5,36.5,-0.8));
#12754 = DIRECTION('',(0.,0.,-1.));
#12755 = DIRECTION('',(1.,0.,0.));
#12756 = PCURVE('',#11950,#12757);
#12757 = DEFINITIONAL_REPRESENTATION('',(#12758),#12766);
#12758 = ( BOUNDED_CURVE() B_SPLINE_CURVE(2,(#12759,#12760,#12761,#12762
    ,#12763,#12764,#12765),.UNSPECIFIED.,.T.,.F.) 
B_SPLINE_CURVE_WITH_KNOTS((1,2,2,2,2,1),(-2.094395102393,0.,
    2.094395102393,4.188790204786,6.28318530718,8.377580409573),
.UNSPECIFIED.) CURVE() GEOMETRIC_REPRESENTATION_ITEM() 
RATIONAL_B_SPLINE_CURVE((1.,0.5,1.,0.5,1.,0.5,1.)) REPRESENTATION_ITEM(
  '') );
#12759 = CARTESIAN_POINT('',(79.1,156.5));
#12760 = CARTESIAN_POINT('',(79.1,153.72871870789));
#12761 = CARTESIAN_POINT('',(76.7,155.11435935394));
#12762 = CARTESIAN_POINT('',(74.3,156.5));
#12763 = CARTESIAN_POINT('',(76.7,157.88564064605));
#12764 = CARTESIAN_POINT('',(79.1,159.27128129211));
#12765 = CARTESIAN_POINT('',(79.1,156.5));
#12766 = ( GEOMETRIC_REPRESENTATION_CONTEXT(2) 
PARAMETRIC_REPRESENTATION_CONTEXT() REPRESENTATION_CONTEXT('2D SPACE',''
  ) );
#12767 = PCURVE('',#12768,#12773);
#12768 = CYLINDRICAL_SURFACE('',#12769,1.6);
#12769 = AXIS2_PLACEMENT_3D('',#12770,#12771,#12772);
#12770 = CARTESIAN_POINT('',(-42.5,36.5,-5.4));
#12771 = DIRECTION('',(-0.,-0.,-1.));
#12772 = DIRECTION('',(1.,0.,0.));
#12773 = DEFINITIONAL_REPRESENTATION('',(#12774),#12778);
#12774 = LINE('',#12775,#12776);
#12775 = CARTESIAN_POINT('',(-6.28318530718,-4.6));
#12776 = VECTOR('',#12777,1.);
#12777 = DIRECTION('',(1.,-0.));
#12778 = ( GEOMETRIC_REPRESENTATION_CONTEXT(2) 
PARAMETRIC_REPRESENTATION_CONTEXT() REPRESENTATION_CONTEXT('2D SPACE',''
  ) );
#12779 = FACE_BOUND('',#12780,.T.);
#12780 = EDGE_LOOP('',(#12781));
#12781 = ORIENTED_EDGE('',*,*,#12782,.T.);
#12782 = EDGE_CURVE('',#12783,#12783,#12785,.T.);
#12783 = VERTEX_POINT('',#12784);
#12784 = CARTESIAN_POINT('',(-35.8,43.,-0.8));
#12785 = SURFACE_CURVE('',#12786,(#12791,#12802),.PCURVE_S1.);
#12786 = CIRCLE('',#12787,2.2);
#12787 = AXIS2_PLACEMENT_3D('',#12788,#12789,#12790);
#12788 = CARTESIAN_POINT('',(-38.,43.,-0.8));
#12789 = DIRECTION('',(0.,0.,-1.));
#12790 = DIRECTION('',(1.,0.,0.));
#12791 = PCURVE('',#11950,#12792);
#12792 = DEFINITIONAL_REPRESENTATION('',(#12793),#12801);
#12793 = ( BOUNDED_CURVE() B_SPLINE_CURVE(2,(#12794,#12795,#12796,#12797
    ,#12798,#12799,#12800),.UNSPECIFIED.,.T.,.F.) 
B_SPLINE_CURVE_WITH_KNOTS((1,2,2,2,2,1),(-2.094395102393,0.,
    2.094395102393,4.188790204786,6.28318530718,8.377580409573),
.UNSPECIFIED.) CURVE() GEOMETRIC_REPRESENTATION_ITEM() 
RATIONAL_B_SPLINE_CURVE((1.,0.5,1.,0.5,1.,0.5,1.)) REPRESENTATION_ITEM(
  '') );
#12794 = CARTESIAN_POINT('',(84.2,163.));
#12795 = CARTESIAN_POINT('',(84.2,159.18948822334));
#12796 = CARTESIAN_POINT('',(80.9,161.09474411167));
#12797 = CARTESIAN_POINT('',(77.6,163.));
#12798 = CARTESIAN_POINT('',(80.9,164.90525588832));
#12799 = CARTESIAN_POINT('',(84.2,166.81051177665));
#12800 = CARTESIAN_POINT('',(84.2,163.));
#12801 = ( GEOMETRIC_REPRESENTATION_CONTEXT(2) 
PARAMETRIC_REPRESENTATION_CONTEXT() REPRESENTATION_CONTEXT('2D SPACE',''
  ) );
#12802 = PCURVE('',#12803,#12808);
#12803 = CYLINDRICAL_SURFACE('',#12804,2.2);
#12804 = AXIS2_PLACEMENT_3D('',#12805,#12806,#12807);
#12805 = CARTESIAN_POINT('',(-38.,43.,-13.));
#12806 = DIRECTION('',(-0.,-0.,-1.));
#12807 = DIRECTION('',(1.,0.,0.));
#12808 = DEFINITIONAL_REPRESENTATION('',(#12809),#12813);
#12809 = LINE('',#12810,#12811);
#12810 = CARTESIAN_POINT('',(-6.28318530718,-12.2));
#12811 = VECTOR('',#12812,1.);
#12812 = DIRECTION('',(1.,-0.));
#12813 = ( GEOMETRIC_REPRESENTATION_CONTEXT(2) 
PARAMETRIC_REPRESENTATION_CONTEXT() REPRESENTATION_CONTEXT('2D SPACE',''
  ) );
#12814 = ADVANCED_FACE('',(#12815),#12118,.F.);
#12815 = FACE_BOUND('',#12816,.F.);
#12816 = EDGE_LOOP('',(#12817,#12818,#12819,#12842,#12865));
#12817 = ORIENTED_EDGE('',*,*,#12722,.F.);
#12818 = ORIENTED_EDGE('',*,*,#12101,.T.);
#12819 = ORIENTED_EDGE('',*,*,#12820,.F.);
#12820 = EDGE_CURVE('',#12821,#12062,#12823,.T.);
#12821 = VERTEX_POINT('',#12822);
#12822 = CARTESIAN_POINT('',(-47.,34.5,-9.));
#12823 = SURFACE_CURVE('',#12824,(#12828,#12835),.PCURVE_S1.);
#12824 = LINE('',#12825,#12826);
#12825 = CARTESIAN_POINT('',(-47.,34.5,-9.));
#12826 = VECTOR('',#12827,1.);
#12827 = DIRECTION('',(0.,0.,1.));
#12828 = PCURVE('',#12118,#12829);
#12829 = DEFINITIONAL_REPRESENTATION('',(#12830),#12834);
#12830 = LINE('',#12831,#12832);
#12831 = CARTESIAN_POINT('',(0.,-3.));
#12832 = VECTOR('',#12833,1.);
#12833 = DIRECTION('',(1.,0.));
#12834 = ( GEOMETRIC_REPRESENTATION_CONTEXT(2) 
PARAMETRIC_REPRESENTATION_CONTEXT() REPRESENTATION_CONTEXT('2D SPACE',''
  ) );
#12835 = PCURVE('',#12085,#12836);
#12836 = DEFINITIONAL_REPRESENTATION('',(#12837),#12841);
#12837 = LINE('',#12838,#12839);
#12838 = CARTESIAN_POINT('',(0.,0.));
#12839 = VECTOR('',#12840,1.);
#12840 = DIRECTION('',(0.,1.));
#12841 = ( GEOMETRIC_REPRESENTATION_CONTEXT(2) 
PARAMETRIC_REPRESENTATION_CONTEXT() REPRESENTATION_CONTEXT('2D SPACE',''
  ) );
#12842 = ORIENTED_EDGE('',*,*,#12843,.T.);
#12843 = EDGE_CURVE('',#12821,#12844,#12846,.T.);
#12844 = VERTEX_POINT('',#12845);
#12845 = CARTESIAN_POINT('',(-47.,47.6,-9.));
#12846 = SURFACE_CURVE('',#12847,(#12851,#12858),.PCURVE_S1.);
#12847 = LINE('',#12848,#12849);
#12848 = CARTESIAN_POINT('',(-47.,31.5,-9.));
#12849 = VECTOR('',#12850,1.);
#12850 = DIRECTION('',(0.,1.,0.));
#12851 = PCURVE('',#12118,#12852);
#12852 = DEFINITIONAL_REPRESENTATION('',(#12853),#12857);
#12853 = LINE('',#12854,#12855);
#12854 = CARTESIAN_POINT('',(0.,0.));
#12855 = VECTOR('',#12856,1.);
#12856 = DIRECTION('',(0.,-1.));
#12857 = ( GEOMETRIC_REPRESENTATION_CONTEXT(2) 
PARAMETRIC_REPRESENTATION_CONTEXT() REPRESENTATION_CONTEXT('2D SPACE',''
  ) );
#12858 = PCURVE('',#12050,#12859);
#12859 = DEFINITIONAL_REPRESENTATION('',(#12860),#12864);
#12860 = LINE('',#12861,#12862);
#12861 = CARTESIAN_POINT('',(0.,0.));
#12862 = VECTOR('',#12863,1.);
#12863 = DIRECTION('',(0.,1.));
#12864 = ( GEOMETRIC_REPRESENTATION_CONTEXT(2) 
PARAMETRIC_REPRESENTATION_CONTEXT() REPRESENTATION_CONTEXT('2D SPACE',''
  ) );
#12865 = ORIENTED_EDGE('',*,*,#12866,.T.);
#12866 = EDGE_CURVE('',#12844,#12690,#12867,.T.);
#12867 = SURFACE_CURVE('',#12868,(#12872,#12879),.PCURVE_S1.);
#12868 = LINE('',#12869,#12870);
#12869 = CARTESIAN_POINT('',(-47.,47.6,-9.));
#12870 = VECTOR('',#12871,1.);
#12871 = DIRECTION('',(0.,0.,1.));
#12872 = PCURVE('',#12118,#12873);
#12873 = DEFINITIONAL_REPRESENTATION('',(#12874),#12878);
#12874 = LINE('',#12875,#12876);
#12875 = CARTESIAN_POINT('',(0.,-16.1));
#12876 = VECTOR('',#12877,1.);
#12877 = DIRECTION('',(1.,0.));
#12878 = ( GEOMETRIC_REPRESENTATION_CONTEXT(2) 
PARAMETRIC_REPRESENTATION_CONTEXT() REPRESENTATION_CONTEXT('2D SPACE',''
  ) );
#12879 = PCURVE('',#12710,#12880);
#12880 = DEFINITIONAL_REPRESENTATION('',(#12881),#12885);
#12881 = LINE('',#12882,#12883);
#12882 = CARTESIAN_POINT('',(-0.,0.));
#12883 = VECTOR('',#12884,1.);
#12884 = DIRECTION('',(-0.,1.));
#12885 = ( GEOMETRIC_REPRESENTATION_CONTEXT(2) 
PARAMETRIC_REPRESENTATION_CONTEXT() REPRESENTATION_CONTEXT('2D SPACE',''
  ) );
#12886 = ADVANCED_FACE('',(#12887),#12085,.T.);
#12887 = FACE_BOUND('',#12888,.T.);
#12888 = EDGE_LOOP('',(#12889,#12890,#12912));
#12889 = ORIENTED_EDGE('',*,*,#12820,.F.);
#12890 = ORIENTED_EDGE('',*,*,#12891,.T.);
#12891 = EDGE_CURVE('',#12821,#12036,#12892,.T.);
#12892 = SURFACE_CURVE('',#12893,(#12898,#12905),.PCURVE_S1.);
#12893 = CIRCLE('',#12894,3.);
#12894 = AXIS2_PLACEMENT_3D('',#12895,#12896,#12897);
#12895 = CARTESIAN_POINT('',(-44.,34.5,-9.));
#12896 = DIRECTION('',(0.,0.,1.));
#12897 = DIRECTION('',(0.,-1.,0.));
#12898 = PCURVE('',#12085,#12899);
#12899 = DEFINITIONAL_REPRESENTATION('',(#12900),#12904);
#12900 = LINE('',#12901,#12902);
#12901 = CARTESIAN_POINT('',(-4.712388980385,0.));
#12902 = VECTOR('',#12903,1.);
#12903 = DIRECTION('',(1.,0.));
#12904 = ( GEOMETRIC_REPRESENTATION_CONTEXT(2) 
PARAMETRIC_REPRESENTATION_CONTEXT() REPRESENTATION_CONTEXT('2D SPACE',''
  ) );
#12905 = PCURVE('',#12050,#12906);
#12906 = DEFINITIONAL_REPRESENTATION('',(#12907),#12911);
#12907 = CIRCLE('',#12908,3.);
#12908 = AXIS2_PLACEMENT_2D('',#12909,#12910);
#12909 = CARTESIAN_POINT('',(3.,3.));
#12910 = DIRECTION('',(0.,-1.));
#12911 = ( GEOMETRIC_REPRESENTATION_CONTEXT(2) 
PARAMETRIC_REPRESENTATION_CONTEXT() REPRESENTATION_CONTEXT('2D SPACE',''
  ) );
#12912 = ORIENTED_EDGE('',*,*,#12061,.F.);
#12913 = ADVANCED_FACE('',(#12914,#13043),#12050,.F.);
#12914 = FACE_BOUND('',#12915,.F.);
#12915 = EDGE_LOOP('',(#12916,#12917,#12918,#12919,#12947,#12970,#12994,
    #13017));
#12916 = ORIENTED_EDGE('',*,*,#12843,.F.);
#12917 = ORIENTED_EDGE('',*,*,#12891,.T.);
#12918 = ORIENTED_EDGE('',*,*,#12035,.F.);
#12919 = ORIENTED_EDGE('',*,*,#12920,.F.);
#12920 = EDGE_CURVE('',#12921,#11996,#12923,.T.);
#12921 = VERTEX_POINT('',#12922);
#12922 = CARTESIAN_POINT('',(-29.,34.5,-9.));
#12923 = SURFACE_CURVE('',#12924,(#12929,#12940),.PCURVE_S1.);
#12924 = CIRCLE('',#12925,3.);
#12925 = AXIS2_PLACEMENT_3D('',#12926,#12927,#12928);
#12926 = CARTESIAN_POINT('',(-32.,34.5,-9.));
#12927 = DIRECTION('',(-0.,-0.,-1.));
#12928 = DIRECTION('',(0.,-1.,0.));
#12929 = PCURVE('',#12050,#12930);
#12930 = DEFINITIONAL_REPRESENTATION('',(#12931),#12939);
#12931 = ( BOUNDED_CURVE() B_SPLINE_CURVE(2,(#12932,#12933,#12934,#12935
    ,#12936,#12937,#12938),.UNSPECIFIED.,.T.,.F.) 
B_SPLINE_CURVE_WITH_KNOTS((1,2,2,2,2,1),(-2.094395102393,0.,
    2.094395102393,4.188790204786,6.28318530718,8.377580409573),
.UNSPECIFIED.) CURVE() GEOMETRIC_REPRESENTATION_ITEM() 
RATIONAL_B_SPLINE_CURVE((1.,0.5,1.,0.5,1.,0.5,1.)) REPRESENTATION_ITEM(
  '') );
#12932 = CARTESIAN_POINT('',(15.,-3.552713678801E-15));
#12933 = CARTESIAN_POINT('',(9.803847577293,-3.552713678801E-15));
#12934 = CARTESIAN_POINT('',(12.401923788647,4.5));
#12935 = CARTESIAN_POINT('',(15.,9.));
#12936 = CARTESIAN_POINT('',(17.598076211353,4.5));
#12937 = CARTESIAN_POINT('',(20.196152422707,8.881784197001E-16));
#12938 = CARTESIAN_POINT('',(15.,-3.552713678801E-15));
#12939 = ( GEOMETRIC_REPRESENTATION_CONTEXT(2) 
PARAMETRIC_REPRESENTATION_CONTEXT() REPRESENTATION_CONTEXT('2D SPACE',''
  ) );
#12940 = PCURVE('',#12019,#12941);
#12941 = DEFINITIONAL_REPRESENTATION('',(#12942),#12946);
#12942 = LINE('',#12943,#12944);
#12943 = CARTESIAN_POINT('',(4.712388980385,-0.));
#12944 = VECTOR('',#12945,1.);
#12945 = DIRECTION('',(-1.,0.));
#12946 = ( GEOMETRIC_REPRESENTATION_CONTEXT(2) 
PARAMETRIC_REPRESENTATION_CONTEXT() REPRESENTATION_CONTEXT('2D SPACE',''
  ) );
#12947 = ORIENTED_EDGE('',*,*,#12948,.T.);
#12948 = EDGE_CURVE('',#12921,#12949,#12951,.T.);
#12949 = VERTEX_POINT('',#12950);
#12950 = CARTESIAN_POINT('',(-29.,47.6,-9.));
#12951 = SURFACE_CURVE('',#12952,(#12956,#12963),.PCURVE_S1.);
#12952 = LINE('',#12953,#12954);
#12953 = CARTESIAN_POINT('',(-29.,31.5,-9.));
#12954 = VECTOR('',#12955,1.);
#12955 = DIRECTION('',(0.,1.,0.));
#12956 = PCURVE('',#12050,#12957);
#12957 = DEFINITIONAL_REPRESENTATION('',(#12958),#12962);
#12958 = LINE('',#12959,#12960);
#12959 = CARTESIAN_POINT('',(18.,0.));
#12960 = VECTOR('',#12961,1.);
#12961 = DIRECTION('',(0.,1.));
#12962 = ( GEOMETRIC_REPRESENTATION_CONTEXT(2) 
PARAMETRIC_REPRESENTATION_CONTEXT() REPRESENTATION_CONTEXT('2D SPACE',''
  ) );
#12963 = PCURVE('',#11979,#12964);
#12964 = DEFINITIONAL_REPRESENTATION('',(#12965),#12969);
#12965 = LINE('',#12966,#12967);
#12966 = CARTESIAN_POINT('',(0.,0.));
#12967 = VECTOR('',#12968,1.);
#12968 = DIRECTION('',(0.,-1.));
#12969 = ( GEOMETRIC_REPRESENTATION_CONTEXT(2) 
PARAMETRIC_REPRESENTATION_CONTEXT() REPRESENTATION_CONTEXT('2D SPACE',''
  ) );
#12970 = ORIENTED_EDGE('',*,*,#12971,.T.);
#12971 = EDGE_CURVE('',#12949,#12972,#12974,.T.);
#12972 = VERTEX_POINT('',#12973);
#12973 = CARTESIAN_POINT('',(-32.,50.6,-9.));
#12974 = SURFACE_CURVE('',#12975,(#12980,#12987),.PCURVE_S1.);
#12975 = CIRCLE('',#12976,3.);
#12976 = AXIS2_PLACEMENT_3D('',#12977,#12978,#12979);
#12977 = CARTESIAN_POINT('',(-32.,47.6,-9.));
#12978 = DIRECTION('',(0.,0.,1.));
#12979 = DIRECTION('',(0.,-1.,0.));
#12980 = PCURVE('',#12050,#12981);
#12981 = DEFINITIONAL_REPRESENTATION('',(#12982),#12986);
#12982 = CIRCLE('',#12983,3.);
#12983 = AXIS2_PLACEMENT_2D('',#12984,#12985);
#12984 = CARTESIAN_POINT('',(15.,16.1));
#12985 = DIRECTION('',(0.,-1.));
#12986 = ( GEOMETRIC_REPRESENTATION_CONTEXT(2) 
PARAMETRIC_REPRESENTATION_CONTEXT() REPRESENTATION_CONTEXT('2D SPACE',''
  ) );
#12987 = PCURVE('',#12649,#12988);
#12988 = DEFINITIONAL_REPRESENTATION('',(#12989),#12993);
#12989 = LINE('',#12990,#12991);
#12990 = CARTESIAN_POINT('',(-1.570796326795,0.));
#12991 = VECTOR('',#12992,1.);
#12992 = DIRECTION('',(1.,0.));
#12993 = ( GEOMETRIC_REPRESENTATION_CONTEXT(2) 
PARAMETRIC_REPRESENTATION_CONTEXT() REPRESENTATION_CONTEXT('2D SPACE',''
  ) );
#12994 = ORIENTED_EDGE('',*,*,#12995,.F.);
#12995 = EDGE_CURVE('',#12996,#12972,#12998,.T.);
#12996 = VERTEX_POINT('',#12997);
#12997 = CARTESIAN_POINT('',(-44.,50.6,-9.));
#12998 = SURFACE_CURVE('',#12999,(#13003,#13010),.PCURVE_S1.);
#12999 = LINE('',#13000,#13001);
#13000 = CARTESIAN_POINT('',(-47.,50.6,-9.));
#13001 = VECTOR('',#13002,1.);
#13002 = DIRECTION('',(1.,0.,0.));
#13003 = PCURVE('',#12050,#13004);
#13004 = DEFINITIONAL_REPRESENTATION('',(#13005),#13009);
#13005 = LINE('',#13006,#13007);
#13006 = CARTESIAN_POINT('',(0.,19.1));
#13007 = VECTOR('',#13008,1.);
#13008 = DIRECTION('',(1.,0.));
#13009 = ( GEOMETRIC_REPRESENTATION_CONTEXT(2) 
PARAMETRIC_REPRESENTATION_CONTEXT() REPRESENTATION_CONTEXT('2D SPACE',''
  ) );
#13010 = PCURVE('',#12677,#13011);
#13011 = DEFINITIONAL_REPRESENTATION('',(#13012),#13016);
#13012 = LINE('',#13013,#13014);
#13013 = CARTESIAN_POINT('',(0.,0.));
#13014 = VECTOR('',#13015,1.);
#13015 = DIRECTION('',(0.,1.));
#13016 = ( GEOMETRIC_REPRESENTATION_CONTEXT(2) 
PARAMETRIC_REPRESENTATION_CONTEXT() REPRESENTATION_CONTEXT('2D SPACE',''
  ) );
#13017 = ORIENTED_EDGE('',*,*,#13018,.F.);
#13018 = EDGE_CURVE('',#12844,#12996,#13019,.T.);
#13019 = SURFACE_CURVE('',#13020,(#13025,#13036),.PCURVE_S1.);
#13020 = CIRCLE('',#13021,3.);
#13021 = AXIS2_PLACEMENT_3D('',#13022,#13023,#13024);
#13022 = CARTESIAN_POINT('',(-44.,47.6,-9.));
#13023 = DIRECTION('',(-0.,-0.,-1.));
#13024 = DIRECTION('',(0.,-1.,0.));
#13025 = PCURVE('',#12050,#13026);
#13026 = DEFINITIONAL_REPRESENTATION('',(#13027),#13035);
#13027 = ( BOUNDED_CURVE() B_SPLINE_CURVE(2,(#13028,#13029,#13030,#13031
    ,#13032,#13033,#13034),.UNSPECIFIED.,.T.,.F.) 
B_SPLINE_CURVE_WITH_KNOTS((1,2,2,2,2,1),(-2.094395102393,0.,
    2.094395102393,4.188790204786,6.28318530718,8.377580409573),
.UNSPECIFIED.) CURVE() GEOMETRIC_REPRESENTATION_ITEM() 
RATIONAL_B_SPLINE_CURVE((1.,0.5,1.,0.5,1.,0.5,1.)) REPRESENTATION_ITEM(
  '') );
#13028 = CARTESIAN_POINT('',(3.,13.1));
#13029 = CARTESIAN_POINT('',(-2.196152422707,13.1));
#13030 = CARTESIAN_POINT('',(0.401923788647,17.6));
#13031 = CARTESIAN_POINT('',(3.,22.1));
#13032 = CARTESIAN_POINT('',(5.598076211353,17.6));
#13033 = CARTESIAN_POINT('',(8.196152422707,13.1));
#13034 = CARTESIAN_POINT('',(3.,13.1));
#13035 = ( GEOMETRIC_REPRESENTATION_CONTEXT(2) 
PARAMETRIC_REPRESENTATION_CONTEXT() REPRESENTATION_CONTEXT('2D SPACE',''
  ) );
#13036 = PCURVE('',#12710,#13037);
#13037 = DEFINITIONAL_REPRESENTATION('',(#13038),#13042);
#13038 = LINE('',#13039,#13040);
#13039 = CARTESIAN_POINT('',(1.570796326795,-0.));
#13040 = VECTOR('',#13041,1.);
#13041 = DIRECTION('',(-1.,0.));
#13042 = ( GEOMETRIC_REPRESENTATION_CONTEXT(2) 
PARAMETRIC_REPRESENTATION_CONTEXT() REPRESENTATION_CONTEXT('2D SPACE',''
  ) );
#13043 = FACE_BOUND('',#13044,.F.);
#13044 = EDGE_LOOP('',(#13045));
#13045 = ORIENTED_EDGE('',*,*,#13046,.F.);
#13046 = EDGE_CURVE('',#13047,#13047,#13049,.T.);
#13047 = VERTEX_POINT('',#13048);
#13048 = CARTESIAN_POINT('',(-34.3,43.,-9.));
#13049 = SURFACE_CURVE('',#13050,(#13055,#13062),.PCURVE_S1.);
#13050 = CIRCLE('',#13051,3.7);
#13051 = AXIS2_PLACEMENT_3D('',#13052,#13053,#13054);
#13052 = CARTESIAN_POINT('',(-38.,43.,-9.));
#13053 = DIRECTION('',(0.,0.,1.));
#13054 = DIRECTION('',(1.,0.,0.));
#13055 = PCURVE('',#12050,#13056);
#13056 = DEFINITIONAL_REPRESENTATION('',(#13057),#13061);
#13057 = CIRCLE('',#13058,3.7);
#13058 = AXIS2_PLACEMENT_2D('',#13059,#13060);
#13059 = CARTESIAN_POINT('',(9.,11.5));
#13060 = DIRECTION('',(1.,0.));
#13061 = ( GEOMETRIC_REPRESENTATION_CONTEXT(2) 
PARAMETRIC_REPRESENTATION_CONTEXT() REPRESENTATION_CONTEXT('2D SPACE',''
  ) );
#13062 = PCURVE('',#13063,#13068);
#13063 = CYLINDRICAL_SURFACE('',#13064,3.7);
#13064 = AXIS2_PLACEMENT_3D('',#13065,#13066,#13067);
#13065 = CARTESIAN_POINT('',(-38.,43.,-9.));
#13066 = DIRECTION('',(-0.,-0.,-1.));
#13067 = DIRECTION('',(1.,0.,0.));
#13068 = DEFINITIONAL_REPRESENTATION('',(#13069),#13073);
#13069 = LINE('',#13070,#13071);
#13070 = CARTESIAN_POINT('',(-0.,0.));
#13071 = VECTOR('',#13072,1.);
#13072 = DIRECTION('',(-1.,0.));
#13073 = ( GEOMETRIC_REPRESENTATION_CONTEXT(2) 
PARAMETRIC_REPRESENTATION_CONTEXT() REPRESENTATION_CONTEXT('2D SPACE',''
  ) );
#13074 = ADVANCED_FACE('',(#13075),#12019,.T.);
#13075 = FACE_BOUND('',#13076,.F.);
#13076 = EDGE_LOOP('',(#13077,#13098,#13099));
#13077 = ORIENTED_EDGE('',*,*,#13078,.F.);
#13078 = EDGE_CURVE('',#12921,#11963,#13079,.T.);
#13079 = SURFACE_CURVE('',#13080,(#13084,#13091),.PCURVE_S1.);
#13080 = LINE('',#13081,#13082);
#13081 = CARTESIAN_POINT('',(-29.,34.5,-9.));
#13082 = VECTOR('',#13083,1.);
#13083 = DIRECTION('',(0.,0.,1.));
#13084 = PCURVE('',#12019,#13085);
#13085 = DEFINITIONAL_REPRESENTATION('',(#13086),#13090);
#13086 = LINE('',#13087,#13088);
#13087 = CARTESIAN_POINT('',(-0.,0.));
#13088 = VECTOR('',#13089,1.);
#13089 = DIRECTION('',(-0.,1.));
#13090 = ( GEOMETRIC_REPRESENTATION_CONTEXT(2) 
PARAMETRIC_REPRESENTATION_CONTEXT() REPRESENTATION_CONTEXT('2D SPACE',''
  ) );
#13091 = PCURVE('',#11979,#13092);
#13092 = DEFINITIONAL_REPRESENTATION('',(#13093),#13097);
#13093 = LINE('',#13094,#13095);
#13094 = CARTESIAN_POINT('',(0.,-3.));
#13095 = VECTOR('',#13096,1.);
#13096 = DIRECTION('',(1.,0.));
#13097 = ( GEOMETRIC_REPRESENTATION_CONTEXT(2) 
PARAMETRIC_REPRESENTATION_CONTEXT() REPRESENTATION_CONTEXT('2D SPACE',''
  ) );
#13098 = ORIENTED_EDGE('',*,*,#12920,.T.);
#13099 = ORIENTED_EDGE('',*,*,#11995,.F.);
#13100 = ADVANCED_FACE('',(#13101),#11979,.T.);
#13101 = FACE_BOUND('',#13102,.T.);
#13102 = EDGE_LOOP('',(#13103,#13104,#13105,#13106,#13107));
#13103 = ORIENTED_EDGE('',*,*,#12609,.F.);
#13104 = ORIENTED_EDGE('',*,*,#11962,.T.);
#13105 = ORIENTED_EDGE('',*,*,#13078,.F.);
#13106 = ORIENTED_EDGE('',*,*,#12948,.T.);
#13107 = ORIENTED_EDGE('',*,*,#13108,.T.);
#13108 = EDGE_CURVE('',#12949,#12610,#13109,.T.);
#13109 = SURFACE_CURVE('',#13110,(#13114,#13121),.PCURVE_S1.);
#13110 = LINE('',#13111,#13112);
#13111 = CARTESIAN_POINT('',(-29.,47.6,-9.));
#13112 = VECTOR('',#13113,1.);
#13113 = DIRECTION('',(0.,0.,1.));
#13114 = PCURVE('',#11979,#13115);
#13115 = DEFINITIONAL_REPRESENTATION('',(#13116),#13120);
#13116 = LINE('',#13117,#13118);
#13117 = CARTESIAN_POINT('',(0.,-16.1));
#13118 = VECTOR('',#13119,1.);
#13119 = DIRECTION('',(1.,0.));
#13120 = ( GEOMETRIC_REPRESENTATION_CONTEXT(2) 
PARAMETRIC_REPRESENTATION_CONTEXT() REPRESENTATION_CONTEXT('2D SPACE',''
  ) );
#13121 = PCURVE('',#12649,#13122);
#13122 = DEFINITIONAL_REPRESENTATION('',(#13123),#13127);
#13123 = LINE('',#13124,#13125);
#13124 = CARTESIAN_POINT('',(0.,0.));
#13125 = VECTOR('',#13126,1.);
#13126 = DIRECTION('',(0.,1.));
#13127 = ( GEOMETRIC_REPRESENTATION_CONTEXT(2) 
PARAMETRIC_REPRESENTATION_CONTEXT() REPRESENTATION_CONTEXT('2D SPACE',''
  ) );
#13128 = ADVANCED_FACE('',(#13129),#11923,.T.);
#13129 = FACE_BOUND('',#13130,.T.);
#13130 = EDGE_LOOP('',(#13131,#13154,#13155,#13156));
#13131 = ORIENTED_EDGE('',*,*,#13132,.F.);
#13132 = EDGE_CURVE('',#11881,#13133,#13135,.T.);
#13133 = VERTEX_POINT('',#13134);
#13134 = CARTESIAN_POINT('',(-27.,44.,-6.));
#13135 = SURFACE_CURVE('',#13136,(#13140,#13147),.PCURVE_S1.);
#13136 = LINE('',#13137,#13138);
#13137 = CARTESIAN_POINT('',(-27.,30.2,-6.));
#13138 = VECTOR('',#13139,1.);
#13139 = DIRECTION('',(0.,1.,0.));
#13140 = PCURVE('',#11923,#13141);
#13141 = DEFINITIONAL_REPRESENTATION('',(#13142),#13146);
#13142 = LINE('',#13143,#13144);
#13143 = CARTESIAN_POINT('',(0.,0.));
#13144 = VECTOR('',#13145,1.);
#13145 = DIRECTION('',(1.,0.));
#13146 = ( GEOMETRIC_REPRESENTATION_CONTEXT(2) 
PARAMETRIC_REPRESENTATION_CONTEXT() REPRESENTATION_CONTEXT('2D SPACE',''
  ) );
#13147 = PCURVE('',#11895,#13148);
#13148 = DEFINITIONAL_REPRESENTATION('',(#13149),#13153);
#13149 = LINE('',#13150,#13151);
#13150 = CARTESIAN_POINT('',(6.830087201365,-12.3804550127));
#13151 = VECTOR('',#13152,1.);
#13152 = DIRECTION('',(0.,1.));
#13153 = ( GEOMETRIC_REPRESENTATION_CONTEXT(2) 
PARAMETRIC_REPRESENTATION_CONTEXT() REPRESENTATION_CONTEXT('2D SPACE',''
  ) );
#13154 = ORIENTED_EDGE('',*,*,#11906,.F.);
#13155 = ORIENTED_EDGE('',*,*,#12587,.T.);
#13156 = ORIENTED_EDGE('',*,*,#13157,.F.);
#13157 = EDGE_CURVE('',#13133,#12560,#13158,.T.);
#13158 = SURFACE_CURVE('',#13159,(#13163,#13170),.PCURVE_S1.);
#13159 = LINE('',#13160,#13161);
#13160 = CARTESIAN_POINT('',(-27.,44.,-6.));
#13161 = VECTOR('',#13162,1.);
#13162 = DIRECTION('',(0.,0.,1.));
#13163 = PCURVE('',#11923,#13164);
#13164 = DEFINITIONAL_REPRESENTATION('',(#13165),#13169);
#13165 = LINE('',#13166,#13167);
#13166 = CARTESIAN_POINT('',(13.8,0.));
#13167 = VECTOR('',#13168,1.);
#13168 = DIRECTION('',(0.,-1.));
#13169 = ( GEOMETRIC_REPRESENTATION_CONTEXT(2) 
PARAMETRIC_REPRESENTATION_CONTEXT() REPRESENTATION_CONTEXT('2D SPACE',''
  ) );
#13170 = PCURVE('',#12575,#13171);
#13171 = DEFINITIONAL_REPRESENTATION('',(#13172),#13176);
#13172 = LINE('',#13173,#13174);
#13173 = CARTESIAN_POINT('',(0.,0.));
#13174 = VECTOR('',#13175,1.);
#13175 = DIRECTION('',(0.,-1.));
#13176 = ( GEOMETRIC_REPRESENTATION_CONTEXT(2) 
PARAMETRIC_REPRESENTATION_CONTEXT() REPRESENTATION_CONTEXT('2D SPACE',''
  ) );
#13177 = ADVANCED_FACE('',(#13178),#11895,.T.);
#13178 = FACE_BOUND('',#13179,.T.);
#13179 = EDGE_LOOP('',(#13180,#13203,#13226,#13247,#13266,#13267,#13268,
    #13291));
#13180 = ORIENTED_EDGE('',*,*,#13181,.T.);
#13181 = EDGE_CURVE('',#13182,#13184,#13186,.T.);
#13182 = VERTEX_POINT('',#13183);
#13183 = CARTESIAN_POINT('',(-16.65,54.31,-6.));
#13184 = VERTEX_POINT('',#13185);
#13185 = CARTESIAN_POINT('',(-15.65,54.31,-6.));
#13186 = SURFACE_CURVE('',#13187,(#13191,#13197),.PCURVE_S1.);
#13187 = LINE('',#13188,#13189);
#13188 = CARTESIAN_POINT('',(-18.40995639931,54.31,-6.));
#13189 = VECTOR('',#13190,1.);
#13190 = DIRECTION('',(1.,0.,0.));
#13191 = PCURVE('',#11895,#13192);
#13192 = DEFINITIONAL_REPRESENTATION('',(#13193),#13196);
#13193 = B_SPLINE_CURVE_WITH_KNOTS('',1,(#13194,#13195),.UNSPECIFIED.,
  .F.,.F.,(2,2),(1.759956399317,2.759956399317),
  .PIECEWISE_BEZIER_KNOTS.);
#13194 = CARTESIAN_POINT('',(-3.519912798635,11.729544987295));
#13195 = CARTESIAN_POINT('',(-4.519912798635,11.729544987295));
#13196 = ( GEOMETRIC_REPRESENTATION_CONTEXT(2) 
PARAMETRIC_REPRESENTATION_CONTEXT() REPRESENTATION_CONTEXT('2D SPACE',''
  ) );
#13197 = PCURVE('',#12412,#13198);
#13198 = DEFINITIONAL_REPRESENTATION('',(#13199),#13202);
#13199 = B_SPLINE_CURVE_WITH_KNOTS('',1,(#13200,#13201),.UNSPECIFIED.,
  .F.,.F.,(2,2),(1.759956399317,2.759956399317),
  .PIECEWISE_BEZIER_KNOTS.);
#13200 = CARTESIAN_POINT('',(1.,0.));
#13201 = CARTESIAN_POINT('',(1.,1.));
#13202 = ( GEOMETRIC_REPRESENTATION_CONTEXT(2) 
PARAMETRIC_REPRESENTATION_CONTEXT() REPRESENTATION_CONTEXT('2D SPACE',''
  ) );
#13203 = ORIENTED_EDGE('',*,*,#13204,.T.);
#13204 = EDGE_CURVE('',#13184,#13205,#13207,.T.);
#13205 = VERTEX_POINT('',#13206);
#13206 = CARTESIAN_POINT('',(-15.65,30.209932141598,-6.000000000001));
#13207 = SURFACE_CURVE('',#13208,(#13212,#13219),.PCURVE_S1.);
#13208 = LINE('',#13209,#13210);
#13209 = CARTESIAN_POINT('',(-15.65,58.7,-6.));
#13210 = VECTOR('',#13211,1.);
#13211 = DIRECTION('',(0.,-1.,0.));
#13212 = PCURVE('',#11895,#13213);
#13213 = DEFINITIONAL_REPRESENTATION('',(#13214),#13218);
#13214 = LINE('',#13215,#13216);
#13215 = CARTESIAN_POINT('',(-4.519912798635,16.119544987295));
#13216 = VECTOR('',#13217,1.);
#13217 = DIRECTION('',(0.,-1.));
#13218 = ( GEOMETRIC_REPRESENTATION_CONTEXT(2) 
PARAMETRIC_REPRESENTATION_CONTEXT() REPRESENTATION_CONTEXT('2D SPACE',''
  ) );
#13219 = PCURVE('',#12384,#13220);
#13220 = DEFINITIONAL_REPRESENTATION('',(#13221),#13225);
#13221 = LINE('',#13222,#13223);
#13222 = CARTESIAN_POINT('',(0.,0.));
#13223 = VECTOR('',#13224,1.);
#13224 = DIRECTION('',(1.,0.));
#13225 = ( GEOMETRIC_REPRESENTATION_CONTEXT(2) 
PARAMETRIC_REPRESENTATION_CONTEXT() REPRESENTATION_CONTEXT('2D SPACE',''
  ) );
#13226 = ORIENTED_EDGE('',*,*,#13227,.T.);
#13227 = EDGE_CURVE('',#13205,#13228,#13230,.T.);
#13228 = VERTEX_POINT('',#13229);
#13229 = CARTESIAN_POINT('',(-24.,30.209932141599,-6.));
#13230 = SURFACE_CURVE('',#13231,(#13235,#13241),.PCURVE_S1.);
#13231 = LINE('',#13232,#13233);
#13232 = CARTESIAN_POINT('',(-54.,30.209932141599,-6.));
#13233 = VECTOR('',#13234,1.);
#13234 = DIRECTION('',(-1.,-0.,-0.));
#13235 = PCURVE('',#11895,#13236);
#13236 = DEFINITIONAL_REPRESENTATION('',(#13237),#13240);
#13237 = B_SPLINE_CURVE_WITH_KNOTS('',1,(#13238,#13239),.UNSPECIFIED.,
  .F.,.F.,(2,2),(-38.3500006,-25.865),.PIECEWISE_BEZIER_KNOTS.);
#13238 = CARTESIAN_POINT('',(-4.519913398635,-12.3705228711));
#13239 = CARTESIAN_POINT('',(7.965087201365,-12.3705228711));
#13240 = ( GEOMETRIC_REPRESENTATION_CONTEXT(2) 
PARAMETRIC_REPRESENTATION_CONTEXT() REPRESENTATION_CONTEXT('2D SPACE',''
  ) );
#13241 = PCURVE('',#12247,#13242);
#13242 = DEFINITIONAL_REPRESENTATION('',(#13243),#13246);
#13243 = B_SPLINE_CURVE_WITH_KNOTS('',1,(#13244,#13245),.UNSPECIFIED.,
  .F.,.F.,(2,2),(-38.3500006,-25.865),.PIECEWISE_BEZIER_KNOTS.);
#13244 = CARTESIAN_POINT('',(-6.087126471113,-36.3500006));
#13245 = CARTESIAN_POINT('',(-6.087126471113,-23.865));
#13246 = ( GEOMETRIC_REPRESENTATION_CONTEXT(2) 
PARAMETRIC_REPRESENTATION_CONTEXT() REPRESENTATION_CONTEXT('2D SPACE',''
  ) );
#13247 = ORIENTED_EDGE('',*,*,#13248,.T.);
#13248 = EDGE_CURVE('',#13228,#11852,#13249,.T.);
#13249 = SURFACE_CURVE('',#13250,(#13254,#13260),.PCURVE_S1.);
#13250 = LINE('',#13251,#13252);
#13251 = CARTESIAN_POINT('',(-24.,21.290227506352,-6.));
#13252 = VECTOR('',#13253,1.);
#13253 = DIRECTION('',(0.,1.,0.));
#13254 = PCURVE('',#11895,#13255);
#13255 = DEFINITIONAL_REPRESENTATION('',(#13256),#13259);
#13256 = B_SPLINE_CURVE_WITH_KNOTS('',1,(#13257,#13258),.UNSPECIFIED.,
  .F.,.F.,(2,2),(8.909772493648,13.700628442024),
  .PIECEWISE_BEZIER_KNOTS.);
#13257 = CARTESIAN_POINT('',(3.830087201365,-12.3804550127));
#13258 = CARTESIAN_POINT('',(3.830087201365,-7.589599064329));
#13259 = ( GEOMETRIC_REPRESENTATION_CONTEXT(2) 
PARAMETRIC_REPRESENTATION_CONTEXT() REPRESENTATION_CONTEXT('2D SPACE',''
  ) );
#13260 = PCURVE('',#11868,#13261);
#13261 = DEFINITIONAL_REPRESENTATION('',(#13262),#13265);
#13262 = B_SPLINE_CURVE_WITH_KNOTS('',1,(#13263,#13264),.UNSPECIFIED.,
  .F.,.F.,(2,2),(8.909772493648,13.700628442024),
  .PIECEWISE_BEZIER_KNOTS.);
#13263 = CARTESIAN_POINT('',(-6.,-30.2));
#13264 = CARTESIAN_POINT('',(-6.,-34.99085594837));
#13265 = ( GEOMETRIC_REPRESENTATION_CONTEXT(2) 
PARAMETRIC_REPRESENTATION_CONTEXT() REPRESENTATION_CONTEXT('2D SPACE',''
  ) );
#13266 = ORIENTED_EDGE('',*,*,#11880,.T.);
#13267 = ORIENTED_EDGE('',*,*,#13132,.T.);
#13268 = ORIENTED_EDGE('',*,*,#13269,.T.);
#13269 = EDGE_CURVE('',#13133,#13270,#13272,.T.);
#13270 = VERTEX_POINT('',#13271);
#13271 = CARTESIAN_POINT('',(-16.65,57.404845814978,-6.));
#13272 = SURFACE_CURVE('',#13273,(#13277,#13284),.PCURVE_S1.);
#13273 = LINE('',#13274,#13275);
#13274 = CARTESIAN_POINT('',(-27.,44.,-6.));
#13275 = VECTOR('',#13276,1.);
#13276 = DIRECTION('',(0.61114096351,0.791521776529,0.));
#13277 = PCURVE('',#11895,#13278);
#13278 = DEFINITIONAL_REPRESENTATION('',(#13279),#13283);
#13279 = LINE('',#13280,#13281);
#13280 = CARTESIAN_POINT('',(6.830087201365,1.419544987295));
#13281 = VECTOR('',#13282,1.);
#13282 = DIRECTION('',(-0.61114096351,0.791521776529));
#13283 = ( GEOMETRIC_REPRESENTATION_CONTEXT(2) 
PARAMETRIC_REPRESENTATION_CONTEXT() REPRESENTATION_CONTEXT('2D SPACE',''
  ) );
#13284 = PCURVE('',#12575,#13285);
#13285 = DEFINITIONAL_REPRESENTATION('',(#13286),#13290);
#13286 = LINE('',#13287,#13288);
#13287 = CARTESIAN_POINT('',(0.,0.));
#13288 = VECTOR('',#13289,1.);
#13289 = DIRECTION('',(1.,0.));
#13290 = ( GEOMETRIC_REPRESENTATION_CONTEXT(2) 
PARAMETRIC_REPRESENTATION_CONTEXT() REPRESENTATION_CONTEXT('2D SPACE',''
  ) );
#13291 = ORIENTED_EDGE('',*,*,#13292,.T.);
#13292 = EDGE_CURVE('',#13270,#13182,#13293,.T.);
#13293 = SURFACE_CURVE('',#13294,(#13298,#13304),.PCURVE_S1.);
#13294 = LINE('',#13295,#13296);
#13295 = CARTESIAN_POINT('',(-16.65,48.445227506352,-6.));
#13296 = VECTOR('',#13297,1.);
#13297 = DIRECTION('',(0.,-1.,0.));
#13298 = PCURVE('',#11895,#13299);
#13299 = DEFINITIONAL_REPRESENTATION('',(#13300),#13303);
#13300 = B_SPLINE_CURVE_WITH_KNOTS('',1,(#13301,#13302),.UNSPECIFIED.,
  .F.,.F.,(2,2),(-10.25477249364,-5.864772493648),
  .PIECEWISE_BEZIER_KNOTS.);
#13301 = CARTESIAN_POINT('',(-3.519912798635,16.119544987295));
#13302 = CARTESIAN_POINT('',(-3.519912798635,11.729544987295));
#13303 = ( GEOMETRIC_REPRESENTATION_CONTEXT(2) 
PARAMETRIC_REPRESENTATION_CONTEXT() REPRESENTATION_CONTEXT('2D SPACE',''
  ) );
#13304 = PCURVE('',#12547,#13305);
#13305 = DEFINITIONAL_REPRESENTATION('',(#13306),#13309);
#13306 = B_SPLINE_CURVE_WITH_KNOTS('',1,(#13307,#13308),.UNSPECIFIED.,
  .F.,.F.,(2,2),(-10.25477249364,-5.864772493648),
  .PIECEWISE_BEZIER_KNOTS.);
#13307 = CARTESIAN_POINT('',(1.,-4.39));
#13308 = CARTESIAN_POINT('',(1.,0.));
#13309 = ( GEOMETRIC_REPRESENTATION_CONTEXT(2) 
PARAMETRIC_REPRESENTATION_CONTEXT() REPRESENTATION_CONTEXT('2D SPACE',''
  ) );
#13310 = ADVANCED_FACE('',(#13311),#11868,.T.);
#13311 = FACE_BOUND('',#13312,.T.);
#13312 = EDGE_LOOP('',(#13313,#13338,#13357,#13358,#13359,#13383,#13404,
    #13432));
#13313 = ORIENTED_EDGE('',*,*,#13314,.F.);
#13314 = EDGE_CURVE('',#13315,#13317,#13319,.T.);
#13315 = VERTEX_POINT('',#13316);
#13316 = CARTESIAN_POINT('',(-24.,-30.20993214159,-6.));
#13317 = VERTEX_POINT('',#13318);
#13318 = CARTESIAN_POINT('',(-24.,-13.18568976631,-27.83482684312));
#13319 = SURFACE_CURVE('',#13320,(#13325,#13332),.PCURVE_S1.);
#13320 = CIRCLE('',#13321,30.8);
#13321 = AXIS2_PLACEMENT_3D('',#13322,#13323,#13324);
#13322 = CARTESIAN_POINT('',(-24.,1.671608690878E-13,1.085324868355E-16)
  );
#13323 = DIRECTION('',(1.,0.,0.));
#13324 = DIRECTION('',(0.,1.,0.));
#13325 = PCURVE('',#11868,#13326);
#13326 = DEFINITIONAL_REPRESENTATION('',(#13327),#13331);
#13327 = CIRCLE('',#13328,30.8);
#13328 = AXIS2_PLACEMENT_2D('',#13329,#13330);
#13329 = CARTESIAN_POINT('',(-2.213405849125E-15,-1.684111000661E-13));
#13330 = DIRECTION('',(0.,-1.));
#13331 = ( GEOMETRIC_REPRESENTATION_CONTEXT(2) 
PARAMETRIC_REPRESENTATION_CONTEXT() REPRESENTATION_CONTEXT('2D SPACE',''
  ) );
#13332 = PCURVE('',#12176,#13333);
#13333 = DEFINITIONAL_REPRESENTATION('',(#13334),#13337);
#13334 = B_SPLINE_CURVE_WITH_KNOTS('',1,(#13335,#13336),.UNSPECIFIED.,
  .F.,.F.,(2,2),(3.337651489657,4.269992111499),
  .PIECEWISE_BEZIER_KNOTS.);
#13335 = CARTESIAN_POINT('',(-3.337651489657,-28.));
#13336 = CARTESIAN_POINT('',(-4.269992111499,-28.));
#13337 = ( GEOMETRIC_REPRESENTATION_CONTEXT(2) 
PARAMETRIC_REPRESENTATION_CONTEXT() REPRESENTATION_CONTEXT('2D SPACE',''
  ) );
#13338 = ORIENTED_EDGE('',*,*,#13339,.T.);
#13339 = EDGE_CURVE('',#13315,#11826,#13340,.T.);
#13340 = SURFACE_CURVE('',#13341,(#13345,#13351),.PCURVE_S1.);
#13341 = LINE('',#13342,#13343);
#13342 = CARTESIAN_POINT('',(-24.,-21.29022750635,-6.));
#13343 = VECTOR('',#13344,1.);
#13344 = DIRECTION('',(0.,-1.,0.));
#13345 = PCURVE('',#11868,#13346);
#13346 = DEFINITIONAL_REPRESENTATION('',(#13347),#13350);
#13347 = B_SPLINE_CURVE_WITH_KNOTS('',1,(#13348,#13349),.UNSPECIFIED.,
  .F.,.F.,(2,2),(8.909772493648,13.700628442024),
  .PIECEWISE_BEZIER_KNOTS.);
#13348 = CARTESIAN_POINT('',(-6.,30.2));
#13349 = CARTESIAN_POINT('',(-6.,34.990855948376));
#13350 = ( GEOMETRIC_REPRESENTATION_CONTEXT(2) 
PARAMETRIC_REPRESENTATION_CONTEXT() REPRESENTATION_CONTEXT('2D SPACE',''
  ) );
#13351 = PCURVE('',#11840,#13352);
#13352 = DEFINITIONAL_REPRESENTATION('',(#13353),#13356);
#13353 = B_SPLINE_CURVE_WITH_KNOTS('',1,(#13354,#13355),.UNSPECIFIED.,
  .F.,.F.,(2,2),(8.909772493648,13.700628442024),
  .PIECEWISE_BEZIER_KNOTS.);
#13354 = CARTESIAN_POINT('',(-3.830087201365,12.380455012705));
#13355 = CARTESIAN_POINT('',(-3.830087201365,7.589599064329));
#13356 = ( GEOMETRIC_REPRESENTATION_CONTEXT(2) 
PARAMETRIC_REPRESENTATION_CONTEXT() REPRESENTATION_CONTEXT('2D SPACE',''
  ) );
#13357 = ORIENTED_EDGE('',*,*,#11851,.T.);
#13358 = ORIENTED_EDGE('',*,*,#13248,.F.);
#13359 = ORIENTED_EDGE('',*,*,#13360,.F.);
#13360 = EDGE_CURVE('',#13361,#13228,#13363,.T.);
#13361 = VERTEX_POINT('',#13362);
#13362 = CARTESIAN_POINT('',(-24.,13.18568976631,-27.83482684312));
#13363 = SURFACE_CURVE('',#13364,(#13369,#13376),.PCURVE_S1.);
#13364 = CIRCLE('',#13365,30.8);
#13365 = AXIS2_PLACEMENT_3D('',#13366,#13367,#13368);
#13366 = CARTESIAN_POINT('',(-24.,1.671608690878E-13,1.085324868355E-16)
  );
#13367 = DIRECTION('',(1.,0.,0.));
#13368 = DIRECTION('',(0.,1.,0.));
#13369 = PCURVE('',#11868,#13370);
#13370 = DEFINITIONAL_REPRESENTATION('',(#13371),#13375);
#13371 = CIRCLE('',#13372,30.8);
#13372 = AXIS2_PLACEMENT_2D('',#13373,#13374);
#13373 = CARTESIAN_POINT('',(-2.213405849125E-15,-1.684111000661E-13));
#13374 = DIRECTION('',(0.,-1.));
#13375 = ( GEOMETRIC_REPRESENTATION_CONTEXT(2) 
PARAMETRIC_REPRESENTATION_CONTEXT() REPRESENTATION_CONTEXT('2D SPACE',''
  ) );
#13376 = PCURVE('',#12247,#13377);
#13377 = DEFINITIONAL_REPRESENTATION('',(#13378),#13382);
#13378 = LINE('',#13379,#13380);
#13379 = CARTESIAN_POINT('',(-0.,-28.));
#13380 = VECTOR('',#13381,1.);
#13381 = DIRECTION('',(-1.,0.));
#13382 = ( GEOMETRIC_REPRESENTATION_CONTEXT(2) 
PARAMETRIC_REPRESENTATION_CONTEXT() REPRESENTATION_CONTEXT('2D SPACE',''
  ) );
#13383 = ORIENTED_EDGE('',*,*,#13384,.F.);
#13384 = EDGE_CURVE('',#13385,#13361,#13387,.T.);
#13385 = VERTEX_POINT('',#13386);
#13386 = CARTESIAN_POINT('',(-24.,13.18568976631,-28.27680295554));
#13387 = SURFACE_CURVE('',#13388,(#13392,#13398),.PCURVE_S1.);
#13388 = LINE('',#13389,#13390);
#13389 = CARTESIAN_POINT('',(-24.,13.18568976631,-35.));
#13390 = VECTOR('',#13391,1.);
#13391 = DIRECTION('',(0.,0.,1.));
#13392 = PCURVE('',#11868,#13393);
#13393 = DEFINITIONAL_REPRESENTATION('',(#13394),#13397);
#13394 = B_SPLINE_CURVE_WITH_KNOTS('',1,(#13395,#13396),.UNSPECIFIED.,
  .F.,.F.,(2,2),(6.723197044457,7.165173156877),
  .PIECEWISE_BEZIER_KNOTS.);
#13395 = CARTESIAN_POINT('',(-28.27680295554,-13.18568976631));
#13396 = CARTESIAN_POINT('',(-27.83482684312,-13.18568976631));
#13397 = ( GEOMETRIC_REPRESENTATION_CONTEXT(2) 
PARAMETRIC_REPRESENTATION_CONTEXT() REPRESENTATION_CONTEXT('2D SPACE',''
  ) );
#13398 = PCURVE('',#12274,#13399);
#13399 = DEFINITIONAL_REPRESENTATION('',(#13400),#13403);
#13400 = B_SPLINE_CURVE_WITH_KNOTS('',1,(#13401,#13402),.UNSPECIFIED.,
  .F.,.F.,(2,2),(6.723197044457,7.165173156877),
  .PIECEWISE_BEZIER_KNOTS.);
#13401 = CARTESIAN_POINT('',(41.723197044457,31.));
#13402 = CARTESIAN_POINT('',(42.165173156877,31.));
#13403 = ( GEOMETRIC_REPRESENTATION_CONTEXT(2) 
PARAMETRIC_REPRESENTATION_CONTEXT() REPRESENTATION_CONTEXT('2D SPACE',''
  ) );
#13404 = ORIENTED_EDGE('',*,*,#13405,.T.);
#13405 = EDGE_CURVE('',#13385,#13406,#13408,.T.);
#13406 = VERTEX_POINT('',#13407);
#13407 = CARTESIAN_POINT('',(-24.,-13.18568976631,-28.27680295554));
#13408 = SURFACE_CURVE('',#13409,(#13414,#13425),.PCURVE_S1.);
#13409 = CIRCLE('',#13410,31.2);
#13410 = AXIS2_PLACEMENT_3D('',#13411,#13412,#13413);
#13411 = CARTESIAN_POINT('',(-24.,0.,0.));
#13412 = DIRECTION('',(-1.,0.,0.));
#13413 = DIRECTION('',(0.,1.,0.));
#13414 = PCURVE('',#11868,#13415);
#13415 = DEFINITIONAL_REPRESENTATION('',(#13416),#13424);
#13416 = ( BOUNDED_CURVE() B_SPLINE_CURVE(2,(#13417,#13418,#13419,#13420
    ,#13421,#13422,#13423),.UNSPECIFIED.,.T.,.F.) 
B_SPLINE_CURVE_WITH_KNOTS((1,2,2,2,2,1),(-2.094395102393,0.,
    2.094395102393,4.188790204786,6.28318530718,8.377580409573),
.UNSPECIFIED.) CURVE() GEOMETRIC_REPRESENTATION_ITEM() 
RATIONAL_B_SPLINE_CURVE((1.,0.5,1.,0.5,1.,0.5,1.)) REPRESENTATION_ITEM(
  '') );
#13417 = CARTESIAN_POINT('',(-2.32193833596E-15,-31.2));
#13418 = CARTESIAN_POINT('',(-54.03998519614,-31.2));
#13419 = CARTESIAN_POINT('',(-27.01999259807,15.6));
#13420 = CARTESIAN_POINT('',(-9.96373436264E-15,62.4));
#13421 = CARTESIAN_POINT('',(27.019992598074,15.6));
#13422 = CARTESIAN_POINT('',(54.039985196149,-31.2));
#13423 = CARTESIAN_POINT('',(-2.32193833596E-15,-31.2));
#13424 = ( GEOMETRIC_REPRESENTATION_CONTEXT(2) 
PARAMETRIC_REPRESENTATION_CONTEXT() REPRESENTATION_CONTEXT('2D SPACE',''
  ) );
#13425 = PCURVE('',#12306,#13426);
#13426 = DEFINITIONAL_REPRESENTATION('',(#13427),#13431);
#13427 = LINE('',#13428,#13429);
#13428 = CARTESIAN_POINT('',(-6.28318530718,-30.));
#13429 = VECTOR('',#13430,1.);
#13430 = DIRECTION('',(1.,-0.));
#13431 = ( GEOMETRIC_REPRESENTATION_CONTEXT(2) 
PARAMETRIC_REPRESENTATION_CONTEXT() REPRESENTATION_CONTEXT('2D SPACE',''
  ) );
#13432 = ORIENTED_EDGE('',*,*,#13433,.T.);
#13433 = EDGE_CURVE('',#13406,#13317,#13434,.T.);
#13434 = SURFACE_CURVE('',#13435,(#13439,#13445),.PCURVE_S1.);
#13435 = LINE('',#13436,#13437);
#13436 = CARTESIAN_POINT('',(-24.,-13.18568976631,-35.));
#13437 = VECTOR('',#13438,1.);
#13438 = DIRECTION('',(0.,0.,1.));
#13439 = PCURVE('',#11868,#13440);
#13440 = DEFINITIONAL_REPRESENTATION('',(#13441),#13444);
#13441 = B_SPLINE_CURVE_WITH_KNOTS('',1,(#13442,#13443),.UNSPECIFIED.,
  .F.,.F.,(2,2),(6.723197044457,7.165173156877),
  .PIECEWISE_BEZIER_KNOTS.);
#13442 = CARTESIAN_POINT('',(-28.27680295554,13.18568976631));
#13443 = CARTESIAN_POINT('',(-27.83482684312,13.18568976631));
#13444 = ( GEOMETRIC_REPRESENTATION_CONTEXT(2) 
PARAMETRIC_REPRESENTATION_CONTEXT() REPRESENTATION_CONTEXT('2D SPACE',''
  ) );
#13445 = PCURVE('',#12331,#13446);
#13446 = DEFINITIONAL_REPRESENTATION('',(#13447),#13450);
#13447 = B_SPLINE_CURVE_WITH_KNOTS('',1,(#13448,#13449),.UNSPECIFIED.,
  .F.,.F.,(2,2),(6.723197044457,7.165173156877),
  .PIECEWISE_BEZIER_KNOTS.);
#13448 = CARTESIAN_POINT('',(41.723197044457,31.));
#13449 = CARTESIAN_POINT('',(42.165173156877,31.));
#13450 = ( GEOMETRIC_REPRESENTATION_CONTEXT(2) 
PARAMETRIC_REPRESENTATION_CONTEXT() REPRESENTATION_CONTEXT('2D SPACE',''
  ) );
#13451 = ADVANCED_FACE('',(#13452),#11840,.F.);
#13452 = FACE_BOUND('',#13453,.F.);
#13453 = EDGE_LOOP('',(#13454,#13482,#13510,#13529,#13530,#13531,#13554,
    #13582));
#13454 = ORIENTED_EDGE('',*,*,#13455,.F.);
#13455 = EDGE_CURVE('',#13456,#13458,#13460,.T.);
#13456 = VERTEX_POINT('',#13457);
#13457 = CARTESIAN_POINT('',(-15.65,-54.31,-6.));
#13458 = VERTEX_POINT('',#13459);
#13459 = CARTESIAN_POINT('',(-16.65,-54.31,-6.));
#13460 = SURFACE_CURVE('',#13461,(#13465,#13471),.PCURVE_S1.);
#13461 = LINE('',#13462,#13463);
#13462 = CARTESIAN_POINT('',(-18.40995639931,-54.31,-6.));
#13463 = VECTOR('',#13464,1.);
#13464 = DIRECTION('',(-1.,0.,0.));
#13465 = PCURVE('',#11840,#13466);
#13466 = DEFINITIONAL_REPRESENTATION('',(#13467),#13470);
#13467 = B_SPLINE_CURVE_WITH_KNOTS('',1,(#13468,#13469),.UNSPECIFIED.,
  .F.,.F.,(2,2),(-2.759956399317,-1.759956399317),
  .PIECEWISE_BEZIER_KNOTS.);
#13468 = CARTESIAN_POINT('',(4.519912798635,-11.72954498729));
#13469 = CARTESIAN_POINT('',(3.519912798635,-11.72954498729));
#13470 = ( GEOMETRIC_REPRESENTATION_CONTEXT(2) 
PARAMETRIC_REPRESENTATION_CONTEXT() REPRESENTATION_CONTEXT('2D SPACE',''
  ) );
#13471 = PCURVE('',#13472,#13477);
#13472 = PLANE('',#13473);
#13473 = AXIS2_PLACEMENT_3D('',#13474,#13475,#13476);
#13474 = CARTESIAN_POINT('',(-16.65,-54.31,-7.));
#13475 = DIRECTION('',(0.,1.,0.));
#13476 = DIRECTION('',(0.,0.,1.));
#13477 = DEFINITIONAL_REPRESENTATION('',(#13478),#13481);
#13478 = B_SPLINE_CURVE_WITH_KNOTS('',1,(#13479,#13480),.UNSPECIFIED.,
  .F.,.F.,(2,2),(-2.759956399317,-1.759956399317),
  .PIECEWISE_BEZIER_KNOTS.);
#13479 = CARTESIAN_POINT('',(1.,1.));
#13480 = CARTESIAN_POINT('',(1.,0.));
#13481 = ( GEOMETRIC_REPRESENTATION_CONTEXT(2) 
PARAMETRIC_REPRESENTATION_CONTEXT() REPRESENTATION_CONTEXT('2D SPACE',''
  ) );
#13482 = ORIENTED_EDGE('',*,*,#13483,.T.);
#13483 = EDGE_CURVE('',#13456,#13484,#13486,.T.);
#13484 = VERTEX_POINT('',#13485);
#13485 = CARTESIAN_POINT('',(-15.65,-30.20993214159,-6.000000000001));
#13486 = SURFACE_CURVE('',#13487,(#13491,#13498),.PCURVE_S1.);
#13487 = LINE('',#13488,#13489);
#13488 = CARTESIAN_POINT('',(-15.65,-58.7,-6.));
#13489 = VECTOR('',#13490,1.);
#13490 = DIRECTION('',(0.,1.,0.));
#13491 = PCURVE('',#11840,#13492);
#13492 = DEFINITIONAL_REPRESENTATION('',(#13493),#13497);
#13493 = LINE('',#13494,#13495);
#13494 = CARTESIAN_POINT('',(4.519912798635,-16.11954498729));
#13495 = VECTOR('',#13496,1.);
#13496 = DIRECTION('',(0.,1.));
#13497 = ( GEOMETRIC_REPRESENTATION_CONTEXT(2) 
PARAMETRIC_REPRESENTATION_CONTEXT() REPRESENTATION_CONTEXT('2D SPACE',''
  ) );
#13498 = PCURVE('',#13499,#13504);
#13499 = PLANE('',#13500);
#13500 = AXIS2_PLACEMENT_3D('',#13501,#13502,#13503);
#13501 = CARTESIAN_POINT('',(-15.65,-58.7,-6.));
#13502 = DIRECTION('',(-1.,0.,0.));
#13503 = DIRECTION('',(0.,1.,0.));
#13504 = DEFINITIONAL_REPRESENTATION('',(#13505),#13509);
#13505 = LINE('',#13506,#13507);
#13506 = CARTESIAN_POINT('',(0.,0.));
#13507 = VECTOR('',#13508,1.);
#13508 = DIRECTION('',(1.,0.));
#13509 = ( GEOMETRIC_REPRESENTATION_CONTEXT(2) 
PARAMETRIC_REPRESENTATION_CONTEXT() REPRESENTATION_CONTEXT('2D SPACE',''
  ) );
#13510 = ORIENTED_EDGE('',*,*,#13511,.T.);
#13511 = EDGE_CURVE('',#13484,#13315,#13512,.T.);
#13512 = SURFACE_CURVE('',#13513,(#13517,#13523),.PCURVE_S1.);
#13513 = LINE('',#13514,#13515);
#13514 = CARTESIAN_POINT('',(-54.,-30.20993214159,-6.));
#13515 = VECTOR('',#13516,1.);
#13516 = DIRECTION('',(-1.,-0.,-0.));
#13517 = PCURVE('',#11840,#13518);
#13518 = DEFINITIONAL_REPRESENTATION('',(#13519),#13522);
#13519 = B_SPLINE_CURVE_WITH_KNOTS('',1,(#13520,#13521),.UNSPECIFIED.,
  .F.,.F.,(2,2),(-38.3500006,-25.865),.PIECEWISE_BEZIER_KNOTS.);
#13520 = CARTESIAN_POINT('',(4.519913398635,12.370522871106));
#13521 = CARTESIAN_POINT('',(-7.965087201365,12.370522871106));
#13522 = ( GEOMETRIC_REPRESENTATION_CONTEXT(2) 
PARAMETRIC_REPRESENTATION_CONTEXT() REPRESENTATION_CONTEXT('2D SPACE',''
  ) );
#13523 = PCURVE('',#12176,#13524);
#13524 = DEFINITIONAL_REPRESENTATION('',(#13525),#13528);
#13525 = B_SPLINE_CURVE_WITH_KNOTS('',1,(#13526,#13527),.UNSPECIFIED.,
  .F.,.F.,(2,2),(-38.35,-30.),.PIECEWISE_BEZIER_KNOTS.);
#13526 = CARTESIAN_POINT('',(-3.337651489657,-36.35));
#13527 = CARTESIAN_POINT('',(-3.337651489657,-28.));
#13528 = ( GEOMETRIC_REPRESENTATION_CONTEXT(2) 
PARAMETRIC_REPRESENTATION_CONTEXT() REPRESENTATION_CONTEXT('2D SPACE',''
  ) );
#13529 = ORIENTED_EDGE('',*,*,#13339,.T.);
#13530 = ORIENTED_EDGE('',*,*,#11825,.T.);
#13531 = ORIENTED_EDGE('',*,*,#13532,.T.);
#13532 = EDGE_CURVE('',#11793,#13533,#13535,.T.);
#13533 = VERTEX_POINT('',#13534);
#13534 = CARTESIAN_POINT('',(-27.,-44.,-6.));
#13535 = SURFACE_CURVE('',#13536,(#13540,#13547),.PCURVE_S1.);
#13536 = LINE('',#13537,#13538);
#13537 = CARTESIAN_POINT('',(-27.,-30.2,-6.));
#13538 = VECTOR('',#13539,1.);
#13539 = DIRECTION('',(0.,-1.,0.));
#13540 = PCURVE('',#11840,#13541);
#13541 = DEFINITIONAL_REPRESENTATION('',(#13542),#13546);
#13542 = LINE('',#13543,#13544);
#13543 = CARTESIAN_POINT('',(-6.830087201365,12.380455012705));
#13544 = VECTOR('',#13545,1.);
#13545 = DIRECTION('',(0.,-1.));
#13546 = ( GEOMETRIC_REPRESENTATION_CONTEXT(2) 
PARAMETRIC_REPRESENTATION_CONTEXT() REPRESENTATION_CONTEXT('2D SPACE',''
  ) );
#13547 = PCURVE('',#11809,#13548);
#13548 = DEFINITIONAL_REPRESENTATION('',(#13549),#13553);
#13549 = LINE('',#13550,#13551);
#13550 = CARTESIAN_POINT('',(0.,0.));
#13551 = VECTOR('',#13552,1.);
#13552 = DIRECTION('',(1.,0.));
#13553 = ( GEOMETRIC_REPRESENTATION_CONTEXT(2) 
PARAMETRIC_REPRESENTATION_CONTEXT() REPRESENTATION_CONTEXT('2D SPACE',''
  ) );
#13554 = ORIENTED_EDGE('',*,*,#13555,.T.);
#13555 = EDGE_CURVE('',#13533,#13556,#13558,.T.);
#13556 = VERTEX_POINT('',#13557);
#13557 = CARTESIAN_POINT('',(-16.65,-57.40484581497,-6.));
#13558 = SURFACE_CURVE('',#13559,(#13563,#13570),.PCURVE_S1.);
#13559 = LINE('',#13560,#13561);
#13560 = CARTESIAN_POINT('',(-27.,-44.,-6.));
#13561 = VECTOR('',#13562,1.);
#13562 = DIRECTION('',(0.61114096351,-0.791521776529,0.));
#13563 = PCURVE('',#11840,#13564);
#13564 = DEFINITIONAL_REPRESENTATION('',(#13565),#13569);
#13565 = LINE('',#13566,#13567);
#13566 = CARTESIAN_POINT('',(-6.830087201365,-1.419544987295));
#13567 = VECTOR('',#13568,1.);
#13568 = DIRECTION('',(0.61114096351,-0.791521776529));
#13569 = ( GEOMETRIC_REPRESENTATION_CONTEXT(2) 
PARAMETRIC_REPRESENTATION_CONTEXT() REPRESENTATION_CONTEXT('2D SPACE',''
  ) );
#13570 = PCURVE('',#13571,#13576);
#13571 = PLANE('',#13572);
#13572 = AXIS2_PLACEMENT_3D('',#13573,#13574,#13575);
#13573 = CARTESIAN_POINT('',(-27.,-44.,-6.));
#13574 = DIRECTION('',(0.791521776529,0.61114096351,-0.));
#13575 = DIRECTION('',(0.61114096351,-0.791521776529,0.));
#13576 = DEFINITIONAL_REPRESENTATION('',(#13577),#13581);
#13577 = LINE('',#13578,#13579);
#13578 = CARTESIAN_POINT('',(0.,0.));
#13579 = VECTOR('',#13580,1.);
#13580 = DIRECTION('',(1.,0.));
#13581 = ( GEOMETRIC_REPRESENTATION_CONTEXT(2) 
PARAMETRIC_REPRESENTATION_CONTEXT() REPRESENTATION_CONTEXT('2D SPACE',''
  ) );
#13582 = ORIENTED_EDGE('',*,*,#13583,.T.);
#13583 = EDGE_CURVE('',#13556,#13458,#13584,.T.);
#13584 = SURFACE_CURVE('',#13585,(#13589,#13595),.PCURVE_S1.);
#13585 = LINE('',#13586,#13587);
#13586 = CARTESIAN_POINT('',(-16.65,-50.64022750635,-6.));
#13587 = VECTOR('',#13588,1.);
#13588 = DIRECTION('',(0.,1.,0.));
#13589 = PCURVE('',#11840,#13590);
#13590 = DEFINITIONAL_REPRESENTATION('',(#13591),#13594);
#13591 = B_SPLINE_CURVE_WITH_KNOTS('',1,(#13592,#13593),.UNSPECIFIED.,
  .F.,.F.,(2,2),(-8.059772493648,-3.669772493648),
  .PIECEWISE_BEZIER_KNOTS.);
#13592 = CARTESIAN_POINT('',(3.519912798635,-16.11954498729));
#13593 = CARTESIAN_POINT('',(3.519912798635,-11.72954498729));
#13594 = ( GEOMETRIC_REPRESENTATION_CONTEXT(2) 
PARAMETRIC_REPRESENTATION_CONTEXT() REPRESENTATION_CONTEXT('2D SPACE',''
  ) );
#13595 = PCURVE('',#13596,#13601);
#13596 = PLANE('',#13597);
#13597 = AXIS2_PLACEMENT_3D('',#13598,#13599,#13600);
#13598 = CARTESIAN_POINT('',(-16.65,-58.7,-7.));
#13599 = DIRECTION('',(1.,0.,0.));
#13600 = DIRECTION('',(0.,0.,1.));
#13601 = DEFINITIONAL_REPRESENTATION('',(#13602),#13605);
#13602 = B_SPLINE_CURVE_WITH_KNOTS('',1,(#13603,#13604),.UNSPECIFIED.,
  .F.,.F.,(2,2),(-8.059772493648,-3.669772493648),
  .PIECEWISE_BEZIER_KNOTS.);
#13603 = CARTESIAN_POINT('',(1.,0.));
#13604 = CARTESIAN_POINT('',(1.,-4.39));
#13605 = ( GEOMETRIC_REPRESENTATION_CONTEXT(2) 
PARAMETRIC_REPRESENTATION_CONTEXT() REPRESENTATION_CONTEXT('2D SPACE',''
  ) );
#13606 = ADVANCED_FACE('',(#13607),#11809,.F.);
#13607 = FACE_BOUND('',#13608,.F.);
#13608 = EDGE_LOOP('',(#13609,#13610,#13611,#13634));
#13609 = ORIENTED_EDGE('',*,*,#13532,.F.);
#13610 = ORIENTED_EDGE('',*,*,#11792,.T.);
#13611 = ORIENTED_EDGE('',*,*,#13612,.T.);
#13612 = EDGE_CURVE('',#11771,#13613,#13615,.T.);
#13613 = VERTEX_POINT('',#13614);
#13614 = CARTESIAN_POINT('',(-27.,-44.,-0.8));
#13615 = SURFACE_CURVE('',#13616,(#13620,#13627),.PCURVE_S1.);
#13616 = LINE('',#13617,#13618);
#13617 = CARTESIAN_POINT('',(-27.,-30.2,-0.8));
#13618 = VECTOR('',#13619,1.);
#13619 = DIRECTION('',(0.,-1.,0.));
#13620 = PCURVE('',#11809,#13621);
#13621 = DEFINITIONAL_REPRESENTATION('',(#13622),#13626);
#13622 = LINE('',#13623,#13624);
#13623 = CARTESIAN_POINT('',(0.,-5.2));
#13624 = VECTOR('',#13625,1.);
#13625 = DIRECTION('',(1.,0.));
#13626 = ( GEOMETRIC_REPRESENTATION_CONTEXT(2) 
PARAMETRIC_REPRESENTATION_CONTEXT() REPRESENTATION_CONTEXT('2D SPACE',''
  ) );
#13627 = PCURVE('',#11586,#13628);
#13628 = DEFINITIONAL_REPRESENTATION('',(#13629),#13633);
#13629 = LINE('',#13630,#13631);
#13630 = CARTESIAN_POINT('',(93.,89.8));
#13631 = VECTOR('',#13632,1.);
#13632 = DIRECTION('',(0.,-1.));
#13633 = ( GEOMETRIC_REPRESENTATION_CONTEXT(2) 
PARAMETRIC_REPRESENTATION_CONTEXT() REPRESENTATION_CONTEXT('2D SPACE',''
  ) );
#13634 = ORIENTED_EDGE('',*,*,#13635,.F.);
#13635 = EDGE_CURVE('',#13533,#13613,#13636,.T.);
#13636 = SURFACE_CURVE('',#13637,(#13641,#13648),.PCURVE_S1.);
#13637 = LINE('',#13638,#13639);
#13638 = CARTESIAN_POINT('',(-27.,-44.,-6.));
#13639 = VECTOR('',#13640,1.);
#13640 = DIRECTION('',(0.,0.,1.));
#13641 = PCURVE('',#11809,#13642);
#13642 = DEFINITIONAL_REPRESENTATION('',(#13643),#13647);
#13643 = LINE('',#13644,#13645);
#13644 = CARTESIAN_POINT('',(13.8,0.));
#13645 = VECTOR('',#13646,1.);
#13646 = DIRECTION('',(0.,-1.));
#13647 = ( GEOMETRIC_REPRESENTATION_CONTEXT(2) 
PARAMETRIC_REPRESENTATION_CONTEXT() REPRESENTATION_CONTEXT('2D SPACE',''
  ) );
#13648 = PCURVE('',#13571,#13649);
#13649 = DEFINITIONAL_REPRESENTATION('',(#13650),#13654);
#13650 = LINE('',#13651,#13652);
#13651 = CARTESIAN_POINT('',(0.,0.));
#13652 = VECTOR('',#13653,1.);
#13653 = DIRECTION('',(0.,-1.));
#13654 = ( GEOMETRIC_REPRESENTATION_CONTEXT(2) 
PARAMETRIC_REPRESENTATION_CONTEXT() REPRESENTATION_CONTEXT('2D SPACE',''
  ) );
#13655 = ADVANCED_FACE('',(#13656,#14016,#14051),#11586,.T.);
#13656 = FACE_BOUND('',#13657,.T.);
#13657 = EDGE_LOOP('',(#13658,#13659,#13660,#13683,#13706,#13734,#13757,
    #13785,#13813,#13836,#13859,#13880,#13881,#13882,#13905,#13934,
    #13962,#13995));
#13658 = ORIENTED_EDGE('',*,*,#11770,.F.);
#13659 = ORIENTED_EDGE('',*,*,#13612,.T.);
#13660 = ORIENTED_EDGE('',*,*,#13661,.T.);
#13661 = EDGE_CURVE('',#13613,#13662,#13664,.T.);
#13662 = VERTEX_POINT('',#13663);
#13663 = CARTESIAN_POINT('',(-16.65,-57.40484581497,-0.8));
#13664 = SURFACE_CURVE('',#13665,(#13669,#13676),.PCURVE_S1.);
#13665 = LINE('',#13666,#13667);
#13666 = CARTESIAN_POINT('',(-27.,-44.,-0.8));
#13667 = VECTOR('',#13668,1.);
#13668 = DIRECTION('',(0.61114096351,-0.791521776529,0.));
#13669 = PCURVE('',#11586,#13670);
#13670 = DEFINITIONAL_REPRESENTATION('',(#13671),#13675);
#13671 = LINE('',#13672,#13673);
#13672 = CARTESIAN_POINT('',(93.,76.));
#13673 = VECTOR('',#13674,1.);
#13674 = DIRECTION('',(0.61114096351,-0.791521776529));
#13675 = ( GEOMETRIC_REPRESENTATION_CONTEXT(2) 
PARAMETRIC_REPRESENTATION_CONTEXT() REPRESENTATION_CONTEXT('2D SPACE',''
  ) );
#13676 = PCURVE('',#13571,#13677);
#13677 = DEFINITIONAL_REPRESENTATION('',(#13678),#13682);
#13678 = LINE('',#13679,#13680);
#13679 = CARTESIAN_POINT('',(0.,-5.2));
#13680 = VECTOR('',#13681,1.);
#13681 = DIRECTION('',(1.,0.));
#13682 = ( GEOMETRIC_REPRESENTATION_CONTEXT(2) 
PARAMETRIC_REPRESENTATION_CONTEXT() REPRESENTATION_CONTEXT('2D SPACE',''
  ) );
#13683 = ORIENTED_EDGE('',*,*,#13684,.F.);
#13684 = EDGE_CURVE('',#13685,#13662,#13687,.T.);
#13685 = VERTEX_POINT('',#13686);
#13686 = CARTESIAN_POINT('',(-16.65,-58.7,-0.8));
#13687 = SURFACE_CURVE('',#13688,(#13692,#13699),.PCURVE_S1.);
#13688 = LINE('',#13689,#13690);
#13689 = CARTESIAN_POINT('',(-16.65,-58.7,-0.8));
#13690 = VECTOR('',#13691,1.);
#13691 = DIRECTION('',(0.,1.,0.));
#13692 = PCURVE('',#11586,#13693);
#13693 = DEFINITIONAL_REPRESENTATION('',(#13694),#13698);
#13694 = LINE('',#13695,#13696);
#13695 = CARTESIAN_POINT('',(103.35,61.3));
#13696 = VECTOR('',#13697,1.);
#13697 = DIRECTION('',(0.,1.));
#13698 = ( GEOMETRIC_REPRESENTATION_CONTEXT(2) 
PARAMETRIC_REPRESENTATION_CONTEXT() REPRESENTATION_CONTEXT('2D SPACE',''
  ) );
#13699 = PCURVE('',#13596,#13700);
#13700 = DEFINITIONAL_REPRESENTATION('',(#13701),#13705);
#13701 = LINE('',#13702,#13703);
#13702 = CARTESIAN_POINT('',(6.2,0.));
#13703 = VECTOR('',#13704,1.);
#13704 = DIRECTION('',(0.,-1.));
#13705 = ( GEOMETRIC_REPRESENTATION_CONTEXT(2) 
PARAMETRIC_REPRESENTATION_CONTEXT() REPRESENTATION_CONTEXT('2D SPACE',''
  ) );
#13706 = ORIENTED_EDGE('',*,*,#13707,.T.);
#13707 = EDGE_CURVE('',#13685,#13708,#13710,.T.);
#13708 = VERTEX_POINT('',#13709);
#13709 = CARTESIAN_POINT('',(-15.65,-58.7,-0.8));
#13710 = SURFACE_CURVE('',#13711,(#13715,#13722),.PCURVE_S1.);
#13711 = LINE('',#13712,#13713);
#13712 = CARTESIAN_POINT('',(-16.65,-58.7,-0.8));
#13713 = VECTOR('',#13714,1.);
#13714 = DIRECTION('',(1.,0.,0.));
#13715 = PCURVE('',#11586,#13716);
#13716 = DEFINITIONAL_REPRESENTATION('',(#13717),#13721);
#13717 = LINE('',#13718,#13719);
#13718 = CARTESIAN_POINT('',(103.35,61.3));
#13719 = VECTOR('',#13720,1.);
#13720 = DIRECTION('',(1.,0.));
#13721 = ( GEOMETRIC_REPRESENTATION_CONTEXT(2) 
PARAMETRIC_REPRESENTATION_CONTEXT() REPRESENTATION_CONTEXT('2D SPACE',''
  ) );
#13722 = PCURVE('',#13723,#13728);
#13723 = PLANE('',#13724);
#13724 = AXIS2_PLACEMENT_3D('',#13725,#13726,#13727);
#13725 = CARTESIAN_POINT('',(-16.65,-58.7,-7.));
#13726 = DIRECTION('',(0.,1.,0.));
#13727 = DIRECTION('',(0.,0.,1.));
#13728 = DEFINITIONAL_REPRESENTATION('',(#13729),#13733);
#13729 = LINE('',#13730,#13731);
#13730 = CARTESIAN_POINT('',(6.2,0.));
#13731 = VECTOR('',#13732,1.);
#13732 = DIRECTION('',(0.,1.));
#13733 = ( GEOMETRIC_REPRESENTATION_CONTEXT(2) 
PARAMETRIC_REPRESENTATION_CONTEXT() REPRESENTATION_CONTEXT('2D SPACE',''
  ) );
#13734 = ORIENTED_EDGE('',*,*,#13735,.T.);
#13735 = EDGE_CURVE('',#13708,#13736,#13738,.T.);
#13736 = VERTEX_POINT('',#13737);
#13737 = CARTESIAN_POINT('',(-5.,-58.7,-0.8));
#13738 = SURFACE_CURVE('',#13739,(#13743,#13750),.PCURVE_S1.);
#13739 = LINE('',#13740,#13741);
#13740 = CARTESIAN_POINT('',(-16.65,-58.7,-0.8));
#13741 = VECTOR('',#13742,1.);
#13742 = DIRECTION('',(1.,0.,0.));
#13743 = PCURVE('',#11586,#13744);
#13744 = DEFINITIONAL_REPRESENTATION('',(#13745),#13749);
#13745 = LINE('',#13746,#13747);
#13746 = CARTESIAN_POINT('',(103.35,61.3));
#13747 = VECTOR('',#13748,1.);
#13748 = DIRECTION('',(1.,0.));
#13749 = ( GEOMETRIC_REPRESENTATION_CONTEXT(2) 
PARAMETRIC_REPRESENTATION_CONTEXT() REPRESENTATION_CONTEXT('2D SPACE',''
  ) );
#13750 = PCURVE('',#13723,#13751);
#13751 = DEFINITIONAL_REPRESENTATION('',(#13752),#13756);
#13752 = LINE('',#13753,#13754);
#13753 = CARTESIAN_POINT('',(6.2,0.));
#13754 = VECTOR('',#13755,1.);
#13755 = DIRECTION('',(0.,1.));
#13756 = ( GEOMETRIC_REPRESENTATION_CONTEXT(2) 
PARAMETRIC_REPRESENTATION_CONTEXT() REPRESENTATION_CONTEXT('2D SPACE',''
  ) );
#13757 = ORIENTED_EDGE('',*,*,#13758,.T.);
#13758 = EDGE_CURVE('',#13736,#13759,#13761,.T.);
#13759 = VERTEX_POINT('',#13760);
#13760 = CARTESIAN_POINT('',(-5.,-55.51,-0.8));
#13761 = SURFACE_CURVE('',#13762,(#13766,#13773),.PCURVE_S1.);
#13762 = LINE('',#13763,#13764);
#13763 = CARTESIAN_POINT('',(-5.,-58.7,-0.8));
#13764 = VECTOR('',#13765,1.);
#13765 = DIRECTION('',(0.,1.,0.));
#13766 = PCURVE('',#11586,#13767);
#13767 = DEFINITIONAL_REPRESENTATION('',(#13768),#13772);
#13768 = LINE('',#13769,#13770);
#13769 = CARTESIAN_POINT('',(115.,61.3));
#13770 = VECTOR('',#13771,1.);
#13771 = DIRECTION('',(0.,1.));
#13772 = ( GEOMETRIC_REPRESENTATION_CONTEXT(2) 
PARAMETRIC_REPRESENTATION_CONTEXT() REPRESENTATION_CONTEXT('2D SPACE',''
  ) );
#13773 = PCURVE('',#13774,#13779);
#13774 = PLANE('',#13775);
#13775 = AXIS2_PLACEMENT_3D('',#13776,#13777,#13778);
#13776 = CARTESIAN_POINT('',(-5.,-58.7,-7.));
#13777 = DIRECTION('',(1.,0.,0.));
#13778 = DIRECTION('',(0.,0.,1.));
#13779 = DEFINITIONAL_REPRESENTATION('',(#13780),#13784);
#13780 = LINE('',#13781,#13782);
#13781 = CARTESIAN_POINT('',(6.2,0.));
#13782 = VECTOR('',#13783,1.);
#13783 = DIRECTION('',(0.,-1.));
#13784 = ( GEOMETRIC_REPRESENTATION_CONTEXT(2) 
PARAMETRIC_REPRESENTATION_CONTEXT() REPRESENTATION_CONTEXT('2D SPACE',''
  ) );
#13785 = ORIENTED_EDGE('',*,*,#13786,.T.);
#13786 = EDGE_CURVE('',#13759,#13787,#13789,.T.);
#13787 = VERTEX_POINT('',#13788);
#13788 = CARTESIAN_POINT('',(-6.2,-54.31,-0.8));
#13789 = SURFACE_CURVE('',#13790,(#13794,#13801),.PCURVE_S1.);
#13790 = LINE('',#13791,#13792);
#13791 = CARTESIAN_POINT('',(-5.,-55.51,-0.8));
#13792 = VECTOR('',#13793,1.);
#13793 = DIRECTION('',(-0.707106781187,0.707106781187,0.));
#13794 = PCURVE('',#11586,#13795);
#13795 = DEFINITIONAL_REPRESENTATION('',(#13796),#13800);
#13796 = LINE('',#13797,#13798);
#13797 = CARTESIAN_POINT('',(115.,64.49));
#13798 = VECTOR('',#13799,1.);
#13799 = DIRECTION('',(-0.707106781187,0.707106781187));
#13800 = ( GEOMETRIC_REPRESENTATION_CONTEXT(2) 
PARAMETRIC_REPRESENTATION_CONTEXT() REPRESENTATION_CONTEXT('2D SPACE',''
  ) );
#13801 = PCURVE('',#13802,#13807);
#13802 = PLANE('',#13803);
#13803 = AXIS2_PLACEMENT_3D('',#13804,#13805,#13806);
#13804 = CARTESIAN_POINT('',(-5.,-55.51,-7.));
#13805 = DIRECTION('',(-0.707106781187,-0.707106781187,0.));
#13806 = DIRECTION('',(-0.707106781187,0.707106781187,0.));
#13807 = DEFINITIONAL_REPRESENTATION('',(#13808),#13812);
#13808 = LINE('',#13809,#13810);
#13809 = CARTESIAN_POINT('',(0.,-6.2));
#13810 = VECTOR('',#13811,1.);
#13811 = DIRECTION('',(1.,0.));
#13812 = ( GEOMETRIC_REPRESENTATION_CONTEXT(2) 
PARAMETRIC_REPRESENTATION_CONTEXT() REPRESENTATION_CONTEXT('2D SPACE',''
  ) );
#13813 = ORIENTED_EDGE('',*,*,#13814,.F.);
#13814 = EDGE_CURVE('',#13815,#13787,#13817,.T.);
#13815 = VERTEX_POINT('',#13816);
#13816 = CARTESIAN_POINT('',(-15.65,-54.31,-0.8));
#13817 = SURFACE_CURVE('',#13818,(#13822,#13829),.PCURVE_S1.);
#13818 = LINE('',#13819,#13820);
#13819 = CARTESIAN_POINT('',(-16.65,-54.31,-0.8));
#13820 = VECTOR('',#13821,1.);
#13821 = DIRECTION('',(1.,0.,0.));
#13822 = PCURVE('',#11586,#13823);
#13823 = DEFINITIONAL_REPRESENTATION('',(#13824),#13828);
#13824 = LINE('',#13825,#13826);
#13825 = CARTESIAN_POINT('',(103.35,65.69));
#13826 = VECTOR('',#13827,1.);
#13827 = DIRECTION('',(1.,0.));
#13828 = ( GEOMETRIC_REPRESENTATION_CONTEXT(2) 
PARAMETRIC_REPRESENTATION_CONTEXT() REPRESENTATION_CONTEXT('2D SPACE',''
  ) );
#13829 = PCURVE('',#13472,#13830);
#13830 = DEFINITIONAL_REPRESENTATION('',(#13831),#13835);
#13831 = LINE('',#13832,#13833);
#13832 = CARTESIAN_POINT('',(6.2,0.));
#13833 = VECTOR('',#13834,1.);
#13834 = DIRECTION('',(0.,1.));
#13835 = ( GEOMETRIC_REPRESENTATION_CONTEXT(2) 
PARAMETRIC_REPRESENTATION_CONTEXT() REPRESENTATION_CONTEXT('2D SPACE',''
  ) );
#13836 = ORIENTED_EDGE('',*,*,#13837,.T.);
#13837 = EDGE_CURVE('',#13815,#13838,#13840,.T.);
#13838 = VERTEX_POINT('',#13839);
#13839 = CARTESIAN_POINT('',(-15.65,-30.78960863668,-0.800000000001));
#13840 = SURFACE_CURVE('',#13841,(#13845,#13852),.PCURVE_S1.);
#13841 = LINE('',#13842,#13843);
#13842 = CARTESIAN_POINT('',(-15.65,-58.7,-0.8));
#13843 = VECTOR('',#13844,1.);
#13844 = DIRECTION('',(0.,1.,0.));
#13845 = PCURVE('',#11586,#13846);
#13846 = DEFINITIONAL_REPRESENTATION('',(#13847),#13851);
#13847 = LINE('',#13848,#13849);
#13848 = CARTESIAN_POINT('',(104.35,61.3));
#13849 = VECTOR('',#13850,1.);
#13850 = DIRECTION('',(0.,1.));
#13851 = ( GEOMETRIC_REPRESENTATION_CONTEXT(2) 
PARAMETRIC_REPRESENTATION_CONTEXT() REPRESENTATION_CONTEXT('2D SPACE',''
  ) );
#13852 = PCURVE('',#13499,#13853);
#13853 = DEFINITIONAL_REPRESENTATION('',(#13854),#13858);
#13854 = LINE('',#13855,#13856);
#13855 = CARTESIAN_POINT('',(0.,-5.2));
#13856 = VECTOR('',#13857,1.);
#13857 = DIRECTION('',(1.,0.));
#13858 = ( GEOMETRIC_REPRESENTATION_CONTEXT(2) 
PARAMETRIC_REPRESENTATION_CONTEXT() REPRESENTATION_CONTEXT('2D SPACE',''
  ) );
#13859 = ORIENTED_EDGE('',*,*,#13860,.T.);
#13860 = EDGE_CURVE('',#13838,#12158,#13861,.T.);
#13861 = SURFACE_CURVE('',#13862,(#13866,#13873),.PCURVE_S1.);
#13862 = LINE('',#13863,#13864);
#13863 = CARTESIAN_POINT('',(-15.65,-30.78960863668,-0.800000000001));
#13864 = VECTOR('',#13865,1.);
#13865 = DIRECTION('',(-1.,2.834352040859E-15,3.664194120063E-14));
#13866 = PCURVE('',#11586,#13867);
#13867 = DEFINITIONAL_REPRESENTATION('',(#13868),#13872);
#13868 = LINE('',#13869,#13870);
#13869 = CARTESIAN_POINT('',(104.35,89.210391363319));
#13870 = VECTOR('',#13871,1.);
#13871 = DIRECTION('',(-1.,2.834352040859E-15));
#13872 = ( GEOMETRIC_REPRESENTATION_CONTEXT(2) 
PARAMETRIC_REPRESENTATION_CONTEXT() REPRESENTATION_CONTEXT('2D SPACE',''
  ) );
#13873 = PCURVE('',#12176,#13874);
#13874 = DEFINITIONAL_REPRESENTATION('',(#13875),#13879);
#13875 = LINE('',#13876,#13877);
#13876 = CARTESIAN_POINT('',(-3.167569601014,-36.35));
#13877 = VECTOR('',#13878,1.);
#13878 = DIRECTION('',(-0.,1.));
#13879 = ( GEOMETRIC_REPRESENTATION_CONTEXT(2) 
PARAMETRIC_REPRESENTATION_CONTEXT() REPRESENTATION_CONTEXT('2D SPACE',''
  ) );
#13880 = ORIENTED_EDGE('',*,*,#12187,.T.);
#13881 = ORIENTED_EDGE('',*,*,#11571,.F.);
#13882 = ORIENTED_EDGE('',*,*,#13883,.F.);
#13883 = EDGE_CURVE('',#13884,#11572,#13886,.T.);
#13884 = VERTEX_POINT('',#13885);
#13885 = CARTESIAN_POINT('',(-47.,-47.6,-0.8));
#13886 = SURFACE_CURVE('',#13887,(#13891,#13898),.PCURVE_S1.);
#13887 = LINE('',#13888,#13889);
#13888 = CARTESIAN_POINT('',(-47.,-50.6,-0.8));
#13889 = VECTOR('',#13890,1.);
#13890 = DIRECTION('',(0.,1.,0.));
#13891 = PCURVE('',#11586,#13892);
#13892 = DEFINITIONAL_REPRESENTATION('',(#13893),#13897);
#13893 = LINE('',#13894,#13895);
#13894 = CARTESIAN_POINT('',(73.,69.4));
#13895 = VECTOR('',#13896,1.);
#13896 = DIRECTION('',(0.,1.));
#13897 = ( GEOMETRIC_REPRESENTATION_CONTEXT(2) 
PARAMETRIC_REPRESENTATION_CONTEXT() REPRESENTATION_CONTEXT('2D SPACE',''
  ) );
#13898 = PCURVE('',#11615,#13899);
#13899 = DEFINITIONAL_REPRESENTATION('',(#13900),#13904);
#13900 = LINE('',#13901,#13902);
#13901 = CARTESIAN_POINT('',(8.2,0.));
#13902 = VECTOR('',#13903,1.);
#13903 = DIRECTION('',(0.,-1.));
#13904 = ( GEOMETRIC_REPRESENTATION_CONTEXT(2) 
PARAMETRIC_REPRESENTATION_CONTEXT() REPRESENTATION_CONTEXT('2D SPACE',''
  ) );
#13905 = ORIENTED_EDGE('',*,*,#13906,.T.);
#13906 = EDGE_CURVE('',#13884,#13907,#13909,.T.);
#13907 = VERTEX_POINT('',#13908);
#13908 = CARTESIAN_POINT('',(-44.,-50.6,-0.8));
#13909 = SURFACE_CURVE('',#13910,(#13915,#13922),.PCURVE_S1.);
#13910 = CIRCLE('',#13911,3.);
#13911 = AXIS2_PLACEMENT_3D('',#13912,#13913,#13914);
#13912 = CARTESIAN_POINT('',(-44.,-47.6,-0.8));
#13913 = DIRECTION('',(0.,0.,1.));
#13914 = DIRECTION('',(0.,-1.,0.));
#13915 = PCURVE('',#11586,#13916);
#13916 = DEFINITIONAL_REPRESENTATION('',(#13917),#13921);
#13917 = CIRCLE('',#13918,3.);
#13918 = AXIS2_PLACEMENT_2D('',#13919,#13920);
#13919 = CARTESIAN_POINT('',(76.,72.4));
#13920 = DIRECTION('',(0.,-1.));
#13921 = ( GEOMETRIC_REPRESENTATION_CONTEXT(2) 
PARAMETRIC_REPRESENTATION_CONTEXT() REPRESENTATION_CONTEXT('2D SPACE',''
  ) );
#13922 = PCURVE('',#13923,#13928);
#13923 = CYLINDRICAL_SURFACE('',#13924,3.);
#13924 = AXIS2_PLACEMENT_3D('',#13925,#13926,#13927);
#13925 = CARTESIAN_POINT('',(-44.,-47.6,-9.));
#13926 = DIRECTION('',(0.,0.,1.));
#13927 = DIRECTION('',(-1.,-0.,0.));
#13928 = DEFINITIONAL_REPRESENTATION('',(#13929),#13933);
#13929 = LINE('',#13930,#13931);
#13930 = CARTESIAN_POINT('',(-4.712388980385,8.2));
#13931 = VECTOR('',#13932,1.);
#13932 = DIRECTION('',(1.,0.));
#13933 = ( GEOMETRIC_REPRESENTATION_CONTEXT(2) 
PARAMETRIC_REPRESENTATION_CONTEXT() REPRESENTATION_CONTEXT('2D SPACE',''
  ) );
#13934 = ORIENTED_EDGE('',*,*,#13935,.T.);
#13935 = EDGE_CURVE('',#13907,#13936,#13938,.T.);
#13936 = VERTEX_POINT('',#13937);
#13937 = CARTESIAN_POINT('',(-32.,-50.6,-0.8));
#13938 = SURFACE_CURVE('',#13939,(#13943,#13950),.PCURVE_S1.);
#13939 = LINE('',#13940,#13941);
#13940 = CARTESIAN_POINT('',(-47.,-50.6,-0.8));
#13941 = VECTOR('',#13942,1.);
#13942 = DIRECTION('',(1.,0.,0.));
#13943 = PCURVE('',#11586,#13944);
#13944 = DEFINITIONAL_REPRESENTATION('',(#13945),#13949);
#13945 = LINE('',#13946,#13947);
#13946 = CARTESIAN_POINT('',(73.,69.4));
#13947 = VECTOR('',#13948,1.);
#13948 = DIRECTION('',(1.,0.));
#13949 = ( GEOMETRIC_REPRESENTATION_CONTEXT(2) 
PARAMETRIC_REPRESENTATION_CONTEXT() REPRESENTATION_CONTEXT('2D SPACE',''
  ) );
#13950 = PCURVE('',#13951,#13956);
#13951 = PLANE('',#13952);
#13952 = AXIS2_PLACEMENT_3D('',#13953,#13954,#13955);
#13953 = CARTESIAN_POINT('',(-47.,-50.6,-9.));
#13954 = DIRECTION('',(0.,1.,0.));
#13955 = DIRECTION('',(0.,0.,1.));
#13956 = DEFINITIONAL_REPRESENTATION('',(#13957),#13961);
#13957 = LINE('',#13958,#13959);
#13958 = CARTESIAN_POINT('',(8.2,0.));
#13959 = VECTOR('',#13960,1.);
#13960 = DIRECTION('',(0.,1.));
#13961 = ( GEOMETRIC_REPRESENTATION_CONTEXT(2) 
PARAMETRIC_REPRESENTATION_CONTEXT() REPRESENTATION_CONTEXT('2D SPACE',''
  ) );
#13962 = ORIENTED_EDGE('',*,*,#13963,.F.);
#13963 = EDGE_CURVE('',#13964,#13936,#13966,.T.);
#13964 = VERTEX_POINT('',#13965);
#13965 = CARTESIAN_POINT('',(-29.,-47.6,-0.8));
#13966 = SURFACE_CURVE('',#13967,(#13972,#13983),.PCURVE_S1.);
#13967 = CIRCLE('',#13968,3.);
#13968 = AXIS2_PLACEMENT_3D('',#13969,#13970,#13971);
#13969 = CARTESIAN_POINT('',(-32.,-47.6,-0.8));
#13970 = DIRECTION('',(-0.,-0.,-1.));
#13971 = DIRECTION('',(0.,-1.,0.));
#13972 = PCURVE('',#11586,#13973);
#13973 = DEFINITIONAL_REPRESENTATION('',(#13974),#13982);
#13974 = ( BOUNDED_CURVE() B_SPLINE_CURVE(2,(#13975,#13976,#13977,#13978
    ,#13979,#13980,#13981),.UNSPECIFIED.,.T.,.F.) 
B_SPLINE_CURVE_WITH_KNOTS((1,2,2,2,2,1),(-2.094395102393,0.,
    2.094395102393,4.188790204786,6.28318530718,8.377580409573),
.UNSPECIFIED.) CURVE() GEOMETRIC_REPRESENTATION_ITEM() 
RATIONAL_B_SPLINE_CURVE((1.,0.5,1.,0.5,1.,0.5,1.)) REPRESENTATION_ITEM(
  '') );
#13975 = CARTESIAN_POINT('',(88.,69.4));
#13976 = CARTESIAN_POINT('',(82.803847577293,69.4));
#13977 = CARTESIAN_POINT('',(85.401923788647,73.9));
#13978 = CARTESIAN_POINT('',(88.,78.4));
#13979 = CARTESIAN_POINT('',(90.598076211353,73.9));
#13980 = CARTESIAN_POINT('',(93.196152422707,69.4));
#13981 = CARTESIAN_POINT('',(88.,69.4));
#13982 = ( GEOMETRIC_REPRESENTATION_CONTEXT(2) 
PARAMETRIC_REPRESENTATION_CONTEXT() REPRESENTATION_CONTEXT('2D SPACE',''
  ) );
#13983 = PCURVE('',#13984,#13989);
#13984 = CYLINDRICAL_SURFACE('',#13985,3.);
#13985 = AXIS2_PLACEMENT_3D('',#13986,#13987,#13988);
#13986 = CARTESIAN_POINT('',(-32.,-47.6,-9.));
#13987 = DIRECTION('',(0.,0.,1.));
#13988 = DIRECTION('',(1.,0.,-0.));
#13989 = DEFINITIONAL_REPRESENTATION('',(#13990),#13994);
#13990 = LINE('',#13991,#13992);
#13991 = CARTESIAN_POINT('',(4.712388980385,8.2));
#13992 = VECTOR('',#13993,1.);
#13993 = DIRECTION('',(-1.,0.));
#13994 = ( GEOMETRIC_REPRESENTATION_CONTEXT(2) 
PARAMETRIC_REPRESENTATION_CONTEXT() REPRESENTATION_CONTEXT('2D SPACE',''
  ) );
#13995 = ORIENTED_EDGE('',*,*,#13996,.T.);
#13996 = EDGE_CURVE('',#13964,#11738,#13997,.T.);
#13997 = SURFACE_CURVE('',#13998,(#14002,#14009),.PCURVE_S1.);
#13998 = LINE('',#13999,#14000);
#13999 = CARTESIAN_POINT('',(-29.,-50.6,-0.8));
#14000 = VECTOR('',#14001,1.);
#14001 = DIRECTION('',(0.,1.,0.));
#14002 = PCURVE('',#11586,#14003);
#14003 = DEFINITIONAL_REPRESENTATION('',(#14004),#14008);
#14004 = LINE('',#14005,#14006);
#14005 = CARTESIAN_POINT('',(91.,69.4));
#14006 = VECTOR('',#14007,1.);
#14007 = DIRECTION('',(0.,1.));
#14008 = ( GEOMETRIC_REPRESENTATION_CONTEXT(2) 
PARAMETRIC_REPRESENTATION_CONTEXT() REPRESENTATION_CONTEXT('2D SPACE',''
  ) );
#14009 = PCURVE('',#11754,#14010);
#14010 = DEFINITIONAL_REPRESENTATION('',(#14011),#14015);
#14011 = LINE('',#14012,#14013);
#14012 = CARTESIAN_POINT('',(8.2,0.));
#14013 = VECTOR('',#14014,1.);
#14014 = DIRECTION('',(0.,-1.));
#14015 = ( GEOMETRIC_REPRESENTATION_CONTEXT(2) 
PARAMETRIC_REPRESENTATION_CONTEXT() REPRESENTATION_CONTEXT('2D SPACE',''
  ) );
#14016 = FACE_BOUND('',#14017,.T.);
#14017 = EDGE_LOOP('',(#14018));
#14018 = ORIENTED_EDGE('',*,*,#14019,.T.);
#14019 = EDGE_CURVE('',#14020,#14020,#14022,.T.);
#14020 = VERTEX_POINT('',#14021);
#14021 = CARTESIAN_POINT('',(-35.8,-43.,-0.8));
#14022 = SURFACE_CURVE('',#14023,(#14028,#14039),.PCURVE_S1.);
#14023 = CIRCLE('',#14024,2.2);
#14024 = AXIS2_PLACEMENT_3D('',#14025,#14026,#14027);
#14025 = CARTESIAN_POINT('',(-38.,-43.,-0.8));
#14026 = DIRECTION('',(0.,0.,-1.));
#14027 = DIRECTION('',(1.,0.,0.));
#14028 = PCURVE('',#11586,#14029);
#14029 = DEFINITIONAL_REPRESENTATION('',(#14030),#14038);
#14030 = ( BOUNDED_CURVE() B_SPLINE_CURVE(2,(#14031,#14032,#14033,#14034
    ,#14035,#14036,#14037),.UNSPECIFIED.,.T.,.F.) 
B_SPLINE_CURVE_WITH_KNOTS((1,2,2,2,2,1),(-2.094395102393,0.,
    2.094395102393,4.188790204786,6.28318530718,8.377580409573),
.UNSPECIFIED.) CURVE() GEOMETRIC_REPRESENTATION_ITEM() 
RATIONAL_B_SPLINE_CURVE((1.,0.5,1.,0.5,1.,0.5,1.)) REPRESENTATION_ITEM(
  '') );
#14031 = CARTESIAN_POINT('',(84.2,77.));
#14032 = CARTESIAN_POINT('',(84.2,73.189488223348));
#14033 = CARTESIAN_POINT('',(80.9,75.094744111674));
#14034 = CARTESIAN_POINT('',(77.6,77.));
#14035 = CARTESIAN_POINT('',(80.9,78.905255888326));
#14036 = CARTESIAN_POINT('',(84.2,80.810511776652));
#14037 = CARTESIAN_POINT('',(84.2,77.));
#14038 = ( GEOMETRIC_REPRESENTATION_CONTEXT(2) 
PARAMETRIC_REPRESENTATION_CONTEXT() REPRESENTATION_CONTEXT('2D SPACE',''
  ) );
#14039 = PCURVE('',#14040,#14045);
#14040 = CYLINDRICAL_SURFACE('',#14041,2.2);
#14041 = AXIS2_PLACEMENT_3D('',#14042,#14043,#14044);
#14042 = CARTESIAN_POINT('',(-38.,-43.,-13.));
#14043 = DIRECTION('',(-0.,-0.,-1.));
#14044 = DIRECTION('',(1.,0.,0.));
#14045 = DEFINITIONAL_REPRESENTATION('',(#14046),#14050);
#14046 = LINE('',#14047,#14048);
#14047 = CARTESIAN_POINT('',(-6.28318530718,-12.2));
#14048 = VECTOR('',#14049,1.);
#14049 = DIRECTION('',(1.,-0.));
#14050 = ( GEOMETRIC_REPRESENTATION_CONTEXT(2) 
PARAMETRIC_REPRESENTATION_CONTEXT() REPRESENTATION_CONTEXT('2D SPACE',''
  ) );
#14051 = FACE_BOUND('',#14052,.T.);
#14052 = EDGE_LOOP('',(#14053));
#14053 = ORIENTED_EDGE('',*,*,#14054,.T.);
#14054 = EDGE_CURVE('',#14055,#14055,#14057,.T.);
#14055 = VERTEX_POINT('',#14056);
#14056 = CARTESIAN_POINT('',(-40.9,-36.5,-0.8));
#14057 = SURFACE_CURVE('',#14058,(#14063,#14074),.PCURVE_S1.);
#14058 = CIRCLE('',#14059,1.6);
#14059 = AXIS2_PLACEMENT_3D('',#14060,#14061,#14062);
#14060 = CARTESIAN_POINT('',(-42.5,-36.5,-0.8));
#14061 = DIRECTION('',(0.,0.,-1.));
#14062 = DIRECTION('',(1.,0.,0.));
#14063 = PCURVE('',#11586,#14064);
#14064 = DEFINITIONAL_REPRESENTATION('',(#14065),#14073);
#14065 = ( BOUNDED_CURVE() B_SPLINE_CURVE(2,(#14066,#14067,#14068,#14069
    ,#14070,#14071,#14072),.UNSPECIFIED.,.T.,.F.) 
B_SPLINE_CURVE_WITH_KNOTS((1,2,2,2,2,1),(-2.094395102393,0.,
    2.094395102393,4.188790204786,6.28318530718,8.377580409573),
.UNSPECIFIED.) CURVE() GEOMETRIC_REPRESENTATION_ITEM() 
RATIONAL_B_SPLINE_CURVE((1.,0.5,1.,0.5,1.,0.5,1.)) REPRESENTATION_ITEM(
  '') );
#14066 = CARTESIAN_POINT('',(79.1,83.5));
#14067 = CARTESIAN_POINT('',(79.1,80.72871870789));
#14068 = CARTESIAN_POINT('',(76.7,82.114359353945));
#14069 = CARTESIAN_POINT('',(74.3,83.5));
#14070 = CARTESIAN_POINT('',(76.7,84.885640646055));
#14071 = CARTESIAN_POINT('',(79.1,86.27128129211));
#14072 = CARTESIAN_POINT('',(79.1,83.5));
#14073 = ( GEOMETRIC_REPRESENTATION_CONTEXT(2) 
PARAMETRIC_REPRESENTATION_CONTEXT() REPRESENTATION_CONTEXT('2D SPACE',''
  ) );
#14074 = PCURVE('',#14075,#14080);
#14075 = CYLINDRICAL_SURFACE('',#14076,1.6);
#14076 = AXIS2_PLACEMENT_3D('',#14077,#14078,#14079);
#14077 = CARTESIAN_POINT('',(-42.5,-36.5,-5.4));
#14078 = DIRECTION('',(-0.,-0.,-1.));
#14079 = DIRECTION('',(1.,0.,0.));
#14080 = DEFINITIONAL_REPRESENTATION('',(#14081),#14085);
#14081 = LINE('',#14082,#14083);
#14082 = CARTESIAN_POINT('',(-6.28318530718,-4.6));
#14083 = VECTOR('',#14084,1.);
#14084 = DIRECTION('',(1.,-0.));
#14085 = ( GEOMETRIC_REPRESENTATION_CONTEXT(2) 
PARAMETRIC_REPRESENTATION_CONTEXT() REPRESENTATION_CONTEXT('2D SPACE',''
  ) );
#14086 = ADVANCED_FACE('',(#14087),#11754,.T.);
#14087 = FACE_BOUND('',#14088,.T.);
#14088 = EDGE_LOOP('',(#14089,#14090,#14113,#14136,#14157));
#14089 = ORIENTED_EDGE('',*,*,#13996,.F.);
#14090 = ORIENTED_EDGE('',*,*,#14091,.F.);
#14091 = EDGE_CURVE('',#14092,#13964,#14094,.T.);
#14092 = VERTEX_POINT('',#14093);
#14093 = CARTESIAN_POINT('',(-29.,-47.6,-9.));
#14094 = SURFACE_CURVE('',#14095,(#14099,#14106),.PCURVE_S1.);
#14095 = LINE('',#14096,#14097);
#14096 = CARTESIAN_POINT('',(-29.,-47.6,-9.));
#14097 = VECTOR('',#14098,1.);
#14098 = DIRECTION('',(0.,0.,1.));
#14099 = PCURVE('',#11754,#14100);
#14100 = DEFINITIONAL_REPRESENTATION('',(#14101),#14105);
#14101 = LINE('',#14102,#14103);
#14102 = CARTESIAN_POINT('',(0.,-3.));
#14103 = VECTOR('',#14104,1.);
#14104 = DIRECTION('',(1.,0.));
#14105 = ( GEOMETRIC_REPRESENTATION_CONTEXT(2) 
PARAMETRIC_REPRESENTATION_CONTEXT() REPRESENTATION_CONTEXT('2D SPACE',''
  ) );
#14106 = PCURVE('',#13984,#14107);
#14107 = DEFINITIONAL_REPRESENTATION('',(#14108),#14112);
#14108 = LINE('',#14109,#14110);
#14109 = CARTESIAN_POINT('',(-0.,0.));
#14110 = VECTOR('',#14111,1.);
#14111 = DIRECTION('',(-0.,1.));
#14112 = ( GEOMETRIC_REPRESENTATION_CONTEXT(2) 
PARAMETRIC_REPRESENTATION_CONTEXT() REPRESENTATION_CONTEXT('2D SPACE',''
  ) );
#14113 = ORIENTED_EDGE('',*,*,#14114,.T.);
#14114 = EDGE_CURVE('',#14092,#14115,#14117,.T.);
#14115 = VERTEX_POINT('',#14116);
#14116 = CARTESIAN_POINT('',(-29.,-34.5,-9.));
#14117 = SURFACE_CURVE('',#14118,(#14122,#14129),.PCURVE_S1.);
#14118 = LINE('',#14119,#14120);
#14119 = CARTESIAN_POINT('',(-29.,-50.6,-9.));
#14120 = VECTOR('',#14121,1.);
#14121 = DIRECTION('',(0.,1.,0.));
#14122 = PCURVE('',#11754,#14123);
#14123 = DEFINITIONAL_REPRESENTATION('',(#14124),#14128);
#14124 = LINE('',#14125,#14126);
#14125 = CARTESIAN_POINT('',(0.,0.));
#14126 = VECTOR('',#14127,1.);
#14127 = DIRECTION('',(0.,-1.));
#14128 = ( GEOMETRIC_REPRESENTATION_CONTEXT(2) 
PARAMETRIC_REPRESENTATION_CONTEXT() REPRESENTATION_CONTEXT('2D SPACE',''
  ) );
#14129 = PCURVE('',#11686,#14130);
#14130 = DEFINITIONAL_REPRESENTATION('',(#14131),#14135);
#14131 = LINE('',#14132,#14133);
#14132 = CARTESIAN_POINT('',(18.,0.));
#14133 = VECTOR('',#14134,1.);
#14134 = DIRECTION('',(0.,1.));
#14135 = ( GEOMETRIC_REPRESENTATION_CONTEXT(2) 
PARAMETRIC_REPRESENTATION_CONTEXT() REPRESENTATION_CONTEXT('2D SPACE',''
  ) );
#14136 = ORIENTED_EDGE('',*,*,#14137,.T.);
#14137 = EDGE_CURVE('',#14115,#11698,#14138,.T.);
#14138 = SURFACE_CURVE('',#14139,(#14143,#14150),.PCURVE_S1.);
#14139 = LINE('',#14140,#14141);
#14140 = CARTESIAN_POINT('',(-29.,-34.5,-9.));
#14141 = VECTOR('',#14142,1.);
#14142 = DIRECTION('',(0.,0.,1.));
#14143 = PCURVE('',#11754,#14144);
#14144 = DEFINITIONAL_REPRESENTATION('',(#14145),#14149);
#14145 = LINE('',#14146,#14147);
#14146 = CARTESIAN_POINT('',(0.,-16.1));
#14147 = VECTOR('',#14148,1.);
#14148 = DIRECTION('',(1.,0.));
#14149 = ( GEOMETRIC_REPRESENTATION_CONTEXT(2) 
PARAMETRIC_REPRESENTATION_CONTEXT() REPRESENTATION_CONTEXT('2D SPACE',''
  ) );
#14150 = PCURVE('',#11721,#14151);
#14151 = DEFINITIONAL_REPRESENTATION('',(#14152),#14156);
#14152 = LINE('',#14153,#14154);
#14153 = CARTESIAN_POINT('',(0.,0.));
#14154 = VECTOR('',#14155,1.);
#14155 = DIRECTION('',(0.,1.));
#14156 = ( GEOMETRIC_REPRESENTATION_CONTEXT(2) 
PARAMETRIC_REPRESENTATION_CONTEXT() REPRESENTATION_CONTEXT('2D SPACE',''
  ) );
#14157 = ORIENTED_EDGE('',*,*,#11737,.T.);
#14158 = ADVANCED_FACE('',(#14159),#11721,.T.);
#14159 = FACE_BOUND('',#14160,.T.);
#14160 = EDGE_LOOP('',(#14161,#14162,#14184));
#14161 = ORIENTED_EDGE('',*,*,#14137,.F.);
#14162 = ORIENTED_EDGE('',*,*,#14163,.T.);
#14163 = EDGE_CURVE('',#14115,#11672,#14164,.T.);
#14164 = SURFACE_CURVE('',#14165,(#14170,#14177),.PCURVE_S1.);
#14165 = CIRCLE('',#14166,3.);
#14166 = AXIS2_PLACEMENT_3D('',#14167,#14168,#14169);
#14167 = CARTESIAN_POINT('',(-32.,-34.5,-9.));
#14168 = DIRECTION('',(0.,0.,1.));
#14169 = DIRECTION('',(0.,-1.,0.));
#14170 = PCURVE('',#11721,#14171);
#14171 = DEFINITIONAL_REPRESENTATION('',(#14172),#14176);
#14172 = LINE('',#14173,#14174);
#14173 = CARTESIAN_POINT('',(-1.570796326795,0.));
#14174 = VECTOR('',#14175,1.);
#14175 = DIRECTION('',(1.,0.));
#14176 = ( GEOMETRIC_REPRESENTATION_CONTEXT(2) 
PARAMETRIC_REPRESENTATION_CONTEXT() REPRESENTATION_CONTEXT('2D SPACE',''
  ) );
#14177 = PCURVE('',#11686,#14178);
#14178 = DEFINITIONAL_REPRESENTATION('',(#14179),#14183);
#14179 = CIRCLE('',#14180,3.);
#14180 = AXIS2_PLACEMENT_2D('',#14181,#14182);
#14181 = CARTESIAN_POINT('',(15.,16.1));
#14182 = DIRECTION('',(0.,-1.));
#14183 = ( GEOMETRIC_REPRESENTATION_CONTEXT(2) 
PARAMETRIC_REPRESENTATION_CONTEXT() REPRESENTATION_CONTEXT('2D SPACE',''
  ) );
#14184 = ORIENTED_EDGE('',*,*,#11697,.F.);
#14185 = ADVANCED_FACE('',(#14186),#11686,.F.);
#14186 = FACE_BOUND('',#14187,.F.);
#14187 = EDGE_LOOP('',(#14188,#14213,#14237,#14260,#14288,#14316,#14344,
    #14372,#14400,#14428,#14456,#14484,#14507,#14533,#14534,#14535,
    #14536));
#14188 = ORIENTED_EDGE('',*,*,#14189,.F.);
#14189 = EDGE_CURVE('',#14190,#14192,#14194,.T.);
#14190 = VERTEX_POINT('',#14191);
#14191 = CARTESIAN_POINT('',(-47.,-47.6,-9.));
#14192 = VERTEX_POINT('',#14193);
#14193 = CARTESIAN_POINT('',(-47.,-34.5,-9.));
#14194 = SURFACE_CURVE('',#14195,(#14199,#14206),.PCURVE_S1.);
#14195 = LINE('',#14196,#14197);
#14196 = CARTESIAN_POINT('',(-47.,-50.6,-9.));
#14197 = VECTOR('',#14198,1.);
#14198 = DIRECTION('',(0.,1.,0.));
#14199 = PCURVE('',#11686,#14200);
#14200 = DEFINITIONAL_REPRESENTATION('',(#14201),#14205);
#14201 = LINE('',#14202,#14203);
#14202 = CARTESIAN_POINT('',(0.,0.));
#14203 = VECTOR('',#14204,1.);
#14204 = DIRECTION('',(0.,1.));
#14205 = ( GEOMETRIC_REPRESENTATION_CONTEXT(2) 
PARAMETRIC_REPRESENTATION_CONTEXT() REPRESENTATION_CONTEXT('2D SPACE',''
  ) );
#14206 = PCURVE('',#11615,#14207);
#14207 = DEFINITIONAL_REPRESENTATION('',(#14208),#14212);
#14208 = LINE('',#14209,#14210);
#14209 = CARTESIAN_POINT('',(0.,0.));
#14210 = VECTOR('',#14211,1.);
#14211 = DIRECTION('',(0.,-1.));
#14212 = ( GEOMETRIC_REPRESENTATION_CONTEXT(2) 
PARAMETRIC_REPRESENTATION_CONTEXT() REPRESENTATION_CONTEXT('2D SPACE',''
  ) );
#14213 = ORIENTED_EDGE('',*,*,#14214,.T.);
#14214 = EDGE_CURVE('',#14190,#14215,#14217,.T.);
#14215 = VERTEX_POINT('',#14216);
#14216 = CARTESIAN_POINT('',(-44.,-50.6,-9.));
#14217 = SURFACE_CURVE('',#14218,(#14223,#14230),.PCURVE_S1.);
#14218 = CIRCLE('',#14219,3.);
#14219 = AXIS2_PLACEMENT_3D('',#14220,#14221,#14222);
#14220 = CARTESIAN_POINT('',(-44.,-47.6,-9.));
#14221 = DIRECTION('',(0.,0.,1.));
#14222 = DIRECTION('',(0.,-1.,0.));
#14223 = PCURVE('',#11686,#14224);
#14224 = DEFINITIONAL_REPRESENTATION('',(#14225),#14229);
#14225 = CIRCLE('',#14226,3.);
#14226 = AXIS2_PLACEMENT_2D('',#14227,#14228);
#14227 = CARTESIAN_POINT('',(3.,3.));
#14228 = DIRECTION('',(0.,-1.));
#14229 = ( GEOMETRIC_REPRESENTATION_CONTEXT(2) 
PARAMETRIC_REPRESENTATION_CONTEXT() REPRESENTATION_CONTEXT('2D SPACE',''
  ) );
#14230 = PCURVE('',#13923,#14231);
#14231 = DEFINITIONAL_REPRESENTATION('',(#14232),#14236);
#14232 = LINE('',#14233,#14234);
#14233 = CARTESIAN_POINT('',(-4.712388980385,0.));
#14234 = VECTOR('',#14235,1.);
#14235 = DIRECTION('',(1.,0.));
#14236 = ( GEOMETRIC_REPRESENTATION_CONTEXT(2) 
PARAMETRIC_REPRESENTATION_CONTEXT() REPRESENTATION_CONTEXT('2D SPACE',''
  ) );
#14237 = ORIENTED_EDGE('',*,*,#14238,.T.);
#14238 = EDGE_CURVE('',#14215,#14239,#14241,.T.);
#14239 = VERTEX_POINT('',#14240);
#14240 = CARTESIAN_POINT('',(-41.85,-50.6,-9.));
#14241 = SURFACE_CURVE('',#14242,(#14246,#14253),.PCURVE_S1.);
#14242 = LINE('',#14243,#14244);
#14243 = CARTESIAN_POINT('',(-47.,-50.6,-9.));
#14244 = VECTOR('',#14245,1.);
#14245 = DIRECTION('',(1.,0.,0.));
#14246 = PCURVE('',#11686,#14247);
#14247 = DEFINITIONAL_REPRESENTATION('',(#14248),#14252);
#14248 = LINE('',#14249,#14250);
#14249 = CARTESIAN_POINT('',(0.,0.));
#14250 = VECTOR('',#14251,1.);
#14251 = DIRECTION('',(1.,0.));
#14252 = ( GEOMETRIC_REPRESENTATION_CONTEXT(2) 
PARAMETRIC_REPRESENTATION_CONTEXT() REPRESENTATION_CONTEXT('2D SPACE',''
  ) );
#14253 = PCURVE('',#13951,#14254);
#14254 = DEFINITIONAL_REPRESENTATION('',(#14255),#14259);
#14255 = LINE('',#14256,#14257);
#14256 = CARTESIAN_POINT('',(0.,0.));
#14257 = VECTOR('',#14258,1.);
#14258 = DIRECTION('',(0.,1.));
#14259 = ( GEOMETRIC_REPRESENTATION_CONTEXT(2) 
PARAMETRIC_REPRESENTATION_CONTEXT() REPRESENTATION_CONTEXT('2D SPACE',''
  ) );
#14260 = ORIENTED_EDGE('',*,*,#14261,.T.);
#14261 = EDGE_CURVE('',#14239,#14262,#14264,.T.);
#14262 = VERTEX_POINT('',#14263);
#14263 = CARTESIAN_POINT('',(-41.85,-43.,-9.));
#14264 = SURFACE_CURVE('',#14265,(#14269,#14276),.PCURVE_S1.);
#14265 = LINE('',#14266,#14267);
#14266 = CARTESIAN_POINT('',(-41.85,-51.6,-9.));
#14267 = VECTOR('',#14268,1.);
#14268 = DIRECTION('',(0.,1.,0.));
#14269 = PCURVE('',#11686,#14270);
#14270 = DEFINITIONAL_REPRESENTATION('',(#14271),#14275);
#14271 = LINE('',#14272,#14273);
#14272 = CARTESIAN_POINT('',(5.15,-1.));
#14273 = VECTOR('',#14274,1.);
#14274 = DIRECTION('',(0.,1.));
#14275 = ( GEOMETRIC_REPRESENTATION_CONTEXT(2) 
PARAMETRIC_REPRESENTATION_CONTEXT() REPRESENTATION_CONTEXT('2D SPACE',''
  ) );
#14276 = PCURVE('',#14277,#14282);
#14277 = PLANE('',#14278);
#14278 = AXIS2_PLACEMENT_3D('',#14279,#14280,#14281);
#14279 = CARTESIAN_POINT('',(-41.85,-51.6,-9.));
#14280 = DIRECTION('',(1.,0.,0.));
#14281 = DIRECTION('',(0.,0.,1.));
#14282 = DEFINITIONAL_REPRESENTATION('',(#14283),#14287);
#14283 = LINE('',#14284,#14285);
#14284 = CARTESIAN_POINT('',(0.,0.));
#14285 = VECTOR('',#14286,1.);
#14286 = DIRECTION('',(0.,-1.));
#14287 = ( GEOMETRIC_REPRESENTATION_CONTEXT(2) 
PARAMETRIC_REPRESENTATION_CONTEXT() REPRESENTATION_CONTEXT('2D SPACE',''
  ) );
#14288 = ORIENTED_EDGE('',*,*,#14289,.T.);
#14289 = EDGE_CURVE('',#14262,#14290,#14292,.T.);
#14290 = VERTEX_POINT('',#14291);
#14291 = CARTESIAN_POINT('',(-41.65,-43.,-9.));
#14292 = SURFACE_CURVE('',#14293,(#14297,#14304),.PCURVE_S1.);
#14293 = LINE('',#14294,#14295);
#14294 = CARTESIAN_POINT('',(-41.85,-43.,-9.));
#14295 = VECTOR('',#14296,1.);
#14296 = DIRECTION('',(1.,0.,0.));
#14297 = PCURVE('',#11686,#14298);
#14298 = DEFINITIONAL_REPRESENTATION('',(#14299),#14303);
#14299 = LINE('',#14300,#14301);
#14300 = CARTESIAN_POINT('',(5.15,7.6));
#14301 = VECTOR('',#14302,1.);
#14302 = DIRECTION('',(1.,0.));
#14303 = ( GEOMETRIC_REPRESENTATION_CONTEXT(2) 
PARAMETRIC_REPRESENTATION_CONTEXT() REPRESENTATION_CONTEXT('2D SPACE',''
  ) );
#14304 = PCURVE('',#14305,#14310);
#14305 = PLANE('',#14306);
#14306 = AXIS2_PLACEMENT_3D('',#14307,#14308,#14309);
#14307 = CARTESIAN_POINT('',(-41.85,-43.,-9.));
#14308 = DIRECTION('',(0.,1.,0.));
#14309 = DIRECTION('',(0.,0.,1.));
#14310 = DEFINITIONAL_REPRESENTATION('',(#14311),#14315);
#14311 = LINE('',#14312,#14313);
#14312 = CARTESIAN_POINT('',(0.,0.));
#14313 = VECTOR('',#14314,1.);
#14314 = DIRECTION('',(0.,1.));
#14315 = ( GEOMETRIC_REPRESENTATION_CONTEXT(2) 
PARAMETRIC_REPRESENTATION_CONTEXT() REPRESENTATION_CONTEXT('2D SPACE',''
  ) );
#14316 = ORIENTED_EDGE('',*,*,#14317,.F.);
#14317 = EDGE_CURVE('',#14318,#14290,#14320,.T.);
#14318 = VERTEX_POINT('',#14319);
#14319 = CARTESIAN_POINT('',(-41.65,-40.89267151745,-9.));
#14320 = SURFACE_CURVE('',#14321,(#14325,#14332),.PCURVE_S1.);
#14321 = LINE('',#14322,#14323);
#14322 = CARTESIAN_POINT('',(-41.65,-40.89267151745,-9.));
#14323 = VECTOR('',#14324,1.);
#14324 = DIRECTION('',(-3.033185711009E-16,-1.,0.));
#14325 = PCURVE('',#11686,#14326);
#14326 = DEFINITIONAL_REPRESENTATION('',(#14327),#14331);
#14327 = LINE('',#14328,#14329);
#14328 = CARTESIAN_POINT('',(5.35,9.707328482542));
#14329 = VECTOR('',#14330,1.);
#14330 = DIRECTION('',(-3.033185711009E-16,-1.));
#14331 = ( GEOMETRIC_REPRESENTATION_CONTEXT(2) 
PARAMETRIC_REPRESENTATION_CONTEXT() REPRESENTATION_CONTEXT('2D SPACE',''
  ) );
#14332 = PCURVE('',#14333,#14338);
#14333 = PLANE('',#14334);
#14334 = AXIS2_PLACEMENT_3D('',#14335,#14336,#14337);
#14335 = CARTESIAN_POINT('',(-41.65,-40.89267151745,-9.));
#14336 = DIRECTION('',(1.,-2.701186720846E-16,0.));
#14337 = DIRECTION('',(-3.033185711009E-16,-1.,0.));
#14338 = DEFINITIONAL_REPRESENTATION('',(#14339),#14343);
#14339 = LINE('',#14340,#14341);
#14340 = CARTESIAN_POINT('',(0.,0.));
#14341 = VECTOR('',#14342,1.);
#14342 = DIRECTION('',(1.,-0.));
#14343 = ( GEOMETRIC_REPRESENTATION_CONTEXT(2) 
PARAMETRIC_REPRESENTATION_CONTEXT() REPRESENTATION_CONTEXT('2D SPACE',''
  ) );
#14344 = ORIENTED_EDGE('',*,*,#14345,.F.);
#14345 = EDGE_CURVE('',#14346,#14318,#14348,.T.);
#14346 = VERTEX_POINT('',#14347);
#14347 = CARTESIAN_POINT('',(-38.,-38.78534303491,-9.));
#14348 = SURFACE_CURVE('',#14349,(#14353,#14360),.PCURVE_S1.);
#14349 = LINE('',#14350,#14351);
#14350 = CARTESIAN_POINT('',(-38.,-38.78534303491,-9.));
#14351 = VECTOR('',#14352,1.);
#14352 = DIRECTION('',(-0.866025403784,-0.5,0.));
#14353 = PCURVE('',#11686,#14354);
#14354 = DEFINITIONAL_REPRESENTATION('',(#14355),#14359);
#14355 = LINE('',#14356,#14357);
#14356 = CARTESIAN_POINT('',(9.,11.814656965084));
#14357 = VECTOR('',#14358,1.);
#14358 = DIRECTION('',(-0.866025403784,-0.5));
#14359 = ( GEOMETRIC_REPRESENTATION_CONTEXT(2) 
PARAMETRIC_REPRESENTATION_CONTEXT() REPRESENTATION_CONTEXT('2D SPACE',''
  ) );
#14360 = PCURVE('',#14361,#14366);
#14361 = PLANE('',#14362);
#14362 = AXIS2_PLACEMENT_3D('',#14363,#14364,#14365);
#14363 = CARTESIAN_POINT('',(-38.,-38.78534303491,-9.));
#14364 = DIRECTION('',(0.5,-0.866025403784,0.));
#14365 = DIRECTION('',(-0.866025403784,-0.5,0.));
#14366 = DEFINITIONAL_REPRESENTATION('',(#14367),#14371);
#14367 = LINE('',#14368,#14369);
#14368 = CARTESIAN_POINT('',(0.,0.));
#14369 = VECTOR('',#14370,1.);
#14370 = DIRECTION('',(1.,0.));
#14371 = ( GEOMETRIC_REPRESENTATION_CONTEXT(2) 
PARAMETRIC_REPRESENTATION_CONTEXT() REPRESENTATION_CONTEXT('2D SPACE',''
  ) );
#14372 = ORIENTED_EDGE('',*,*,#14373,.F.);
#14373 = EDGE_CURVE('',#14374,#14346,#14376,.T.);
#14374 = VERTEX_POINT('',#14375);
#14375 = CARTESIAN_POINT('',(-34.35,-40.89267151745,-9.));
#14376 = SURFACE_CURVE('',#14377,(#14381,#14388),.PCURVE_S1.);
#14377 = LINE('',#14378,#14379);
#14378 = CARTESIAN_POINT('',(-34.35,-40.89267151745,-9.));
#14379 = VECTOR('',#14380,1.);
#14380 = DIRECTION('',(-0.866025403784,0.5,0.));
#14381 = PCURVE('',#11686,#14382);
#14382 = DEFINITIONAL_REPRESENTATION('',(#14383),#14387);
#14383 = LINE('',#14384,#14385);
#14384 = CARTESIAN_POINT('',(12.65,9.707328482542));
#14385 = VECTOR('',#14386,1.);
#14386 = DIRECTION('',(-0.866025403784,0.5));
#14387 = ( GEOMETRIC_REPRESENTATION_CONTEXT(2) 
PARAMETRIC_REPRESENTATION_CONTEXT() REPRESENTATION_CONTEXT('2D SPACE',''
  ) );
#14388 = PCURVE('',#14389,#14394);
#14389 = PLANE('',#14390);
#14390 = AXIS2_PLACEMENT_3D('',#14391,#14392,#14393);
#14391 = CARTESIAN_POINT('',(-34.35,-40.89267151745,-9.));
#14392 = DIRECTION('',(-0.5,-0.866025403784,0.));
#14393 = DIRECTION('',(-0.866025403784,0.5,0.));
#14394 = DEFINITIONAL_REPRESENTATION('',(#14395),#14399);
#14395 = LINE('',#14396,#14397);
#14396 = CARTESIAN_POINT('',(0.,0.));
#14397 = VECTOR('',#14398,1.);
#14398 = DIRECTION('',(1.,0.));
#14399 = ( GEOMETRIC_REPRESENTATION_CONTEXT(2) 
PARAMETRIC_REPRESENTATION_CONTEXT() REPRESENTATION_CONTEXT('2D SPACE',''
  ) );
#14400 = ORIENTED_EDGE('',*,*,#14401,.F.);
#14401 = EDGE_CURVE('',#14402,#14374,#14404,.T.);
#14402 = VERTEX_POINT('',#14403);
#14403 = CARTESIAN_POINT('',(-34.35,-43.,-9.));
#14404 = SURFACE_CURVE('',#14405,(#14409,#14416),.PCURVE_S1.);
#14405 = LINE('',#14406,#14407);
#14406 = CARTESIAN_POINT('',(-34.35,-45.10732848254,-9.));
#14407 = VECTOR('',#14408,1.);
#14408 = DIRECTION('',(3.994667054201E-16,1.,0.));
#14409 = PCURVE('',#11686,#14410);
#14410 = DEFINITIONAL_REPRESENTATION('',(#14411),#14415);
#14411 = LINE('',#14412,#14413);
#14412 = CARTESIAN_POINT('',(12.65,5.492671517458));
#14413 = VECTOR('',#14414,1.);
#14414 = DIRECTION('',(3.994667054201E-16,1.));
#14415 = ( GEOMETRIC_REPRESENTATION_CONTEXT(2) 
PARAMETRIC_REPRESENTATION_CONTEXT() REPRESENTATION_CONTEXT('2D SPACE',''
  ) );
#14416 = PCURVE('',#14417,#14422);
#14417 = PLANE('',#14418);
#14418 = AXIS2_PLACEMENT_3D('',#14419,#14420,#14421);
#14419 = CARTESIAN_POINT('',(-34.35,-45.10732848254,-9.));
#14420 = DIRECTION('',(-1.,3.811409745471E-16,0.));
#14421 = DIRECTION('',(3.588297223321E-16,1.,0.));
#14422 = DEFINITIONAL_REPRESENTATION('',(#14423),#14427);
#14423 = LINE('',#14424,#14425);
#14424 = CARTESIAN_POINT('',(0.,0.));
#14425 = VECTOR('',#14426,1.);
#14426 = DIRECTION('',(1.,0.));
#14427 = ( GEOMETRIC_REPRESENTATION_CONTEXT(2) 
PARAMETRIC_REPRESENTATION_CONTEXT() REPRESENTATION_CONTEXT('2D SPACE',''
  ) );
#14428 = ORIENTED_EDGE('',*,*,#14429,.T.);
#14429 = EDGE_CURVE('',#14402,#14430,#14432,.T.);
#14430 = VERTEX_POINT('',#14431);
#14431 = CARTESIAN_POINT('',(-34.15,-43.,-9.));
#14432 = SURFACE_CURVE('',#14433,(#14437,#14444),.PCURVE_S1.);
#14433 = LINE('',#14434,#14435);
#14434 = CARTESIAN_POINT('',(-41.85,-43.,-9.));
#14435 = VECTOR('',#14436,1.);
#14436 = DIRECTION('',(1.,0.,0.));
#14437 = PCURVE('',#11686,#14438);
#14438 = DEFINITIONAL_REPRESENTATION('',(#14439),#14443);
#14439 = LINE('',#14440,#14441);
#14440 = CARTESIAN_POINT('',(5.15,7.6));
#14441 = VECTOR('',#14442,1.);
#14442 = DIRECTION('',(1.,0.));
#14443 = ( GEOMETRIC_REPRESENTATION_CONTEXT(2) 
PARAMETRIC_REPRESENTATION_CONTEXT() REPRESENTATION_CONTEXT('2D SPACE',''
  ) );
#14444 = PCURVE('',#14445,#14450);
#14445 = PLANE('',#14446);
#14446 = AXIS2_PLACEMENT_3D('',#14447,#14448,#14449);
#14447 = CARTESIAN_POINT('',(-41.85,-43.,-9.));
#14448 = DIRECTION('',(0.,1.,0.));
#14449 = DIRECTION('',(0.,0.,1.));
#14450 = DEFINITIONAL_REPRESENTATION('',(#14451),#14455);
#14451 = LINE('',#14452,#14453);
#14452 = CARTESIAN_POINT('',(0.,0.));
#14453 = VECTOR('',#14454,1.);
#14454 = DIRECTION('',(0.,1.));
#14455 = ( GEOMETRIC_REPRESENTATION_CONTEXT(2) 
PARAMETRIC_REPRESENTATION_CONTEXT() REPRESENTATION_CONTEXT('2D SPACE',''
  ) );
#14456 = ORIENTED_EDGE('',*,*,#14457,.F.);
#14457 = EDGE_CURVE('',#14458,#14430,#14460,.T.);
#14458 = VERTEX_POINT('',#14459);
#14459 = CARTESIAN_POINT('',(-34.15,-50.6,-9.));
#14460 = SURFACE_CURVE('',#14461,(#14465,#14472),.PCURVE_S1.);
#14461 = LINE('',#14462,#14463);
#14462 = CARTESIAN_POINT('',(-34.15,-51.6,-9.));
#14463 = VECTOR('',#14464,1.);
#14464 = DIRECTION('',(0.,1.,0.));
#14465 = PCURVE('',#11686,#14466);
#14466 = DEFINITIONAL_REPRESENTATION('',(#14467),#14471);
#14467 = LINE('',#14468,#14469);
#14468 = CARTESIAN_POINT('',(12.85,-1.));
#14469 = VECTOR('',#14470,1.);
#14470 = DIRECTION('',(0.,1.));
#14471 = ( GEOMETRIC_REPRESENTATION_CONTEXT(2) 
PARAMETRIC_REPRESENTATION_CONTEXT() REPRESENTATION_CONTEXT('2D SPACE',''
  ) );
#14472 = PCURVE('',#14473,#14478);
#14473 = PLANE('',#14474);
#14474 = AXIS2_PLACEMENT_3D('',#14475,#14476,#14477);
#14475 = CARTESIAN_POINT('',(-34.15,-51.6,-9.));
#14476 = DIRECTION('',(1.,0.,0.));
#14477 = DIRECTION('',(0.,0.,1.));
#14478 = DEFINITIONAL_REPRESENTATION('',(#14479),#14483);
#14479 = LINE('',#14480,#14481);
#14480 = CARTESIAN_POINT('',(0.,0.));
#14481 = VECTOR('',#14482,1.);
#14482 = DIRECTION('',(0.,-1.));
#14483 = ( GEOMETRIC_REPRESENTATION_CONTEXT(2) 
PARAMETRIC_REPRESENTATION_CONTEXT() REPRESENTATION_CONTEXT('2D SPACE',''
  ) );
#14484 = ORIENTED_EDGE('',*,*,#14485,.T.);
#14485 = EDGE_CURVE('',#14458,#14486,#14488,.T.);
#14486 = VERTEX_POINT('',#14487);
#14487 = CARTESIAN_POINT('',(-32.,-50.6,-9.));
#14488 = SURFACE_CURVE('',#14489,(#14493,#14500),.PCURVE_S1.);
#14489 = LINE('',#14490,#14491);
#14490 = CARTESIAN_POINT('',(-47.,-50.6,-9.));
#14491 = VECTOR('',#14492,1.);
#14492 = DIRECTION('',(1.,0.,0.));
#14493 = PCURVE('',#11686,#14494);
#14494 = DEFINITIONAL_REPRESENTATION('',(#14495),#14499);
#14495 = LINE('',#14496,#14497);
#14496 = CARTESIAN_POINT('',(0.,0.));
#14497 = VECTOR('',#14498,1.);
#14498 = DIRECTION('',(1.,0.));
#14499 = ( GEOMETRIC_REPRESENTATION_CONTEXT(2) 
PARAMETRIC_REPRESENTATION_CONTEXT() REPRESENTATION_CONTEXT('2D SPACE',''
  ) );
#14500 = PCURVE('',#13951,#14501);
#14501 = DEFINITIONAL_REPRESENTATION('',(#14502),#14506);
#14502 = LINE('',#14503,#14504);
#14503 = CARTESIAN_POINT('',(0.,0.));
#14504 = VECTOR('',#14505,1.);
#14505 = DIRECTION('',(0.,1.));
#14506 = ( GEOMETRIC_REPRESENTATION_CONTEXT(2) 
PARAMETRIC_REPRESENTATION_CONTEXT() REPRESENTATION_CONTEXT('2D SPACE',''
  ) );
#14507 = ORIENTED_EDGE('',*,*,#14508,.F.);
#14508 = EDGE_CURVE('',#14092,#14486,#14509,.T.);
#14509 = SURFACE_CURVE('',#14510,(#14515,#14526),.PCURVE_S1.);
#14510 = CIRCLE('',#14511,3.);
#14511 = AXIS2_PLACEMENT_3D('',#14512,#14513,#14514);
#14512 = CARTESIAN_POINT('',(-32.,-47.6,-9.));
#14513 = DIRECTION('',(-0.,-0.,-1.));
#14514 = DIRECTION('',(0.,-1.,0.));
#14515 = PCURVE('',#11686,#14516);
#14516 = DEFINITIONAL_REPRESENTATION('',(#14517),#14525);
#14517 = ( BOUNDED_CURVE() B_SPLINE_CURVE(2,(#14518,#14519,#14520,#14521
    ,#14522,#14523,#14524),.UNSPECIFIED.,.T.,.F.) 
B_SPLINE_CURVE_WITH_KNOTS((1,2,2,2,2,1),(-2.094395102393,0.,
    2.094395102393,4.188790204786,6.28318530718,8.377580409573),
.UNSPECIFIED.) CURVE() GEOMETRIC_REPRESENTATION_ITEM() 
RATIONAL_B_SPLINE_CURVE((1.,0.5,1.,0.5,1.,0.5,1.)) REPRESENTATION_ITEM(
  '') );
#14518 = CARTESIAN_POINT('',(15.,0.));
#14519 = CARTESIAN_POINT('',(9.803847577293,0.));
#14520 = CARTESIAN_POINT('',(12.401923788647,4.5));
#14521 = CARTESIAN_POINT('',(15.,9.));
#14522 = CARTESIAN_POINT('',(17.598076211353,4.5));
#14523 = CARTESIAN_POINT('',(20.196152422707,4.440892098501E-15));
#14524 = CARTESIAN_POINT('',(15.,0.));
#14525 = ( GEOMETRIC_REPRESENTATION_CONTEXT(2) 
PARAMETRIC_REPRESENTATION_CONTEXT() REPRESENTATION_CONTEXT('2D SPACE',''
  ) );
#14526 = PCURVE('',#13984,#14527);
#14527 = DEFINITIONAL_REPRESENTATION('',(#14528),#14532);
#14528 = LINE('',#14529,#14530);
#14529 = CARTESIAN_POINT('',(4.712388980385,-0.));
#14530 = VECTOR('',#14531,1.);
#14531 = DIRECTION('',(-1.,0.));
#14532 = ( GEOMETRIC_REPRESENTATION_CONTEXT(2) 
PARAMETRIC_REPRESENTATION_CONTEXT() REPRESENTATION_CONTEXT('2D SPACE',''
  ) );
#14533 = ORIENTED_EDGE('',*,*,#14114,.T.);
#14534 = ORIENTED_EDGE('',*,*,#14163,.T.);
#14535 = ORIENTED_EDGE('',*,*,#11671,.T.);
#14536 = ORIENTED_EDGE('',*,*,#14537,.F.);
#14537 = EDGE_CURVE('',#14192,#11632,#14538,.T.);
#14538 = SURFACE_CURVE('',#14539,(#14544,#14555),.PCURVE_S1.);
#14539 = CIRCLE('',#14540,3.);
#14540 = AXIS2_PLACEMENT_3D('',#14541,#14542,#14543);
#14541 = CARTESIAN_POINT('',(-44.,-34.5,-9.));
#14542 = DIRECTION('',(-0.,-0.,-1.));
#14543 = DIRECTION('',(0.,-1.,0.));
#14544 = PCURVE('',#11686,#14545);
#14545 = DEFINITIONAL_REPRESENTATION('',(#14546),#14554);
#14546 = ( BOUNDED_CURVE() B_SPLINE_CURVE(2,(#14547,#14548,#14549,#14550
    ,#14551,#14552,#14553),.UNSPECIFIED.,.T.,.F.) 
B_SPLINE_CURVE_WITH_KNOTS((1,2,2,2,2,1),(-2.094395102393,0.,
    2.094395102393,4.188790204786,6.28318530718,8.377580409573),
.UNSPECIFIED.) CURVE() GEOMETRIC_REPRESENTATION_ITEM() 
RATIONAL_B_SPLINE_CURVE((1.,0.5,1.,0.5,1.,0.5,1.)) REPRESENTATION_ITEM(
  '') );
#14547 = CARTESIAN_POINT('',(3.,13.1));
#14548 = CARTESIAN_POINT('',(-2.196152422707,13.1));
#14549 = CARTESIAN_POINT('',(0.401923788647,17.6));
#14550 = CARTESIAN_POINT('',(3.,22.1));
#14551 = CARTESIAN_POINT('',(5.598076211353,17.6));
#14552 = CARTESIAN_POINT('',(8.196152422707,13.1));
#14553 = CARTESIAN_POINT('',(3.,13.1));
#14554 = ( GEOMETRIC_REPRESENTATION_CONTEXT(2) 
PARAMETRIC_REPRESENTATION_CONTEXT() REPRESENTATION_CONTEXT('2D SPACE',''
  ) );
#14555 = PCURVE('',#11655,#14556);
#14556 = DEFINITIONAL_REPRESENTATION('',(#14557),#14561);
#14557 = LINE('',#14558,#14559);
#14558 = CARTESIAN_POINT('',(1.570796326795,-0.));
#14559 = VECTOR('',#14560,1.);
#14560 = DIRECTION('',(-1.,0.));
#14561 = ( GEOMETRIC_REPRESENTATION_CONTEXT(2) 
PARAMETRIC_REPRESENTATION_CONTEXT() REPRESENTATION_CONTEXT('2D SPACE',''
  ) );
#14562 = ADVANCED_FACE('',(#14563),#11655,.T.);
#14563 = FACE_BOUND('',#14564,.F.);
#14564 = EDGE_LOOP('',(#14565,#14586,#14587));
#14565 = ORIENTED_EDGE('',*,*,#14566,.F.);
#14566 = EDGE_CURVE('',#14192,#11599,#14567,.T.);
#14567 = SURFACE_CURVE('',#14568,(#14572,#14579),.PCURVE_S1.);
#14568 = LINE('',#14569,#14570);
#14569 = CARTESIAN_POINT('',(-47.,-34.5,-9.));
#14570 = VECTOR('',#14571,1.);
#14571 = DIRECTION('',(0.,0.,1.));
#14572 = PCURVE('',#11655,#14573);
#14573 = DEFINITIONAL_REPRESENTATION('',(#14574),#14578);
#14574 = LINE('',#14575,#14576);
#14575 = CARTESIAN_POINT('',(-0.,0.));
#14576 = VECTOR('',#14577,1.);
#14577 = DIRECTION('',(-0.,1.));
#14578 = ( GEOMETRIC_REPRESENTATION_CONTEXT(2) 
PARAMETRIC_REPRESENTATION_CONTEXT() REPRESENTATION_CONTEXT('2D SPACE',''
  ) );
#14579 = PCURVE('',#11615,#14580);
#14580 = DEFINITIONAL_REPRESENTATION('',(#14581),#14585);
#14581 = LINE('',#14582,#14583);
#14582 = CARTESIAN_POINT('',(0.,-16.1));
#14583 = VECTOR('',#14584,1.);
#14584 = DIRECTION('',(1.,0.));
#14585 = ( GEOMETRIC_REPRESENTATION_CONTEXT(2) 
PARAMETRIC_REPRESENTATION_CONTEXT() REPRESENTATION_CONTEXT('2D SPACE',''
  ) );
#14586 = ORIENTED_EDGE('',*,*,#14537,.T.);
#14587 = ORIENTED_EDGE('',*,*,#11631,.F.);
#14588 = ADVANCED_FACE('',(#14589),#11615,.F.);
#14589 = FACE_BOUND('',#14590,.F.);
#14590 = EDGE_LOOP('',(#14591,#14592,#14613,#14614,#14615));
#14591 = ORIENTED_EDGE('',*,*,#13883,.F.);
#14592 = ORIENTED_EDGE('',*,*,#14593,.F.);
#14593 = EDGE_CURVE('',#14190,#13884,#14594,.T.);
#14594 = SURFACE_CURVE('',#14595,(#14599,#14606),.PCURVE_S1.);
#14595 = LINE('',#14596,#14597);
#14596 = CARTESIAN_POINT('',(-47.,-47.6,-9.));
#14597 = VECTOR('',#14598,1.);
#14598 = DIRECTION('',(0.,0.,1.));
#14599 = PCURVE('',#11615,#14600);
#14600 = DEFINITIONAL_REPRESENTATION('',(#14601),#14605);
#14601 = LINE('',#14602,#14603);
#14602 = CARTESIAN_POINT('',(0.,-3.));
#14603 = VECTOR('',#14604,1.);
#14604 = DIRECTION('',(1.,0.));
#14605 = ( GEOMETRIC_REPRESENTATION_CONTEXT(2) 
PARAMETRIC_REPRESENTATION_CONTEXT() REPRESENTATION_CONTEXT('2D SPACE',''
  ) );
#14606 = PCURVE('',#13923,#14607);
#14607 = DEFINITIONAL_REPRESENTATION('',(#14608),#14612);
#14608 = LINE('',#14609,#14610);
#14609 = CARTESIAN_POINT('',(0.,0.));
#14610 = VECTOR('',#14611,1.);
#14611 = DIRECTION('',(0.,1.));
#14612 = ( GEOMETRIC_REPRESENTATION_CONTEXT(2) 
PARAMETRIC_REPRESENTATION_CONTEXT() REPRESENTATION_CONTEXT('2D SPACE',''
  ) );
#14613 = ORIENTED_EDGE('',*,*,#14189,.T.);
#14614 = ORIENTED_EDGE('',*,*,#14566,.T.);
#14615 = ORIENTED_EDGE('',*,*,#11598,.T.);
#14616 = ADVANCED_FACE('',(#14617),#12176,.F.);
#14617 = FACE_BOUND('',#14618,.T.);
#14618 = EDGE_LOOP('',(#14619,#14620,#14621,#14642,#14643,#14644));
#14619 = ORIENTED_EDGE('',*,*,#12157,.F.);
#14620 = ORIENTED_EDGE('',*,*,#13860,.F.);
#14621 = ORIENTED_EDGE('',*,*,#14622,.F.);
#14622 = EDGE_CURVE('',#13484,#13838,#14623,.T.);
#14623 = SURFACE_CURVE('',#14624,(#14629,#14635),.PCURVE_S1.);
#14624 = CIRCLE('',#14625,30.8);
#14625 = AXIS2_PLACEMENT_3D('',#14626,#14627,#14628);
#14626 = CARTESIAN_POINT('',(-15.65,0.,0.));
#14627 = DIRECTION('',(-1.,5.767392335715E-17,3.649695340777E-17));
#14628 = DIRECTION('',(-5.767392335715E-17,-0.428106810594,
    -0.903728144257));
#14629 = PCURVE('',#12176,#14630);
#14630 = DEFINITIONAL_REPRESENTATION('',(#14631),#14634);
#14631 = B_SPLINE_CURVE_WITH_KNOTS('',1,(#14632,#14633),.UNSPECIFIED.,
  .F.,.F.,(2,2),(0.932340621842,1.102422510485),
  .PIECEWISE_BEZIER_KNOTS.);
#14632 = CARTESIAN_POINT('',(-3.337651489657,-36.35));
#14633 = CARTESIAN_POINT('',(-3.167569601014,-36.35));
#14634 = ( GEOMETRIC_REPRESENTATION_CONTEXT(2) 
PARAMETRIC_REPRESENTATION_CONTEXT() REPRESENTATION_CONTEXT('2D SPACE',''
  ) );
#14635 = PCURVE('',#13499,#14636);
#14636 = DEFINITIONAL_REPRESENTATION('',(#14637),#14641);
#14637 = CIRCLE('',#14638,30.8);
#14638 = AXIS2_PLACEMENT_2D('',#14639,#14640);
#14639 = CARTESIAN_POINT('',(58.7,-6.));
#14640 = DIRECTION('',(-0.428106810594,0.903728144257));
#14641 = ( GEOMETRIC_REPRESENTATION_CONTEXT(2) 
PARAMETRIC_REPRESENTATION_CONTEXT() REPRESENTATION_CONTEXT('2D SPACE',''
  ) );
#14642 = ORIENTED_EDGE('',*,*,#13511,.T.);
#14643 = ORIENTED_EDGE('',*,*,#13314,.T.);
#14644 = ORIENTED_EDGE('',*,*,#14645,.T.);
#14645 = EDGE_CURVE('',#13317,#12160,#14646,.T.);
#14646 = SURFACE_CURVE('',#14647,(#14651,#14657),.PCURVE_S1.);
#14647 = LINE('',#14648,#14649);
#14648 = CARTESIAN_POINT('',(-54.,-13.18568976631,-27.83482684312));
#14649 = VECTOR('',#14650,1.);
#14650 = DIRECTION('',(-1.,-0.,-0.));
#14651 = PCURVE('',#12176,#14652);
#14652 = DEFINITIONAL_REPRESENTATION('',(#14653),#14656);
#14653 = B_SPLINE_CURVE_WITH_KNOTS('',1,(#14654,#14655),.UNSPECIFIED.,
  .F.,.F.,(2,2),(-30.,-2.),.PIECEWISE_BEZIER_KNOTS.);
#14654 = CARTESIAN_POINT('',(-4.269992111499,-28.));
#14655 = CARTESIAN_POINT('',(-4.269992111499,0.));
#14656 = ( GEOMETRIC_REPRESENTATION_CONTEXT(2) 
PARAMETRIC_REPRESENTATION_CONTEXT() REPRESENTATION_CONTEXT('2D SPACE',''
  ) );
#14657 = PCURVE('',#12331,#14658);
#14658 = DEFINITIONAL_REPRESENTATION('',(#14659),#14662);
#14659 = B_SPLINE_CURVE_WITH_KNOTS('',1,(#14660,#14661),.UNSPECIFIED.,
  .F.,.F.,(2,2),(-38.3500006,5.999999999062E-07),
  .PIECEWISE_BEZIER_KNOTS.);
#14660 = CARTESIAN_POINT('',(42.165173156877,39.3500006));
#14661 = CARTESIAN_POINT('',(42.165173156877,0.9999994));
#14662 = ( GEOMETRIC_REPRESENTATION_CONTEXT(2) 
PARAMETRIC_REPRESENTATION_CONTEXT() REPRESENTATION_CONTEXT('2D SPACE',''
  ) );
#14663 = ADVANCED_FACE('',(#14664),#12331,.T.);
#14664 = FACE_BOUND('',#14665,.T.);
#14665 = EDGE_LOOP('',(#14666,#14667,#14686,#14687));
#14666 = ORIENTED_EDGE('',*,*,#13433,.F.);
#14667 = ORIENTED_EDGE('',*,*,#14668,.T.);
#14668 = EDGE_CURVE('',#13406,#12286,#14669,.T.);
#14669 = SURFACE_CURVE('',#14670,(#14674,#14680),.PCURVE_S1.);
#14670 = LINE('',#14671,#14672);
#14671 = CARTESIAN_POINT('',(-54.,-13.18568976631,-28.27680295554));
#14672 = VECTOR('',#14673,1.);
#14673 = DIRECTION('',(-1.,-0.,-0.));
#14674 = PCURVE('',#12331,#14675);
#14675 = DEFINITIONAL_REPRESENTATION('',(#14676),#14679);
#14676 = B_SPLINE_CURVE_WITH_KNOTS('',1,(#14677,#14678),.UNSPECIFIED.,
  .F.,.F.,(2,2),(-38.3500006,5.999999999062E-07),
  .PIECEWISE_BEZIER_KNOTS.);
#14677 = CARTESIAN_POINT('',(41.723197044457,39.3500006));
#14678 = CARTESIAN_POINT('',(41.723197044457,0.9999994));
#14679 = ( GEOMETRIC_REPRESENTATION_CONTEXT(2) 
PARAMETRIC_REPRESENTATION_CONTEXT() REPRESENTATION_CONTEXT('2D SPACE',''
  ) );
#14680 = PCURVE('',#12306,#14681);
#14681 = DEFINITIONAL_REPRESENTATION('',(#14682),#14685);
#14682 = B_SPLINE_CURVE_WITH_KNOTS('',1,(#14683,#14684),.UNSPECIFIED.,
  .F.,.F.,(2,2),(-38.3500006,5.999999999062E-07),
  .PIECEWISE_BEZIER_KNOTS.);
#14683 = CARTESIAN_POINT('',(-4.276056667386,-38.3500006));
#14684 = CARTESIAN_POINT('',(-4.276056667386,5.999999999062E-07));
#14685 = ( GEOMETRIC_REPRESENTATION_CONTEXT(2) 
PARAMETRIC_REPRESENTATION_CONTEXT() REPRESENTATION_CONTEXT('2D SPACE',''
  ) );
#14686 = ORIENTED_EDGE('',*,*,#12318,.T.);
#14687 = ORIENTED_EDGE('',*,*,#14645,.F.);
#14688 = ADVANCED_FACE('',(#14689),#12306,.F.);
#14689 = FACE_BOUND('',#14690,.T.);
#14690 = EDGE_LOOP('',(#14691,#14692,#14693,#14694));
#14691 = ORIENTED_EDGE('',*,*,#12285,.T.);
#14692 = ORIENTED_EDGE('',*,*,#14668,.F.);
#14693 = ORIENTED_EDGE('',*,*,#13405,.F.);
#14694 = ORIENTED_EDGE('',*,*,#14695,.T.);
#14695 = EDGE_CURVE('',#13385,#12260,#14696,.T.);
#14696 = SURFACE_CURVE('',#14697,(#14701,#14707),.PCURVE_S1.);
#14697 = LINE('',#14698,#14699);
#14698 = CARTESIAN_POINT('',(-54.,13.18568976631,-28.27680295554));
#14699 = VECTOR('',#14700,1.);
#14700 = DIRECTION('',(-1.,-0.,-0.));
#14701 = PCURVE('',#12306,#14702);
#14702 = DEFINITIONAL_REPRESENTATION('',(#14703),#14706);
#14703 = B_SPLINE_CURVE_WITH_KNOTS('',1,(#14704,#14705),.UNSPECIFIED.,
  .F.,.F.,(2,2),(-38.3500006,5.999999999062E-07),
  .PIECEWISE_BEZIER_KNOTS.);
#14704 = CARTESIAN_POINT('',(-5.148721293383,-38.3500006));
#14705 = CARTESIAN_POINT('',(-5.148721293383,5.999999999062E-07));
#14706 = ( GEOMETRIC_REPRESENTATION_CONTEXT(2) 
PARAMETRIC_REPRESENTATION_CONTEXT() REPRESENTATION_CONTEXT('2D SPACE',''
  ) );
#14707 = PCURVE('',#12274,#14708);
#14708 = DEFINITIONAL_REPRESENTATION('',(#14709),#14712);
#14709 = B_SPLINE_CURVE_WITH_KNOTS('',1,(#14710,#14711),.UNSPECIFIED.,
  .F.,.F.,(2,2),(-38.3500006,5.999999999062E-07),
  .PIECEWISE_BEZIER_KNOTS.);
#14710 = CARTESIAN_POINT('',(41.723197044457,39.3500006));
#14711 = CARTESIAN_POINT('',(41.723197044457,0.9999994));
#14712 = ( GEOMETRIC_REPRESENTATION_CONTEXT(2) 
PARAMETRIC_REPRESENTATION_CONTEXT() REPRESENTATION_CONTEXT('2D SPACE',''
  ) );
#14713 = ADVANCED_FACE('',(#14714),#12274,.F.);
#14714 = FACE_BOUND('',#14715,.F.);
#14715 = EDGE_LOOP('',(#14716,#14717,#14718,#14719));
#14716 = ORIENTED_EDGE('',*,*,#13384,.F.);
#14717 = ORIENTED_EDGE('',*,*,#14695,.T.);
#14718 = ORIENTED_EDGE('',*,*,#12259,.T.);
#14719 = ORIENTED_EDGE('',*,*,#14720,.F.);
#14720 = EDGE_CURVE('',#13361,#12231,#14721,.T.);
#14721 = SURFACE_CURVE('',#14722,(#14726,#14732),.PCURVE_S1.);
#14722 = LINE('',#14723,#14724);
#14723 = CARTESIAN_POINT('',(-54.,13.18568976631,-27.83482684312));
#14724 = VECTOR('',#14725,1.);
#14725 = DIRECTION('',(-1.,-0.,-0.));
#14726 = PCURVE('',#12274,#14727);
#14727 = DEFINITIONAL_REPRESENTATION('',(#14728),#14731);
#14728 = B_SPLINE_CURVE_WITH_KNOTS('',1,(#14729,#14730),.UNSPECIFIED.,
  .F.,.F.,(2,2),(-38.3500006,5.999999999062E-07),
  .PIECEWISE_BEZIER_KNOTS.);
#14729 = CARTESIAN_POINT('',(42.165173156877,39.3500006));
#14730 = CARTESIAN_POINT('',(42.165173156877,0.9999994));
#14731 = ( GEOMETRIC_REPRESENTATION_CONTEXT(2) 
PARAMETRIC_REPRESENTATION_CONTEXT() REPRESENTATION_CONTEXT('2D SPACE',''
  ) );
#14732 = PCURVE('',#12247,#14733);
#14733 = DEFINITIONAL_REPRESENTATION('',(#14734),#14738);
#14734 = LINE('',#14735,#14736);
#14735 = CARTESIAN_POINT('',(-5.154785849271,2.));
#14736 = VECTOR('',#14737,1.);
#14737 = DIRECTION('',(-0.,1.));
#14738 = ( GEOMETRIC_REPRESENTATION_CONTEXT(2) 
PARAMETRIC_REPRESENTATION_CONTEXT() REPRESENTATION_CONTEXT('2D SPACE',''
  ) );
#14739 = ADVANCED_FACE('',(#14740),#12247,.F.);
#14740 = FACE_BOUND('',#14741,.T.);
#14741 = EDGE_LOOP('',(#14742,#14743,#14744,#14745,#14746,#14772));
#14742 = ORIENTED_EDGE('',*,*,#12230,.F.);
#14743 = ORIENTED_EDGE('',*,*,#14720,.F.);
#14744 = ORIENTED_EDGE('',*,*,#13360,.T.);
#14745 = ORIENTED_EDGE('',*,*,#13227,.F.);
#14746 = ORIENTED_EDGE('',*,*,#14747,.F.);
#14747 = EDGE_CURVE('',#12346,#13205,#14748,.T.);
#14748 = SURFACE_CURVE('',#14749,(#14754,#14761),.PCURVE_S1.);
#14749 = CIRCLE('',#14750,30.8);
#14750 = AXIS2_PLACEMENT_3D('',#14751,#14752,#14753);
#14751 = CARTESIAN_POINT('',(-15.65,0.,0.));
#14752 = DIRECTION('',(-1.,5.767392335715E-17,3.649695340777E-17));
#14753 = DIRECTION('',(-5.767392335715E-17,-0.428106810594,
    -0.903728144257));
#14754 = PCURVE('',#12247,#14755);
#14755 = DEFINITIONAL_REPRESENTATION('',(#14756),#14760);
#14756 = LINE('',#14757,#14758);
#14757 = CARTESIAN_POINT('',(-10.55317741867,-36.35));
#14758 = VECTOR('',#14759,1.);
#14759 = DIRECTION('',(1.,-0.));
#14760 = ( GEOMETRIC_REPRESENTATION_CONTEXT(2) 
PARAMETRIC_REPRESENTATION_CONTEXT() REPRESENTATION_CONTEXT('2D SPACE',''
  ) );
#14761 = PCURVE('',#12384,#14762);
#14762 = DEFINITIONAL_REPRESENTATION('',(#14763),#14771);
#14763 = ( BOUNDED_CURVE() B_SPLINE_CURVE(2,(#14764,#14765,#14766,#14767
    ,#14768,#14769,#14770),.UNSPECIFIED.,.T.,.F.) 
B_SPLINE_CURVE_WITH_KNOTS((1,2,2,2,2,1),(-2.094395102393,0.,
    2.094395102393,4.188790204786,6.28318530718,8.377580409573),
.UNSPECIFIED.) CURVE() GEOMETRIC_REPRESENTATION_ITEM() 
RATIONAL_B_SPLINE_CURVE((1.,0.5,1.,0.5,1.,0.5,1.)) REPRESENTATION_ITEM(
  '') );
#14764 = CARTESIAN_POINT('',(71.88568976631,21.834826843123));
#14765 = CARTESIAN_POINT('',(120.09702407848,-1.003457764967));
#14766 = CARTESIAN_POINT('',(76.21282227293,-31.3365557256));
#14767 = CARTESIAN_POINT('',(32.32862046738,-61.66965368624));
#14768 = CARTESIAN_POINT('',(28.00148796076,-8.498271117517));
#14769 = CARTESIAN_POINT('',(23.674355454139,44.673111451213));
#14770 = CARTESIAN_POINT('',(71.88568976631,21.834826843123));
#14771 = ( GEOMETRIC_REPRESENTATION_CONTEXT(2) 
PARAMETRIC_REPRESENTATION_CONTEXT() REPRESENTATION_CONTEXT('2D SPACE',''
  ) );
#14772 = ORIENTED_EDGE('',*,*,#12345,.F.);
#14773 = ADVANCED_FACE('',(#14774),#12384,.T.);
#14774 = FACE_BOUND('',#14775,.T.);
#14775 = EDGE_LOOP('',(#14776,#14777,#14796,#14797));
#14776 = ORIENTED_EDGE('',*,*,#13204,.F.);
#14777 = ORIENTED_EDGE('',*,*,#14778,.T.);
#14778 = EDGE_CURVE('',#13184,#12369,#14779,.T.);
#14779 = SURFACE_CURVE('',#14780,(#14784,#14790),.PCURVE_S1.);
#14780 = LINE('',#14781,#14782);
#14781 = CARTESIAN_POINT('',(-15.65,54.31,-6.5));
#14782 = VECTOR('',#14783,1.);
#14783 = DIRECTION('',(0.,-0.,1.));
#14784 = PCURVE('',#12384,#14785);
#14785 = DEFINITIONAL_REPRESENTATION('',(#14786),#14789);
#14786 = B_SPLINE_CURVE_WITH_KNOTS('',1,(#14787,#14788),.UNSPECIFIED.,
  .F.,.F.,(2,2),(0.5,5.7),.PIECEWISE_BEZIER_KNOTS.);
#14787 = CARTESIAN_POINT('',(4.39,0.));
#14788 = CARTESIAN_POINT('',(4.39,-5.2));
#14789 = ( GEOMETRIC_REPRESENTATION_CONTEXT(2) 
PARAMETRIC_REPRESENTATION_CONTEXT() REPRESENTATION_CONTEXT('2D SPACE',''
  ) );
#14790 = PCURVE('',#12412,#14791);
#14791 = DEFINITIONAL_REPRESENTATION('',(#14792),#14795);
#14792 = B_SPLINE_CURVE_WITH_KNOTS('',1,(#14793,#14794),.UNSPECIFIED.,
  .F.,.F.,(2,2),(0.5,5.7),.PIECEWISE_BEZIER_KNOTS.);
#14793 = CARTESIAN_POINT('',(1.,1.));
#14794 = CARTESIAN_POINT('',(6.2,1.));
#14795 = ( GEOMETRIC_REPRESENTATION_CONTEXT(2) 
PARAMETRIC_REPRESENTATION_CONTEXT() REPRESENTATION_CONTEXT('2D SPACE',''
  ) );
#14796 = ORIENTED_EDGE('',*,*,#12368,.T.);
#14797 = ORIENTED_EDGE('',*,*,#14747,.T.);
#14798 = ADVANCED_FACE('',(#14799),#12412,.F.);
#14799 = FACE_BOUND('',#14800,.F.);
#14800 = EDGE_LOOP('',(#14801,#14824,#14852,#14873,#14874,#14875));
#14801 = ORIENTED_EDGE('',*,*,#14802,.F.);
#14802 = EDGE_CURVE('',#14803,#12397,#14805,.T.);
#14803 = VERTEX_POINT('',#14804);
#14804 = CARTESIAN_POINT('',(-6.2,54.31,-7.));
#14805 = SURFACE_CURVE('',#14806,(#14810,#14817),.PCURVE_S1.);
#14806 = LINE('',#14807,#14808);
#14807 = CARTESIAN_POINT('',(-6.2,54.31,-7.));
#14808 = VECTOR('',#14809,1.);
#14809 = DIRECTION('',(0.,0.,1.));
#14810 = PCURVE('',#12412,#14811);
#14811 = DEFINITIONAL_REPRESENTATION('',(#14812),#14816);
#14812 = LINE('',#14813,#14814);
#14813 = CARTESIAN_POINT('',(0.,10.45));
#14814 = VECTOR('',#14815,1.);
#14815 = DIRECTION('',(1.,0.));
#14816 = ( GEOMETRIC_REPRESENTATION_CONTEXT(2) 
PARAMETRIC_REPRESENTATION_CONTEXT() REPRESENTATION_CONTEXT('2D SPACE',''
  ) );
#14817 = PCURVE('',#12440,#14818);
#14818 = DEFINITIONAL_REPRESENTATION('',(#14819),#14823);
#14819 = LINE('',#14820,#14821);
#14820 = CARTESIAN_POINT('',(1.697056274848,0.));
#14821 = VECTOR('',#14822,1.);
#14822 = DIRECTION('',(0.,-1.));
#14823 = ( GEOMETRIC_REPRESENTATION_CONTEXT(2) 
PARAMETRIC_REPRESENTATION_CONTEXT() REPRESENTATION_CONTEXT('2D SPACE',''
  ) );
#14824 = ORIENTED_EDGE('',*,*,#14825,.F.);
#14825 = EDGE_CURVE('',#14826,#14803,#14828,.T.);
#14826 = VERTEX_POINT('',#14827);
#14827 = CARTESIAN_POINT('',(-16.65,54.31,-7.));
#14828 = SURFACE_CURVE('',#14829,(#14833,#14840),.PCURVE_S1.);
#14829 = LINE('',#14830,#14831);
#14830 = CARTESIAN_POINT('',(-16.65,54.31,-7.));
#14831 = VECTOR('',#14832,1.);
#14832 = DIRECTION('',(1.,0.,0.));
#14833 = PCURVE('',#12412,#14834);
#14834 = DEFINITIONAL_REPRESENTATION('',(#14835),#14839);
#14835 = LINE('',#14836,#14837);
#14836 = CARTESIAN_POINT('',(0.,0.));
#14837 = VECTOR('',#14838,1.);
#14838 = DIRECTION('',(0.,1.));
#14839 = ( GEOMETRIC_REPRESENTATION_CONTEXT(2) 
PARAMETRIC_REPRESENTATION_CONTEXT() REPRESENTATION_CONTEXT('2D SPACE',''
  ) );
#14840 = PCURVE('',#14841,#14846);
#14841 = PLANE('',#14842);
#14842 = AXIS2_PLACEMENT_3D('',#14843,#14844,#14845);
#14843 = CARTESIAN_POINT('',(-16.65,54.31,-7.));
#14844 = DIRECTION('',(0.,0.,1.));
#14845 = DIRECTION('',(1.,0.,0.));
#14846 = DEFINITIONAL_REPRESENTATION('',(#14847),#14851);
#14847 = LINE('',#14848,#14849);
#14848 = CARTESIAN_POINT('',(0.,0.));
#14849 = VECTOR('',#14850,1.);
#14850 = DIRECTION('',(1.,0.));
#14851 = ( GEOMETRIC_REPRESENTATION_CONTEXT(2) 
PARAMETRIC_REPRESENTATION_CONTEXT() REPRESENTATION_CONTEXT('2D SPACE',''
  ) );
#14852 = ORIENTED_EDGE('',*,*,#14853,.T.);
#14853 = EDGE_CURVE('',#14826,#13182,#14854,.T.);
#14854 = SURFACE_CURVE('',#14855,(#14859,#14866),.PCURVE_S1.);
#14855 = LINE('',#14856,#14857);
#14856 = CARTESIAN_POINT('',(-16.65,54.31,-7.));
#14857 = VECTOR('',#14858,1.);
#14858 = DIRECTION('',(0.,0.,1.));
#14859 = PCURVE('',#12412,#14860);
#14860 = DEFINITIONAL_REPRESENTATION('',(#14861),#14865);
#14861 = LINE('',#14862,#14863);
#14862 = CARTESIAN_POINT('',(0.,0.));
#14863 = VECTOR('',#14864,1.);
#14864 = DIRECTION('',(1.,0.));
#14865 = ( GEOMETRIC_REPRESENTATION_CONTEXT(2) 
PARAMETRIC_REPRESENTATION_CONTEXT() REPRESENTATION_CONTEXT('2D SPACE',''
  ) );
#14866 = PCURVE('',#12547,#14867);
#14867 = DEFINITIONAL_REPRESENTATION('',(#14868),#14872);
#14868 = LINE('',#14869,#14870);
#14869 = CARTESIAN_POINT('',(0.,0.));
#14870 = VECTOR('',#14871,1.);
#14871 = DIRECTION('',(1.,0.));
#14872 = ( GEOMETRIC_REPRESENTATION_CONTEXT(2) 
PARAMETRIC_REPRESENTATION_CONTEXT() REPRESENTATION_CONTEXT('2D SPACE',''
  ) );
#14873 = ORIENTED_EDGE('',*,*,#13181,.T.);
#14874 = ORIENTED_EDGE('',*,*,#14778,.T.);
#14875 = ORIENTED_EDGE('',*,*,#12396,.T.);
#14876 = ADVANCED_FACE('',(#14877),#12440,.T.);
#14877 = FACE_BOUND('',#14878,.T.);
#14878 = EDGE_LOOP('',(#14879,#14902,#14903,#14904));
#14879 = ORIENTED_EDGE('',*,*,#14880,.T.);
#14880 = EDGE_CURVE('',#14881,#12425,#14883,.T.);
#14881 = VERTEX_POINT('',#14882);
#14882 = CARTESIAN_POINT('',(-5.,55.51,-7.));
#14883 = SURFACE_CURVE('',#14884,(#14888,#14895),.PCURVE_S1.);
#14884 = LINE('',#14885,#14886);
#14885 = CARTESIAN_POINT('',(-5.,55.51,-7.));
#14886 = VECTOR('',#14887,1.);
#14887 = DIRECTION('',(0.,0.,1.));
#14888 = PCURVE('',#12440,#14889);
#14889 = DEFINITIONAL_REPRESENTATION('',(#14890),#14894);
#14890 = LINE('',#14891,#14892);
#14891 = CARTESIAN_POINT('',(0.,0.));
#14892 = VECTOR('',#14893,1.);
#14893 = DIRECTION('',(0.,-1.));
#14894 = ( GEOMETRIC_REPRESENTATION_CONTEXT(2) 
PARAMETRIC_REPRESENTATION_CONTEXT() REPRESENTATION_CONTEXT('2D SPACE',''
  ) );
#14895 = PCURVE('',#12468,#14896);
#14896 = DEFINITIONAL_REPRESENTATION('',(#14897),#14901);
#14897 = LINE('',#14898,#14899);
#14898 = CARTESIAN_POINT('',(0.,-1.2));
#14899 = VECTOR('',#14900,1.);
#14900 = DIRECTION('',(1.,0.));
#14901 = ( GEOMETRIC_REPRESENTATION_CONTEXT(2) 
PARAMETRIC_REPRESENTATION_CONTEXT() REPRESENTATION_CONTEXT('2D SPACE',''
  ) );
#14902 = ORIENTED_EDGE('',*,*,#12424,.T.);
#14903 = ORIENTED_EDGE('',*,*,#14802,.F.);
#14904 = ORIENTED_EDGE('',*,*,#14905,.F.);
#14905 = EDGE_CURVE('',#14881,#14803,#14906,.T.);
#14906 = SURFACE_CURVE('',#14907,(#14911,#14918),.PCURVE_S1.);
#14907 = LINE('',#14908,#14909);
#14908 = CARTESIAN_POINT('',(-5.,55.51,-7.));
#14909 = VECTOR('',#14910,1.);
#14910 = DIRECTION('',(-0.707106781187,-0.707106781187,0.));
#14911 = PCURVE('',#12440,#14912);
#14912 = DEFINITIONAL_REPRESENTATION('',(#14913),#14917);
#14913 = LINE('',#14914,#14915);
#14914 = CARTESIAN_POINT('',(0.,0.));
#14915 = VECTOR('',#14916,1.);
#14916 = DIRECTION('',(1.,0.));
#14917 = ( GEOMETRIC_REPRESENTATION_CONTEXT(2) 
PARAMETRIC_REPRESENTATION_CONTEXT() REPRESENTATION_CONTEXT('2D SPACE',''
  ) );
#14918 = PCURVE('',#14841,#14919);
#14919 = DEFINITIONAL_REPRESENTATION('',(#14920),#14924);
#14920 = LINE('',#14921,#14922);
#14921 = CARTESIAN_POINT('',(11.65,1.2));
#14922 = VECTOR('',#14923,1.);
#14923 = DIRECTION('',(-0.707106781187,-0.707106781187));
#14924 = ( GEOMETRIC_REPRESENTATION_CONTEXT(2) 
PARAMETRIC_REPRESENTATION_CONTEXT() REPRESENTATION_CONTEXT('2D SPACE',''
  ) );
#14925 = ADVANCED_FACE('',(#14926),#12710,.T.);
#14926 = FACE_BOUND('',#14927,.F.);
#14927 = EDGE_LOOP('',(#14928,#14929,#14950,#14951));
#14928 = ORIENTED_EDGE('',*,*,#13018,.T.);
#14929 = ORIENTED_EDGE('',*,*,#14930,.T.);
#14930 = EDGE_CURVE('',#12996,#12662,#14931,.T.);
#14931 = SURFACE_CURVE('',#14932,(#14936,#14943),.PCURVE_S1.);
#14932 = LINE('',#14933,#14934);
#14933 = CARTESIAN_POINT('',(-44.,50.6,-9.));
#14934 = VECTOR('',#14935,1.);
#14935 = DIRECTION('',(0.,0.,1.));
#14936 = PCURVE('',#12710,#14937);
#14937 = DEFINITIONAL_REPRESENTATION('',(#14938),#14942);
#14938 = LINE('',#14939,#14940);
#14939 = CARTESIAN_POINT('',(-1.570796326795,0.));
#14940 = VECTOR('',#14941,1.);
#14941 = DIRECTION('',(-0.,1.));
#14942 = ( GEOMETRIC_REPRESENTATION_CONTEXT(2) 
PARAMETRIC_REPRESENTATION_CONTEXT() REPRESENTATION_CONTEXT('2D SPACE',''
  ) );
#14943 = PCURVE('',#12677,#14944);
#14944 = DEFINITIONAL_REPRESENTATION('',(#14945),#14949);
#14945 = LINE('',#14946,#14947);
#14946 = CARTESIAN_POINT('',(0.,3.));
#14947 = VECTOR('',#14948,1.);
#14948 = DIRECTION('',(1.,0.));
#14949 = ( GEOMETRIC_REPRESENTATION_CONTEXT(2) 
PARAMETRIC_REPRESENTATION_CONTEXT() REPRESENTATION_CONTEXT('2D SPACE',''
  ) );
#14950 = ORIENTED_EDGE('',*,*,#12689,.F.);
#14951 = ORIENTED_EDGE('',*,*,#12866,.F.);
#14952 = ADVANCED_FACE('',(#14953),#12468,.T.);
#14953 = FACE_BOUND('',#14954,.T.);
#14954 = EDGE_LOOP('',(#14955,#14956,#14979,#15000));
#14955 = ORIENTED_EDGE('',*,*,#14880,.F.);
#14956 = ORIENTED_EDGE('',*,*,#14957,.T.);
#14957 = EDGE_CURVE('',#14881,#14958,#14960,.T.);
#14958 = VERTEX_POINT('',#14959);
#14959 = CARTESIAN_POINT('',(-5.,58.7,-7.));
#14960 = SURFACE_CURVE('',#14961,(#14965,#14972),.PCURVE_S1.);
#14961 = LINE('',#14962,#14963);
#14962 = CARTESIAN_POINT('',(-5.,54.31,-7.));
#14963 = VECTOR('',#14964,1.);
#14964 = DIRECTION('',(0.,1.,0.));
#14965 = PCURVE('',#12468,#14966);
#14966 = DEFINITIONAL_REPRESENTATION('',(#14967),#14971);
#14967 = LINE('',#14968,#14969);
#14968 = CARTESIAN_POINT('',(0.,0.));
#14969 = VECTOR('',#14970,1.);
#14970 = DIRECTION('',(0.,-1.));
#14971 = ( GEOMETRIC_REPRESENTATION_CONTEXT(2) 
PARAMETRIC_REPRESENTATION_CONTEXT() REPRESENTATION_CONTEXT('2D SPACE',''
  ) );
#14972 = PCURVE('',#14841,#14973);
#14973 = DEFINITIONAL_REPRESENTATION('',(#14974),#14978);
#14974 = LINE('',#14975,#14976);
#14975 = CARTESIAN_POINT('',(11.65,0.));
#14976 = VECTOR('',#14977,1.);
#14977 = DIRECTION('',(0.,1.));
#14978 = ( GEOMETRIC_REPRESENTATION_CONTEXT(2) 
PARAMETRIC_REPRESENTATION_CONTEXT() REPRESENTATION_CONTEXT('2D SPACE',''
  ) );
#14979 = ORIENTED_EDGE('',*,*,#14980,.T.);
#14980 = EDGE_CURVE('',#14958,#12453,#14981,.T.);
#14981 = SURFACE_CURVE('',#14982,(#14986,#14993),.PCURVE_S1.);
#14982 = LINE('',#14983,#14984);
#14983 = CARTESIAN_POINT('',(-5.,58.7,-7.));
#14984 = VECTOR('',#14985,1.);
#14985 = DIRECTION('',(0.,0.,1.));
#14986 = PCURVE('',#12468,#14987);
#14987 = DEFINITIONAL_REPRESENTATION('',(#14988),#14992);
#14988 = LINE('',#14989,#14990);
#14989 = CARTESIAN_POINT('',(0.,-4.39));
#14990 = VECTOR('',#14991,1.);
#14991 = DIRECTION('',(1.,0.));
#14992 = ( GEOMETRIC_REPRESENTATION_CONTEXT(2) 
PARAMETRIC_REPRESENTATION_CONTEXT() REPRESENTATION_CONTEXT('2D SPACE',''
  ) );
#14993 = PCURVE('',#12496,#14994);
#14994 = DEFINITIONAL_REPRESENTATION('',(#14995),#14999);
#14995 = LINE('',#14996,#14997);
#14996 = CARTESIAN_POINT('',(0.,11.65));
#14997 = VECTOR('',#14998,1.);
#14998 = DIRECTION('',(1.,0.));
#14999 = ( GEOMETRIC_REPRESENTATION_CONTEXT(2) 
PARAMETRIC_REPRESENTATION_CONTEXT() REPRESENTATION_CONTEXT('2D SPACE',''
  ) );
#15000 = ORIENTED_EDGE('',*,*,#12452,.F.);
#15001 = ADVANCED_FACE('',(#15002),#12677,.T.);
#15002 = FACE_BOUND('',#15003,.T.);
#15003 = EDGE_LOOP('',(#15004,#15005,#15006,#15007));
#15004 = ORIENTED_EDGE('',*,*,#12995,.F.);
#15005 = ORIENTED_EDGE('',*,*,#14930,.T.);
#15006 = ORIENTED_EDGE('',*,*,#12661,.T.);
#15007 = ORIENTED_EDGE('',*,*,#15008,.F.);
#15008 = EDGE_CURVE('',#12972,#12633,#15009,.T.);
#15009 = SURFACE_CURVE('',#15010,(#15014,#15021),.PCURVE_S1.);
#15010 = LINE('',#15011,#15012);
#15011 = CARTESIAN_POINT('',(-32.,50.6,-9.));
#15012 = VECTOR('',#15013,1.);
#15013 = DIRECTION('',(0.,0.,1.));
#15014 = PCURVE('',#12677,#15015);
#15015 = DEFINITIONAL_REPRESENTATION('',(#15016),#15020);
#15016 = LINE('',#15017,#15018);
#15017 = CARTESIAN_POINT('',(0.,15.));
#15018 = VECTOR('',#15019,1.);
#15019 = DIRECTION('',(1.,0.));
#15020 = ( GEOMETRIC_REPRESENTATION_CONTEXT(2) 
PARAMETRIC_REPRESENTATION_CONTEXT() REPRESENTATION_CONTEXT('2D SPACE',''
  ) );
#15021 = PCURVE('',#12649,#15022);
#15022 = DEFINITIONAL_REPRESENTATION('',(#15023),#15027);
#15023 = LINE('',#15024,#15025);
#15024 = CARTESIAN_POINT('',(1.570796326795,0.));
#15025 = VECTOR('',#15026,1.);
#15026 = DIRECTION('',(0.,1.));
#15027 = ( GEOMETRIC_REPRESENTATION_CONTEXT(2) 
PARAMETRIC_REPRESENTATION_CONTEXT() REPRESENTATION_CONTEXT('2D SPACE',''
  ) );
#15028 = ADVANCED_FACE('',(#15029),#12496,.T.);
#15029 = FACE_BOUND('',#15030,.T.);
#15030 = EDGE_LOOP('',(#15031,#15054,#15075,#15076,#15077));
#15031 = ORIENTED_EDGE('',*,*,#15032,.F.);
#15032 = EDGE_CURVE('',#15033,#14958,#15035,.T.);
#15033 = VERTEX_POINT('',#15034);
#15034 = CARTESIAN_POINT('',(-16.65,58.7,-7.));
#15035 = SURFACE_CURVE('',#15036,(#15040,#15047),.PCURVE_S1.);
#15036 = LINE('',#15037,#15038);
#15037 = CARTESIAN_POINT('',(-16.65,58.7,-7.));
#15038 = VECTOR('',#15039,1.);
#15039 = DIRECTION('',(1.,0.,0.));
#15040 = PCURVE('',#12496,#15041);
#15041 = DEFINITIONAL_REPRESENTATION('',(#15042),#15046);
#15042 = LINE('',#15043,#15044);
#15043 = CARTESIAN_POINT('',(0.,0.));
#15044 = VECTOR('',#15045,1.);
#15045 = DIRECTION('',(0.,1.));
#15046 = ( GEOMETRIC_REPRESENTATION_CONTEXT(2) 
PARAMETRIC_REPRESENTATION_CONTEXT() REPRESENTATION_CONTEXT('2D SPACE',''
  ) );
#15047 = PCURVE('',#14841,#15048);
#15048 = DEFINITIONAL_REPRESENTATION('',(#15049),#15053);
#15049 = LINE('',#15050,#15051);
#15050 = CARTESIAN_POINT('',(0.,4.39));
#15051 = VECTOR('',#15052,1.);
#15052 = DIRECTION('',(1.,0.));
#15053 = ( GEOMETRIC_REPRESENTATION_CONTEXT(2) 
PARAMETRIC_REPRESENTATION_CONTEXT() REPRESENTATION_CONTEXT('2D SPACE',''
  ) );
#15054 = ORIENTED_EDGE('',*,*,#15055,.T.);
#15055 = EDGE_CURVE('',#15033,#12509,#15056,.T.);
#15056 = SURFACE_CURVE('',#15057,(#15061,#15068),.PCURVE_S1.);
#15057 = LINE('',#15058,#15059);
#15058 = CARTESIAN_POINT('',(-16.65,58.7,-7.));
#15059 = VECTOR('',#15060,1.);
#15060 = DIRECTION('',(0.,0.,1.));
#15061 = PCURVE('',#12496,#15062);
#15062 = DEFINITIONAL_REPRESENTATION('',(#15063),#15067);
#15063 = LINE('',#15064,#15065);
#15064 = CARTESIAN_POINT('',(0.,0.));
#15065 = VECTOR('',#15066,1.);
#15066 = DIRECTION('',(1.,0.));
#15067 = ( GEOMETRIC_REPRESENTATION_CONTEXT(2) 
PARAMETRIC_REPRESENTATION_CONTEXT() REPRESENTATION_CONTEXT('2D SPACE',''
  ) );
#15068 = PCURVE('',#12547,#15069);
#15069 = DEFINITIONAL_REPRESENTATION('',(#15070),#15074);
#15070 = LINE('',#15071,#15072);
#15071 = CARTESIAN_POINT('',(0.,-4.39));
#15072 = VECTOR('',#15073,1.);
#15073 = DIRECTION('',(1.,0.));
#15074 = ( GEOMETRIC_REPRESENTATION_CONTEXT(2) 
PARAMETRIC_REPRESENTATION_CONTEXT() REPRESENTATION_CONTEXT('2D SPACE',''
  ) );
#15075 = ORIENTED_EDGE('',*,*,#12508,.T.);
#15076 = ORIENTED_EDGE('',*,*,#12480,.T.);
#15077 = ORIENTED_EDGE('',*,*,#14980,.F.);
#15078 = ADVANCED_FACE('',(#15079),#12649,.T.);
#15079 = FACE_BOUND('',#15080,.T.);
#15080 = EDGE_LOOP('',(#15081,#15082,#15083,#15084));
#15081 = ORIENTED_EDGE('',*,*,#12971,.T.);
#15082 = ORIENTED_EDGE('',*,*,#15008,.T.);
#15083 = ORIENTED_EDGE('',*,*,#12632,.F.);
#15084 = ORIENTED_EDGE('',*,*,#13108,.F.);
#15085 = ADVANCED_FACE('',(#15086),#12547,.F.);
#15086 = FACE_BOUND('',#15087,.F.);
#15087 = EDGE_LOOP('',(#15088,#15089,#15110,#15111,#15112,#15131));
#15088 = ORIENTED_EDGE('',*,*,#14853,.F.);
#15089 = ORIENTED_EDGE('',*,*,#15090,.T.);
#15090 = EDGE_CURVE('',#14826,#15033,#15091,.T.);
#15091 = SURFACE_CURVE('',#15092,(#15096,#15103),.PCURVE_S1.);
#15092 = LINE('',#15093,#15094);
#15093 = CARTESIAN_POINT('',(-16.65,54.31,-7.));
#15094 = VECTOR('',#15095,1.);
#15095 = DIRECTION('',(0.,1.,0.));
#15096 = PCURVE('',#12547,#15097);
#15097 = DEFINITIONAL_REPRESENTATION('',(#15098),#15102);
#15098 = LINE('',#15099,#15100);
#15099 = CARTESIAN_POINT('',(0.,0.));
#15100 = VECTOR('',#15101,1.);
#15101 = DIRECTION('',(0.,-1.));
#15102 = ( GEOMETRIC_REPRESENTATION_CONTEXT(2) 
PARAMETRIC_REPRESENTATION_CONTEXT() REPRESENTATION_CONTEXT('2D SPACE',''
  ) );
#15103 = PCURVE('',#14841,#15104);
#15104 = DEFINITIONAL_REPRESENTATION('',(#15105),#15109);
#15105 = LINE('',#15106,#15107);
#15106 = CARTESIAN_POINT('',(0.,0.));
#15107 = VECTOR('',#15108,1.);
#15108 = DIRECTION('',(0.,1.));
#15109 = ( GEOMETRIC_REPRESENTATION_CONTEXT(2) 
PARAMETRIC_REPRESENTATION_CONTEXT() REPRESENTATION_CONTEXT('2D SPACE',''
  ) );
#15110 = ORIENTED_EDGE('',*,*,#15055,.T.);
#15111 = ORIENTED_EDGE('',*,*,#12531,.F.);
#15112 = ORIENTED_EDGE('',*,*,#15113,.T.);
#15113 = EDGE_CURVE('',#12532,#13270,#15114,.T.);
#15114 = SURFACE_CURVE('',#15115,(#15119,#15125),.PCURVE_S1.);
#15115 = LINE('',#15116,#15117);
#15116 = CARTESIAN_POINT('',(-16.65,57.404845814978,-6.5));
#15117 = VECTOR('',#15118,1.);
#15118 = DIRECTION('',(0.,0.,-1.));
#15119 = PCURVE('',#12547,#15120);
#15120 = DEFINITIONAL_REPRESENTATION('',(#15121),#15124);
#15121 = B_SPLINE_CURVE_WITH_KNOTS('',1,(#15122,#15123),.UNSPECIFIED.,
  .F.,.F.,(2,2),(-5.7,-0.5),.PIECEWISE_BEZIER_KNOTS.);
#15122 = CARTESIAN_POINT('',(6.2,-3.094845814978));
#15123 = CARTESIAN_POINT('',(1.,-3.094845814978));
#15124 = ( GEOMETRIC_REPRESENTATION_CONTEXT(2) 
PARAMETRIC_REPRESENTATION_CONTEXT() REPRESENTATION_CONTEXT('2D SPACE',''
  ) );
#15125 = PCURVE('',#12575,#15126);
#15126 = DEFINITIONAL_REPRESENTATION('',(#15127),#15130);
#15127 = B_SPLINE_CURVE_WITH_KNOTS('',1,(#15128,#15129),.UNSPECIFIED.,
  .F.,.F.,(2,2),(-5.7,-0.5),.PIECEWISE_BEZIER_KNOTS.);
#15128 = CARTESIAN_POINT('',(16.935536345901,-5.2));
#15129 = CARTESIAN_POINT('',(16.935536345901,0.));
#15130 = ( GEOMETRIC_REPRESENTATION_CONTEXT(2) 
PARAMETRIC_REPRESENTATION_CONTEXT() REPRESENTATION_CONTEXT('2D SPACE',''
  ) );
#15131 = ORIENTED_EDGE('',*,*,#13292,.T.);
#15132 = ADVANCED_FACE('',(#15133),#12575,.T.);
#15133 = FACE_BOUND('',#15134,.T.);
#15134 = EDGE_LOOP('',(#15135,#15136,#15137,#15138));
#15135 = ORIENTED_EDGE('',*,*,#13269,.F.);
#15136 = ORIENTED_EDGE('',*,*,#13157,.T.);
#15137 = ORIENTED_EDGE('',*,*,#12559,.T.);
#15138 = ORIENTED_EDGE('',*,*,#15113,.T.);
#15139 = ADVANCED_FACE('',(#15140),#12768,.F.);
#15140 = FACE_BOUND('',#15141,.T.);
#15141 = EDGE_LOOP('',(#15142,#15171,#15192,#15193));
#15142 = ORIENTED_EDGE('',*,*,#15143,.F.);
#15143 = EDGE_CURVE('',#15144,#15144,#15146,.T.);
#15144 = VERTEX_POINT('',#15145);
#15145 = CARTESIAN_POINT('',(-40.9,36.5,-5.4));
#15146 = SURFACE_CURVE('',#15147,(#15152,#15159),.PCURVE_S1.);
#15147 = CIRCLE('',#15148,1.6);
#15148 = AXIS2_PLACEMENT_3D('',#15149,#15150,#15151);
#15149 = CARTESIAN_POINT('',(-42.5,36.5,-5.4));
#15150 = DIRECTION('',(0.,0.,1.));
#15151 = DIRECTION('',(1.,0.,0.));
#15152 = PCURVE('',#12768,#15153);
#15153 = DEFINITIONAL_REPRESENTATION('',(#15154),#15158);
#15154 = LINE('',#15155,#15156);
#15155 = CARTESIAN_POINT('',(-0.,0.));
#15156 = VECTOR('',#15157,1.);
#15157 = DIRECTION('',(-1.,0.));
#15158 = ( GEOMETRIC_REPRESENTATION_CONTEXT(2) 
PARAMETRIC_REPRESENTATION_CONTEXT() REPRESENTATION_CONTEXT('2D SPACE',''
  ) );
#15159 = PCURVE('',#15160,#15165);
#15160 = PLANE('',#15161);
#15161 = AXIS2_PLACEMENT_3D('',#15162,#15163,#15164);
#15162 = CARTESIAN_POINT('',(-42.5,36.5,-5.4));
#15163 = DIRECTION('',(0.,0.,1.));
#15164 = DIRECTION('',(1.,0.,-0.));
#15165 = DEFINITIONAL_REPRESENTATION('',(#15166),#15170);
#15166 = CIRCLE('',#15167,1.6);
#15167 = AXIS2_PLACEMENT_2D('',#15168,#15169);
#15168 = CARTESIAN_POINT('',(-7.105427357601E-15,0.));
#15169 = DIRECTION('',(1.,0.));
#15170 = ( GEOMETRIC_REPRESENTATION_CONTEXT(2) 
PARAMETRIC_REPRESENTATION_CONTEXT() REPRESENTATION_CONTEXT('2D SPACE',''
  ) );
#15171 = ORIENTED_EDGE('',*,*,#15172,.T.);
#15172 = EDGE_CURVE('',#15144,#12748,#15173,.T.);
#15173 = SEAM_CURVE('',#15174,(#15178,#15185),.PCURVE_S1.);
#15174 = LINE('',#15175,#15176);
#15175 = CARTESIAN_POINT('',(-40.9,36.5,-5.4));
#15176 = VECTOR('',#15177,1.);
#15177 = DIRECTION('',(0.,0.,1.));
#15178 = PCURVE('',#12768,#15179);
#15179 = DEFINITIONAL_REPRESENTATION('',(#15180),#15184);
#15180 = LINE('',#15181,#15182);
#15181 = CARTESIAN_POINT('',(-6.28318530718,0.));
#15182 = VECTOR('',#15183,1.);
#15183 = DIRECTION('',(-0.,-1.));
#15184 = ( GEOMETRIC_REPRESENTATION_CONTEXT(2) 
PARAMETRIC_REPRESENTATION_CONTEXT() REPRESENTATION_CONTEXT('2D SPACE',''
  ) );
#15185 = PCURVE('',#12768,#15186);
#15186 = DEFINITIONAL_REPRESENTATION('',(#15187),#15191);
#15187 = LINE('',#15188,#15189);
#15188 = CARTESIAN_POINT('',(-0.,0.));
#15189 = VECTOR('',#15190,1.);
#15190 = DIRECTION('',(-0.,-1.));
#15191 = ( GEOMETRIC_REPRESENTATION_CONTEXT(2) 
PARAMETRIC_REPRESENTATION_CONTEXT() REPRESENTATION_CONTEXT('2D SPACE',''
  ) );
#15192 = ORIENTED_EDGE('',*,*,#12747,.F.);
#15193 = ORIENTED_EDGE('',*,*,#15172,.F.);
#15194 = ADVANCED_FACE('',(#15195),#12803,.F.);
#15195 = FACE_BOUND('',#15196,.T.);
#15196 = EDGE_LOOP('',(#15197,#15230,#15251,#15252));
#15197 = ORIENTED_EDGE('',*,*,#15198,.T.);
#15198 = EDGE_CURVE('',#15199,#15199,#15201,.T.);
#15199 = VERTEX_POINT('',#15200);
#15200 = CARTESIAN_POINT('',(-35.8,43.,-4.8));
#15201 = SURFACE_CURVE('',#15202,(#15207,#15214),.PCURVE_S1.);
#15202 = CIRCLE('',#15203,2.2);
#15203 = AXIS2_PLACEMENT_3D('',#15204,#15205,#15206);
#15204 = CARTESIAN_POINT('',(-38.,43.,-4.8));
#15205 = DIRECTION('',(0.,0.,-1.));
#15206 = DIRECTION('',(1.,0.,0.));
#15207 = PCURVE('',#12803,#15208);
#15208 = DEFINITIONAL_REPRESENTATION('',(#15209),#15213);
#15209 = LINE('',#15210,#15211);
#15210 = CARTESIAN_POINT('',(-6.28318530718,-8.2));
#15211 = VECTOR('',#15212,1.);
#15212 = DIRECTION('',(1.,-0.));
#15213 = ( GEOMETRIC_REPRESENTATION_CONTEXT(2) 
PARAMETRIC_REPRESENTATION_CONTEXT() REPRESENTATION_CONTEXT('2D SPACE',''
  ) );
#15214 = PCURVE('',#15215,#15220);
#15215 = PLANE('',#15216);
#15216 = AXIS2_PLACEMENT_3D('',#15217,#15218,#15219);
#15217 = CARTESIAN_POINT('',(-38.,43.,-4.8));
#15218 = DIRECTION('',(0.,0.,1.));
#15219 = DIRECTION('',(1.,0.,-0.));
#15220 = DEFINITIONAL_REPRESENTATION('',(#15221),#15229);
#15221 = ( BOUNDED_CURVE() B_SPLINE_CURVE(2,(#15222,#15223,#15224,#15225
    ,#15226,#15227,#15228),.UNSPECIFIED.,.T.,.F.) 
B_SPLINE_CURVE_WITH_KNOTS((1,2,2,2,2,1),(-2.094395102393,0.,
    2.094395102393,4.188790204786,6.28318530718,8.377580409573),
.UNSPECIFIED.) CURVE() GEOMETRIC_REPRESENTATION_ITEM() 
RATIONAL_B_SPLINE_CURVE((1.,0.5,1.,0.5,1.,0.5,1.)) REPRESENTATION_ITEM(
  '') );
#15222 = CARTESIAN_POINT('',(2.2,0.));
#15223 = CARTESIAN_POINT('',(2.2,-3.810511776652));
#15224 = CARTESIAN_POINT('',(-1.1,-1.905255888326));
#15225 = CARTESIAN_POINT('',(-4.4,-5.388445916248E-16));
#15226 = CARTESIAN_POINT('',(-1.1,1.905255888326));
#15227 = CARTESIAN_POINT('',(2.2,3.810511776652));
#15228 = CARTESIAN_POINT('',(2.2,0.));
#15229 = ( GEOMETRIC_REPRESENTATION_CONTEXT(2) 
PARAMETRIC_REPRESENTATION_CONTEXT() REPRESENTATION_CONTEXT('2D SPACE',''
  ) );
#15230 = ORIENTED_EDGE('',*,*,#15231,.T.);
#15231 = EDGE_CURVE('',#15199,#12783,#15232,.T.);
#15232 = SEAM_CURVE('',#15233,(#15237,#15244),.PCURVE_S1.);
#15233 = LINE('',#15234,#15235);
#15234 = CARTESIAN_POINT('',(-35.8,43.,-13.));
#15235 = VECTOR('',#15236,1.);
#15236 = DIRECTION('',(0.,0.,1.));
#15237 = PCURVE('',#12803,#15238);
#15238 = DEFINITIONAL_REPRESENTATION('',(#15239),#15243);
#15239 = LINE('',#15240,#15241);
#15240 = CARTESIAN_POINT('',(-6.28318530718,0.));
#15241 = VECTOR('',#15242,1.);
#15242 = DIRECTION('',(-0.,-1.));
#15243 = ( GEOMETRIC_REPRESENTATION_CONTEXT(2) 
PARAMETRIC_REPRESENTATION_CONTEXT() REPRESENTATION_CONTEXT('2D SPACE',''
  ) );
#15244 = PCURVE('',#12803,#15245);
#15245 = DEFINITIONAL_REPRESENTATION('',(#15246),#15250);
#15246 = LINE('',#15247,#15248);
#15247 = CARTESIAN_POINT('',(-0.,0.));
#15248 = VECTOR('',#15249,1.);
#15249 = DIRECTION('',(-0.,-1.));
#15250 = ( GEOMETRIC_REPRESENTATION_CONTEXT(2) 
PARAMETRIC_REPRESENTATION_CONTEXT() REPRESENTATION_CONTEXT('2D SPACE',''
  ) );
#15251 = ORIENTED_EDGE('',*,*,#12782,.F.);
#15252 = ORIENTED_EDGE('',*,*,#15231,.F.);
#15253 = ADVANCED_FACE('',(#15254),#13063,.F.);
#15254 = FACE_BOUND('',#15255,.T.);
#15255 = EDGE_LOOP('',(#15256,#15279,#15301,#15302));
#15256 = ORIENTED_EDGE('',*,*,#15257,.T.);
#15257 = EDGE_CURVE('',#13047,#15258,#15260,.T.);
#15258 = VERTEX_POINT('',#15259);
#15259 = CARTESIAN_POINT('',(-34.3,43.,-4.8));
#15260 = SEAM_CURVE('',#15261,(#15265,#15272),.PCURVE_S1.);
#15261 = LINE('',#15262,#15263);
#15262 = CARTESIAN_POINT('',(-34.3,43.,-9.));
#15263 = VECTOR('',#15264,1.);
#15264 = DIRECTION('',(0.,0.,1.));
#15265 = PCURVE('',#13063,#15266);
#15266 = DEFINITIONAL_REPRESENTATION('',(#15267),#15271);
#15267 = LINE('',#15268,#15269);
#15268 = CARTESIAN_POINT('',(-0.,0.));
#15269 = VECTOR('',#15270,1.);
#15270 = DIRECTION('',(-0.,-1.));
#15271 = ( GEOMETRIC_REPRESENTATION_CONTEXT(2) 
PARAMETRIC_REPRESENTATION_CONTEXT() REPRESENTATION_CONTEXT('2D SPACE',''
  ) );
#15272 = PCURVE('',#13063,#15273);
#15273 = DEFINITIONAL_REPRESENTATION('',(#15274),#15278);
#15274 = LINE('',#15275,#15276);
#15275 = CARTESIAN_POINT('',(-6.28318530718,0.));
#15276 = VECTOR('',#15277,1.);
#15277 = DIRECTION('',(-0.,-1.));
#15278 = ( GEOMETRIC_REPRESENTATION_CONTEXT(2) 
PARAMETRIC_REPRESENTATION_CONTEXT() REPRESENTATION_CONTEXT('2D SPACE',''
  ) );
#15279 = ORIENTED_EDGE('',*,*,#15280,.T.);
#15280 = EDGE_CURVE('',#15258,#15258,#15281,.T.);
#15281 = SURFACE_CURVE('',#15282,(#15287,#15294),.PCURVE_S1.);
#15282 = CIRCLE('',#15283,3.7);
#15283 = AXIS2_PLACEMENT_3D('',#15284,#15285,#15286);
#15284 = CARTESIAN_POINT('',(-38.,43.,-4.8));
#15285 = DIRECTION('',(0.,0.,1.));
#15286 = DIRECTION('',(1.,0.,0.));
#15287 = PCURVE('',#13063,#15288);
#15288 = DEFINITIONAL_REPRESENTATION('',(#15289),#15293);
#15289 = LINE('',#15290,#15291);
#15290 = CARTESIAN_POINT('',(-0.,-4.2));
#15291 = VECTOR('',#15292,1.);
#15292 = DIRECTION('',(-1.,0.));
#15293 = ( GEOMETRIC_REPRESENTATION_CONTEXT(2) 
PARAMETRIC_REPRESENTATION_CONTEXT() REPRESENTATION_CONTEXT('2D SPACE',''
  ) );
#15294 = PCURVE('',#15215,#15295);
#15295 = DEFINITIONAL_REPRESENTATION('',(#15296),#15300);
#15296 = CIRCLE('',#15297,3.7);
#15297 = AXIS2_PLACEMENT_2D('',#15298,#15299);
#15298 = CARTESIAN_POINT('',(7.105427357601E-15,0.));
#15299 = DIRECTION('',(1.,0.));
#15300 = ( GEOMETRIC_REPRESENTATION_CONTEXT(2) 
PARAMETRIC_REPRESENTATION_CONTEXT() REPRESENTATION_CONTEXT('2D SPACE',''
  ) );
#15301 = ORIENTED_EDGE('',*,*,#15257,.F.);
#15302 = ORIENTED_EDGE('',*,*,#13046,.F.);
#15303 = ADVANCED_FACE('',(#15304),#13472,.T.);
#15304 = FACE_BOUND('',#15305,.T.);
#15305 = EDGE_LOOP('',(#15306,#15329,#15357,#15378,#15379,#15398));
#15306 = ORIENTED_EDGE('',*,*,#15307,.F.);
#15307 = EDGE_CURVE('',#15308,#13787,#15310,.T.);
#15308 = VERTEX_POINT('',#15309);
#15309 = CARTESIAN_POINT('',(-6.2,-54.31,-7.));
#15310 = SURFACE_CURVE('',#15311,(#15315,#15322),.PCURVE_S1.);
#15311 = LINE('',#15312,#15313);
#15312 = CARTESIAN_POINT('',(-6.2,-54.31,-7.));
#15313 = VECTOR('',#15314,1.);
#15314 = DIRECTION('',(0.,0.,1.));
#15315 = PCURVE('',#13472,#15316);
#15316 = DEFINITIONAL_REPRESENTATION('',(#15317),#15321);
#15317 = LINE('',#15318,#15319);
#15318 = CARTESIAN_POINT('',(0.,10.45));
#15319 = VECTOR('',#15320,1.);
#15320 = DIRECTION('',(1.,0.));
#15321 = ( GEOMETRIC_REPRESENTATION_CONTEXT(2) 
PARAMETRIC_REPRESENTATION_CONTEXT() REPRESENTATION_CONTEXT('2D SPACE',''
  ) );
#15322 = PCURVE('',#13802,#15323);
#15323 = DEFINITIONAL_REPRESENTATION('',(#15324),#15328);
#15324 = LINE('',#15325,#15326);
#15325 = CARTESIAN_POINT('',(1.697056274848,0.));
#15326 = VECTOR('',#15327,1.);
#15327 = DIRECTION('',(0.,-1.));
#15328 = ( GEOMETRIC_REPRESENTATION_CONTEXT(2) 
PARAMETRIC_REPRESENTATION_CONTEXT() REPRESENTATION_CONTEXT('2D SPACE',''
  ) );
#15329 = ORIENTED_EDGE('',*,*,#15330,.F.);
#15330 = EDGE_CURVE('',#15331,#15308,#15333,.T.);
#15331 = VERTEX_POINT('',#15332);
#15332 = CARTESIAN_POINT('',(-16.65,-54.31,-7.));
#15333 = SURFACE_CURVE('',#15334,(#15338,#15345),.PCURVE_S1.);
#15334 = LINE('',#15335,#15336);
#15335 = CARTESIAN_POINT('',(-16.65,-54.31,-7.));
#15336 = VECTOR('',#15337,1.);
#15337 = DIRECTION('',(1.,0.,0.));
#15338 = PCURVE('',#13472,#15339);
#15339 = DEFINITIONAL_REPRESENTATION('',(#15340),#15344);
#15340 = LINE('',#15341,#15342);
#15341 = CARTESIAN_POINT('',(0.,0.));
#15342 = VECTOR('',#15343,1.);
#15343 = DIRECTION('',(0.,1.));
#15344 = ( GEOMETRIC_REPRESENTATION_CONTEXT(2) 
PARAMETRIC_REPRESENTATION_CONTEXT() REPRESENTATION_CONTEXT('2D SPACE',''
  ) );
#15345 = PCURVE('',#15346,#15351);
#15346 = PLANE('',#15347);
#15347 = AXIS2_PLACEMENT_3D('',#15348,#15349,#15350);
#15348 = CARTESIAN_POINT('',(-16.65,-58.7,-7.));
#15349 = DIRECTION('',(0.,0.,1.));
#15350 = DIRECTION('',(1.,0.,0.));
#15351 = DEFINITIONAL_REPRESENTATION('',(#15352),#15356);
#15352 = LINE('',#15353,#15354);
#15353 = CARTESIAN_POINT('',(0.,4.39));
#15354 = VECTOR('',#15355,1.);
#15355 = DIRECTION('',(1.,0.));
#15356 = ( GEOMETRIC_REPRESENTATION_CONTEXT(2) 
PARAMETRIC_REPRESENTATION_CONTEXT() REPRESENTATION_CONTEXT('2D SPACE',''
  ) );
#15357 = ORIENTED_EDGE('',*,*,#15358,.T.);
#15358 = EDGE_CURVE('',#15331,#13458,#15359,.T.);
#15359 = SURFACE_CURVE('',#15360,(#15364,#15371),.PCURVE_S1.);
#15360 = LINE('',#15361,#15362);
#15361 = CARTESIAN_POINT('',(-16.65,-54.31,-7.));
#15362 = VECTOR('',#15363,1.);
#15363 = DIRECTION('',(0.,0.,1.));
#15364 = PCURVE('',#13472,#15365);
#15365 = DEFINITIONAL_REPRESENTATION('',(#15366),#15370);
#15366 = LINE('',#15367,#15368);
#15367 = CARTESIAN_POINT('',(0.,0.));
#15368 = VECTOR('',#15369,1.);
#15369 = DIRECTION('',(1.,0.));
#15370 = ( GEOMETRIC_REPRESENTATION_CONTEXT(2) 
PARAMETRIC_REPRESENTATION_CONTEXT() REPRESENTATION_CONTEXT('2D SPACE',''
  ) );
#15371 = PCURVE('',#13596,#15372);
#15372 = DEFINITIONAL_REPRESENTATION('',(#15373),#15377);
#15373 = LINE('',#15374,#15375);
#15374 = CARTESIAN_POINT('',(0.,-4.39));
#15375 = VECTOR('',#15376,1.);
#15376 = DIRECTION('',(1.,0.));
#15377 = ( GEOMETRIC_REPRESENTATION_CONTEXT(2) 
PARAMETRIC_REPRESENTATION_CONTEXT() REPRESENTATION_CONTEXT('2D SPACE',''
  ) );
#15378 = ORIENTED_EDGE('',*,*,#13455,.F.);
#15379 = ORIENTED_EDGE('',*,*,#15380,.F.);
#15380 = EDGE_CURVE('',#13815,#13456,#15381,.T.);
#15381 = SURFACE_CURVE('',#15382,(#15386,#15392),.PCURVE_S1.);
#15382 = LINE('',#15383,#15384);
#15383 = CARTESIAN_POINT('',(-15.65,-54.31,-6.5));
#15384 = VECTOR('',#15385,1.);
#15385 = DIRECTION('',(0.,0.,-1.));
#15386 = PCURVE('',#13472,#15387);
#15387 = DEFINITIONAL_REPRESENTATION('',(#15388),#15391);
#15388 = B_SPLINE_CURVE_WITH_KNOTS('',1,(#15389,#15390),.UNSPECIFIED.,
  .F.,.F.,(2,2),(-5.7,-0.5),.PIECEWISE_BEZIER_KNOTS.);
#15389 = CARTESIAN_POINT('',(6.2,1.));
#15390 = CARTESIAN_POINT('',(1.,1.));
#15391 = ( GEOMETRIC_REPRESENTATION_CONTEXT(2) 
PARAMETRIC_REPRESENTATION_CONTEXT() REPRESENTATION_CONTEXT('2D SPACE',''
  ) );
#15392 = PCURVE('',#13499,#15393);
#15393 = DEFINITIONAL_REPRESENTATION('',(#15394),#15397);
#15394 = B_SPLINE_CURVE_WITH_KNOTS('',1,(#15395,#15396),.UNSPECIFIED.,
  .F.,.F.,(2,2),(-5.7,-0.5),.PIECEWISE_BEZIER_KNOTS.);
#15395 = CARTESIAN_POINT('',(4.39,-5.2));
#15396 = CARTESIAN_POINT('',(4.39,0.));
#15397 = ( GEOMETRIC_REPRESENTATION_CONTEXT(2) 
PARAMETRIC_REPRESENTATION_CONTEXT() REPRESENTATION_CONTEXT('2D SPACE',''
  ) );
#15398 = ORIENTED_EDGE('',*,*,#13814,.T.);
#15399 = ADVANCED_FACE('',(#15400),#13596,.F.);
#15400 = FACE_BOUND('',#15401,.F.);
#15401 = EDGE_LOOP('',(#15402,#15403,#15426,#15447,#15448,#15449));
#15402 = ORIENTED_EDGE('',*,*,#13684,.F.);
#15403 = ORIENTED_EDGE('',*,*,#15404,.F.);
#15404 = EDGE_CURVE('',#15405,#13685,#15407,.T.);
#15405 = VERTEX_POINT('',#15406);
#15406 = CARTESIAN_POINT('',(-16.65,-58.7,-7.));
#15407 = SURFACE_CURVE('',#15408,(#15412,#15419),.PCURVE_S1.);
#15408 = LINE('',#15409,#15410);
#15409 = CARTESIAN_POINT('',(-16.65,-58.7,-7.));
#15410 = VECTOR('',#15411,1.);
#15411 = DIRECTION('',(0.,0.,1.));
#15412 = PCURVE('',#13596,#15413);
#15413 = DEFINITIONAL_REPRESENTATION('',(#15414),#15418);
#15414 = LINE('',#15415,#15416);
#15415 = CARTESIAN_POINT('',(0.,0.));
#15416 = VECTOR('',#15417,1.);
#15417 = DIRECTION('',(1.,0.));
#15418 = ( GEOMETRIC_REPRESENTATION_CONTEXT(2) 
PARAMETRIC_REPRESENTATION_CONTEXT() REPRESENTATION_CONTEXT('2D SPACE',''
  ) );
#15419 = PCURVE('',#13723,#15420);
#15420 = DEFINITIONAL_REPRESENTATION('',(#15421),#15425);
#15421 = LINE('',#15422,#15423);
#15422 = CARTESIAN_POINT('',(0.,0.));
#15423 = VECTOR('',#15424,1.);
#15424 = DIRECTION('',(1.,0.));
#15425 = ( GEOMETRIC_REPRESENTATION_CONTEXT(2) 
PARAMETRIC_REPRESENTATION_CONTEXT() REPRESENTATION_CONTEXT('2D SPACE',''
  ) );
#15426 = ORIENTED_EDGE('',*,*,#15427,.T.);
#15427 = EDGE_CURVE('',#15405,#15331,#15428,.T.);
#15428 = SURFACE_CURVE('',#15429,(#15433,#15440),.PCURVE_S1.);
#15429 = LINE('',#15430,#15431);
#15430 = CARTESIAN_POINT('',(-16.65,-58.7,-7.));
#15431 = VECTOR('',#15432,1.);
#15432 = DIRECTION('',(0.,1.,0.));
#15433 = PCURVE('',#13596,#15434);
#15434 = DEFINITIONAL_REPRESENTATION('',(#15435),#15439);
#15435 = LINE('',#15436,#15437);
#15436 = CARTESIAN_POINT('',(0.,0.));
#15437 = VECTOR('',#15438,1.);
#15438 = DIRECTION('',(0.,-1.));
#15439 = ( GEOMETRIC_REPRESENTATION_CONTEXT(2) 
PARAMETRIC_REPRESENTATION_CONTEXT() REPRESENTATION_CONTEXT('2D SPACE',''
  ) );
#15440 = PCURVE('',#15346,#15441);
#15441 = DEFINITIONAL_REPRESENTATION('',(#15442),#15446);
#15442 = LINE('',#15443,#15444);
#15443 = CARTESIAN_POINT('',(0.,0.));
#15444 = VECTOR('',#15445,1.);
#15445 = DIRECTION('',(0.,1.));
#15446 = ( GEOMETRIC_REPRESENTATION_CONTEXT(2) 
PARAMETRIC_REPRESENTATION_CONTEXT() REPRESENTATION_CONTEXT('2D SPACE',''
  ) );
#15447 = ORIENTED_EDGE('',*,*,#15358,.T.);
#15448 = ORIENTED_EDGE('',*,*,#13583,.F.);
#15449 = ORIENTED_EDGE('',*,*,#15450,.F.);
#15450 = EDGE_CURVE('',#13662,#13556,#15451,.T.);
#15451 = SURFACE_CURVE('',#15452,(#15456,#15462),.PCURVE_S1.);
#15452 = LINE('',#15453,#15454);
#15453 = CARTESIAN_POINT('',(-16.65,-57.40484581497,-6.5));
#15454 = VECTOR('',#15455,1.);
#15455 = DIRECTION('',(0.,-0.,-1.));
#15456 = PCURVE('',#13596,#15457);
#15457 = DEFINITIONAL_REPRESENTATION('',(#15458),#15461);
#15458 = B_SPLINE_CURVE_WITH_KNOTS('',1,(#15459,#15460),.UNSPECIFIED.,
  .F.,.F.,(2,2),(-5.7,-0.5),.PIECEWISE_BEZIER_KNOTS.);
#15459 = CARTESIAN_POINT('',(6.2,-1.295154185022));
#15460 = CARTESIAN_POINT('',(1.,-1.295154185022));
#15461 = ( GEOMETRIC_REPRESENTATION_CONTEXT(2) 
PARAMETRIC_REPRESENTATION_CONTEXT() REPRESENTATION_CONTEXT('2D SPACE',''
  ) );
#15462 = PCURVE('',#13571,#15463);
#15463 = DEFINITIONAL_REPRESENTATION('',(#15464),#15467);
#15464 = B_SPLINE_CURVE_WITH_KNOTS('',1,(#15465,#15466),.UNSPECIFIED.,
  .F.,.F.,(2,2),(-5.7,-0.5),.PIECEWISE_BEZIER_KNOTS.);
#15465 = CARTESIAN_POINT('',(16.935536345901,-5.2));
#15466 = CARTESIAN_POINT('',(16.935536345901,0.));
#15467 = ( GEOMETRIC_REPRESENTATION_CONTEXT(2) 
PARAMETRIC_REPRESENTATION_CONTEXT() REPRESENTATION_CONTEXT('2D SPACE',''
  ) );
#15468 = ADVANCED_FACE('',(#15469),#13571,.F.);
#15469 = FACE_BOUND('',#15470,.F.);
#15470 = EDGE_LOOP('',(#15471,#15472,#15473,#15474));
#15471 = ORIENTED_EDGE('',*,*,#13555,.F.);
#15472 = ORIENTED_EDGE('',*,*,#13635,.T.);
#15473 = ORIENTED_EDGE('',*,*,#13661,.T.);
#15474 = ORIENTED_EDGE('',*,*,#15450,.T.);
#15475 = ADVANCED_FACE('',(#15476),#13499,.F.);
#15476 = FACE_BOUND('',#15477,.F.);
#15477 = EDGE_LOOP('',(#15478,#15479,#15480,#15481));
#15478 = ORIENTED_EDGE('',*,*,#13483,.F.);
#15479 = ORIENTED_EDGE('',*,*,#15380,.F.);
#15480 = ORIENTED_EDGE('',*,*,#13837,.T.);
#15481 = ORIENTED_EDGE('',*,*,#14622,.F.);
#15482 = ADVANCED_FACE('',(#15483),#13984,.T.);
#15483 = FACE_BOUND('',#15484,.F.);
#15484 = EDGE_LOOP('',(#15485,#15486,#15507,#15508));
#15485 = ORIENTED_EDGE('',*,*,#14508,.T.);
#15486 = ORIENTED_EDGE('',*,*,#15487,.T.);
#15487 = EDGE_CURVE('',#14486,#13936,#15488,.T.);
#15488 = SURFACE_CURVE('',#15489,(#15493,#15500),.PCURVE_S1.);
#15489 = LINE('',#15490,#15491);
#15490 = CARTESIAN_POINT('',(-32.,-50.6,-9.));
#15491 = VECTOR('',#15492,1.);
#15492 = DIRECTION('',(0.,0.,1.));
#15493 = PCURVE('',#13984,#15494);
#15494 = DEFINITIONAL_REPRESENTATION('',(#15495),#15499);
#15495 = LINE('',#15496,#15497);
#15496 = CARTESIAN_POINT('',(-1.570796326795,0.));
#15497 = VECTOR('',#15498,1.);
#15498 = DIRECTION('',(-0.,1.));
#15499 = ( GEOMETRIC_REPRESENTATION_CONTEXT(2) 
PARAMETRIC_REPRESENTATION_CONTEXT() REPRESENTATION_CONTEXT('2D SPACE',''
  ) );
#15500 = PCURVE('',#13951,#15501);
#15501 = DEFINITIONAL_REPRESENTATION('',(#15502),#15506);
#15502 = LINE('',#15503,#15504);
#15503 = CARTESIAN_POINT('',(0.,15.));
#15504 = VECTOR('',#15505,1.);
#15505 = DIRECTION('',(1.,0.));
#15506 = ( GEOMETRIC_REPRESENTATION_CONTEXT(2) 
PARAMETRIC_REPRESENTATION_CONTEXT() REPRESENTATION_CONTEXT('2D SPACE',''
  ) );
#15507 = ORIENTED_EDGE('',*,*,#13963,.F.);
#15508 = ORIENTED_EDGE('',*,*,#14091,.F.);
#15509 = ADVANCED_FACE('',(#15510),#13951,.F.);
#15510 = FACE_BOUND('',#15511,.F.);
#15511 = EDGE_LOOP('',(#15512,#15513,#15534,#15535,#15536,#15537,#15558,
    #15584));
#15512 = ORIENTED_EDGE('',*,*,#14238,.F.);
#15513 = ORIENTED_EDGE('',*,*,#15514,.T.);
#15514 = EDGE_CURVE('',#14215,#13907,#15515,.T.);
#15515 = SURFACE_CURVE('',#15516,(#15520,#15527),.PCURVE_S1.);
#15516 = LINE('',#15517,#15518);
#15517 = CARTESIAN_POINT('',(-44.,-50.6,-9.));
#15518 = VECTOR('',#15519,1.);
#15519 = DIRECTION('',(0.,0.,1.));
#15520 = PCURVE('',#13951,#15521);
#15521 = DEFINITIONAL_REPRESENTATION('',(#15522),#15526);
#15522 = LINE('',#15523,#15524);
#15523 = CARTESIAN_POINT('',(0.,3.));
#15524 = VECTOR('',#15525,1.);
#15525 = DIRECTION('',(1.,0.));
#15526 = ( GEOMETRIC_REPRESENTATION_CONTEXT(2) 
PARAMETRIC_REPRESENTATION_CONTEXT() REPRESENTATION_CONTEXT('2D SPACE',''
  ) );
#15527 = PCURVE('',#13923,#15528);
#15528 = DEFINITIONAL_REPRESENTATION('',(#15529),#15533);
#15529 = LINE('',#15530,#15531);
#15530 = CARTESIAN_POINT('',(1.570796326795,0.));
#15531 = VECTOR('',#15532,1.);
#15532 = DIRECTION('',(0.,1.));
#15533 = ( GEOMETRIC_REPRESENTATION_CONTEXT(2) 
PARAMETRIC_REPRESENTATION_CONTEXT() REPRESENTATION_CONTEXT('2D SPACE',''
  ) );
#15534 = ORIENTED_EDGE('',*,*,#13935,.T.);
#15535 = ORIENTED_EDGE('',*,*,#15487,.F.);
#15536 = ORIENTED_EDGE('',*,*,#14485,.F.);
#15537 = ORIENTED_EDGE('',*,*,#15538,.F.);
#15538 = EDGE_CURVE('',#15539,#14458,#15541,.T.);
#15539 = VERTEX_POINT('',#15540);
#15540 = CARTESIAN_POINT('',(-34.15,-50.6,-5.6));
#15541 = SURFACE_CURVE('',#15542,(#15546,#15552),.PCURVE_S1.);
#15542 = LINE('',#15543,#15544);
#15543 = CARTESIAN_POINT('',(-34.15,-50.6,-9.));
#15544 = VECTOR('',#15545,1.);
#15545 = DIRECTION('',(0.,0.,-1.));
#15546 = PCURVE('',#13951,#15547);
#15547 = DEFINITIONAL_REPRESENTATION('',(#15548),#15551);
#15548 = B_SPLINE_CURVE_WITH_KNOTS('',1,(#15549,#15550),.UNSPECIFIED.,
  .F.,.F.,(2,2),(-3.4,0.),.PIECEWISE_BEZIER_KNOTS.);
#15549 = CARTESIAN_POINT('',(3.4,12.85));
#15550 = CARTESIAN_POINT('',(0.,12.85));
#15551 = ( GEOMETRIC_REPRESENTATION_CONTEXT(2) 
PARAMETRIC_REPRESENTATION_CONTEXT() REPRESENTATION_CONTEXT('2D SPACE',''
  ) );
#15552 = PCURVE('',#14473,#15553);
#15553 = DEFINITIONAL_REPRESENTATION('',(#15554),#15557);
#15554 = B_SPLINE_CURVE_WITH_KNOTS('',1,(#15555,#15556),.UNSPECIFIED.,
  .F.,.F.,(2,2),(-3.4,0.),.PIECEWISE_BEZIER_KNOTS.);
#15555 = CARTESIAN_POINT('',(3.4,-1.));
#15556 = CARTESIAN_POINT('',(0.,-1.));
#15557 = ( GEOMETRIC_REPRESENTATION_CONTEXT(2) 
PARAMETRIC_REPRESENTATION_CONTEXT() REPRESENTATION_CONTEXT('2D SPACE',''
  ) );
#15558 = ORIENTED_EDGE('',*,*,#15559,.F.);
#15559 = EDGE_CURVE('',#15560,#15539,#15562,.T.);
#15560 = VERTEX_POINT('',#15561);
#15561 = CARTESIAN_POINT('',(-41.85,-50.6,-5.6));
#15562 = SURFACE_CURVE('',#15563,(#15567,#15573),.PCURVE_S1.);
#15563 = LINE('',#15564,#15565);
#15564 = CARTESIAN_POINT('',(-42.5,-50.6,-5.6));
#15565 = VECTOR('',#15566,1.);
#15566 = DIRECTION('',(1.,0.,0.));
#15567 = PCURVE('',#13951,#15568);
#15568 = DEFINITIONAL_REPRESENTATION('',(#15569),#15572);
#15569 = B_SPLINE_CURVE_WITH_KNOTS('',1,(#15570,#15571),.UNSPECIFIED.,
  .F.,.F.,(2,2),(7.264973081037E-02,10.082050807569),
  .PIECEWISE_BEZIER_KNOTS.);
#15570 = CARTESIAN_POINT('',(3.4,4.57264973081));
#15571 = CARTESIAN_POINT('',(3.4,14.582050807569));
#15572 = ( GEOMETRIC_REPRESENTATION_CONTEXT(2) 
PARAMETRIC_REPRESENTATION_CONTEXT() REPRESENTATION_CONTEXT('2D SPACE',''
  ) );
#15573 = PCURVE('',#15574,#15579);
#15574 = PLANE('',#15575);
#15575 = AXIS2_PLACEMENT_3D('',#15576,#15577,#15578);
#15576 = CARTESIAN_POINT('',(-38.,-43.,-5.6));
#15577 = DIRECTION('',(0.,0.,1.));
#15578 = DIRECTION('',(0.866025403784,0.5,0.));
#15579 = DEFINITIONAL_REPRESENTATION('',(#15580),#15583);
#15580 = B_SPLINE_CURVE_WITH_KNOTS('',1,(#15581,#15582),.UNSPECIFIED.,
  .F.,.F.,(2,2),(7.264973081037E-02,10.082050807569),
  .PIECEWISE_BEZIER_KNOTS.);
#15581 = CARTESIAN_POINT('',(-7.63419780457,-4.368117934167));
#15582 = CARTESIAN_POINT('',(1.03419780457,-9.372818472546));
#15583 = ( GEOMETRIC_REPRESENTATION_CONTEXT(2) 
PARAMETRIC_REPRESENTATION_CONTEXT() REPRESENTATION_CONTEXT('2D SPACE',''
  ) );
#15584 = ORIENTED_EDGE('',*,*,#15585,.T.);
#15585 = EDGE_CURVE('',#15560,#14239,#15586,.T.);
#15586 = SURFACE_CURVE('',#15587,(#15591,#15597),.PCURVE_S1.);
#15587 = LINE('',#15588,#15589);
#15588 = CARTESIAN_POINT('',(-41.85,-50.6,-9.));
#15589 = VECTOR('',#15590,1.);
#15590 = DIRECTION('',(0.,0.,-1.));
#15591 = PCURVE('',#13951,#15592);
#15592 = DEFINITIONAL_REPRESENTATION('',(#15593),#15596);
#15593 = B_SPLINE_CURVE_WITH_KNOTS('',1,(#15594,#15595),.UNSPECIFIED.,
  .F.,.F.,(2,2),(-3.4,0.),.PIECEWISE_BEZIER_KNOTS.);
#15594 = CARTESIAN_POINT('',(3.4,5.15));
#15595 = CARTESIAN_POINT('',(0.,5.15));
#15596 = ( GEOMETRIC_REPRESENTATION_CONTEXT(2) 
PARAMETRIC_REPRESENTATION_CONTEXT() REPRESENTATION_CONTEXT('2D SPACE',''
  ) );
#15597 = PCURVE('',#14277,#15598);
#15598 = DEFINITIONAL_REPRESENTATION('',(#15599),#15602);
#15599 = B_SPLINE_CURVE_WITH_KNOTS('',1,(#15600,#15601),.UNSPECIFIED.,
  .F.,.F.,(2,2),(-3.4,0.),.PIECEWISE_BEZIER_KNOTS.);
#15600 = CARTESIAN_POINT('',(3.4,-1.));
#15601 = CARTESIAN_POINT('',(0.,-1.));
#15602 = ( GEOMETRIC_REPRESENTATION_CONTEXT(2) 
PARAMETRIC_REPRESENTATION_CONTEXT() REPRESENTATION_CONTEXT('2D SPACE',''
  ) );
#15603 = ADVANCED_FACE('',(#15604),#13723,.F.);
#15604 = FACE_BOUND('',#15605,.F.);
#15605 = EDGE_LOOP('',(#15606,#15629,#15630,#15631,#15632));
#15606 = ORIENTED_EDGE('',*,*,#15607,.F.);
#15607 = EDGE_CURVE('',#15405,#15608,#15610,.T.);
#15608 = VERTEX_POINT('',#15609);
#15609 = CARTESIAN_POINT('',(-5.,-58.7,-7.));
#15610 = SURFACE_CURVE('',#15611,(#15615,#15622),.PCURVE_S1.);
#15611 = LINE('',#15612,#15613);
#15612 = CARTESIAN_POINT('',(-16.65,-58.7,-7.));
#15613 = VECTOR('',#15614,1.);
#15614 = DIRECTION('',(1.,0.,0.));
#15615 = PCURVE('',#13723,#15616);
#15616 = DEFINITIONAL_REPRESENTATION('',(#15617),#15621);
#15617 = LINE('',#15618,#15619);
#15618 = CARTESIAN_POINT('',(0.,0.));
#15619 = VECTOR('',#15620,1.);
#15620 = DIRECTION('',(0.,1.));
#15621 = ( GEOMETRIC_REPRESENTATION_CONTEXT(2) 
PARAMETRIC_REPRESENTATION_CONTEXT() REPRESENTATION_CONTEXT('2D SPACE',''
  ) );
#15622 = PCURVE('',#15346,#15623);
#15623 = DEFINITIONAL_REPRESENTATION('',(#15624),#15628);
#15624 = LINE('',#15625,#15626);
#15625 = CARTESIAN_POINT('',(0.,0.));
#15626 = VECTOR('',#15627,1.);
#15627 = DIRECTION('',(1.,0.));
#15628 = ( GEOMETRIC_REPRESENTATION_CONTEXT(2) 
PARAMETRIC_REPRESENTATION_CONTEXT() REPRESENTATION_CONTEXT('2D SPACE',''
  ) );
#15629 = ORIENTED_EDGE('',*,*,#15404,.T.);
#15630 = ORIENTED_EDGE('',*,*,#13707,.T.);
#15631 = ORIENTED_EDGE('',*,*,#13735,.T.);
#15632 = ORIENTED_EDGE('',*,*,#15633,.F.);
#15633 = EDGE_CURVE('',#15608,#13736,#15634,.T.);
#15634 = SURFACE_CURVE('',#15635,(#15639,#15646),.PCURVE_S1.);
#15635 = LINE('',#15636,#15637);
#15636 = CARTESIAN_POINT('',(-5.,-58.7,-7.));
#15637 = VECTOR('',#15638,1.);
#15638 = DIRECTION('',(0.,0.,1.));
#15639 = PCURVE('',#13723,#15640);
#15640 = DEFINITIONAL_REPRESENTATION('',(#15641),#15645);
#15641 = LINE('',#15642,#15643);
#15642 = CARTESIAN_POINT('',(0.,11.65));
#15643 = VECTOR('',#15644,1.);
#15644 = DIRECTION('',(1.,0.));
#15645 = ( GEOMETRIC_REPRESENTATION_CONTEXT(2) 
PARAMETRIC_REPRESENTATION_CONTEXT() REPRESENTATION_CONTEXT('2D SPACE',''
  ) );
#15646 = PCURVE('',#13774,#15647);
#15647 = DEFINITIONAL_REPRESENTATION('',(#15648),#15652);
#15648 = LINE('',#15649,#15650);
#15649 = CARTESIAN_POINT('',(0.,0.));
#15650 = VECTOR('',#15651,1.);
#15651 = DIRECTION('',(1.,0.));
#15652 = ( GEOMETRIC_REPRESENTATION_CONTEXT(2) 
PARAMETRIC_REPRESENTATION_CONTEXT() REPRESENTATION_CONTEXT('2D SPACE',''
  ) );
#15653 = ADVANCED_FACE('',(#15654),#13923,.T.);
#15654 = FACE_BOUND('',#15655,.T.);
#15655 = EDGE_LOOP('',(#15656,#15657,#15658,#15659));
#15656 = ORIENTED_EDGE('',*,*,#14214,.T.);
#15657 = ORIENTED_EDGE('',*,*,#15514,.T.);
#15658 = ORIENTED_EDGE('',*,*,#13906,.F.);
#15659 = ORIENTED_EDGE('',*,*,#14593,.F.);
#15660 = ADVANCED_FACE('',(#15661),#13774,.T.);
#15661 = FACE_BOUND('',#15662,.T.);
#15662 = EDGE_LOOP('',(#15663,#15664,#15665,#15688));
#15663 = ORIENTED_EDGE('',*,*,#13758,.F.);
#15664 = ORIENTED_EDGE('',*,*,#15633,.F.);
#15665 = ORIENTED_EDGE('',*,*,#15666,.T.);
#15666 = EDGE_CURVE('',#15608,#15667,#15669,.T.);
#15667 = VERTEX_POINT('',#15668);
#15668 = CARTESIAN_POINT('',(-5.,-55.51,-7.));
#15669 = SURFACE_CURVE('',#15670,(#15674,#15681),.PCURVE_S1.);
#15670 = LINE('',#15671,#15672);
#15671 = CARTESIAN_POINT('',(-5.,-58.7,-7.));
#15672 = VECTOR('',#15673,1.);
#15673 = DIRECTION('',(0.,1.,0.));
#15674 = PCURVE('',#13774,#15675);
#15675 = DEFINITIONAL_REPRESENTATION('',(#15676),#15680);
#15676 = LINE('',#15677,#15678);
#15677 = CARTESIAN_POINT('',(0.,0.));
#15678 = VECTOR('',#15679,1.);
#15679 = DIRECTION('',(0.,-1.));
#15680 = ( GEOMETRIC_REPRESENTATION_CONTEXT(2) 
PARAMETRIC_REPRESENTATION_CONTEXT() REPRESENTATION_CONTEXT('2D SPACE',''
  ) );
#15681 = PCURVE('',#15346,#15682);
#15682 = DEFINITIONAL_REPRESENTATION('',(#15683),#15687);
#15683 = LINE('',#15684,#15685);
#15684 = CARTESIAN_POINT('',(11.65,0.));
#15685 = VECTOR('',#15686,1.);
#15686 = DIRECTION('',(0.,1.));
#15687 = ( GEOMETRIC_REPRESENTATION_CONTEXT(2) 
PARAMETRIC_REPRESENTATION_CONTEXT() REPRESENTATION_CONTEXT('2D SPACE',''
  ) );
#15688 = ORIENTED_EDGE('',*,*,#15689,.T.);
#15689 = EDGE_CURVE('',#15667,#13759,#15690,.T.);
#15690 = SURFACE_CURVE('',#15691,(#15695,#15702),.PCURVE_S1.);
#15691 = LINE('',#15692,#15693);
#15692 = CARTESIAN_POINT('',(-5.,-55.51,-7.));
#15693 = VECTOR('',#15694,1.);
#15694 = DIRECTION('',(0.,0.,1.));
#15695 = PCURVE('',#13774,#15696);
#15696 = DEFINITIONAL_REPRESENTATION('',(#15697),#15701);
#15697 = LINE('',#15698,#15699);
#15698 = CARTESIAN_POINT('',(0.,-3.19));
#15699 = VECTOR('',#15700,1.);
#15700 = DIRECTION('',(1.,0.));
#15701 = ( GEOMETRIC_REPRESENTATION_CONTEXT(2) 
PARAMETRIC_REPRESENTATION_CONTEXT() REPRESENTATION_CONTEXT('2D SPACE',''
  ) );
#15702 = PCURVE('',#13802,#15703);
#15703 = DEFINITIONAL_REPRESENTATION('',(#15704),#15708);
#15704 = LINE('',#15705,#15706);
#15705 = CARTESIAN_POINT('',(0.,0.));
#15706 = VECTOR('',#15707,1.);
#15707 = DIRECTION('',(0.,-1.));
#15708 = ( GEOMETRIC_REPRESENTATION_CONTEXT(2) 
PARAMETRIC_REPRESENTATION_CONTEXT() REPRESENTATION_CONTEXT('2D SPACE',''
  ) );
#15709 = ADVANCED_FACE('',(#15710),#13802,.F.);
#15710 = FACE_BOUND('',#15711,.F.);
#15711 = EDGE_LOOP('',(#15712,#15713,#15714,#15715));
#15712 = ORIENTED_EDGE('',*,*,#15689,.T.);
#15713 = ORIENTED_EDGE('',*,*,#13786,.T.);
#15714 = ORIENTED_EDGE('',*,*,#15307,.F.);
#15715 = ORIENTED_EDGE('',*,*,#15716,.F.);
#15716 = EDGE_CURVE('',#15667,#15308,#15717,.T.);
#15717 = SURFACE_CURVE('',#15718,(#15722,#15729),.PCURVE_S1.);
#15718 = LINE('',#15719,#15720);
#15719 = CARTESIAN_POINT('',(-5.,-55.51,-7.));
#15720 = VECTOR('',#15721,1.);
#15721 = DIRECTION('',(-0.707106781187,0.707106781187,0.));
#15722 = PCURVE('',#13802,#15723);
#15723 = DEFINITIONAL_REPRESENTATION('',(#15724),#15728);
#15724 = LINE('',#15725,#15726);
#15725 = CARTESIAN_POINT('',(0.,0.));
#15726 = VECTOR('',#15727,1.);
#15727 = DIRECTION('',(1.,0.));
#15728 = ( GEOMETRIC_REPRESENTATION_CONTEXT(2) 
PARAMETRIC_REPRESENTATION_CONTEXT() REPRESENTATION_CONTEXT('2D SPACE',''
  ) );
#15729 = PCURVE('',#15346,#15730);
#15730 = DEFINITIONAL_REPRESENTATION('',(#15731),#15735);
#15731 = LINE('',#15732,#15733);
#15732 = CARTESIAN_POINT('',(11.65,3.19));
#15733 = VECTOR('',#15734,1.);
#15734 = DIRECTION('',(-0.707106781187,0.707106781187));
#15735 = ( GEOMETRIC_REPRESENTATION_CONTEXT(2) 
PARAMETRIC_REPRESENTATION_CONTEXT() REPRESENTATION_CONTEXT('2D SPACE',''
  ) );
#15736 = ADVANCED_FACE('',(#15737),#14040,.F.);
#15737 = FACE_BOUND('',#15738,.T.);
#15738 = EDGE_LOOP('',(#15739,#15767,#15788,#15789));
#15739 = ORIENTED_EDGE('',*,*,#15740,.T.);
#15740 = EDGE_CURVE('',#15741,#15741,#15743,.T.);
#15741 = VERTEX_POINT('',#15742);
#15742 = CARTESIAN_POINT('',(-35.8,-43.,-5.6));
#15743 = SURFACE_CURVE('',#15744,(#15749,#15756),.PCURVE_S1.);
#15744 = CIRCLE('',#15745,2.2);
#15745 = AXIS2_PLACEMENT_3D('',#15746,#15747,#15748);
#15746 = CARTESIAN_POINT('',(-38.,-43.,-5.6));
#15747 = DIRECTION('',(0.,0.,-1.));
#15748 = DIRECTION('',(1.,0.,0.));
#15749 = PCURVE('',#14040,#15750);
#15750 = DEFINITIONAL_REPRESENTATION('',(#15751),#15755);
#15751 = LINE('',#15752,#15753);
#15752 = CARTESIAN_POINT('',(-6.28318530718,-7.4));
#15753 = VECTOR('',#15754,1.);
#15754 = DIRECTION('',(1.,-0.));
#15755 = ( GEOMETRIC_REPRESENTATION_CONTEXT(2) 
PARAMETRIC_REPRESENTATION_CONTEXT() REPRESENTATION_CONTEXT('2D SPACE',''
  ) );
#15756 = PCURVE('',#15574,#15757);
#15757 = DEFINITIONAL_REPRESENTATION('',(#15758),#15766);
#15758 = ( BOUNDED_CURVE() B_SPLINE_CURVE(2,(#15759,#15760,#15761,#15762
    ,#15763,#15764,#15765),.UNSPECIFIED.,.T.,.F.) 
B_SPLINE_CURVE_WITH_KNOTS((1,2,2,2,2,1),(-2.094395102393,0.,
    2.094395102393,4.188790204786,6.28318530718,8.377580409573),
.UNSPECIFIED.) CURVE() GEOMETRIC_REPRESENTATION_ITEM() 
RATIONAL_B_SPLINE_CURVE((1.,0.5,1.,0.5,1.,0.5,1.)) REPRESENTATION_ITEM(
  '') );
#15759 = CARTESIAN_POINT('',(1.905255888326,-1.1));
#15760 = CARTESIAN_POINT('',(8.865842111633E-16,-4.4));
#15761 = CARTESIAN_POINT('',(-1.905255888326,-1.1));
#15762 = CARTESIAN_POINT('',(-3.810511776652,2.2));
#15763 = CARTESIAN_POINT('',(-1.212477180135E-15,2.2));
#15764 = CARTESIAN_POINT('',(3.810511776652,2.2));
#15765 = CARTESIAN_POINT('',(1.905255888326,-1.1));
#15766 = ( GEOMETRIC_REPRESENTATION_CONTEXT(2) 
PARAMETRIC_REPRESENTATION_CONTEXT() REPRESENTATION_CONTEXT('2D SPACE',''
  ) );
#15767 = ORIENTED_EDGE('',*,*,#15768,.T.);
#15768 = EDGE_CURVE('',#15741,#14020,#15769,.T.);
#15769 = SEAM_CURVE('',#15770,(#15774,#15781),.PCURVE_S1.);
#15770 = LINE('',#15771,#15772);
#15771 = CARTESIAN_POINT('',(-35.8,-43.,-13.));
#15772 = VECTOR('',#15773,1.);
#15773 = DIRECTION('',(0.,0.,1.));
#15774 = PCURVE('',#14040,#15775);
#15775 = DEFINITIONAL_REPRESENTATION('',(#15776),#15780);
#15776 = LINE('',#15777,#15778);
#15777 = CARTESIAN_POINT('',(-6.28318530718,0.));
#15778 = VECTOR('',#15779,1.);
#15779 = DIRECTION('',(-0.,-1.));
#15780 = ( GEOMETRIC_REPRESENTATION_CONTEXT(2) 
PARAMETRIC_REPRESENTATION_CONTEXT() REPRESENTATION_CONTEXT('2D SPACE',''
  ) );
#15781 = PCURVE('',#14040,#15782);
#15782 = DEFINITIONAL_REPRESENTATION('',(#15783),#15787);
#15783 = LINE('',#15784,#15785);
#15784 = CARTESIAN_POINT('',(-0.,0.));
#15785 = VECTOR('',#15786,1.);
#15786 = DIRECTION('',(-0.,-1.));
#15787 = ( GEOMETRIC_REPRESENTATION_CONTEXT(2) 
PARAMETRIC_REPRESENTATION_CONTEXT() REPRESENTATION_CONTEXT('2D SPACE',''
  ) );
#15788 = ORIENTED_EDGE('',*,*,#14019,.F.);
#15789 = ORIENTED_EDGE('',*,*,#15768,.F.);
#15790 = ADVANCED_FACE('',(#15791),#14075,.F.);
#15791 = FACE_BOUND('',#15792,.T.);
#15792 = EDGE_LOOP('',(#15793,#15822,#15843,#15844));
#15793 = ORIENTED_EDGE('',*,*,#15794,.F.);
#15794 = EDGE_CURVE('',#15795,#15795,#15797,.T.);
#15795 = VERTEX_POINT('',#15796);
#15796 = CARTESIAN_POINT('',(-40.9,-36.5,-5.4));
#15797 = SURFACE_CURVE('',#15798,(#15803,#15810),.PCURVE_S1.);
#15798 = CIRCLE('',#15799,1.6);
#15799 = AXIS2_PLACEMENT_3D('',#15800,#15801,#15802);
#15800 = CARTESIAN_POINT('',(-42.5,-36.5,-5.4));
#15801 = DIRECTION('',(0.,0.,1.));
#15802 = DIRECTION('',(1.,0.,0.));
#15803 = PCURVE('',#14075,#15804);
#15804 = DEFINITIONAL_REPRESENTATION('',(#15805),#15809);
#15805 = LINE('',#15806,#15807);
#15806 = CARTESIAN_POINT('',(-0.,0.));
#15807 = VECTOR('',#15808,1.);
#15808 = DIRECTION('',(-1.,0.));
#15809 = ( GEOMETRIC_REPRESENTATION_CONTEXT(2) 
PARAMETRIC_REPRESENTATION_CONTEXT() REPRESENTATION_CONTEXT('2D SPACE',''
  ) );
#15810 = PCURVE('',#15811,#15816);
#15811 = PLANE('',#15812);
#15812 = AXIS2_PLACEMENT_3D('',#15813,#15814,#15815);
#15813 = CARTESIAN_POINT('',(-42.5,-36.5,-5.4));
#15814 = DIRECTION('',(0.,0.,1.));
#15815 = DIRECTION('',(1.,0.,-0.));
#15816 = DEFINITIONAL_REPRESENTATION('',(#15817),#15821);
#15817 = CIRCLE('',#15818,1.6);
#15818 = AXIS2_PLACEMENT_2D('',#15819,#15820);
#15819 = CARTESIAN_POINT('',(-7.105427357601E-15,0.));
#15820 = DIRECTION('',(1.,0.));
#15821 = ( GEOMETRIC_REPRESENTATION_CONTEXT(2) 
PARAMETRIC_REPRESENTATION_CONTEXT() REPRESENTATION_CONTEXT('2D SPACE',''
  ) );
#15822 = ORIENTED_EDGE('',*,*,#15823,.T.);
#15823 = EDGE_CURVE('',#15795,#14055,#15824,.T.);
#15824 = SEAM_CURVE('',#15825,(#15829,#15836),.PCURVE_S1.);
#15825 = LINE('',#15826,#15827);
#15826 = CARTESIAN_POINT('',(-40.9,-36.5,-5.4));
#15827 = VECTOR('',#15828,1.);
#15828 = DIRECTION('',(0.,0.,1.));
#15829 = PCURVE('',#14075,#15830);
#15830 = DEFINITIONAL_REPRESENTATION('',(#15831),#15835);
#15831 = LINE('',#15832,#15833);
#15832 = CARTESIAN_POINT('',(-6.28318530718,0.));
#15833 = VECTOR('',#15834,1.);
#15834 = DIRECTION('',(-0.,-1.));
#15835 = ( GEOMETRIC_REPRESENTATION_CONTEXT(2) 
PARAMETRIC_REPRESENTATION_CONTEXT() REPRESENTATION_CONTEXT('2D SPACE',''
  ) );
#15836 = PCURVE('',#14075,#15837);
#15837 = DEFINITIONAL_REPRESENTATION('',(#15838),#15842);
#15838 = LINE('',#15839,#15840);
#15839 = CARTESIAN_POINT('',(-0.,0.));
#15840 = VECTOR('',#15841,1.);
#15841 = DIRECTION('',(-0.,-1.));
#15842 = ( GEOMETRIC_REPRESENTATION_CONTEXT(2) 
PARAMETRIC_REPRESENTATION_CONTEXT() REPRESENTATION_CONTEXT('2D SPACE',''
  ) );
#15843 = ORIENTED_EDGE('',*,*,#14054,.F.);
#15844 = ORIENTED_EDGE('',*,*,#15823,.F.);
#15845 = ADVANCED_FACE('',(#15846),#14473,.F.);
#15846 = FACE_BOUND('',#15847,.F.);
#15847 = EDGE_LOOP('',(#15848,#15871,#15872,#15873));
#15848 = ORIENTED_EDGE('',*,*,#15849,.F.);
#15849 = EDGE_CURVE('',#15539,#15850,#15852,.T.);
#15850 = VERTEX_POINT('',#15851);
#15851 = CARTESIAN_POINT('',(-34.15,-43.,-5.6));
#15852 = SURFACE_CURVE('',#15853,(#15857,#15864),.PCURVE_S1.);
#15853 = LINE('',#15854,#15855);
#15854 = CARTESIAN_POINT('',(-34.15,-51.6,-5.6));
#15855 = VECTOR('',#15856,1.);
#15856 = DIRECTION('',(0.,1.,0.));
#15857 = PCURVE('',#14473,#15858);
#15858 = DEFINITIONAL_REPRESENTATION('',(#15859),#15863);
#15859 = LINE('',#15860,#15861);
#15860 = CARTESIAN_POINT('',(3.4,0.));
#15861 = VECTOR('',#15862,1.);
#15862 = DIRECTION('',(0.,-1.));
#15863 = ( GEOMETRIC_REPRESENTATION_CONTEXT(2) 
PARAMETRIC_REPRESENTATION_CONTEXT() REPRESENTATION_CONTEXT('2D SPACE',''
  ) );
#15864 = PCURVE('',#15574,#15865);
#15865 = DEFINITIONAL_REPRESENTATION('',(#15866),#15870);
#15866 = LINE('',#15867,#15868);
#15867 = CARTESIAN_POINT('',(-0.96580219543,-9.372818472546));
#15868 = VECTOR('',#15869,1.);
#15869 = DIRECTION('',(0.5,0.866025403784));
#15870 = ( GEOMETRIC_REPRESENTATION_CONTEXT(2) 
PARAMETRIC_REPRESENTATION_CONTEXT() REPRESENTATION_CONTEXT('2D SPACE',''
  ) );
#15871 = ORIENTED_EDGE('',*,*,#15538,.T.);
#15872 = ORIENTED_EDGE('',*,*,#14457,.T.);
#15873 = ORIENTED_EDGE('',*,*,#15874,.T.);
#15874 = EDGE_CURVE('',#14430,#15850,#15875,.T.);
#15875 = SURFACE_CURVE('',#15876,(#15880,#15887),.PCURVE_S1.);
#15876 = LINE('',#15877,#15878);
#15877 = CARTESIAN_POINT('',(-34.15,-43.,-9.));
#15878 = VECTOR('',#15879,1.);
#15879 = DIRECTION('',(0.,0.,1.));
#15880 = PCURVE('',#14473,#15881);
#15881 = DEFINITIONAL_REPRESENTATION('',(#15882),#15886);
#15882 = LINE('',#15883,#15884);
#15883 = CARTESIAN_POINT('',(0.,-8.6));
#15884 = VECTOR('',#15885,1.);
#15885 = DIRECTION('',(1.,0.));
#15886 = ( GEOMETRIC_REPRESENTATION_CONTEXT(2) 
PARAMETRIC_REPRESENTATION_CONTEXT() REPRESENTATION_CONTEXT('2D SPACE',''
  ) );
#15887 = PCURVE('',#14445,#15888);
#15888 = DEFINITIONAL_REPRESENTATION('',(#15889),#15893);
#15889 = LINE('',#15890,#15891);
#15890 = CARTESIAN_POINT('',(0.,7.7));
#15891 = VECTOR('',#15892,1.);
#15892 = DIRECTION('',(1.,0.));
#15893 = ( GEOMETRIC_REPRESENTATION_CONTEXT(2) 
PARAMETRIC_REPRESENTATION_CONTEXT() REPRESENTATION_CONTEXT('2D SPACE',''
  ) );
#15894 = ADVANCED_FACE('',(#15895),#14445,.F.);
#15895 = FACE_BOUND('',#15896,.F.);
#15896 = EDGE_LOOP('',(#15897,#15898,#15919,#15940));
#15897 = ORIENTED_EDGE('',*,*,#14429,.F.);
#15898 = ORIENTED_EDGE('',*,*,#15899,.F.);
#15899 = EDGE_CURVE('',#15900,#14402,#15902,.T.);
#15900 = VERTEX_POINT('',#15901);
#15901 = CARTESIAN_POINT('',(-34.35,-43.,-5.6));
#15902 = SURFACE_CURVE('',#15903,(#15907,#15913),.PCURVE_S1.);
#15903 = LINE('',#15904,#15905);
#15904 = CARTESIAN_POINT('',(-34.35,-43.,-9.));
#15905 = VECTOR('',#15906,1.);
#15906 = DIRECTION('',(0.,0.,-1.));
#15907 = PCURVE('',#14445,#15908);
#15908 = DEFINITIONAL_REPRESENTATION('',(#15909),#15912);
#15909 = B_SPLINE_CURVE_WITH_KNOTS('',1,(#15910,#15911),.UNSPECIFIED.,
  .F.,.F.,(2,2),(-3.4,0.),.PIECEWISE_BEZIER_KNOTS.);
#15910 = CARTESIAN_POINT('',(3.4,7.5));
#15911 = CARTESIAN_POINT('',(0.,7.5));
#15912 = ( GEOMETRIC_REPRESENTATION_CONTEXT(2) 
PARAMETRIC_REPRESENTATION_CONTEXT() REPRESENTATION_CONTEXT('2D SPACE',''
  ) );
#15913 = PCURVE('',#14417,#15914);
#15914 = DEFINITIONAL_REPRESENTATION('',(#15915),#15918);
#15915 = B_SPLINE_CURVE_WITH_KNOTS('',1,(#15916,#15917),.UNSPECIFIED.,
  .F.,.F.,(2,2),(-3.4,0.),.PIECEWISE_BEZIER_KNOTS.);
#15916 = CARTESIAN_POINT('',(2.107328482542,-3.4));
#15917 = CARTESIAN_POINT('',(2.107328482542,0.));
#15918 = ( GEOMETRIC_REPRESENTATION_CONTEXT(2) 
PARAMETRIC_REPRESENTATION_CONTEXT() REPRESENTATION_CONTEXT('2D SPACE',''
  ) );
#15919 = ORIENTED_EDGE('',*,*,#15920,.T.);
#15920 = EDGE_CURVE('',#15900,#15850,#15921,.T.);
#15921 = SURFACE_CURVE('',#15922,(#15926,#15933),.PCURVE_S1.);
#15922 = LINE('',#15923,#15924);
#15923 = CARTESIAN_POINT('',(-41.85,-43.,-5.6));
#15924 = VECTOR('',#15925,1.);
#15925 = DIRECTION('',(1.,0.,0.));
#15926 = PCURVE('',#14445,#15927);
#15927 = DEFINITIONAL_REPRESENTATION('',(#15928),#15932);
#15928 = LINE('',#15929,#15930);
#15929 = CARTESIAN_POINT('',(3.4,0.));
#15930 = VECTOR('',#15931,1.);
#15931 = DIRECTION('',(0.,1.));
#15932 = ( GEOMETRIC_REPRESENTATION_CONTEXT(2) 
PARAMETRIC_REPRESENTATION_CONTEXT() REPRESENTATION_CONTEXT('2D SPACE',''
  ) );
#15933 = PCURVE('',#15574,#15934);
#15934 = DEFINITIONAL_REPRESENTATION('',(#15935),#15939);
#15935 = LINE('',#15936,#15937);
#15936 = CARTESIAN_POINT('',(-3.33419780457,1.925));
#15937 = VECTOR('',#15938,1.);
#15938 = DIRECTION('',(0.866025403784,-0.5));
#15939 = ( GEOMETRIC_REPRESENTATION_CONTEXT(2) 
PARAMETRIC_REPRESENTATION_CONTEXT() REPRESENTATION_CONTEXT('2D SPACE',''
  ) );
#15940 = ORIENTED_EDGE('',*,*,#15874,.F.);
#15941 = ADVANCED_FACE('',(#15942),#14417,.T.);
#15942 = FACE_BOUND('',#15943,.T.);
#15943 = EDGE_LOOP('',(#15944,#15945,#15946,#15969));
#15944 = ORIENTED_EDGE('',*,*,#14401,.F.);
#15945 = ORIENTED_EDGE('',*,*,#15899,.F.);
#15946 = ORIENTED_EDGE('',*,*,#15947,.T.);
#15947 = EDGE_CURVE('',#15900,#15948,#15950,.T.);
#15948 = VERTEX_POINT('',#15949);
#15949 = CARTESIAN_POINT('',(-34.35,-40.89267151745,-5.6));
#15950 = SURFACE_CURVE('',#15951,(#15955,#15962),.PCURVE_S1.);
#15951 = LINE('',#15952,#15953);
#15952 = CARTESIAN_POINT('',(-34.35,-45.10732848254,-5.6));
#15953 = VECTOR('',#15954,1.);
#15954 = DIRECTION('',(3.994667054201E-16,1.,0.));
#15955 = PCURVE('',#14417,#15956);
#15956 = DEFINITIONAL_REPRESENTATION('',(#15957),#15961);
#15957 = LINE('',#15958,#15959);
#15958 = CARTESIAN_POINT('',(0.,-3.4));
#15959 = VECTOR('',#15960,1.);
#15960 = DIRECTION('',(1.,0.));
#15961 = ( GEOMETRIC_REPRESENTATION_CONTEXT(2) 
PARAMETRIC_REPRESENTATION_CONTEXT() REPRESENTATION_CONTEXT('2D SPACE',''
  ) );
#15962 = PCURVE('',#15574,#15963);
#15963 = DEFINITIONAL_REPRESENTATION('',(#15964),#15968);
#15964 = LINE('',#15965,#15966);
#15965 = CARTESIAN_POINT('',(2.107328482542,-3.65));
#15966 = VECTOR('',#15967,1.);
#15967 = DIRECTION('',(0.5,0.866025403784));
#15968 = ( GEOMETRIC_REPRESENTATION_CONTEXT(2) 
PARAMETRIC_REPRESENTATION_CONTEXT() REPRESENTATION_CONTEXT('2D SPACE',''
  ) );
#15969 = ORIENTED_EDGE('',*,*,#15970,.F.);
#15970 = EDGE_CURVE('',#14374,#15948,#15971,.T.);
#15971 = SURFACE_CURVE('',#15972,(#15976,#15983),.PCURVE_S1.);
#15972 = LINE('',#15973,#15974);
#15973 = CARTESIAN_POINT('',(-34.35,-40.89267151745,-9.));
#15974 = VECTOR('',#15975,1.);
#15975 = DIRECTION('',(0.,0.,1.));
#15976 = PCURVE('',#14417,#15977);
#15977 = DEFINITIONAL_REPRESENTATION('',(#15978),#15982);
#15978 = LINE('',#15979,#15980);
#15979 = CARTESIAN_POINT('',(4.214656965084,0.));
#15980 = VECTOR('',#15981,1.);
#15981 = DIRECTION('',(0.,-1.));
#15982 = ( GEOMETRIC_REPRESENTATION_CONTEXT(2) 
PARAMETRIC_REPRESENTATION_CONTEXT() REPRESENTATION_CONTEXT('2D SPACE',''
  ) );
#15983 = PCURVE('',#14389,#15984);
#15984 = DEFINITIONAL_REPRESENTATION('',(#15985),#15989);
#15985 = LINE('',#15986,#15987);
#15986 = CARTESIAN_POINT('',(0.,0.));
#15987 = VECTOR('',#15988,1.);
#15988 = DIRECTION('',(0.,-1.));
#15989 = ( GEOMETRIC_REPRESENTATION_CONTEXT(2) 
PARAMETRIC_REPRESENTATION_CONTEXT() REPRESENTATION_CONTEXT('2D SPACE',''
  ) );
#15990 = ADVANCED_FACE('',(#15991),#14389,.T.);
#15991 = FACE_BOUND('',#15992,.T.);
#15992 = EDGE_LOOP('',(#15993,#15994,#16017,#16038));
#15993 = ORIENTED_EDGE('',*,*,#15970,.T.);
#15994 = ORIENTED_EDGE('',*,*,#15995,.T.);
#15995 = EDGE_CURVE('',#15948,#15996,#15998,.T.);
#15996 = VERTEX_POINT('',#15997);
#15997 = CARTESIAN_POINT('',(-38.,-38.78534303491,-5.6));
#15998 = SURFACE_CURVE('',#15999,(#16003,#16010),.PCURVE_S1.);
#15999 = LINE('',#16000,#16001);
#16000 = CARTESIAN_POINT('',(-34.35,-40.89267151745,-5.6));
#16001 = VECTOR('',#16002,1.);
#16002 = DIRECTION('',(-0.866025403784,0.5,0.));
#16003 = PCURVE('',#14389,#16004);
#16004 = DEFINITIONAL_REPRESENTATION('',(#16005),#16009);
#16005 = LINE('',#16006,#16007);
#16006 = CARTESIAN_POINT('',(0.,-3.4));
#16007 = VECTOR('',#16008,1.);
#16008 = DIRECTION('',(1.,0.));
#16009 = ( GEOMETRIC_REPRESENTATION_CONTEXT(2) 
PARAMETRIC_REPRESENTATION_CONTEXT() REPRESENTATION_CONTEXT('2D SPACE',''
  ) );
#16010 = PCURVE('',#15574,#16011);
#16011 = DEFINITIONAL_REPRESENTATION('',(#16012),#16016);
#16012 = LINE('',#16013,#16014);
#16013 = CARTESIAN_POINT('',(4.214656965084,3.311240170945E-15));
#16014 = VECTOR('',#16015,1.);
#16015 = DIRECTION('',(-0.5,0.866025403784));
#16016 = ( GEOMETRIC_REPRESENTATION_CONTEXT(2) 
PARAMETRIC_REPRESENTATION_CONTEXT() REPRESENTATION_CONTEXT('2D SPACE',''
  ) );
#16017 = ORIENTED_EDGE('',*,*,#16018,.F.);
#16018 = EDGE_CURVE('',#14346,#15996,#16019,.T.);
#16019 = SURFACE_CURVE('',#16020,(#16024,#16031),.PCURVE_S1.);
#16020 = LINE('',#16021,#16022);
#16021 = CARTESIAN_POINT('',(-38.,-38.78534303491,-9.));
#16022 = VECTOR('',#16023,1.);
#16023 = DIRECTION('',(0.,0.,1.));
#16024 = PCURVE('',#14389,#16025);
#16025 = DEFINITIONAL_REPRESENTATION('',(#16026),#16030);
#16026 = LINE('',#16027,#16028);
#16027 = CARTESIAN_POINT('',(4.214656965084,0.));
#16028 = VECTOR('',#16029,1.);
#16029 = DIRECTION('',(0.,-1.));
#16030 = ( GEOMETRIC_REPRESENTATION_CONTEXT(2) 
PARAMETRIC_REPRESENTATION_CONTEXT() REPRESENTATION_CONTEXT('2D SPACE',''
  ) );
#16031 = PCURVE('',#14361,#16032);
#16032 = DEFINITIONAL_REPRESENTATION('',(#16033),#16037);
#16033 = LINE('',#16034,#16035);
#16034 = CARTESIAN_POINT('',(0.,0.));
#16035 = VECTOR('',#16036,1.);
#16036 = DIRECTION('',(0.,-1.));
#16037 = ( GEOMETRIC_REPRESENTATION_CONTEXT(2) 
PARAMETRIC_REPRESENTATION_CONTEXT() REPRESENTATION_CONTEXT('2D SPACE',''
  ) );
#16038 = ORIENTED_EDGE('',*,*,#14373,.F.);
#16039 = ADVANCED_FACE('',(#16040),#14361,.T.);
#16040 = FACE_BOUND('',#16041,.T.);
#16041 = EDGE_LOOP('',(#16042,#16043,#16066,#16087));
#16042 = ORIENTED_EDGE('',*,*,#16018,.T.);
#16043 = ORIENTED_EDGE('',*,*,#16044,.T.);
#16044 = EDGE_CURVE('',#15996,#16045,#16047,.T.);
#16045 = VERTEX_POINT('',#16046);
#16046 = CARTESIAN_POINT('',(-41.65,-40.89267151745,-5.6));
#16047 = SURFACE_CURVE('',#16048,(#16052,#16059),.PCURVE_S1.);
#16048 = LINE('',#16049,#16050);
#16049 = CARTESIAN_POINT('',(-38.,-38.78534303491,-5.6));
#16050 = VECTOR('',#16051,1.);
#16051 = DIRECTION('',(-0.866025403784,-0.5,0.));
#16052 = PCURVE('',#14361,#16053);
#16053 = DEFINITIONAL_REPRESENTATION('',(#16054),#16058);
#16054 = LINE('',#16055,#16056);
#16055 = CARTESIAN_POINT('',(0.,-3.4));
#16056 = VECTOR('',#16057,1.);
#16057 = DIRECTION('',(1.,0.));
#16058 = ( GEOMETRIC_REPRESENTATION_CONTEXT(2) 
PARAMETRIC_REPRESENTATION_CONTEXT() REPRESENTATION_CONTEXT('2D SPACE',''
  ) );
#16059 = PCURVE('',#15574,#16060);
#16060 = DEFINITIONAL_REPRESENTATION('',(#16061),#16065);
#16061 = LINE('',#16062,#16063);
#16062 = CARTESIAN_POINT('',(2.107328482542,3.65));
#16063 = VECTOR('',#16064,1.);
#16064 = DIRECTION('',(-1.,1.184593865342E-16));
#16065 = ( GEOMETRIC_REPRESENTATION_CONTEXT(2) 
PARAMETRIC_REPRESENTATION_CONTEXT() REPRESENTATION_CONTEXT('2D SPACE',''
  ) );
#16066 = ORIENTED_EDGE('',*,*,#16067,.F.);
#16067 = EDGE_CURVE('',#14318,#16045,#16068,.T.);
#16068 = SURFACE_CURVE('',#16069,(#16073,#16080),.PCURVE_S1.);
#16069 = LINE('',#16070,#16071);
#16070 = CARTESIAN_POINT('',(-41.65,-40.89267151745,-9.));
#16071 = VECTOR('',#16072,1.);
#16072 = DIRECTION('',(0.,0.,1.));
#16073 = PCURVE('',#14361,#16074);
#16074 = DEFINITIONAL_REPRESENTATION('',(#16075),#16079);
#16075 = LINE('',#16076,#16077);
#16076 = CARTESIAN_POINT('',(4.214656965084,0.));
#16077 = VECTOR('',#16078,1.);
#16078 = DIRECTION('',(0.,-1.));
#16079 = ( GEOMETRIC_REPRESENTATION_CONTEXT(2) 
PARAMETRIC_REPRESENTATION_CONTEXT() REPRESENTATION_CONTEXT('2D SPACE',''
  ) );
#16080 = PCURVE('',#14333,#16081);
#16081 = DEFINITIONAL_REPRESENTATION('',(#16082),#16086);
#16082 = LINE('',#16083,#16084);
#16083 = CARTESIAN_POINT('',(0.,0.));
#16084 = VECTOR('',#16085,1.);
#16085 = DIRECTION('',(0.,-1.));
#16086 = ( GEOMETRIC_REPRESENTATION_CONTEXT(2) 
PARAMETRIC_REPRESENTATION_CONTEXT() REPRESENTATION_CONTEXT('2D SPACE',''
  ) );
#16087 = ORIENTED_EDGE('',*,*,#14345,.F.);
#16088 = ADVANCED_FACE('',(#16089),#14333,.T.);
#16089 = FACE_BOUND('',#16090,.T.);
#16090 = EDGE_LOOP('',(#16091,#16092,#16093,#16116));
#16091 = ORIENTED_EDGE('',*,*,#14317,.F.);
#16092 = ORIENTED_EDGE('',*,*,#16067,.T.);
#16093 = ORIENTED_EDGE('',*,*,#16094,.T.);
#16094 = EDGE_CURVE('',#16045,#16095,#16097,.T.);
#16095 = VERTEX_POINT('',#16096);
#16096 = CARTESIAN_POINT('',(-41.65,-43.,-5.6));
#16097 = SURFACE_CURVE('',#16098,(#16102,#16109),.PCURVE_S1.);
#16098 = LINE('',#16099,#16100);
#16099 = CARTESIAN_POINT('',(-41.65,-40.89267151745,-5.6));
#16100 = VECTOR('',#16101,1.);
#16101 = DIRECTION('',(-3.033185711009E-16,-1.,0.));
#16102 = PCURVE('',#14333,#16103);
#16103 = DEFINITIONAL_REPRESENTATION('',(#16104),#16108);
#16104 = LINE('',#16105,#16106);
#16105 = CARTESIAN_POINT('',(0.,-3.4));
#16106 = VECTOR('',#16107,1.);
#16107 = DIRECTION('',(1.,-0.));
#16108 = ( GEOMETRIC_REPRESENTATION_CONTEXT(2) 
PARAMETRIC_REPRESENTATION_CONTEXT() REPRESENTATION_CONTEXT('2D SPACE',''
  ) );
#16109 = PCURVE('',#15574,#16110);
#16110 = DEFINITIONAL_REPRESENTATION('',(#16111),#16115);
#16111 = LINE('',#16112,#16113);
#16112 = CARTESIAN_POINT('',(-2.107328482542,3.65));
#16113 = VECTOR('',#16114,1.);
#16114 = DIRECTION('',(-0.5,-0.866025403784));
#16115 = ( GEOMETRIC_REPRESENTATION_CONTEXT(2) 
PARAMETRIC_REPRESENTATION_CONTEXT() REPRESENTATION_CONTEXT('2D SPACE',''
  ) );
#16116 = ORIENTED_EDGE('',*,*,#16117,.F.);
#16117 = EDGE_CURVE('',#14290,#16095,#16118,.T.);
#16118 = SURFACE_CURVE('',#16119,(#16123,#16129),.PCURVE_S1.);
#16119 = LINE('',#16120,#16121);
#16120 = CARTESIAN_POINT('',(-41.65,-43.,-9.));
#16121 = VECTOR('',#16122,1.);
#16122 = DIRECTION('',(-0.,0.,1.));
#16123 = PCURVE('',#14333,#16124);
#16124 = DEFINITIONAL_REPRESENTATION('',(#16125),#16128);
#16125 = B_SPLINE_CURVE_WITH_KNOTS('',1,(#16126,#16127),.UNSPECIFIED.,
  .F.,.F.,(2,2),(0.,3.4),.PIECEWISE_BEZIER_KNOTS.);
#16126 = CARTESIAN_POINT('',(2.107328482542,0.));
#16127 = CARTESIAN_POINT('',(2.107328482542,-3.4));
#16128 = ( GEOMETRIC_REPRESENTATION_CONTEXT(2) 
PARAMETRIC_REPRESENTATION_CONTEXT() REPRESENTATION_CONTEXT('2D SPACE',''
  ) );
#16129 = PCURVE('',#14305,#16130);
#16130 = DEFINITIONAL_REPRESENTATION('',(#16131),#16134);
#16131 = B_SPLINE_CURVE_WITH_KNOTS('',1,(#16132,#16133),.UNSPECIFIED.,
  .F.,.F.,(2,2),(0.,3.4),.PIECEWISE_BEZIER_KNOTS.);
#16132 = CARTESIAN_POINT('',(0.,0.2));
#16133 = CARTESIAN_POINT('',(3.4,0.2));
#16134 = ( GEOMETRIC_REPRESENTATION_CONTEXT(2) 
PARAMETRIC_REPRESENTATION_CONTEXT() REPRESENTATION_CONTEXT('2D SPACE',''
  ) );
#16135 = ADVANCED_FACE('',(#16136),#14305,.F.);
#16136 = FACE_BOUND('',#16137,.F.);
#16137 = EDGE_LOOP('',(#16138,#16139,#16162,#16183));
#16138 = ORIENTED_EDGE('',*,*,#14289,.F.);
#16139 = ORIENTED_EDGE('',*,*,#16140,.T.);
#16140 = EDGE_CURVE('',#14262,#16141,#16143,.T.);
#16141 = VERTEX_POINT('',#16142);
#16142 = CARTESIAN_POINT('',(-41.85,-43.,-5.6));
#16143 = SURFACE_CURVE('',#16144,(#16148,#16155),.PCURVE_S1.);
#16144 = LINE('',#16145,#16146);
#16145 = CARTESIAN_POINT('',(-41.85,-43.,-9.));
#16146 = VECTOR('',#16147,1.);
#16147 = DIRECTION('',(0.,0.,1.));
#16148 = PCURVE('',#14305,#16149);
#16149 = DEFINITIONAL_REPRESENTATION('',(#16150),#16154);
#16150 = LINE('',#16151,#16152);
#16151 = CARTESIAN_POINT('',(0.,0.));
#16152 = VECTOR('',#16153,1.);
#16153 = DIRECTION('',(1.,0.));
#16154 = ( GEOMETRIC_REPRESENTATION_CONTEXT(2) 
PARAMETRIC_REPRESENTATION_CONTEXT() REPRESENTATION_CONTEXT('2D SPACE',''
  ) );
#16155 = PCURVE('',#14277,#16156);
#16156 = DEFINITIONAL_REPRESENTATION('',(#16157),#16161);
#16157 = LINE('',#16158,#16159);
#16158 = CARTESIAN_POINT('',(0.,-8.6));
#16159 = VECTOR('',#16160,1.);
#16160 = DIRECTION('',(1.,0.));
#16161 = ( GEOMETRIC_REPRESENTATION_CONTEXT(2) 
PARAMETRIC_REPRESENTATION_CONTEXT() REPRESENTATION_CONTEXT('2D SPACE',''
  ) );
#16162 = ORIENTED_EDGE('',*,*,#16163,.T.);
#16163 = EDGE_CURVE('',#16141,#16095,#16164,.T.);
#16164 = SURFACE_CURVE('',#16165,(#16169,#16176),.PCURVE_S1.);
#16165 = LINE('',#16166,#16167);
#16166 = CARTESIAN_POINT('',(-41.85,-43.,-5.6));
#16167 = VECTOR('',#16168,1.);
#16168 = DIRECTION('',(1.,0.,0.));
#16169 = PCURVE('',#14305,#16170);
#16170 = DEFINITIONAL_REPRESENTATION('',(#16171),#16175);
#16171 = LINE('',#16172,#16173);
#16172 = CARTESIAN_POINT('',(3.4,0.));
#16173 = VECTOR('',#16174,1.);
#16174 = DIRECTION('',(0.,1.));
#16175 = ( GEOMETRIC_REPRESENTATION_CONTEXT(2) 
PARAMETRIC_REPRESENTATION_CONTEXT() REPRESENTATION_CONTEXT('2D SPACE',''
  ) );
#16176 = PCURVE('',#15574,#16177);
#16177 = DEFINITIONAL_REPRESENTATION('',(#16178),#16182);
#16178 = LINE('',#16179,#16180);
#16179 = CARTESIAN_POINT('',(-3.33419780457,1.925));
#16180 = VECTOR('',#16181,1.);
#16181 = DIRECTION('',(0.866025403784,-0.5));
#16182 = ( GEOMETRIC_REPRESENTATION_CONTEXT(2) 
PARAMETRIC_REPRESENTATION_CONTEXT() REPRESENTATION_CONTEXT('2D SPACE',''
  ) );
#16183 = ORIENTED_EDGE('',*,*,#16117,.F.);
#16184 = ADVANCED_FACE('',(#16185),#14277,.T.);
#16185 = FACE_BOUND('',#16186,.T.);
#16186 = EDGE_LOOP('',(#16187,#16208,#16209,#16210));
#16187 = ORIENTED_EDGE('',*,*,#16188,.F.);
#16188 = EDGE_CURVE('',#15560,#16141,#16189,.T.);
#16189 = SURFACE_CURVE('',#16190,(#16194,#16201),.PCURVE_S1.);
#16190 = LINE('',#16191,#16192);
#16191 = CARTESIAN_POINT('',(-41.85,-51.6,-5.6));
#16192 = VECTOR('',#16193,1.);
#16193 = DIRECTION('',(0.,1.,0.));
#16194 = PCURVE('',#14277,#16195);
#16195 = DEFINITIONAL_REPRESENTATION('',(#16196),#16200);
#16196 = LINE('',#16197,#16198);
#16197 = CARTESIAN_POINT('',(3.4,0.));
#16198 = VECTOR('',#16199,1.);
#16199 = DIRECTION('',(0.,-1.));
#16200 = ( GEOMETRIC_REPRESENTATION_CONTEXT(2) 
PARAMETRIC_REPRESENTATION_CONTEXT() REPRESENTATION_CONTEXT('2D SPACE',''
  ) );
#16201 = PCURVE('',#15574,#16202);
#16202 = DEFINITIONAL_REPRESENTATION('',(#16203),#16207);
#16203 = LINE('',#16204,#16205);
#16204 = CARTESIAN_POINT('',(-7.63419780457,-5.522818472546));
#16205 = VECTOR('',#16206,1.);
#16206 = DIRECTION('',(0.5,0.866025403784));
#16207 = ( GEOMETRIC_REPRESENTATION_CONTEXT(2) 
PARAMETRIC_REPRESENTATION_CONTEXT() REPRESENTATION_CONTEXT('2D SPACE',''
  ) );
#16208 = ORIENTED_EDGE('',*,*,#15585,.T.);
#16209 = ORIENTED_EDGE('',*,*,#14261,.T.);
#16210 = ORIENTED_EDGE('',*,*,#16140,.T.);
#16211 = ADVANCED_FACE('',(#16212),#14841,.F.);
#16212 = FACE_BOUND('',#16213,.F.);
#16213 = EDGE_LOOP('',(#16214,#16215,#16216,#16217,#16218));
#16214 = ORIENTED_EDGE('',*,*,#15032,.F.);
#16215 = ORIENTED_EDGE('',*,*,#15090,.F.);
#16216 = ORIENTED_EDGE('',*,*,#14825,.T.);
#16217 = ORIENTED_EDGE('',*,*,#14905,.F.);
#16218 = ORIENTED_EDGE('',*,*,#14957,.T.);
#16219 = ADVANCED_FACE('',(#16220),#15160,.T.);
#16220 = FACE_BOUND('',#16221,.T.);
#16221 = EDGE_LOOP('',(#16222));
#16222 = ORIENTED_EDGE('',*,*,#15143,.T.);
#16223 = ADVANCED_FACE('',(#16224,#16227),#15215,.F.);
#16224 = FACE_BOUND('',#16225,.F.);
#16225 = EDGE_LOOP('',(#16226));
#16226 = ORIENTED_EDGE('',*,*,#15280,.T.);
#16227 = FACE_BOUND('',#16228,.F.);
#16228 = EDGE_LOOP('',(#16229));
#16229 = ORIENTED_EDGE('',*,*,#15198,.T.);
#16230 = ADVANCED_FACE('',(#16231),#15346,.F.);
#16231 = FACE_BOUND('',#16232,.F.);
#16232 = EDGE_LOOP('',(#16233,#16234,#16235,#16236,#16237));
#16233 = ORIENTED_EDGE('',*,*,#15330,.F.);
#16234 = ORIENTED_EDGE('',*,*,#15427,.F.);
#16235 = ORIENTED_EDGE('',*,*,#15607,.T.);
#16236 = ORIENTED_EDGE('',*,*,#15666,.T.);
#16237 = ORIENTED_EDGE('',*,*,#15716,.T.);
#16238 = ADVANCED_FACE('',(#16239,#16250),#15574,.F.);
#16239 = FACE_BOUND('',#16240,.F.);
#16240 = EDGE_LOOP('',(#16241,#16242,#16243,#16244,#16245,#16246,#16247,
    #16248,#16249));
#16241 = ORIENTED_EDGE('',*,*,#15920,.F.);
#16242 = ORIENTED_EDGE('',*,*,#15947,.T.);
#16243 = ORIENTED_EDGE('',*,*,#15995,.T.);
#16244 = ORIENTED_EDGE('',*,*,#16044,.T.);
#16245 = ORIENTED_EDGE('',*,*,#16094,.T.);
#16246 = ORIENTED_EDGE('',*,*,#16163,.F.);
#16247 = ORIENTED_EDGE('',*,*,#16188,.F.);
#16248 = ORIENTED_EDGE('',*,*,#15559,.T.);
#16249 = ORIENTED_EDGE('',*,*,#15849,.T.);
#16250 = FACE_BOUND('',#16251,.F.);
#16251 = EDGE_LOOP('',(#16252));
#16252 = ORIENTED_EDGE('',*,*,#15740,.T.);
#16253 = ADVANCED_FACE('',(#16254),#15811,.T.);
#16254 = FACE_BOUND('',#16255,.T.);
#16255 = EDGE_LOOP('',(#16256));
#16256 = ORIENTED_EDGE('',*,*,#15794,.T.);
#16257 = ( GEOMETRIC_REPRESENTATION_CONTEXT(3) 
GLOBAL_UNCERTAINTY_ASSIGNED_CONTEXT((#16261)) 
GLOBAL_UNIT_ASSIGNED_CONTEXT((#16258,#16259,#16260)) 
REPRESENTATION_CONTEXT('Context #1',
  '3D Context with UNIT and UNCERTAINTY') );
#16258 = ( LENGTH_UNIT() NAMED_UNIT(*) SI_UNIT(.MILLI.,.METRE.) );
#16259 = ( NAMED_UNIT(*) PLANE_ANGLE_UNIT() SI_UNIT($,.RADIAN.) );
#16260 = ( NAMED_UNIT(*) SI_UNIT($,.STERADIAN.) SOLID_ANGLE_UNIT() );
#16261 = UNCERTAINTY_MEASURE_WITH_UNIT(LENGTH_MEASURE(1.E-07),#16258,
  'distance_accuracy_value','confusion accuracy');
#16262 = CONTEXT_DEPENDENT_SHAPE_REPRESENTATION(#16263,#16265);
#16263 = ( REPRESENTATION_RELATIONSHIP('','',#11528,#10) 
REPRESENTATION_RELATIONSHIP_WITH_TRANSFORMATION(#16264) 
SHAPE_REPRESENTATION_RELATIONSHIP() );
#16264 = ITEM_DEFINED_TRANSFORMATION('','',#11,#19);
#16265 = PRODUCT_DEFINITION_SHAPE('Placement','Placement of an item',
  #16266);
#16266 = NEXT_ASSEMBLY_USAGE_OCCURRENCE('2','lower','',#5,#11523,$);
#16267 = PRODUCT_RELATED_PRODUCT_CATEGORY('part',$,(#11525));
ENDSEC;
END-ISO-10303-21;
