ISO-10303-21;
HEADER;
FILE_DESCRIPTION(('Open CASCADE Model'),'2;1');
FILE_NAME('Open CASCADE Shape Model','2026-09-18T12:33:07',('Author'),(
    'Open CASCADE'),'Open CASCADE STEP processor 7.9','Open CASCADE 7.9'
  ,'Unknown');
FILE_SCHEMA(('AUTOMOTIVE_DESIGN { 1 0 10303 214 1 1 1 1 }'));
ENDSEC;
DATA;
#1 = APPLICATION_PROTOCOL_DEFINITION('international standard',
  'automotive_design',2000,#2);
#2 = APPLICATION_CONTEXT(
  'core data for automotive mechanical design processes');
#3 = SHAPE_DEFINITION_REPRESENTATION(#4,#10);
#4 = PRODUCT_DEFINITION_SHAPE('','',#5);
#5 = PRODUCT_DEFINITION('design','',#6,#9);
#6 = PRODUCT_DEFINITION_FORMATION('','',#7);
#7 = PRODUCT('Open CASCADE STEP translator 7.9 7',
  'Open CASCADE STEP translator 7.9 7','',(#8));
#8 = PRODUCT_CONTEXT('',#2,'mechanical');
#9 = PRODUCT_DEFINITION_CONTEXT('part definition',#2,'design');
#10 = ADVANCED_BREP_SHAPE_REPRESENTATION('',(#11,#15),#4511);
#11 = AXIS2_PLACEMENT_3D('',#12,#13,#14);
#12 = CARTESIAN_POINT('',(0.,0.,0.));
#13 = DIRECTION('',(0.,0.,1.));
#14 = DIRECTION('',(1.,0.,-0.));
#15 = MANIFOLD_SOLID_BREP('',#16);
#16 = CLOSED_SHELL('',(#17,#137,#661,#711,#765,#1065,#1171,#1267,#2038,
    #2087,#2136,#2185,#2234,#2261,#2288,#2315,#2362,#2389,#2416,#2423,
    #2450,#2591,#2728,#2854,#2881,#3596,#3603,#3610,#3657,#3684,#3711,
    #3718,#3765,#3792,#3819,#3826,#3873,#3900,#3927,#3934,#3981,#4008,
    #4035,#4042,#4089,#4116,#4143,#4150,#4222,#4268,#4274,#4346,#4392,
    #4398,#4441,#4469,#4497,#4504));
#17 = ADVANCED_FACE('',(#18),#32,.F.);
#18 = FACE_BOUND('',#19,.F.);
#19 = EDGE_LOOP('',(#20,#55,#83,#111));
#20 = ORIENTED_EDGE('',*,*,#21,.F.);
#21 = EDGE_CURVE('',#22,#24,#26,.T.);
#22 = VERTEX_POINT('',#23);
#23 = CARTESIAN_POINT('',(9.,-18.,4.));
#24 = VERTEX_POINT('',#25);
#25 = CARTESIAN_POINT('',(9.,18.,4.));
#26 = SURFACE_CURVE('',#27,(#31,#43),.PCURVE_S1.);
#27 = LINE('',#28,#29);
#28 = CARTESIAN_POINT('',(9.,-20.,4.));
#29 = VECTOR('',#30,1.);
#30 = DIRECTION('',(0.,1.,0.));
#31 = PCURVE('',#32,#37);
#32 = PLANE('',#33);
#33 = AXIS2_PLACEMENT_3D('',#34,#35,#36);
#34 = CARTESIAN_POINT('',(9.,-20.,0.));
#35 = DIRECTION('',(1.,0.,0.));
#36 = DIRECTION('',(0.,0.,1.));
#37 = DEFINITIONAL_REPRESENTATION('',(#38),#42);
#38 = LINE('',#39,#40);
#39 = CARTESIAN_POINT('',(4.,0.));
#40 = VECTOR('',#41,1.);
#41 = DIRECTION('',(0.,-1.));
#42 = ( GEOMETRIC_REPRESENTATION_CONTEXT(2) 
PARAMETRIC_REPRESENTATION_CONTEXT() REPRESENTATION_CONTEXT('2D SPACE',''
  ) );
#43 = PCURVE('',#44,#49);
#44 = PLANE('',#45);
#45 = AXIS2_PLACEMENT_3D('',#46,#47,#48);
#46 = CARTESIAN_POINT('',(9.,-20.,4.));
#47 = DIRECTION('',(0.,0.,1.));
#48 = DIRECTION('',(1.,0.,0.));
#49 = DEFINITIONAL_REPRESENTATION('',(#50),#54);
#50 = LINE('',#51,#52);
#51 = CARTESIAN_POINT('',(0.,0.));
#52 = VECTOR('',#53,1.);
#53 = DIRECTION('',(0.,1.));
#54 = ( GEOMETRIC_REPRESENTATION_CONTEXT(2) 
PARAMETRIC_REPRESENTATION_CONTEXT() REPRESENTATION_CONTEXT('2D SPACE',''
  ) );
#55 = ORIENTED_EDGE('',*,*,#56,.F.);
#56 = EDGE_CURVE('',#57,#22,#59,.T.);
#57 = VERTEX_POINT('',#58);
#58 = CARTESIAN_POINT('',(9.,-18.,0.));
#59 = SURFACE_CURVE('',#60,(#64,#71),.PCURVE_S1.);
#60 = LINE('',#61,#62);
#61 = CARTESIAN_POINT('',(9.,-18.,0.));
#62 = VECTOR('',#63,1.);
#63 = DIRECTION('',(0.,0.,1.));
#64 = PCURVE('',#32,#65);
#65 = DEFINITIONAL_REPRESENTATION('',(#66),#70);
#66 = LINE('',#67,#68);
#67 = CARTESIAN_POINT('',(0.,-2.));
#68 = VECTOR('',#69,1.);
#69 = DIRECTION('',(1.,0.));
#70 = ( GEOMETRIC_REPRESENTATION_CONTEXT(2) 
PARAMETRIC_REPRESENTATION_CONTEXT() REPRESENTATION_CONTEXT('2D SPACE',''
  ) );
#71 = PCURVE('',#72,#77);
#72 = CYLINDRICAL_SURFACE('',#73,2.);
#73 = AXIS2_PLACEMENT_3D('',#74,#75,#76);
#74 = CARTESIAN_POINT('',(11.,-18.,0.));
#75 = DIRECTION('',(0.,0.,1.));
#76 = DIRECTION('',(-1.,-0.,0.));
#77 = DEFINITIONAL_REPRESENTATION('',(#78),#82);
#78 = LINE('',#79,#80);
#79 = CARTESIAN_POINT('',(0.,0.));
#80 = VECTOR('',#81,1.);
#81 = DIRECTION('',(0.,1.));
#82 = ( GEOMETRIC_REPRESENTATION_CONTEXT(2) 
PARAMETRIC_REPRESENTATION_CONTEXT() REPRESENTATION_CONTEXT('2D SPACE',''
  ) );
#83 = ORIENTED_EDGE('',*,*,#84,.T.);
#84 = EDGE_CURVE('',#57,#85,#87,.T.);
#85 = VERTEX_POINT('',#86);
#86 = CARTESIAN_POINT('',(9.,18.,0.));
#87 = SURFACE_CURVE('',#88,(#92,#99),.PCURVE_S1.);
#88 = LINE('',#89,#90);
#89 = CARTESIAN_POINT('',(9.,-20.,0.));
#90 = VECTOR('',#91,1.);
#91 = DIRECTION('',(0.,1.,0.));
#92 = PCURVE('',#32,#93);
#93 = DEFINITIONAL_REPRESENTATION('',(#94),#98);
#94 = LINE('',#95,#96);
#95 = CARTESIAN_POINT('',(0.,0.));
#96 = VECTOR('',#97,1.);
#97 = DIRECTION('',(0.,-1.));
#98 = ( GEOMETRIC_REPRESENTATION_CONTEXT(2) 
PARAMETRIC_REPRESENTATION_CONTEXT() REPRESENTATION_CONTEXT('2D SPACE',''
  ) );
#99 = PCURVE('',#100,#105);
#100 = PLANE('',#101);
#101 = AXIS2_PLACEMENT_3D('',#102,#103,#104);
#102 = CARTESIAN_POINT('',(9.,-20.,0.));
#103 = DIRECTION('',(0.,0.,1.));
#104 = DIRECTION('',(1.,0.,0.));
#105 = DEFINITIONAL_REPRESENTATION('',(#106),#110);
#106 = LINE('',#107,#108);
#107 = CARTESIAN_POINT('',(0.,0.));
#108 = VECTOR('',#109,1.);
#109 = DIRECTION('',(0.,1.));
#110 = ( GEOMETRIC_REPRESENTATION_CONTEXT(2) 
PARAMETRIC_REPRESENTATION_CONTEXT() REPRESENTATION_CONTEXT('2D SPACE',''
  ) );
#111 = ORIENTED_EDGE('',*,*,#112,.T.);
#112 = EDGE_CURVE('',#85,#24,#113,.T.);
#113 = SURFACE_CURVE('',#114,(#118,#125),.PCURVE_S1.);
#114 = LINE('',#115,#116);
#115 = CARTESIAN_POINT('',(9.,18.,0.));
#116 = VECTOR('',#117,1.);
#117 = DIRECTION('',(0.,0.,1.));
#118 = PCURVE('',#32,#119);
#119 = DEFINITIONAL_REPRESENTATION('',(#120),#124);
#120 = LINE('',#121,#122);
#121 = CARTESIAN_POINT('',(0.,-38.));
#122 = VECTOR('',#123,1.);
#123 = DIRECTION('',(1.,0.));
#124 = ( GEOMETRIC_REPRESENTATION_CONTEXT(2) 
PARAMETRIC_REPRESENTATION_CONTEXT() REPRESENTATION_CONTEXT('2D SPACE',''
  ) );
#125 = PCURVE('',#126,#131);
#126 = CYLINDRICAL_SURFACE('',#127,2.);
#127 = AXIS2_PLACEMENT_3D('',#128,#129,#130);
#128 = CARTESIAN_POINT('',(11.,18.,0.));
#129 = DIRECTION('',(0.,0.,1.));
#130 = DIRECTION('',(-1.,-0.,0.));
#131 = DEFINITIONAL_REPRESENTATION('',(#132),#136);
#132 = LINE('',#133,#134);
#133 = CARTESIAN_POINT('',(-0.,0.));
#134 = VECTOR('',#135,1.);
#135 = DIRECTION('',(-0.,1.));
#136 = ( GEOMETRIC_REPRESENTATION_CONTEXT(2) 
PARAMETRIC_REPRESENTATION_CONTEXT() REPRESENTATION_CONTEXT('2D SPACE',''
  ) );
#137 = ADVANCED_FACE('',(#138,#471,#506,#626),#44,.T.);
#138 = FACE_BOUND('',#139,.T.);
#139 = EDGE_LOOP('',(#140,#141,#165,#193,#219,#245,#271,#297,#318,#344,
    #370,#396,#417,#445));
#140 = ORIENTED_EDGE('',*,*,#21,.F.);
#141 = ORIENTED_EDGE('',*,*,#142,.T.);
#142 = EDGE_CURVE('',#22,#143,#145,.T.);
#143 = VERTEX_POINT('',#144);
#144 = CARTESIAN_POINT('',(11.,-20.,4.));
#145 = SURFACE_CURVE('',#146,(#151,#158),.PCURVE_S1.);
#146 = CIRCLE('',#147,2.);
#147 = AXIS2_PLACEMENT_3D('',#148,#149,#150);
#148 = CARTESIAN_POINT('',(11.,-18.,4.));
#149 = DIRECTION('',(0.,0.,1.));
#150 = DIRECTION('',(0.,-1.,0.));
#151 = PCURVE('',#44,#152);
#152 = DEFINITIONAL_REPRESENTATION('',(#153),#157);
#153 = CIRCLE('',#154,2.);
#154 = AXIS2_PLACEMENT_2D('',#155,#156);
#155 = CARTESIAN_POINT('',(2.,2.));
#156 = DIRECTION('',(0.,-1.));
#157 = ( GEOMETRIC_REPRESENTATION_CONTEXT(2) 
PARAMETRIC_REPRESENTATION_CONTEXT() REPRESENTATION_CONTEXT('2D SPACE',''
  ) );
#158 = PCURVE('',#72,#159);
#159 = DEFINITIONAL_REPRESENTATION('',(#160),#164);
#160 = LINE('',#161,#162);
#161 = CARTESIAN_POINT('',(-4.712388980385,4.));
#162 = VECTOR('',#163,1.);
#163 = DIRECTION('',(1.,0.));
#164 = ( GEOMETRIC_REPRESENTATION_CONTEXT(2) 
PARAMETRIC_REPRESENTATION_CONTEXT() REPRESENTATION_CONTEXT('2D SPACE',''
  ) );
#165 = ORIENTED_EDGE('',*,*,#166,.T.);
#166 = EDGE_CURVE('',#143,#167,#169,.T.);
#167 = VERTEX_POINT('',#168);
#168 = CARTESIAN_POINT('',(24.727940468532,-20.,4.));
#169 = SURFACE_CURVE('',#170,(#174,#181),.PCURVE_S1.);
#170 = LINE('',#171,#172);
#171 = CARTESIAN_POINT('',(9.,-20.,4.));
#172 = VECTOR('',#173,1.);
#173 = DIRECTION('',(1.,0.,0.));
#174 = PCURVE('',#44,#175);
#175 = DEFINITIONAL_REPRESENTATION('',(#176),#180);
#176 = LINE('',#177,#178);
#177 = CARTESIAN_POINT('',(0.,0.));
#178 = VECTOR('',#179,1.);
#179 = DIRECTION('',(1.,0.));
#180 = ( GEOMETRIC_REPRESENTATION_CONTEXT(2) 
PARAMETRIC_REPRESENTATION_CONTEXT() REPRESENTATION_CONTEXT('2D SPACE',''
  ) );
#181 = PCURVE('',#182,#187);
#182 = PLANE('',#183);
#183 = AXIS2_PLACEMENT_3D('',#184,#185,#186);
#184 = CARTESIAN_POINT('',(9.,-20.,0.));
#185 = DIRECTION('',(0.,1.,0.));
#186 = DIRECTION('',(0.,0.,1.));
#187 = DEFINITIONAL_REPRESENTATION('',(#188),#192);
#188 = LINE('',#189,#190);
#189 = CARTESIAN_POINT('',(4.,0.));
#190 = VECTOR('',#191,1.);
#191 = DIRECTION('',(0.,1.));
#192 = ( GEOMETRIC_REPRESENTATION_CONTEXT(2) 
PARAMETRIC_REPRESENTATION_CONTEXT() REPRESENTATION_CONTEXT('2D SPACE',''
  ) );
#193 = ORIENTED_EDGE('',*,*,#194,.T.);
#194 = EDGE_CURVE('',#167,#195,#197,.T.);
#195 = VERTEX_POINT('',#196);
#196 = CARTESIAN_POINT('',(24.727940468532,-19.5,4.));
#197 = SURFACE_CURVE('',#198,(#202,#208),.PCURVE_S1.);
#198 = LINE('',#199,#200);
#199 = CARTESIAN_POINT('',(24.727940468532,-10.,4.));
#200 = VECTOR('',#201,1.);
#201 = DIRECTION('',(-0.,1.,0.));
#202 = PCURVE('',#44,#203);
#203 = DEFINITIONAL_REPRESENTATION('',(#204),#207);
#204 = B_SPLINE_CURVE_WITH_KNOTS('',1,(#205,#206),.UNSPECIFIED.,.F.,.F.,
  (2,2),(-10.,30.),.PIECEWISE_BEZIER_KNOTS.);
#205 = CARTESIAN_POINT('',(15.727940468532,0.));
#206 = CARTESIAN_POINT('',(15.727940468532,40.));
#207 = ( GEOMETRIC_REPRESENTATION_CONTEXT(2) 
PARAMETRIC_REPRESENTATION_CONTEXT() REPRESENTATION_CONTEXT('2D SPACE',''
  ) );
#208 = PCURVE('',#209,#214);
#209 = PLANE('',#210);
#210 = AXIS2_PLACEMENT_3D('',#211,#212,#213);
#211 = CARTESIAN_POINT('',(30.840402866513,0.,20.793852415718));
#212 = DIRECTION('',(0.939692620786,0.,-0.342020143326));
#213 = DIRECTION('',(0.342020143326,0.,0.939692620786));
#214 = DEFINITIONAL_REPRESENTATION('',(#215),#218);
#215 = B_SPLINE_CURVE_WITH_KNOTS('',1,(#216,#217),.UNSPECIFIED.,.F.,.F.,
  (2,2),(-10.,30.),.PIECEWISE_BEZIER_KNOTS.);
#216 = CARTESIAN_POINT('',(-17.87164445504,20.));
#217 = CARTESIAN_POINT('',(-17.87164445504,-20.));
#218 = ( GEOMETRIC_REPRESENTATION_CONTEXT(2) 
PARAMETRIC_REPRESENTATION_CONTEXT() REPRESENTATION_CONTEXT('2D SPACE',''
  ) );
#219 = ORIENTED_EDGE('',*,*,#220,.F.);
#220 = EDGE_CURVE('',#221,#195,#223,.T.);
#221 = VERTEX_POINT('',#222);
#222 = CARTESIAN_POINT('',(13.818181818182,-19.5,4.));
#223 = SURFACE_CURVE('',#224,(#228,#234),.PCURVE_S1.);
#224 = LINE('',#225,#226);
#225 = CARTESIAN_POINT('',(17.03348281317,-19.5,4.));
#226 = VECTOR('',#227,1.);
#227 = DIRECTION('',(1.,0.,0.));
#228 = PCURVE('',#44,#229);
#229 = DEFINITIONAL_REPRESENTATION('',(#230),#233);
#230 = B_SPLINE_CURVE_WITH_KNOTS('',1,(#231,#232),.UNSPECIFIED.,.F.,.F.,
  (2,2),(-5.03348281317,7.694457655362),.PIECEWISE_BEZIER_KNOTS.);
#231 = CARTESIAN_POINT('',(3.,0.5));
#232 = CARTESIAN_POINT('',(15.727940468532,0.5));
#233 = ( GEOMETRIC_REPRESENTATION_CONTEXT(2) 
PARAMETRIC_REPRESENTATION_CONTEXT() REPRESENTATION_CONTEXT('2D SPACE',''
  ) );
#234 = PCURVE('',#235,#240);
#235 = PLANE('',#236);
#236 = AXIS2_PLACEMENT_3D('',#237,#238,#239);
#237 = CARTESIAN_POINT('',(25.066965626341,-19.5,9.933034373659));
#238 = DIRECTION('',(-0.,-1.,-0.));
#239 = DIRECTION('',(0.,0.,-1.));
#240 = DEFINITIONAL_REPRESENTATION('',(#241),#244);
#241 = B_SPLINE_CURVE_WITH_KNOTS('',1,(#242,#243),.UNSPECIFIED.,.F.,.F.,
  (2,2),(-5.03348281317,7.694457655362),.PIECEWISE_BEZIER_KNOTS.);
#242 = CARTESIAN_POINT('',(5.933034373659,-13.06696562634));
#243 = CARTESIAN_POINT('',(5.933034373659,-0.339025157808));
#244 = ( GEOMETRIC_REPRESENTATION_CONTEXT(2) 
PARAMETRIC_REPRESENTATION_CONTEXT() REPRESENTATION_CONTEXT('2D SPACE',''
  ) );
#245 = ORIENTED_EDGE('',*,*,#246,.T.);
#246 = EDGE_CURVE('',#221,#247,#249,.T.);
#247 = VERTEX_POINT('',#248);
#248 = CARTESIAN_POINT('',(13.818181818182,-16.5,4.));
#249 = SURFACE_CURVE('',#250,(#254,#260),.PCURVE_S1.);
#250 = LINE('',#251,#252);
#251 = CARTESIAN_POINT('',(13.818181818182,-18.25,4.));
#252 = VECTOR('',#253,1.);
#253 = DIRECTION('',(-0.,1.,0.));
#254 = PCURVE('',#44,#255);
#255 = DEFINITIONAL_REPRESENTATION('',(#256),#259);
#256 = B_SPLINE_CURVE_WITH_KNOTS('',1,(#257,#258),.UNSPECIFIED.,.F.,.F.,
  (2,2),(-1.25,1.75),.PIECEWISE_BEZIER_KNOTS.);
#257 = CARTESIAN_POINT('',(4.818181818182,0.5));
#258 = CARTESIAN_POINT('',(4.818181818182,3.5));
#259 = ( GEOMETRIC_REPRESENTATION_CONTEXT(2) 
PARAMETRIC_REPRESENTATION_CONTEXT() REPRESENTATION_CONTEXT('2D SPACE',''
  ) );
#260 = PCURVE('',#261,#266);
#261 = PLANE('',#262);
#262 = AXIS2_PLACEMENT_3D('',#263,#264,#265);
#263 = CARTESIAN_POINT('',(32.,-16.5,24.));
#264 = DIRECTION('',(0.739940073396,0.,-0.672672793996));
#265 = DIRECTION('',(-0.672672793996,0.,-0.739940073396));
#266 = DEFINITIONAL_REPRESENTATION('',(#267),#270);
#267 = B_SPLINE_CURVE_WITH_KNOTS('',1,(#268,#269),.UNSPECIFIED.,.F.,.F.,
  (2,2),(-1.25,1.75),.PIECEWISE_BEZIER_KNOTS.);
#268 = CARTESIAN_POINT('',(27.029215904215,-3.));
#269 = CARTESIAN_POINT('',(27.029215904215,0.));
#270 = ( GEOMETRIC_REPRESENTATION_CONTEXT(2) 
PARAMETRIC_REPRESENTATION_CONTEXT() REPRESENTATION_CONTEXT('2D SPACE',''
  ) );
#271 = ORIENTED_EDGE('',*,*,#272,.T.);
#272 = EDGE_CURVE('',#247,#273,#275,.T.);
#273 = VERTEX_POINT('',#274);
#274 = CARTESIAN_POINT('',(24.727940468532,-16.5,4.));
#275 = SURFACE_CURVE('',#276,(#280,#286),.PCURVE_S1.);
#276 = LINE('',#277,#278);
#277 = CARTESIAN_POINT('',(17.03348281317,-16.5,4.));
#278 = VECTOR('',#279,1.);
#279 = DIRECTION('',(1.,0.,0.));
#280 = PCURVE('',#44,#281);
#281 = DEFINITIONAL_REPRESENTATION('',(#282),#285);
#282 = B_SPLINE_CURVE_WITH_KNOTS('',1,(#283,#284),.UNSPECIFIED.,.F.,.F.,
  (2,2),(-5.03348281317,7.694457655362),.PIECEWISE_BEZIER_KNOTS.);
#283 = CARTESIAN_POINT('',(3.,3.5));
#284 = CARTESIAN_POINT('',(15.727940468532,3.5));
#285 = ( GEOMETRIC_REPRESENTATION_CONTEXT(2) 
PARAMETRIC_REPRESENTATION_CONTEXT() REPRESENTATION_CONTEXT('2D SPACE',''
  ) );
#286 = PCURVE('',#287,#292);
#287 = PLANE('',#288);
#288 = AXIS2_PLACEMENT_3D('',#289,#290,#291);
#289 = CARTESIAN_POINT('',(25.066965626341,-16.5,9.933034373659));
#290 = DIRECTION('',(-0.,-1.,-0.));
#291 = DIRECTION('',(0.,0.,-1.));
#292 = DEFINITIONAL_REPRESENTATION('',(#293),#296);
#293 = B_SPLINE_CURVE_WITH_KNOTS('',1,(#294,#295),.UNSPECIFIED.,.F.,.F.,
  (2,2),(-5.03348281317,7.694457655362),.PIECEWISE_BEZIER_KNOTS.);
#294 = CARTESIAN_POINT('',(5.933034373659,-13.06696562634));
#295 = CARTESIAN_POINT('',(5.933034373659,-0.339025157808));
#296 = ( GEOMETRIC_REPRESENTATION_CONTEXT(2) 
PARAMETRIC_REPRESENTATION_CONTEXT() REPRESENTATION_CONTEXT('2D SPACE',''
  ) );
#297 = ORIENTED_EDGE('',*,*,#298,.T.);
#298 = EDGE_CURVE('',#273,#299,#301,.T.);
#299 = VERTEX_POINT('',#300);
#300 = CARTESIAN_POINT('',(24.727940468532,16.5,4.));
#301 = SURFACE_CURVE('',#302,(#306,#312),.PCURVE_S1.);
#302 = LINE('',#303,#304);
#303 = CARTESIAN_POINT('',(24.727940468532,-10.,4.));
#304 = VECTOR('',#305,1.);
#305 = DIRECTION('',(-0.,1.,0.));
#306 = PCURVE('',#44,#307);
#307 = DEFINITIONAL_REPRESENTATION('',(#308),#311);
#308 = B_SPLINE_CURVE_WITH_KNOTS('',1,(#309,#310),.UNSPECIFIED.,.F.,.F.,
  (2,2),(-10.,30.),.PIECEWISE_BEZIER_KNOTS.);
#309 = CARTESIAN_POINT('',(15.727940468532,0.));
#310 = CARTESIAN_POINT('',(15.727940468532,40.));
#311 = ( GEOMETRIC_REPRESENTATION_CONTEXT(2) 
PARAMETRIC_REPRESENTATION_CONTEXT() REPRESENTATION_CONTEXT('2D SPACE',''
  ) );
#312 = PCURVE('',#209,#313);
#313 = DEFINITIONAL_REPRESENTATION('',(#314),#317);
#314 = B_SPLINE_CURVE_WITH_KNOTS('',1,(#315,#316),.UNSPECIFIED.,.F.,.F.,
  (2,2),(-10.,30.),.PIECEWISE_BEZIER_KNOTS.);
#315 = CARTESIAN_POINT('',(-17.87164445504,20.));
#316 = CARTESIAN_POINT('',(-17.87164445504,-20.));
#317 = ( GEOMETRIC_REPRESENTATION_CONTEXT(2) 
PARAMETRIC_REPRESENTATION_CONTEXT() REPRESENTATION_CONTEXT('2D SPACE',''
  ) );
#318 = ORIENTED_EDGE('',*,*,#319,.F.);
#319 = EDGE_CURVE('',#320,#299,#322,.T.);
#320 = VERTEX_POINT('',#321);
#321 = CARTESIAN_POINT('',(13.818181818182,16.5,4.));
#322 = SURFACE_CURVE('',#323,(#327,#333),.PCURVE_S1.);
#323 = LINE('',#324,#325);
#324 = CARTESIAN_POINT('',(17.03348281317,16.5,4.));
#325 = VECTOR('',#326,1.);
#326 = DIRECTION('',(1.,0.,0.));
#327 = PCURVE('',#44,#328);
#328 = DEFINITIONAL_REPRESENTATION('',(#329),#332);
#329 = B_SPLINE_CURVE_WITH_KNOTS('',1,(#330,#331),.UNSPECIFIED.,.F.,.F.,
  (2,2),(-5.03348281317,7.694457655362),.PIECEWISE_BEZIER_KNOTS.);
#330 = CARTESIAN_POINT('',(3.,36.5));
#331 = CARTESIAN_POINT('',(15.727940468532,36.5));
#332 = ( GEOMETRIC_REPRESENTATION_CONTEXT(2) 
PARAMETRIC_REPRESENTATION_CONTEXT() REPRESENTATION_CONTEXT('2D SPACE',''
  ) );
#333 = PCURVE('',#334,#339);
#334 = PLANE('',#335);
#335 = AXIS2_PLACEMENT_3D('',#336,#337,#338);
#336 = CARTESIAN_POINT('',(25.066965626341,16.5,9.933034373659));
#337 = DIRECTION('',(-0.,-1.,-0.));
#338 = DIRECTION('',(0.,0.,-1.));
#339 = DEFINITIONAL_REPRESENTATION('',(#340),#343);
#340 = B_SPLINE_CURVE_WITH_KNOTS('',1,(#341,#342),.UNSPECIFIED.,.F.,.F.,
  (2,2),(-5.03348281317,7.694457655362),.PIECEWISE_BEZIER_KNOTS.);
#341 = CARTESIAN_POINT('',(5.933034373659,-13.06696562634));
#342 = CARTESIAN_POINT('',(5.933034373659,-0.339025157808));
#343 = ( GEOMETRIC_REPRESENTATION_CONTEXT(2) 
PARAMETRIC_REPRESENTATION_CONTEXT() REPRESENTATION_CONTEXT('2D SPACE',''
  ) );
#344 = ORIENTED_EDGE('',*,*,#345,.T.);
#345 = EDGE_CURVE('',#320,#346,#348,.T.);
#346 = VERTEX_POINT('',#347);
#347 = CARTESIAN_POINT('',(13.818181818182,19.5,4.));
#348 = SURFACE_CURVE('',#349,(#353,#359),.PCURVE_S1.);
#349 = LINE('',#350,#351);
#350 = CARTESIAN_POINT('',(13.818181818182,-0.25,4.));
#351 = VECTOR('',#352,1.);
#352 = DIRECTION('',(-0.,1.,0.));
#353 = PCURVE('',#44,#354);
#354 = DEFINITIONAL_REPRESENTATION('',(#355),#358);
#355 = B_SPLINE_CURVE_WITH_KNOTS('',1,(#356,#357),.UNSPECIFIED.,.F.,.F.,
  (2,2),(16.75,19.75),.PIECEWISE_BEZIER_KNOTS.);
#356 = CARTESIAN_POINT('',(4.818181818182,36.5));
#357 = CARTESIAN_POINT('',(4.818181818182,39.5));
#358 = ( GEOMETRIC_REPRESENTATION_CONTEXT(2) 
PARAMETRIC_REPRESENTATION_CONTEXT() REPRESENTATION_CONTEXT('2D SPACE',''
  ) );
#359 = PCURVE('',#360,#365);
#360 = PLANE('',#361);
#361 = AXIS2_PLACEMENT_3D('',#362,#363,#364);
#362 = CARTESIAN_POINT('',(32.,19.5,24.));
#363 = DIRECTION('',(0.739940073396,0.,-0.672672793996));
#364 = DIRECTION('',(-0.672672793996,0.,-0.739940073396));
#365 = DEFINITIONAL_REPRESENTATION('',(#366),#369);
#366 = B_SPLINE_CURVE_WITH_KNOTS('',1,(#367,#368),.UNSPECIFIED.,.F.,.F.,
  (2,2),(16.75,19.75),.PIECEWISE_BEZIER_KNOTS.);
#367 = CARTESIAN_POINT('',(27.029215904215,-3.));
#368 = CARTESIAN_POINT('',(27.029215904215,0.));
#369 = ( GEOMETRIC_REPRESENTATION_CONTEXT(2) 
PARAMETRIC_REPRESENTATION_CONTEXT() REPRESENTATION_CONTEXT('2D SPACE',''
  ) );
#370 = ORIENTED_EDGE('',*,*,#371,.T.);
#371 = EDGE_CURVE('',#346,#372,#374,.T.);
#372 = VERTEX_POINT('',#373);
#373 = CARTESIAN_POINT('',(24.727940468532,19.5,4.));
#374 = SURFACE_CURVE('',#375,(#379,#385),.PCURVE_S1.);
#375 = LINE('',#376,#377);
#376 = CARTESIAN_POINT('',(17.03348281317,19.5,4.));
#377 = VECTOR('',#378,1.);
#378 = DIRECTION('',(1.,0.,0.));
#379 = PCURVE('',#44,#380);
#380 = DEFINITIONAL_REPRESENTATION('',(#381),#384);
#381 = B_SPLINE_CURVE_WITH_KNOTS('',1,(#382,#383),.UNSPECIFIED.,.F.,.F.,
  (2,2),(-5.03348281317,7.694457655362),.PIECEWISE_BEZIER_KNOTS.);
#382 = CARTESIAN_POINT('',(3.,39.5));
#383 = CARTESIAN_POINT('',(15.727940468532,39.5));
#384 = ( GEOMETRIC_REPRESENTATION_CONTEXT(2) 
PARAMETRIC_REPRESENTATION_CONTEXT() REPRESENTATION_CONTEXT('2D SPACE',''
  ) );
#385 = PCURVE('',#386,#391);
#386 = PLANE('',#387);
#387 = AXIS2_PLACEMENT_3D('',#388,#389,#390);
#388 = CARTESIAN_POINT('',(25.066965626341,19.5,9.933034373659));
#389 = DIRECTION('',(-0.,-1.,-0.));
#390 = DIRECTION('',(0.,0.,-1.));
#391 = DEFINITIONAL_REPRESENTATION('',(#392),#395);
#392 = B_SPLINE_CURVE_WITH_KNOTS('',1,(#393,#394),.UNSPECIFIED.,.F.,.F.,
  (2,2),(-5.03348281317,7.694457655362),.PIECEWISE_BEZIER_KNOTS.);
#393 = CARTESIAN_POINT('',(5.933034373659,-13.06696562634));
#394 = CARTESIAN_POINT('',(5.933034373659,-0.339025157808));
#395 = ( GEOMETRIC_REPRESENTATION_CONTEXT(2) 
PARAMETRIC_REPRESENTATION_CONTEXT() REPRESENTATION_CONTEXT('2D SPACE',''
  ) );
#396 = ORIENTED_EDGE('',*,*,#397,.T.);
#397 = EDGE_CURVE('',#372,#398,#400,.T.);
#398 = VERTEX_POINT('',#399);
#399 = CARTESIAN_POINT('',(24.727940468532,20.,4.));
#400 = SURFACE_CURVE('',#401,(#405,#411),.PCURVE_S1.);
#401 = LINE('',#402,#403);
#402 = CARTESIAN_POINT('',(24.727940468532,-10.,4.));
#403 = VECTOR('',#404,1.);
#404 = DIRECTION('',(-0.,1.,0.));
#405 = PCURVE('',#44,#406);
#406 = DEFINITIONAL_REPRESENTATION('',(#407),#410);
#407 = B_SPLINE_CURVE_WITH_KNOTS('',1,(#408,#409),.UNSPECIFIED.,.F.,.F.,
  (2,2),(-10.,30.),.PIECEWISE_BEZIER_KNOTS.);
#408 = CARTESIAN_POINT('',(15.727940468532,0.));
#409 = CARTESIAN_POINT('',(15.727940468532,40.));
#410 = ( GEOMETRIC_REPRESENTATION_CONTEXT(2) 
PARAMETRIC_REPRESENTATION_CONTEXT() REPRESENTATION_CONTEXT('2D SPACE',''
  ) );
#411 = PCURVE('',#209,#412);
#412 = DEFINITIONAL_REPRESENTATION('',(#413),#416);
#413 = B_SPLINE_CURVE_WITH_KNOTS('',1,(#414,#415),.UNSPECIFIED.,.F.,.F.,
  (2,2),(-10.,30.),.PIECEWISE_BEZIER_KNOTS.);
#414 = CARTESIAN_POINT('',(-17.87164445504,20.));
#415 = CARTESIAN_POINT('',(-17.87164445504,-20.));
#416 = ( GEOMETRIC_REPRESENTATION_CONTEXT(2) 
PARAMETRIC_REPRESENTATION_CONTEXT() REPRESENTATION_CONTEXT('2D SPACE',''
  ) );
#417 = ORIENTED_EDGE('',*,*,#418,.F.);
#418 = EDGE_CURVE('',#419,#398,#421,.T.);
#419 = VERTEX_POINT('',#420);
#420 = CARTESIAN_POINT('',(11.,20.,4.));
#421 = SURFACE_CURVE('',#422,(#426,#433),.PCURVE_S1.);
#422 = LINE('',#423,#424);
#423 = CARTESIAN_POINT('',(9.,20.,4.));
#424 = VECTOR('',#425,1.);
#425 = DIRECTION('',(1.,0.,0.));
#426 = PCURVE('',#44,#427);
#427 = DEFINITIONAL_REPRESENTATION('',(#428),#432);
#428 = LINE('',#429,#430);
#429 = CARTESIAN_POINT('',(0.,40.));
#430 = VECTOR('',#431,1.);
#431 = DIRECTION('',(1.,0.));
#432 = ( GEOMETRIC_REPRESENTATION_CONTEXT(2) 
PARAMETRIC_REPRESENTATION_CONTEXT() REPRESENTATION_CONTEXT('2D SPACE',''
  ) );
#433 = PCURVE('',#434,#439);
#434 = PLANE('',#435);
#435 = AXIS2_PLACEMENT_3D('',#436,#437,#438);
#436 = CARTESIAN_POINT('',(9.,20.,0.));
#437 = DIRECTION('',(0.,1.,0.));
#438 = DIRECTION('',(0.,0.,1.));
#439 = DEFINITIONAL_REPRESENTATION('',(#440),#444);
#440 = LINE('',#441,#442);
#441 = CARTESIAN_POINT('',(4.,0.));
#442 = VECTOR('',#443,1.);
#443 = DIRECTION('',(0.,1.));
#444 = ( GEOMETRIC_REPRESENTATION_CONTEXT(2) 
PARAMETRIC_REPRESENTATION_CONTEXT() REPRESENTATION_CONTEXT('2D SPACE',''
  ) );
#445 = ORIENTED_EDGE('',*,*,#446,.F.);
#446 = EDGE_CURVE('',#24,#419,#447,.T.);
#447 = SURFACE_CURVE('',#448,(#453,#464),.PCURVE_S1.);
#448 = CIRCLE('',#449,2.);
#449 = AXIS2_PLACEMENT_3D('',#450,#451,#452);
#450 = CARTESIAN_POINT('',(11.,18.,4.));
#451 = DIRECTION('',(-0.,-0.,-1.));
#452 = DIRECTION('',(0.,-1.,0.));
#453 = PCURVE('',#44,#454);
#454 = DEFINITIONAL_REPRESENTATION('',(#455),#463);
#455 = ( BOUNDED_CURVE() B_SPLINE_CURVE(2,(#456,#457,#458,#459,#460,#461
,#462),.UNSPECIFIED.,.T.,.F.) B_SPLINE_CURVE_WITH_KNOTS((1,2,2,2,2,1),(
    -2.094395102393,0.,2.094395102393,4.188790204786,6.28318530718,
8.377580409573),.UNSPECIFIED.) CURVE() GEOMETRIC_REPRESENTATION_ITEM() 
RATIONAL_B_SPLINE_CURVE((1.,0.5,1.,0.5,1.,0.5,1.)) REPRESENTATION_ITEM(
  '') );
#456 = CARTESIAN_POINT('',(2.,36.));
#457 = CARTESIAN_POINT('',(-1.464101615138,36.));
#458 = CARTESIAN_POINT('',(0.267949192431,39.));
#459 = CARTESIAN_POINT('',(2.,42.));
#460 = CARTESIAN_POINT('',(3.732050807569,39.));
#461 = CARTESIAN_POINT('',(5.464101615138,36.));
#462 = CARTESIAN_POINT('',(2.,36.));
#463 = ( GEOMETRIC_REPRESENTATION_CONTEXT(2) 
PARAMETRIC_REPRESENTATION_CONTEXT() REPRESENTATION_CONTEXT('2D SPACE',''
  ) );
#464 = PCURVE('',#126,#465);
#465 = DEFINITIONAL_REPRESENTATION('',(#466),#470);
#466 = LINE('',#467,#468);
#467 = CARTESIAN_POINT('',(1.570796326795,4.));
#468 = VECTOR('',#469,1.);
#469 = DIRECTION('',(-1.,0.));
#470 = ( GEOMETRIC_REPRESENTATION_CONTEXT(2) 
PARAMETRIC_REPRESENTATION_CONTEXT() REPRESENTATION_CONTEXT('2D SPACE',''
  ) );
#471 = FACE_BOUND('',#472,.T.);
#472 = EDGE_LOOP('',(#473));
#473 = ORIENTED_EDGE('',*,*,#474,.T.);
#474 = EDGE_CURVE('',#475,#475,#477,.T.);
#475 = VERTEX_POINT('',#476);
#476 = CARTESIAN_POINT('',(18.7,-10.,4.));
#477 = SURFACE_CURVE('',#478,(#483,#494),.PCURVE_S1.);
#478 = CIRCLE('',#479,1.7);
#479 = AXIS2_PLACEMENT_3D('',#480,#481,#482);
#480 = CARTESIAN_POINT('',(17.,-10.,4.));
#481 = DIRECTION('',(0.,0.,-1.));
#482 = DIRECTION('',(1.,0.,0.));
#483 = PCURVE('',#44,#484);
#484 = DEFINITIONAL_REPRESENTATION('',(#485),#493);
#485 = ( BOUNDED_CURVE() B_SPLINE_CURVE(2,(#486,#487,#488,#489,#490,#491
,#492),.UNSPECIFIED.,.T.,.F.) B_SPLINE_CURVE_WITH_KNOTS((1,2,2,2,2,1),(
    -2.094395102393,0.,2.094395102393,4.188790204786,6.28318530718,
8.377580409573),.UNSPECIFIED.) CURVE() GEOMETRIC_REPRESENTATION_ITEM() 
RATIONAL_B_SPLINE_CURVE((1.,0.5,1.,0.5,1.,0.5,1.)) REPRESENTATION_ITEM(
  '') );
#486 = CARTESIAN_POINT('',(9.7,10.));
#487 = CARTESIAN_POINT('',(9.7,7.055513627133));
#488 = CARTESIAN_POINT('',(7.15,8.527756813566));
#489 = CARTESIAN_POINT('',(4.6,10.));
#490 = CARTESIAN_POINT('',(7.15,11.472243186434));
#491 = CARTESIAN_POINT('',(9.7,12.944486372867));
#492 = CARTESIAN_POINT('',(9.7,10.));
#493 = ( GEOMETRIC_REPRESENTATION_CONTEXT(2) 
PARAMETRIC_REPRESENTATION_CONTEXT() REPRESENTATION_CONTEXT('2D SPACE',''
  ) );
#494 = PCURVE('',#495,#500);
#495 = CYLINDRICAL_SURFACE('',#496,1.7);
#496 = AXIS2_PLACEMENT_3D('',#497,#498,#499);
#497 = CARTESIAN_POINT('',(17.,-10.,-1.));
#498 = DIRECTION('',(-0.,-0.,-1.));
#499 = DIRECTION('',(1.,0.,0.));
#500 = DEFINITIONAL_REPRESENTATION('',(#501),#505);
#501 = LINE('',#502,#503);
#502 = CARTESIAN_POINT('',(-6.28318530718,-5.));
#503 = VECTOR('',#504,1.);
#504 = DIRECTION('',(1.,-0.));
#505 = ( GEOMETRIC_REPRESENTATION_CONTEXT(2) 
PARAMETRIC_REPRESENTATION_CONTEXT() REPRESENTATION_CONTEXT('2D SPACE',''
  ) );
#506 = FACE_BOUND('',#507,.T.);
#507 = EDGE_LOOP('',(#508,#536,#569,#595));
#508 = ORIENTED_EDGE('',*,*,#509,.F.);
#509 = EDGE_CURVE('',#510,#512,#514,.T.);
#510 = VERTEX_POINT('',#511);
#511 = CARTESIAN_POINT('',(10.75,3.25,4.));
#512 = VERTEX_POINT('',#513);
#513 = CARTESIAN_POINT('',(10.75,-3.25,4.));
#514 = SURFACE_CURVE('',#515,(#519,#525),.PCURVE_S1.);
#515 = LINE('',#516,#517);
#516 = CARTESIAN_POINT('',(10.75,-11.625,4.));
#517 = VECTOR('',#518,1.);
#518 = DIRECTION('',(-1.110223024625E-16,-1.,0.));
#519 = PCURVE('',#44,#520);
#520 = DEFINITIONAL_REPRESENTATION('',(#521),#524);
#521 = B_SPLINE_CURVE_WITH_KNOTS('',1,(#522,#523),.UNSPECIFIED.,.F.,.F.,
  (2,2),(-14.875,-8.375),.PIECEWISE_BEZIER_KNOTS.);
#522 = CARTESIAN_POINT('',(1.75,23.25));
#523 = CARTESIAN_POINT('',(1.75,16.75));
#524 = ( GEOMETRIC_REPRESENTATION_CONTEXT(2) 
PARAMETRIC_REPRESENTATION_CONTEXT() REPRESENTATION_CONTEXT('2D SPACE',''
  ) );
#525 = PCURVE('',#526,#531);
#526 = PLANE('',#527);
#527 = AXIS2_PLACEMENT_3D('',#528,#529,#530);
#528 = CARTESIAN_POINT('',(10.75,-3.25,-1.));
#529 = DIRECTION('',(-1.,1.110223024625E-16,0.));
#530 = DIRECTION('',(1.110223024625E-16,1.,0.));
#531 = DEFINITIONAL_REPRESENTATION('',(#532),#535);
#532 = B_SPLINE_CURVE_WITH_KNOTS('',1,(#533,#534),.UNSPECIFIED.,.F.,.F.,
  (2,2),(-14.875,-8.375),.PIECEWISE_BEZIER_KNOTS.);
#533 = CARTESIAN_POINT('',(6.5,-5.));
#534 = CARTESIAN_POINT('',(0.,-5.));
#535 = ( GEOMETRIC_REPRESENTATION_CONTEXT(2) 
PARAMETRIC_REPRESENTATION_CONTEXT() REPRESENTATION_CONTEXT('2D SPACE',''
  ) );
#536 = ORIENTED_EDGE('',*,*,#537,.T.);
#537 = EDGE_CURVE('',#510,#538,#540,.T.);
#538 = VERTEX_POINT('',#539);
#539 = CARTESIAN_POINT('',(13.25,3.25,4.));
#540 = SURFACE_CURVE('',#541,(#546,#557),.PCURVE_S1.);
#541 = CIRCLE('',#542,1.25);
#542 = AXIS2_PLACEMENT_3D('',#543,#544,#545);
#543 = CARTESIAN_POINT('',(12.,3.25,4.));
#544 = DIRECTION('',(0.,0.,-1.));
#545 = DIRECTION('',(-1.,1.110223024625E-16,0.));
#546 = PCURVE('',#44,#547);
#547 = DEFINITIONAL_REPRESENTATION('',(#548),#556);
#548 = ( BOUNDED_CURVE() B_SPLINE_CURVE(2,(#549,#550,#551,#552,#553,#554
,#555),.UNSPECIFIED.,.T.,.F.) B_SPLINE_CURVE_WITH_KNOTS((1,2,2,2,2,1),(
    -2.094395102393,0.,2.094395102393,4.188790204786,6.28318530718,
8.377580409573),.UNSPECIFIED.) CURVE() GEOMETRIC_REPRESENTATION_ITEM() 
RATIONAL_B_SPLINE_CURVE((1.,0.5,1.,0.5,1.,0.5,1.)) REPRESENTATION_ITEM(
  '') );
#549 = CARTESIAN_POINT('',(1.75,23.25));
#550 = CARTESIAN_POINT('',(1.75,25.415063509461));
#551 = CARTESIAN_POINT('',(3.625,24.332531754731));
#552 = CARTESIAN_POINT('',(5.5,23.25));
#553 = CARTESIAN_POINT('',(3.625,22.167468245269));
#554 = CARTESIAN_POINT('',(1.75,21.084936490539));
#555 = CARTESIAN_POINT('',(1.75,23.25));
#556 = ( GEOMETRIC_REPRESENTATION_CONTEXT(2) 
PARAMETRIC_REPRESENTATION_CONTEXT() REPRESENTATION_CONTEXT('2D SPACE',''
  ) );
#557 = PCURVE('',#558,#563);
#558 = CYLINDRICAL_SURFACE('',#559,1.25);
#559 = AXIS2_PLACEMENT_3D('',#560,#561,#562);
#560 = CARTESIAN_POINT('',(12.,3.25,-1.));
#561 = DIRECTION('',(0.,0.,-1.));
#562 = DIRECTION('',(-1.,1.110223024625E-16,0.));
#563 = DEFINITIONAL_REPRESENTATION('',(#564),#568);
#564 = LINE('',#565,#566);
#565 = CARTESIAN_POINT('',(0.,-5.));
#566 = VECTOR('',#567,1.);
#567 = DIRECTION('',(1.,0.));
#568 = ( GEOMETRIC_REPRESENTATION_CONTEXT(2) 
PARAMETRIC_REPRESENTATION_CONTEXT() REPRESENTATION_CONTEXT('2D SPACE',''
  ) );
#569 = ORIENTED_EDGE('',*,*,#570,.F.);
#570 = EDGE_CURVE('',#571,#538,#573,.T.);
#571 = VERTEX_POINT('',#572);
#572 = CARTESIAN_POINT('',(13.25,-3.25,4.));
#573 = SURFACE_CURVE('',#574,(#578,#584),.PCURVE_S1.);
#574 = LINE('',#575,#576);
#575 = CARTESIAN_POINT('',(13.25,-8.375,4.));
#576 = VECTOR('',#577,1.);
#577 = DIRECTION('',(1.110223024625E-16,1.,-0.));
#578 = PCURVE('',#44,#579);
#579 = DEFINITIONAL_REPRESENTATION('',(#580),#583);
#580 = B_SPLINE_CURVE_WITH_KNOTS('',1,(#581,#582),.UNSPECIFIED.,.F.,.F.,
  (2,2),(5.125,11.625),.PIECEWISE_BEZIER_KNOTS.);
#581 = CARTESIAN_POINT('',(4.25,16.75));
#582 = CARTESIAN_POINT('',(4.25,23.25));
#583 = ( GEOMETRIC_REPRESENTATION_CONTEXT(2) 
PARAMETRIC_REPRESENTATION_CONTEXT() REPRESENTATION_CONTEXT('2D SPACE',''
  ) );
#584 = PCURVE('',#585,#590);
#585 = PLANE('',#586);
#586 = AXIS2_PLACEMENT_3D('',#587,#588,#589);
#587 = CARTESIAN_POINT('',(13.25,3.25,-1.));
#588 = DIRECTION('',(1.,-1.110223024625E-16,0.));
#589 = DIRECTION('',(-1.110223024625E-16,-1.,0.));
#590 = DEFINITIONAL_REPRESENTATION('',(#591),#594);
#591 = B_SPLINE_CURVE_WITH_KNOTS('',1,(#592,#593),.UNSPECIFIED.,.F.,.F.,
  (2,2),(5.125,11.625),.PIECEWISE_BEZIER_KNOTS.);
#592 = CARTESIAN_POINT('',(6.5,-5.));
#593 = CARTESIAN_POINT('',(0.,-5.));
#594 = ( GEOMETRIC_REPRESENTATION_CONTEXT(2) 
PARAMETRIC_REPRESENTATION_CONTEXT() REPRESENTATION_CONTEXT('2D SPACE',''
  ) );
#595 = ORIENTED_EDGE('',*,*,#596,.T.);
#596 = EDGE_CURVE('',#571,#512,#597,.T.);
#597 = SURFACE_CURVE('',#598,(#603,#614),.PCURVE_S1.);
#598 = CIRCLE('',#599,1.25);
#599 = AXIS2_PLACEMENT_3D('',#600,#601,#602);
#600 = CARTESIAN_POINT('',(12.,-3.25,4.));
#601 = DIRECTION('',(0.,-0.,-1.));
#602 = DIRECTION('',(1.,-1.110223024625E-16,0.));
#603 = PCURVE('',#44,#604);
#604 = DEFINITIONAL_REPRESENTATION('',(#605),#613);
#605 = ( BOUNDED_CURVE() B_SPLINE_CURVE(2,(#606,#607,#608,#609,#610,#611
,#612),.UNSPECIFIED.,.T.,.F.) B_SPLINE_CURVE_WITH_KNOTS((1,2,2,2,2,1),(
    -2.094395102393,0.,2.094395102393,4.188790204786,6.28318530718,
8.377580409573),.UNSPECIFIED.) CURVE() GEOMETRIC_REPRESENTATION_ITEM() 
RATIONAL_B_SPLINE_CURVE((1.,0.5,1.,0.5,1.,0.5,1.)) REPRESENTATION_ITEM(
  '') );
#606 = CARTESIAN_POINT('',(4.25,16.75));
#607 = CARTESIAN_POINT('',(4.25,14.584936490539));
#608 = CARTESIAN_POINT('',(2.375,15.667468245269));
#609 = CARTESIAN_POINT('',(0.5,16.75));
#610 = CARTESIAN_POINT('',(2.375,17.832531754731));
#611 = CARTESIAN_POINT('',(4.25,18.915063509461));
#612 = CARTESIAN_POINT('',(4.25,16.75));
#613 = ( GEOMETRIC_REPRESENTATION_CONTEXT(2) 
PARAMETRIC_REPRESENTATION_CONTEXT() REPRESENTATION_CONTEXT('2D SPACE',''
  ) );
#614 = PCURVE('',#615,#620);
#615 = CYLINDRICAL_SURFACE('',#616,1.25);
#616 = AXIS2_PLACEMENT_3D('',#617,#618,#619);
#617 = CARTESIAN_POINT('',(12.,-3.25,-1.));
#618 = DIRECTION('',(0.,-0.,-1.));
#619 = DIRECTION('',(1.,-1.110223024625E-16,0.));
#620 = DEFINITIONAL_REPRESENTATION('',(#621),#625);
#621 = LINE('',#622,#623);
#622 = CARTESIAN_POINT('',(0.,-5.));
#623 = VECTOR('',#624,1.);
#624 = DIRECTION('',(1.,0.));
#625 = ( GEOMETRIC_REPRESENTATION_CONTEXT(2) 
PARAMETRIC_REPRESENTATION_CONTEXT() REPRESENTATION_CONTEXT('2D SPACE',''
  ) );
#626 = FACE_BOUND('',#627,.T.);
#627 = EDGE_LOOP('',(#628));
#628 = ORIENTED_EDGE('',*,*,#629,.T.);
#629 = EDGE_CURVE('',#630,#630,#632,.T.);
#630 = VERTEX_POINT('',#631);
#631 = CARTESIAN_POINT('',(18.7,10.,4.));
#632 = SURFACE_CURVE('',#633,(#638,#649),.PCURVE_S1.);
#633 = CIRCLE('',#634,1.7);
#634 = AXIS2_PLACEMENT_3D('',#635,#636,#637);
#635 = CARTESIAN_POINT('',(17.,10.,4.));
#636 = DIRECTION('',(0.,0.,-1.));
#637 = DIRECTION('',(1.,0.,0.));
#638 = PCURVE('',#44,#639);
#639 = DEFINITIONAL_REPRESENTATION('',(#640),#648);
#640 = ( BOUNDED_CURVE() B_SPLINE_CURVE(2,(#641,#642,#643,#644,#645,#646
,#647),.UNSPECIFIED.,.T.,.F.) B_SPLINE_CURVE_WITH_KNOTS((1,2,2,2,2,1),(
    -2.094395102393,0.,2.094395102393,4.188790204786,6.28318530718,
8.377580409573),.UNSPECIFIED.) CURVE() GEOMETRIC_REPRESENTATION_ITEM() 
RATIONAL_B_SPLINE_CURVE((1.,0.5,1.,0.5,1.,0.5,1.)) REPRESENTATION_ITEM(
  '') );
#641 = CARTESIAN_POINT('',(9.7,30.));
#642 = CARTESIAN_POINT('',(9.7,27.055513627133));
#643 = CARTESIAN_POINT('',(7.15,28.527756813566));
#644 = CARTESIAN_POINT('',(4.6,30.));
#645 = CARTESIAN_POINT('',(7.15,31.472243186434));
#646 = CARTESIAN_POINT('',(9.7,32.944486372867));
#647 = CARTESIAN_POINT('',(9.7,30.));
#648 = ( GEOMETRIC_REPRESENTATION_CONTEXT(2) 
PARAMETRIC_REPRESENTATION_CONTEXT() REPRESENTATION_CONTEXT('2D SPACE',''
  ) );
#649 = PCURVE('',#650,#655);
#650 = CYLINDRICAL_SURFACE('',#651,1.7);
#651 = AXIS2_PLACEMENT_3D('',#652,#653,#654);
#652 = CARTESIAN_POINT('',(17.,10.,-1.));
#653 = DIRECTION('',(-0.,-0.,-1.));
#654 = DIRECTION('',(1.,0.,0.));
#655 = DEFINITIONAL_REPRESENTATION('',(#656),#660);
#656 = LINE('',#657,#658);
#657 = CARTESIAN_POINT('',(-6.28318530718,-5.));
#658 = VECTOR('',#659,1.);
#659 = DIRECTION('',(1.,-0.));
#660 = ( GEOMETRIC_REPRESENTATION_CONTEXT(2) 
PARAMETRIC_REPRESENTATION_CONTEXT() REPRESENTATION_CONTEXT('2D SPACE',''
  ) );
#661 = ADVANCED_FACE('',(#662),#72,.T.);
#662 = FACE_BOUND('',#663,.T.);
#663 = EDGE_LOOP('',(#664,#688,#709,#710));
#664 = ORIENTED_EDGE('',*,*,#665,.T.);
#665 = EDGE_CURVE('',#57,#666,#668,.T.);
#666 = VERTEX_POINT('',#667);
#667 = CARTESIAN_POINT('',(11.,-20.,0.));
#668 = SURFACE_CURVE('',#669,(#674,#681),.PCURVE_S1.);
#669 = CIRCLE('',#670,2.);
#670 = AXIS2_PLACEMENT_3D('',#671,#672,#673);
#671 = CARTESIAN_POINT('',(11.,-18.,0.));
#672 = DIRECTION('',(0.,0.,1.));
#673 = DIRECTION('',(0.,-1.,0.));
#674 = PCURVE('',#72,#675);
#675 = DEFINITIONAL_REPRESENTATION('',(#676),#680);
#676 = LINE('',#677,#678);
#677 = CARTESIAN_POINT('',(-4.712388980385,0.));
#678 = VECTOR('',#679,1.);
#679 = DIRECTION('',(1.,0.));
#680 = ( GEOMETRIC_REPRESENTATION_CONTEXT(2) 
PARAMETRIC_REPRESENTATION_CONTEXT() REPRESENTATION_CONTEXT('2D SPACE',''
  ) );
#681 = PCURVE('',#100,#682);
#682 = DEFINITIONAL_REPRESENTATION('',(#683),#687);
#683 = CIRCLE('',#684,2.);
#684 = AXIS2_PLACEMENT_2D('',#685,#686);
#685 = CARTESIAN_POINT('',(2.,2.));
#686 = DIRECTION('',(0.,-1.));
#687 = ( GEOMETRIC_REPRESENTATION_CONTEXT(2) 
PARAMETRIC_REPRESENTATION_CONTEXT() REPRESENTATION_CONTEXT('2D SPACE',''
  ) );
#688 = ORIENTED_EDGE('',*,*,#689,.T.);
#689 = EDGE_CURVE('',#666,#143,#690,.T.);
#690 = SURFACE_CURVE('',#691,(#695,#702),.PCURVE_S1.);
#691 = LINE('',#692,#693);
#692 = CARTESIAN_POINT('',(11.,-20.,0.));
#693 = VECTOR('',#694,1.);
#694 = DIRECTION('',(0.,0.,1.));
#695 = PCURVE('',#72,#696);
#696 = DEFINITIONAL_REPRESENTATION('',(#697),#701);
#697 = LINE('',#698,#699);
#698 = CARTESIAN_POINT('',(1.570796326795,0.));
#699 = VECTOR('',#700,1.);
#700 = DIRECTION('',(0.,1.));
#701 = ( GEOMETRIC_REPRESENTATION_CONTEXT(2) 
PARAMETRIC_REPRESENTATION_CONTEXT() REPRESENTATION_CONTEXT('2D SPACE',''
  ) );
#702 = PCURVE('',#182,#703);
#703 = DEFINITIONAL_REPRESENTATION('',(#704),#708);
#704 = LINE('',#705,#706);
#705 = CARTESIAN_POINT('',(0.,2.));
#706 = VECTOR('',#707,1.);
#707 = DIRECTION('',(1.,0.));
#708 = ( GEOMETRIC_REPRESENTATION_CONTEXT(2) 
PARAMETRIC_REPRESENTATION_CONTEXT() REPRESENTATION_CONTEXT('2D SPACE',''
  ) );
#709 = ORIENTED_EDGE('',*,*,#142,.F.);
#710 = ORIENTED_EDGE('',*,*,#56,.F.);
#711 = ADVANCED_FACE('',(#712),#126,.T.);
#712 = FACE_BOUND('',#713,.F.);
#713 = EDGE_LOOP('',(#714,#742,#763,#764));
#714 = ORIENTED_EDGE('',*,*,#715,.T.);
#715 = EDGE_CURVE('',#85,#716,#718,.T.);
#716 = VERTEX_POINT('',#717);
#717 = CARTESIAN_POINT('',(11.,20.,0.));
#718 = SURFACE_CURVE('',#719,(#724,#731),.PCURVE_S1.);
#719 = CIRCLE('',#720,2.);
#720 = AXIS2_PLACEMENT_3D('',#721,#722,#723);
#721 = CARTESIAN_POINT('',(11.,18.,0.));
#722 = DIRECTION('',(-0.,-0.,-1.));
#723 = DIRECTION('',(0.,-1.,0.));
#724 = PCURVE('',#126,#725);
#725 = DEFINITIONAL_REPRESENTATION('',(#726),#730);
#726 = LINE('',#727,#728);
#727 = CARTESIAN_POINT('',(1.570796326795,-0.));
#728 = VECTOR('',#729,1.);
#729 = DIRECTION('',(-1.,0.));
#730 = ( GEOMETRIC_REPRESENTATION_CONTEXT(2) 
PARAMETRIC_REPRESENTATION_CONTEXT() REPRESENTATION_CONTEXT('2D SPACE',''
  ) );
#731 = PCURVE('',#100,#732);
#732 = DEFINITIONAL_REPRESENTATION('',(#733),#741);
#733 = ( BOUNDED_CURVE() B_SPLINE_CURVE(2,(#734,#735,#736,#737,#738,#739
,#740),.UNSPECIFIED.,.T.,.F.) B_SPLINE_CURVE_WITH_KNOTS((1,2,2,2,2,1),(
    -2.094395102393,0.,2.094395102393,4.188790204786,6.28318530718,
8.377580409573),.UNSPECIFIED.) CURVE() GEOMETRIC_REPRESENTATION_ITEM() 
RATIONAL_B_SPLINE_CURVE((1.,0.5,1.,0.5,1.,0.5,1.)) REPRESENTATION_ITEM(
  '') );
#734 = CARTESIAN_POINT('',(2.,36.));
#735 = CARTESIAN_POINT('',(-1.464101615138,36.));
#736 = CARTESIAN_POINT('',(0.267949192431,39.));
#737 = CARTESIAN_POINT('',(2.,42.));
#738 = CARTESIAN_POINT('',(3.732050807569,39.));
#739 = CARTESIAN_POINT('',(5.464101615138,36.));
#740 = CARTESIAN_POINT('',(2.,36.));
#741 = ( GEOMETRIC_REPRESENTATION_CONTEXT(2) 
PARAMETRIC_REPRESENTATION_CONTEXT() REPRESENTATION_CONTEXT('2D SPACE',''
  ) );
#742 = ORIENTED_EDGE('',*,*,#743,.T.);
#743 = EDGE_CURVE('',#716,#419,#744,.T.);
#744 = SURFACE_CURVE('',#745,(#749,#756),.PCURVE_S1.);
#745 = LINE('',#746,#747);
#746 = CARTESIAN_POINT('',(11.,20.,0.));
#747 = VECTOR('',#748,1.);
#748 = DIRECTION('',(0.,0.,1.));
#749 = PCURVE('',#126,#750);
#750 = DEFINITIONAL_REPRESENTATION('',(#751),#755);
#751 = LINE('',#752,#753);
#752 = CARTESIAN_POINT('',(-1.570796326795,0.));
#753 = VECTOR('',#754,1.);
#754 = DIRECTION('',(-0.,1.));
#755 = ( GEOMETRIC_REPRESENTATION_CONTEXT(2) 
PARAMETRIC_REPRESENTATION_CONTEXT() REPRESENTATION_CONTEXT('2D SPACE',''
  ) );
#756 = PCURVE('',#434,#757);
#757 = DEFINITIONAL_REPRESENTATION('',(#758),#762);
#758 = LINE('',#759,#760);
#759 = CARTESIAN_POINT('',(0.,2.));
#760 = VECTOR('',#761,1.);
#761 = DIRECTION('',(1.,0.));
#762 = ( GEOMETRIC_REPRESENTATION_CONTEXT(2) 
PARAMETRIC_REPRESENTATION_CONTEXT() REPRESENTATION_CONTEXT('2D SPACE',''
  ) );
#763 = ORIENTED_EDGE('',*,*,#446,.F.);
#764 = ORIENTED_EDGE('',*,*,#112,.F.);
#765 = ADVANCED_FACE('',(#766,#905,#935,#1035),#100,.F.);
#766 = FACE_BOUND('',#767,.F.);
#767 = EDGE_LOOP('',(#768,#769,#770,#793,#826,#854,#883,#904));
#768 = ORIENTED_EDGE('',*,*,#84,.F.);
#769 = ORIENTED_EDGE('',*,*,#665,.T.);
#770 = ORIENTED_EDGE('',*,*,#771,.T.);
#771 = EDGE_CURVE('',#666,#772,#774,.T.);
#772 = VERTEX_POINT('',#773);
#773 = CARTESIAN_POINT('',(28.,-20.,0.));
#774 = SURFACE_CURVE('',#775,(#779,#786),.PCURVE_S1.);
#775 = LINE('',#776,#777);
#776 = CARTESIAN_POINT('',(9.,-20.,0.));
#777 = VECTOR('',#778,1.);
#778 = DIRECTION('',(1.,0.,0.));
#779 = PCURVE('',#100,#780);
#780 = DEFINITIONAL_REPRESENTATION('',(#781),#785);
#781 = LINE('',#782,#783);
#782 = CARTESIAN_POINT('',(0.,0.));
#783 = VECTOR('',#784,1.);
#784 = DIRECTION('',(1.,0.));
#785 = ( GEOMETRIC_REPRESENTATION_CONTEXT(2) 
PARAMETRIC_REPRESENTATION_CONTEXT() REPRESENTATION_CONTEXT('2D SPACE',''
  ) );
#786 = PCURVE('',#182,#787);
#787 = DEFINITIONAL_REPRESENTATION('',(#788),#792);
#788 = LINE('',#789,#790);
#789 = CARTESIAN_POINT('',(0.,0.));
#790 = VECTOR('',#791,1.);
#791 = DIRECTION('',(0.,1.));
#792 = ( GEOMETRIC_REPRESENTATION_CONTEXT(2) 
PARAMETRIC_REPRESENTATION_CONTEXT() REPRESENTATION_CONTEXT('2D SPACE',''
  ) );
#793 = ORIENTED_EDGE('',*,*,#794,.F.);
#794 = EDGE_CURVE('',#795,#772,#797,.T.);
#795 = VERTEX_POINT('',#796);
#796 = CARTESIAN_POINT('',(30.,-18.,0.));
#797 = SURFACE_CURVE('',#798,(#803,#814),.PCURVE_S1.);
#798 = CIRCLE('',#799,2.);
#799 = AXIS2_PLACEMENT_3D('',#800,#801,#802);
#800 = CARTESIAN_POINT('',(28.,-18.,0.));
#801 = DIRECTION('',(-0.,-0.,-1.));
#802 = DIRECTION('',(0.,-1.,0.));
#803 = PCURVE('',#100,#804);
#804 = DEFINITIONAL_REPRESENTATION('',(#805),#813);
#805 = ( BOUNDED_CURVE() B_SPLINE_CURVE(2,(#806,#807,#808,#809,#810,#811
,#812),.UNSPECIFIED.,.T.,.F.) B_SPLINE_CURVE_WITH_KNOTS((1,2,2,2,2,1),(
    -2.094395102393,0.,2.094395102393,4.188790204786,6.28318530718,
8.377580409573),.UNSPECIFIED.) CURVE() GEOMETRIC_REPRESENTATION_ITEM() 
RATIONAL_B_SPLINE_CURVE((1.,0.5,1.,0.5,1.,0.5,1.)) REPRESENTATION_ITEM(
  '') );
#806 = CARTESIAN_POINT('',(19.,0.));
#807 = CARTESIAN_POINT('',(15.535898384862,0.));
#808 = CARTESIAN_POINT('',(17.267949192431,3.));
#809 = CARTESIAN_POINT('',(19.,6.));
#810 = CARTESIAN_POINT('',(20.732050807569,3.));
#811 = CARTESIAN_POINT('',(22.464101615138,3.10862446895E-15));
#812 = CARTESIAN_POINT('',(19.,0.));
#813 = ( GEOMETRIC_REPRESENTATION_CONTEXT(2) 
PARAMETRIC_REPRESENTATION_CONTEXT() REPRESENTATION_CONTEXT('2D SPACE',''
  ) );
#814 = PCURVE('',#815,#820);
#815 = CYLINDRICAL_SURFACE('',#816,2.);
#816 = AXIS2_PLACEMENT_3D('',#817,#818,#819);
#817 = CARTESIAN_POINT('',(28.,-18.,0.));
#818 = DIRECTION('',(0.,0.,1.));
#819 = DIRECTION('',(1.,0.,-0.));
#820 = DEFINITIONAL_REPRESENTATION('',(#821),#825);
#821 = LINE('',#822,#823);
#822 = CARTESIAN_POINT('',(4.712388980385,-0.));
#823 = VECTOR('',#824,1.);
#824 = DIRECTION('',(-1.,0.));
#825 = ( GEOMETRIC_REPRESENTATION_CONTEXT(2) 
PARAMETRIC_REPRESENTATION_CONTEXT() REPRESENTATION_CONTEXT('2D SPACE',''
  ) );
#826 = ORIENTED_EDGE('',*,*,#827,.T.);
#827 = EDGE_CURVE('',#795,#828,#830,.T.);
#828 = VERTEX_POINT('',#829);
#829 = CARTESIAN_POINT('',(30.,18.,0.));
#830 = SURFACE_CURVE('',#831,(#835,#842),.PCURVE_S1.);
#831 = LINE('',#832,#833);
#832 = CARTESIAN_POINT('',(30.,-20.,0.));
#833 = VECTOR('',#834,1.);
#834 = DIRECTION('',(0.,1.,0.));
#835 = PCURVE('',#100,#836);
#836 = DEFINITIONAL_REPRESENTATION('',(#837),#841);
#837 = LINE('',#838,#839);
#838 = CARTESIAN_POINT('',(21.,0.));
#839 = VECTOR('',#840,1.);
#840 = DIRECTION('',(0.,1.));
#841 = ( GEOMETRIC_REPRESENTATION_CONTEXT(2) 
PARAMETRIC_REPRESENTATION_CONTEXT() REPRESENTATION_CONTEXT('2D SPACE',''
  ) );
#842 = PCURVE('',#843,#848);
#843 = PLANE('',#844);
#844 = AXIS2_PLACEMENT_3D('',#845,#846,#847);
#845 = CARTESIAN_POINT('',(30.,-20.,0.));
#846 = DIRECTION('',(1.,0.,0.));
#847 = DIRECTION('',(0.,0.,1.));
#848 = DEFINITIONAL_REPRESENTATION('',(#849),#853);
#849 = LINE('',#850,#851);
#850 = CARTESIAN_POINT('',(0.,0.));
#851 = VECTOR('',#852,1.);
#852 = DIRECTION('',(0.,-1.));
#853 = ( GEOMETRIC_REPRESENTATION_CONTEXT(2) 
PARAMETRIC_REPRESENTATION_CONTEXT() REPRESENTATION_CONTEXT('2D SPACE',''
  ) );
#854 = ORIENTED_EDGE('',*,*,#855,.T.);
#855 = EDGE_CURVE('',#828,#856,#858,.T.);
#856 = VERTEX_POINT('',#857);
#857 = CARTESIAN_POINT('',(28.,20.,0.));
#858 = SURFACE_CURVE('',#859,(#864,#871),.PCURVE_S1.);
#859 = CIRCLE('',#860,2.);
#860 = AXIS2_PLACEMENT_3D('',#861,#862,#863);
#861 = CARTESIAN_POINT('',(28.,18.,0.));
#862 = DIRECTION('',(0.,0.,1.));
#863 = DIRECTION('',(0.,-1.,0.));
#864 = PCURVE('',#100,#865);
#865 = DEFINITIONAL_REPRESENTATION('',(#866),#870);
#866 = CIRCLE('',#867,2.);
#867 = AXIS2_PLACEMENT_2D('',#868,#869);
#868 = CARTESIAN_POINT('',(19.,38.));
#869 = DIRECTION('',(0.,-1.));
#870 = ( GEOMETRIC_REPRESENTATION_CONTEXT(2) 
PARAMETRIC_REPRESENTATION_CONTEXT() REPRESENTATION_CONTEXT('2D SPACE',''
  ) );
#871 = PCURVE('',#872,#877);
#872 = CYLINDRICAL_SURFACE('',#873,2.);
#873 = AXIS2_PLACEMENT_3D('',#874,#875,#876);
#874 = CARTESIAN_POINT('',(28.,18.,0.));
#875 = DIRECTION('',(0.,0.,1.));
#876 = DIRECTION('',(1.,0.,-0.));
#877 = DEFINITIONAL_REPRESENTATION('',(#878),#882);
#878 = LINE('',#879,#880);
#879 = CARTESIAN_POINT('',(-1.570796326795,0.));
#880 = VECTOR('',#881,1.);
#881 = DIRECTION('',(1.,0.));
#882 = ( GEOMETRIC_REPRESENTATION_CONTEXT(2) 
PARAMETRIC_REPRESENTATION_CONTEXT() REPRESENTATION_CONTEXT('2D SPACE',''
  ) );
#883 = ORIENTED_EDGE('',*,*,#884,.F.);
#884 = EDGE_CURVE('',#716,#856,#885,.T.);
#885 = SURFACE_CURVE('',#886,(#890,#897),.PCURVE_S1.);
#886 = LINE('',#887,#888);
#887 = CARTESIAN_POINT('',(9.,20.,0.));
#888 = VECTOR('',#889,1.);
#889 = DIRECTION('',(1.,0.,0.));
#890 = PCURVE('',#100,#891);
#891 = DEFINITIONAL_REPRESENTATION('',(#892),#896);
#892 = LINE('',#893,#894);
#893 = CARTESIAN_POINT('',(0.,40.));
#894 = VECTOR('',#895,1.);
#895 = DIRECTION('',(1.,0.));
#896 = ( GEOMETRIC_REPRESENTATION_CONTEXT(2) 
PARAMETRIC_REPRESENTATION_CONTEXT() REPRESENTATION_CONTEXT('2D SPACE',''
  ) );
#897 = PCURVE('',#434,#898);
#898 = DEFINITIONAL_REPRESENTATION('',(#899),#903);
#899 = LINE('',#900,#901);
#900 = CARTESIAN_POINT('',(0.,0.));
#901 = VECTOR('',#902,1.);
#902 = DIRECTION('',(0.,1.));
#903 = ( GEOMETRIC_REPRESENTATION_CONTEXT(2) 
PARAMETRIC_REPRESENTATION_CONTEXT() REPRESENTATION_CONTEXT('2D SPACE',''
  ) );
#904 = ORIENTED_EDGE('',*,*,#715,.F.);
#905 = FACE_BOUND('',#906,.F.);
#906 = EDGE_LOOP('',(#907));
#907 = ORIENTED_EDGE('',*,*,#908,.T.);
#908 = EDGE_CURVE('',#909,#909,#911,.T.);
#909 = VERTEX_POINT('',#910);
#910 = CARTESIAN_POINT('',(18.7,-10.,0.));
#911 = SURFACE_CURVE('',#912,(#917,#928),.PCURVE_S1.);
#912 = CIRCLE('',#913,1.7);
#913 = AXIS2_PLACEMENT_3D('',#914,#915,#916);
#914 = CARTESIAN_POINT('',(17.,-10.,0.));
#915 = DIRECTION('',(0.,0.,-1.));
#916 = DIRECTION('',(1.,0.,0.));
#917 = PCURVE('',#100,#918);
#918 = DEFINITIONAL_REPRESENTATION('',(#919),#927);
#919 = ( BOUNDED_CURVE() B_SPLINE_CURVE(2,(#920,#921,#922,#923,#924,#925
,#926),.UNSPECIFIED.,.T.,.F.) B_SPLINE_CURVE_WITH_KNOTS((1,2,2,2,2,1),(
    -2.094395102393,0.,2.094395102393,4.188790204786,6.28318530718,
8.377580409573),.UNSPECIFIED.) CURVE() GEOMETRIC_REPRESENTATION_ITEM() 
RATIONAL_B_SPLINE_CURVE((1.,0.5,1.,0.5,1.,0.5,1.)) REPRESENTATION_ITEM(
  '') );
#920 = CARTESIAN_POINT('',(9.7,10.));
#921 = CARTESIAN_POINT('',(9.7,7.055513627133));
#922 = CARTESIAN_POINT('',(7.15,8.527756813566));
#923 = CARTESIAN_POINT('',(4.6,10.));
#924 = CARTESIAN_POINT('',(7.15,11.472243186434));
#925 = CARTESIAN_POINT('',(9.7,12.944486372867));
#926 = CARTESIAN_POINT('',(9.7,10.));
#927 = ( GEOMETRIC_REPRESENTATION_CONTEXT(2) 
PARAMETRIC_REPRESENTATION_CONTEXT() REPRESENTATION_CONTEXT('2D SPACE',''
  ) );
#928 = PCURVE('',#495,#929);
#929 = DEFINITIONAL_REPRESENTATION('',(#930),#934);
#930 = LINE('',#931,#932);
#931 = CARTESIAN_POINT('',(-6.28318530718,-1.));
#932 = VECTOR('',#933,1.);
#933 = DIRECTION('',(1.,-0.));
#934 = ( GEOMETRIC_REPRESENTATION_CONTEXT(2) 
PARAMETRIC_REPRESENTATION_CONTEXT() REPRESENTATION_CONTEXT('2D SPACE',''
  ) );
#935 = FACE_BOUND('',#936,.F.);
#936 = EDGE_LOOP('',(#937,#960,#988,#1009));
#937 = ORIENTED_EDGE('',*,*,#938,.F.);
#938 = EDGE_CURVE('',#939,#941,#943,.T.);
#939 = VERTEX_POINT('',#940);
#940 = CARTESIAN_POINT('',(10.75,3.25,0.));
#941 = VERTEX_POINT('',#942);
#942 = CARTESIAN_POINT('',(10.75,-3.25,0.));
#943 = SURFACE_CURVE('',#944,(#948,#954),.PCURVE_S1.);
#944 = LINE('',#945,#946);
#945 = CARTESIAN_POINT('',(10.75,-11.625,0.));
#946 = VECTOR('',#947,1.);
#947 = DIRECTION('',(-1.110223024625E-16,-1.,0.));
#948 = PCURVE('',#100,#949);
#949 = DEFINITIONAL_REPRESENTATION('',(#950),#953);
#950 = B_SPLINE_CURVE_WITH_KNOTS('',1,(#951,#952),.UNSPECIFIED.,.F.,.F.,
  (2,2),(-14.875,-8.375),.PIECEWISE_BEZIER_KNOTS.);
#951 = CARTESIAN_POINT('',(1.75,23.25));
#952 = CARTESIAN_POINT('',(1.75,16.75));
#953 = ( GEOMETRIC_REPRESENTATION_CONTEXT(2) 
PARAMETRIC_REPRESENTATION_CONTEXT() REPRESENTATION_CONTEXT('2D SPACE',''
  ) );
#954 = PCURVE('',#526,#955);
#955 = DEFINITIONAL_REPRESENTATION('',(#956),#959);
#956 = B_SPLINE_CURVE_WITH_KNOTS('',1,(#957,#958),.UNSPECIFIED.,.F.,.F.,
  (2,2),(-14.875,-8.375),.PIECEWISE_BEZIER_KNOTS.);
#957 = CARTESIAN_POINT('',(6.5,-1.));
#958 = CARTESIAN_POINT('',(0.,-1.));
#959 = ( GEOMETRIC_REPRESENTATION_CONTEXT(2) 
PARAMETRIC_REPRESENTATION_CONTEXT() REPRESENTATION_CONTEXT('2D SPACE',''
  ) );
#960 = ORIENTED_EDGE('',*,*,#961,.T.);
#961 = EDGE_CURVE('',#939,#962,#964,.T.);
#962 = VERTEX_POINT('',#963);
#963 = CARTESIAN_POINT('',(13.25,3.25,0.));
#964 = SURFACE_CURVE('',#965,(#970,#981),.PCURVE_S1.);
#965 = CIRCLE('',#966,1.25);
#966 = AXIS2_PLACEMENT_3D('',#967,#968,#969);
#967 = CARTESIAN_POINT('',(12.,3.25,0.));
#968 = DIRECTION('',(0.,0.,-1.));
#969 = DIRECTION('',(-1.,1.110223024625E-16,0.));
#970 = PCURVE('',#100,#971);
#971 = DEFINITIONAL_REPRESENTATION('',(#972),#980);
#972 = ( BOUNDED_CURVE() B_SPLINE_CURVE(2,(#973,#974,#975,#976,#977,#978
,#979),.UNSPECIFIED.,.T.,.F.) B_SPLINE_CURVE_WITH_KNOTS((1,2,2,2,2,1),(
    -2.094395102393,0.,2.094395102393,4.188790204786,6.28318530718,
8.377580409573),.UNSPECIFIED.) CURVE() GEOMETRIC_REPRESENTATION_ITEM() 
RATIONAL_B_SPLINE_CURVE((1.,0.5,1.,0.5,1.,0.5,1.)) REPRESENTATION_ITEM(
  '') );
#973 = CARTESIAN_POINT('',(1.75,23.25));
#974 = CARTESIAN_POINT('',(1.75,25.415063509461));
#975 = CARTESIAN_POINT('',(3.625,24.332531754731));
#976 = CARTESIAN_POINT('',(5.5,23.25));
#977 = CARTESIAN_POINT('',(3.625,22.167468245269));
#978 = CARTESIAN_POINT('',(1.75,21.084936490539));
#979 = CARTESIAN_POINT('',(1.75,23.25));
#980 = ( GEOMETRIC_REPRESENTATION_CONTEXT(2) 
PARAMETRIC_REPRESENTATION_CONTEXT() REPRESENTATION_CONTEXT('2D SPACE',''
  ) );
#981 = PCURVE('',#558,#982);
#982 = DEFINITIONAL_REPRESENTATION('',(#983),#987);
#983 = LINE('',#984,#985);
#984 = CARTESIAN_POINT('',(0.,-1.));
#985 = VECTOR('',#986,1.);
#986 = DIRECTION('',(1.,0.));
#987 = ( GEOMETRIC_REPRESENTATION_CONTEXT(2) 
PARAMETRIC_REPRESENTATION_CONTEXT() REPRESENTATION_CONTEXT('2D SPACE',''
  ) );
#988 = ORIENTED_EDGE('',*,*,#989,.F.);
#989 = EDGE_CURVE('',#990,#962,#992,.T.);
#990 = VERTEX_POINT('',#991);
#991 = CARTESIAN_POINT('',(13.25,-3.25,0.));
#992 = SURFACE_CURVE('',#993,(#997,#1003),.PCURVE_S1.);
#993 = LINE('',#994,#995);
#994 = CARTESIAN_POINT('',(13.25,-8.375,0.));
#995 = VECTOR('',#996,1.);
#996 = DIRECTION('',(1.110223024625E-16,1.,-0.));
#997 = PCURVE('',#100,#998);
#998 = DEFINITIONAL_REPRESENTATION('',(#999),#1002);
#999 = B_SPLINE_CURVE_WITH_KNOTS('',1,(#1000,#1001),.UNSPECIFIED.,.F.,
  .F.,(2,2),(5.125,11.625),.PIECEWISE_BEZIER_KNOTS.);
#1000 = CARTESIAN_POINT('',(4.25,16.75));
#1001 = CARTESIAN_POINT('',(4.25,23.25));
#1002 = ( GEOMETRIC_REPRESENTATION_CONTEXT(2) 
PARAMETRIC_REPRESENTATION_CONTEXT() REPRESENTATION_CONTEXT('2D SPACE',''
  ) );
#1003 = PCURVE('',#585,#1004);
#1004 = DEFINITIONAL_REPRESENTATION('',(#1005),#1008);
#1005 = B_SPLINE_CURVE_WITH_KNOTS('',1,(#1006,#1007),.UNSPECIFIED.,.F.,
  .F.,(2,2),(5.125,11.625),.PIECEWISE_BEZIER_KNOTS.);
#1006 = CARTESIAN_POINT('',(6.5,-1.));
#1007 = CARTESIAN_POINT('',(0.,-1.));
#1008 = ( GEOMETRIC_REPRESENTATION_CONTEXT(2) 
PARAMETRIC_REPRESENTATION_CONTEXT() REPRESENTATION_CONTEXT('2D SPACE',''
  ) );
#1009 = ORIENTED_EDGE('',*,*,#1010,.T.);
#1010 = EDGE_CURVE('',#990,#941,#1011,.T.);
#1011 = SURFACE_CURVE('',#1012,(#1017,#1028),.PCURVE_S1.);
#1012 = CIRCLE('',#1013,1.25);
#1013 = AXIS2_PLACEMENT_3D('',#1014,#1015,#1016);
#1014 = CARTESIAN_POINT('',(12.,-3.25,0.));
#1015 = DIRECTION('',(0.,-0.,-1.));
#1016 = DIRECTION('',(1.,-1.110223024625E-16,0.));
#1017 = PCURVE('',#100,#1018);
#1018 = DEFINITIONAL_REPRESENTATION('',(#1019),#1027);
#1019 = ( BOUNDED_CURVE() B_SPLINE_CURVE(2,(#1020,#1021,#1022,#1023,
#1024,#1025,#1026),.UNSPECIFIED.,.T.,.F.) B_SPLINE_CURVE_WITH_KNOTS((1,2
    ,2,2,2,1),(-2.094395102393,0.,2.094395102393,4.188790204786,
6.28318530718,8.377580409573),.UNSPECIFIED.) CURVE() 
GEOMETRIC_REPRESENTATION_ITEM() RATIONAL_B_SPLINE_CURVE((1.,0.5,1.,0.5,
1.,0.5,1.)) REPRESENTATION_ITEM('') );
#1020 = CARTESIAN_POINT('',(4.25,16.75));
#1021 = CARTESIAN_POINT('',(4.25,14.584936490539));
#1022 = CARTESIAN_POINT('',(2.375,15.667468245269));
#1023 = CARTESIAN_POINT('',(0.5,16.75));
#1024 = CARTESIAN_POINT('',(2.375,17.832531754731));
#1025 = CARTESIAN_POINT('',(4.25,18.915063509461));
#1026 = CARTESIAN_POINT('',(4.25,16.75));
#1027 = ( GEOMETRIC_REPRESENTATION_CONTEXT(2) 
PARAMETRIC_REPRESENTATION_CONTEXT() REPRESENTATION_CONTEXT('2D SPACE',''
  ) );
#1028 = PCURVE('',#615,#1029);
#1029 = DEFINITIONAL_REPRESENTATION('',(#1030),#1034);
#1030 = LINE('',#1031,#1032);
#1031 = CARTESIAN_POINT('',(0.,-1.));
#1032 = VECTOR('',#1033,1.);
#1033 = DIRECTION('',(1.,0.));
#1034 = ( GEOMETRIC_REPRESENTATION_CONTEXT(2) 
PARAMETRIC_REPRESENTATION_CONTEXT() REPRESENTATION_CONTEXT('2D SPACE',''
  ) );
#1035 = FACE_BOUND('',#1036,.F.);
#1036 = EDGE_LOOP('',(#1037));
#1037 = ORIENTED_EDGE('',*,*,#1038,.T.);
#1038 = EDGE_CURVE('',#1039,#1039,#1041,.T.);
#1039 = VERTEX_POINT('',#1040);
#1040 = CARTESIAN_POINT('',(18.7,10.,0.));
#1041 = SURFACE_CURVE('',#1042,(#1047,#1058),.PCURVE_S1.);
#1042 = CIRCLE('',#1043,1.7);
#1043 = AXIS2_PLACEMENT_3D('',#1044,#1045,#1046);
#1044 = CARTESIAN_POINT('',(17.,10.,0.));
#1045 = DIRECTION('',(0.,0.,-1.));
#1046 = DIRECTION('',(1.,0.,0.));
#1047 = PCURVE('',#100,#1048);
#1048 = DEFINITIONAL_REPRESENTATION('',(#1049),#1057);
#1049 = ( BOUNDED_CURVE() B_SPLINE_CURVE(2,(#1050,#1051,#1052,#1053,
#1054,#1055,#1056),.UNSPECIFIED.,.T.,.F.) B_SPLINE_CURVE_WITH_KNOTS((1,2
    ,2,2,2,1),(-2.094395102393,0.,2.094395102393,4.188790204786,
6.28318530718,8.377580409573),.UNSPECIFIED.) CURVE() 
GEOMETRIC_REPRESENTATION_ITEM() RATIONAL_B_SPLINE_CURVE((1.,0.5,1.,0.5,
1.,0.5,1.)) REPRESENTATION_ITEM('') );
#1050 = CARTESIAN_POINT('',(9.7,30.));
#1051 = CARTESIAN_POINT('',(9.7,27.055513627133));
#1052 = CARTESIAN_POINT('',(7.15,28.527756813566));
#1053 = CARTESIAN_POINT('',(4.6,30.));
#1054 = CARTESIAN_POINT('',(7.15,31.472243186434));
#1055 = CARTESIAN_POINT('',(9.7,32.944486372867));
#1056 = CARTESIAN_POINT('',(9.7,30.));
#1057 = ( GEOMETRIC_REPRESENTATION_CONTEXT(2) 
PARAMETRIC_REPRESENTATION_CONTEXT() REPRESENTATION_CONTEXT('2D SPACE',''
  ) );
#1058 = PCURVE('',#650,#1059);
#1059 = DEFINITIONAL_REPRESENTATION('',(#1060),#1064);
#1060 = LINE('',#1061,#1062);
#1061 = CARTESIAN_POINT('',(-6.28318530718,-1.));
#1062 = VECTOR('',#1063,1.);
#1063 = DIRECTION('',(1.,-0.));
#1064 = ( GEOMETRIC_REPRESENTATION_CONTEXT(2) 
PARAMETRIC_REPRESENTATION_CONTEXT() REPRESENTATION_CONTEXT('2D SPACE',''
  ) );
#1065 = ADVANCED_FACE('',(#1066),#182,.F.);
#1066 = FACE_BOUND('',#1067,.F.);
#1067 = EDGE_LOOP('',(#1068,#1069,#1070,#1071,#1094,#1122,#1150));
#1068 = ORIENTED_EDGE('',*,*,#771,.F.);
#1069 = ORIENTED_EDGE('',*,*,#689,.T.);
#1070 = ORIENTED_EDGE('',*,*,#166,.T.);
#1071 = ORIENTED_EDGE('',*,*,#1072,.F.);
#1072 = EDGE_CURVE('',#1073,#167,#1075,.T.);
#1073 = VERTEX_POINT('',#1074);
#1074 = CARTESIAN_POINT('',(37.680805733027,-20.,39.587704831436));
#1075 = SURFACE_CURVE('',#1076,(#1080,#1087),.PCURVE_S1.);
#1076 = LINE('',#1077,#1078);
#1077 = CARTESIAN_POINT('',(37.680805733027,-20.,39.587704831436));
#1078 = VECTOR('',#1079,1.);
#1079 = DIRECTION('',(-0.342020143326,0.,-0.939692620786));
#1080 = PCURVE('',#182,#1081);
#1081 = DEFINITIONAL_REPRESENTATION('',(#1082),#1086);
#1082 = LINE('',#1083,#1084);
#1083 = CARTESIAN_POINT('',(39.587704831436,28.680805733027));
#1084 = VECTOR('',#1085,1.);
#1085 = DIRECTION('',(-0.939692620786,-0.342020143326));
#1086 = ( GEOMETRIC_REPRESENTATION_CONTEXT(2) 
PARAMETRIC_REPRESENTATION_CONTEXT() REPRESENTATION_CONTEXT('2D SPACE',''
  ) );
#1087 = PCURVE('',#209,#1088);
#1088 = DEFINITIONAL_REPRESENTATION('',(#1089),#1093);
#1089 = LINE('',#1090,#1091);
#1090 = CARTESIAN_POINT('',(20.,20.));
#1091 = VECTOR('',#1092,1.);
#1092 = DIRECTION('',(-1.,-0.));
#1093 = ( GEOMETRIC_REPRESENTATION_CONTEXT(2) 
PARAMETRIC_REPRESENTATION_CONTEXT() REPRESENTATION_CONTEXT('2D SPACE',''
  ) );
#1094 = ORIENTED_EDGE('',*,*,#1095,.T.);
#1095 = EDGE_CURVE('',#1073,#1096,#1098,.T.);
#1096 = VERTEX_POINT('',#1097);
#1097 = CARTESIAN_POINT('',(41.43957621617,-20.,38.219624258134));
#1098 = SURFACE_CURVE('',#1099,(#1103,#1110),.PCURVE_S1.);
#1099 = LINE('',#1100,#1101);
#1100 = CARTESIAN_POINT('',(37.680805733027,-20.,39.587704831436));
#1101 = VECTOR('',#1102,1.);
#1102 = DIRECTION('',(0.939692620786,0.,-0.342020143326));
#1103 = PCURVE('',#182,#1104);
#1104 = DEFINITIONAL_REPRESENTATION('',(#1105),#1109);
#1105 = LINE('',#1106,#1107);
#1106 = CARTESIAN_POINT('',(39.587704831436,28.680805733027));
#1107 = VECTOR('',#1108,1.);
#1108 = DIRECTION('',(-0.342020143326,0.939692620786));
#1109 = ( GEOMETRIC_REPRESENTATION_CONTEXT(2) 
PARAMETRIC_REPRESENTATION_CONTEXT() REPRESENTATION_CONTEXT('2D SPACE',''
  ) );
#1110 = PCURVE('',#1111,#1116);
#1111 = PLANE('',#1112);
#1112 = AXIS2_PLACEMENT_3D('',#1113,#1114,#1115);
#1113 = CARTESIAN_POINT('',(37.680805733027,20.,39.587704831436));
#1114 = DIRECTION('',(-0.342020143326,0.,-0.939692620786));
#1115 = DIRECTION('',(0.,-1.,0.));
#1116 = DEFINITIONAL_REPRESENTATION('',(#1117),#1121);
#1117 = LINE('',#1118,#1119);
#1118 = CARTESIAN_POINT('',(40.,0.));
#1119 = VECTOR('',#1120,1.);
#1120 = DIRECTION('',(0.,-1.));
#1121 = ( GEOMETRIC_REPRESENTATION_CONTEXT(2) 
PARAMETRIC_REPRESENTATION_CONTEXT() REPRESENTATION_CONTEXT('2D SPACE',''
  ) );
#1122 = ORIENTED_EDGE('',*,*,#1123,.T.);
#1123 = EDGE_CURVE('',#1096,#1124,#1126,.T.);
#1124 = VERTEX_POINT('',#1125);
#1125 = CARTESIAN_POINT('',(28.,-20.,1.294692077166));
#1126 = SURFACE_CURVE('',#1127,(#1131,#1138),.PCURVE_S1.);
#1127 = LINE('',#1128,#1129);
#1128 = CARTESIAN_POINT('',(41.43957621617,-20.,38.219624258134));
#1129 = VECTOR('',#1130,1.);
#1130 = DIRECTION('',(-0.342020143326,0.,-0.939692620786));
#1131 = PCURVE('',#182,#1132);
#1132 = DEFINITIONAL_REPRESENTATION('',(#1133),#1137);
#1133 = LINE('',#1134,#1135);
#1134 = CARTESIAN_POINT('',(38.219624258134,32.43957621617));
#1135 = VECTOR('',#1136,1.);
#1136 = DIRECTION('',(-0.939692620786,-0.342020143326));
#1137 = ( GEOMETRIC_REPRESENTATION_CONTEXT(2) 
PARAMETRIC_REPRESENTATION_CONTEXT() REPRESENTATION_CONTEXT('2D SPACE',''
  ) );
#1138 = PCURVE('',#1139,#1144);
#1139 = PLANE('',#1140);
#1140 = AXIS2_PLACEMENT_3D('',#1141,#1142,#1143);
#1141 = CARTESIAN_POINT('',(34.599173349657,0.,19.425771842415));
#1142 = DIRECTION('',(0.939692620786,0.,-0.342020143326));
#1143 = DIRECTION('',(0.342020143326,0.,0.939692620786));
#1144 = DEFINITIONAL_REPRESENTATION('',(#1145),#1149);
#1145 = LINE('',#1146,#1147);
#1146 = CARTESIAN_POINT('',(20.,20.));
#1147 = VECTOR('',#1148,1.);
#1148 = DIRECTION('',(-1.,-0.));
#1149 = ( GEOMETRIC_REPRESENTATION_CONTEXT(2) 
PARAMETRIC_REPRESENTATION_CONTEXT() REPRESENTATION_CONTEXT('2D SPACE',''
  ) );
#1150 = ORIENTED_EDGE('',*,*,#1151,.F.);
#1151 = EDGE_CURVE('',#772,#1124,#1152,.T.);
#1152 = SURFACE_CURVE('',#1153,(#1157,#1164),.PCURVE_S1.);
#1153 = LINE('',#1154,#1155);
#1154 = CARTESIAN_POINT('',(28.,-20.,0.));
#1155 = VECTOR('',#1156,1.);
#1156 = DIRECTION('',(0.,0.,1.));
#1157 = PCURVE('',#182,#1158);
#1158 = DEFINITIONAL_REPRESENTATION('',(#1159),#1163);
#1159 = LINE('',#1160,#1161);
#1160 = CARTESIAN_POINT('',(0.,19.));
#1161 = VECTOR('',#1162,1.);
#1162 = DIRECTION('',(1.,0.));
#1163 = ( GEOMETRIC_REPRESENTATION_CONTEXT(2) 
PARAMETRIC_REPRESENTATION_CONTEXT() REPRESENTATION_CONTEXT('2D SPACE',''
  ) );
#1164 = PCURVE('',#815,#1165);
#1165 = DEFINITIONAL_REPRESENTATION('',(#1166),#1170);
#1166 = LINE('',#1167,#1168);
#1167 = CARTESIAN_POINT('',(-1.570796326795,0.));
#1168 = VECTOR('',#1169,1.);
#1169 = DIRECTION('',(-0.,1.));
#1170 = ( GEOMETRIC_REPRESENTATION_CONTEXT(2) 
PARAMETRIC_REPRESENTATION_CONTEXT() REPRESENTATION_CONTEXT('2D SPACE',''
  ) );
#1171 = ADVANCED_FACE('',(#1172),#434,.T.);
#1172 = FACE_BOUND('',#1173,.T.);
#1173 = EDGE_LOOP('',(#1174,#1175,#1176,#1177,#1200,#1223,#1246));
#1174 = ORIENTED_EDGE('',*,*,#884,.F.);
#1175 = ORIENTED_EDGE('',*,*,#743,.T.);
#1176 = ORIENTED_EDGE('',*,*,#418,.T.);
#1177 = ORIENTED_EDGE('',*,*,#1178,.T.);
#1178 = EDGE_CURVE('',#398,#1179,#1181,.T.);
#1179 = VERTEX_POINT('',#1180);
#1180 = CARTESIAN_POINT('',(37.680805733027,20.,39.587704831436));
#1181 = SURFACE_CURVE('',#1182,(#1186,#1193),.PCURVE_S1.);
#1182 = LINE('',#1183,#1184);
#1183 = CARTESIAN_POINT('',(24.,20.,2.));
#1184 = VECTOR('',#1185,1.);
#1185 = DIRECTION('',(0.342020143326,0.,0.939692620786));
#1186 = PCURVE('',#434,#1187);
#1187 = DEFINITIONAL_REPRESENTATION('',(#1188),#1192);
#1188 = LINE('',#1189,#1190);
#1189 = CARTESIAN_POINT('',(2.,15.));
#1190 = VECTOR('',#1191,1.);
#1191 = DIRECTION('',(0.939692620786,0.342020143326));
#1192 = ( GEOMETRIC_REPRESENTATION_CONTEXT(2) 
PARAMETRIC_REPRESENTATION_CONTEXT() REPRESENTATION_CONTEXT('2D SPACE',''
  ) );
#1193 = PCURVE('',#209,#1194);
#1194 = DEFINITIONAL_REPRESENTATION('',(#1195),#1199);
#1195 = LINE('',#1196,#1197);
#1196 = CARTESIAN_POINT('',(-20.,-20.));
#1197 = VECTOR('',#1198,1.);
#1198 = DIRECTION('',(1.,0.));
#1199 = ( GEOMETRIC_REPRESENTATION_CONTEXT(2) 
PARAMETRIC_REPRESENTATION_CONTEXT() REPRESENTATION_CONTEXT('2D SPACE',''
  ) );
#1200 = ORIENTED_EDGE('',*,*,#1201,.T.);
#1201 = EDGE_CURVE('',#1179,#1202,#1204,.T.);
#1202 = VERTEX_POINT('',#1203);
#1203 = CARTESIAN_POINT('',(41.43957621617,20.,38.219624258134));
#1204 = SURFACE_CURVE('',#1205,(#1209,#1216),.PCURVE_S1.);
#1205 = LINE('',#1206,#1207);
#1206 = CARTESIAN_POINT('',(37.680805733027,20.,39.587704831436));
#1207 = VECTOR('',#1208,1.);
#1208 = DIRECTION('',(0.939692620786,0.,-0.342020143326));
#1209 = PCURVE('',#434,#1210);
#1210 = DEFINITIONAL_REPRESENTATION('',(#1211),#1215);
#1211 = LINE('',#1212,#1213);
#1212 = CARTESIAN_POINT('',(39.587704831436,28.680805733027));
#1213 = VECTOR('',#1214,1.);
#1214 = DIRECTION('',(-0.342020143326,0.939692620786));
#1215 = ( GEOMETRIC_REPRESENTATION_CONTEXT(2) 
PARAMETRIC_REPRESENTATION_CONTEXT() REPRESENTATION_CONTEXT('2D SPACE',''
  ) );
#1216 = PCURVE('',#1111,#1217);
#1217 = DEFINITIONAL_REPRESENTATION('',(#1218),#1222);
#1218 = LINE('',#1219,#1220);
#1219 = CARTESIAN_POINT('',(0.,0.));
#1220 = VECTOR('',#1221,1.);
#1221 = DIRECTION('',(0.,-1.));
#1222 = ( GEOMETRIC_REPRESENTATION_CONTEXT(2) 
PARAMETRIC_REPRESENTATION_CONTEXT() REPRESENTATION_CONTEXT('2D SPACE',''
  ) );
#1223 = ORIENTED_EDGE('',*,*,#1224,.F.);
#1224 = EDGE_CURVE('',#1225,#1202,#1227,.T.);
#1225 = VERTEX_POINT('',#1226);
#1226 = CARTESIAN_POINT('',(28.,20.,1.294692077166));
#1227 = SURFACE_CURVE('',#1228,(#1232,#1239),.PCURVE_S1.);
#1228 = LINE('',#1229,#1230);
#1229 = CARTESIAN_POINT('',(27.758770483144,20.,0.631919426697));
#1230 = VECTOR('',#1231,1.);
#1231 = DIRECTION('',(0.342020143326,0.,0.939692620786));
#1232 = PCURVE('',#434,#1233);
#1233 = DEFINITIONAL_REPRESENTATION('',(#1234),#1238);
#1234 = LINE('',#1235,#1236);
#1235 = CARTESIAN_POINT('',(0.631919426697,18.758770483144));
#1236 = VECTOR('',#1237,1.);
#1237 = DIRECTION('',(0.939692620786,0.342020143326));
#1238 = ( GEOMETRIC_REPRESENTATION_CONTEXT(2) 
PARAMETRIC_REPRESENTATION_CONTEXT() REPRESENTATION_CONTEXT('2D SPACE',''
  ) );
#1239 = PCURVE('',#1139,#1240);
#1240 = DEFINITIONAL_REPRESENTATION('',(#1241),#1245);
#1241 = LINE('',#1242,#1243);
#1242 = CARTESIAN_POINT('',(-20.,-20.));
#1243 = VECTOR('',#1244,1.);
#1244 = DIRECTION('',(1.,0.));
#1245 = ( GEOMETRIC_REPRESENTATION_CONTEXT(2) 
PARAMETRIC_REPRESENTATION_CONTEXT() REPRESENTATION_CONTEXT('2D SPACE',''
  ) );
#1246 = ORIENTED_EDGE('',*,*,#1247,.F.);
#1247 = EDGE_CURVE('',#856,#1225,#1248,.T.);
#1248 = SURFACE_CURVE('',#1249,(#1253,#1260),.PCURVE_S1.);
#1249 = LINE('',#1250,#1251);
#1250 = CARTESIAN_POINT('',(28.,20.,0.));
#1251 = VECTOR('',#1252,1.);
#1252 = DIRECTION('',(0.,0.,1.));
#1253 = PCURVE('',#434,#1254);
#1254 = DEFINITIONAL_REPRESENTATION('',(#1255),#1259);
#1255 = LINE('',#1256,#1257);
#1256 = CARTESIAN_POINT('',(0.,19.));
#1257 = VECTOR('',#1258,1.);
#1258 = DIRECTION('',(1.,0.));
#1259 = ( GEOMETRIC_REPRESENTATION_CONTEXT(2) 
PARAMETRIC_REPRESENTATION_CONTEXT() REPRESENTATION_CONTEXT('2D SPACE',''
  ) );
#1260 = PCURVE('',#872,#1261);
#1261 = DEFINITIONAL_REPRESENTATION('',(#1262),#1266);
#1262 = LINE('',#1263,#1264);
#1263 = CARTESIAN_POINT('',(1.570796326795,0.));
#1264 = VECTOR('',#1265,1.);
#1265 = DIRECTION('',(0.,1.));
#1266 = ( GEOMETRIC_REPRESENTATION_CONTEXT(2) 
PARAMETRIC_REPRESENTATION_CONTEXT() REPRESENTATION_CONTEXT('2D SPACE',''
  ) );
#1267 = ADVANCED_FACE('',(#1268,#1428,#1552,#1676,#1790,#1914),#209,.F.
  );
#1268 = FACE_BOUND('',#1269,.F.);
#1269 = EDGE_LOOP('',(#1270,#1271,#1292,#1293,#1294,#1315,#1341,#1360,
    #1361,#1382,#1408,#1427));
#1270 = ORIENTED_EDGE('',*,*,#1178,.T.);
#1271 = ORIENTED_EDGE('',*,*,#1272,.T.);
#1272 = EDGE_CURVE('',#1179,#1073,#1273,.T.);
#1273 = SURFACE_CURVE('',#1274,(#1278,#1285),.PCURVE_S1.);
#1274 = LINE('',#1275,#1276);
#1275 = CARTESIAN_POINT('',(37.680805733027,20.,39.587704831436));
#1276 = VECTOR('',#1277,1.);
#1277 = DIRECTION('',(0.,-1.,0.));
#1278 = PCURVE('',#209,#1279);
#1279 = DEFINITIONAL_REPRESENTATION('',(#1280),#1284);
#1280 = LINE('',#1281,#1282);
#1281 = CARTESIAN_POINT('',(20.,-20.));
#1282 = VECTOR('',#1283,1.);
#1283 = DIRECTION('',(0.,1.));
#1284 = ( GEOMETRIC_REPRESENTATION_CONTEXT(2) 
PARAMETRIC_REPRESENTATION_CONTEXT() REPRESENTATION_CONTEXT('2D SPACE',''
  ) );
#1285 = PCURVE('',#1111,#1286);
#1286 = DEFINITIONAL_REPRESENTATION('',(#1287),#1291);
#1287 = LINE('',#1288,#1289);
#1288 = CARTESIAN_POINT('',(0.,0.));
#1289 = VECTOR('',#1290,1.);
#1290 = DIRECTION('',(1.,0.));
#1291 = ( GEOMETRIC_REPRESENTATION_CONTEXT(2) 
PARAMETRIC_REPRESENTATION_CONTEXT() REPRESENTATION_CONTEXT('2D SPACE',''
  ) );
#1292 = ORIENTED_EDGE('',*,*,#1072,.T.);
#1293 = ORIENTED_EDGE('',*,*,#194,.T.);
#1294 = ORIENTED_EDGE('',*,*,#1295,.F.);
#1295 = EDGE_CURVE('',#1296,#195,#1298,.T.);
#1296 = VERTEX_POINT('',#1297);
#1297 = CARTESIAN_POINT('',(32.,-19.5,23.979819355637));
#1298 = SURFACE_CURVE('',#1299,(#1303,#1309),.PCURVE_S1.);
#1299 = LINE('',#1300,#1301);
#1300 = CARTESIAN_POINT('',(28.757421118229,-19.5,15.070907097171));
#1301 = VECTOR('',#1302,1.);
#1302 = DIRECTION('',(-0.342020143326,0.,-0.939692620786));
#1303 = PCURVE('',#209,#1304);
#1304 = DEFINITIONAL_REPRESENTATION('',(#1305),#1308);
#1305 = B_SPLINE_CURVE_WITH_KNOTS('',1,(#1306,#1307),.UNSPECIFIED.,.F.,
  .F.,(2,2),(-9.480666402398,11.781413253955),.PIECEWISE_BEZIER_KNOTS.);
#1306 = CARTESIAN_POINT('',(3.390435201305,19.5));
#1307 = CARTESIAN_POINT('',(-17.87164445504,19.5));
#1308 = ( GEOMETRIC_REPRESENTATION_CONTEXT(2) 
PARAMETRIC_REPRESENTATION_CONTEXT() REPRESENTATION_CONTEXT('2D SPACE',''
  ) );
#1309 = PCURVE('',#235,#1310);
#1310 = DEFINITIONAL_REPRESENTATION('',(#1311),#1314);
#1311 = B_SPLINE_CURVE_WITH_KNOTS('',1,(#1312,#1313),.UNSPECIFIED.,.F.,
  .F.,(2,2),(-9.480666402398,11.781413253955),.PIECEWISE_BEZIER_KNOTS.);
#1312 = CARTESIAN_POINT('',(-14.04678498197,6.933034373659));
#1313 = CARTESIAN_POINT('',(5.933034373659,-0.339025157808));
#1314 = ( GEOMETRIC_REPRESENTATION_CONTEXT(2) 
PARAMETRIC_REPRESENTATION_CONTEXT() REPRESENTATION_CONTEXT('2D SPACE',''
  ) );
#1315 = ORIENTED_EDGE('',*,*,#1316,.T.);
#1316 = EDGE_CURVE('',#1296,#1317,#1319,.T.);
#1317 = VERTEX_POINT('',#1318);
#1318 = CARTESIAN_POINT('',(32.,-16.5,23.979819355637));
#1319 = SURFACE_CURVE('',#1320,(#1324,#1330),.PCURVE_S1.);
#1320 = LINE('',#1321,#1322);
#1321 = CARTESIAN_POINT('',(32.,-8.25,23.979819355637));
#1322 = VECTOR('',#1323,1.);
#1323 = DIRECTION('',(0.,1.,0.));
#1324 = PCURVE('',#209,#1325);
#1325 = DEFINITIONAL_REPRESENTATION('',(#1326),#1329);
#1326 = B_SPLINE_CURVE_WITH_KNOTS('',1,(#1327,#1328),.UNSPECIFIED.,.F.,
  .F.,(2,2),(-11.25,-8.25),.PIECEWISE_BEZIER_KNOTS.);
#1327 = CARTESIAN_POINT('',(3.390435201305,19.5));
#1328 = CARTESIAN_POINT('',(3.390435201305,16.5));
#1329 = ( GEOMETRIC_REPRESENTATION_CONTEXT(2) 
PARAMETRIC_REPRESENTATION_CONTEXT() REPRESENTATION_CONTEXT('2D SPACE',''
  ) );
#1330 = PCURVE('',#1331,#1336);
#1331 = PLANE('',#1332);
#1332 = AXIS2_PLACEMENT_3D('',#1333,#1334,#1335);
#1333 = CARTESIAN_POINT('',(32.,-16.5,2.));
#1334 = DIRECTION('',(-1.,0.,0.));
#1335 = DIRECTION('',(0.,0.,1.));
#1336 = DEFINITIONAL_REPRESENTATION('',(#1337),#1340);
#1337 = B_SPLINE_CURVE_WITH_KNOTS('',1,(#1338,#1339),.UNSPECIFIED.,.F.,
  .F.,(2,2),(-11.25,-8.25),.PIECEWISE_BEZIER_KNOTS.);
#1338 = CARTESIAN_POINT('',(21.979819355637,-3.));
#1339 = CARTESIAN_POINT('',(21.979819355637,0.));
#1340 = ( GEOMETRIC_REPRESENTATION_CONTEXT(2) 
PARAMETRIC_REPRESENTATION_CONTEXT() REPRESENTATION_CONTEXT('2D SPACE',''
  ) );
#1341 = ORIENTED_EDGE('',*,*,#1342,.T.);
#1342 = EDGE_CURVE('',#1317,#273,#1343,.T.);
#1343 = SURFACE_CURVE('',#1344,(#1348,#1354),.PCURVE_S1.);
#1344 = LINE('',#1345,#1346);
#1345 = CARTESIAN_POINT('',(28.757421118229,-16.5,15.070907097171));
#1346 = VECTOR('',#1347,1.);
#1347 = DIRECTION('',(-0.342020143326,0.,-0.939692620786));
#1348 = PCURVE('',#209,#1349);
#1349 = DEFINITIONAL_REPRESENTATION('',(#1350),#1353);
#1350 = B_SPLINE_CURVE_WITH_KNOTS('',1,(#1351,#1352),.UNSPECIFIED.,.F.,
  .F.,(2,2),(-9.480666402398,11.781413253955),.PIECEWISE_BEZIER_KNOTS.);
#1351 = CARTESIAN_POINT('',(3.390435201305,16.5));
#1352 = CARTESIAN_POINT('',(-17.87164445504,16.5));
#1353 = ( GEOMETRIC_REPRESENTATION_CONTEXT(2) 
PARAMETRIC_REPRESENTATION_CONTEXT() REPRESENTATION_CONTEXT('2D SPACE',''
  ) );
#1354 = PCURVE('',#287,#1355);
#1355 = DEFINITIONAL_REPRESENTATION('',(#1356),#1359);
#1356 = B_SPLINE_CURVE_WITH_KNOTS('',1,(#1357,#1358),.UNSPECIFIED.,.F.,
  .F.,(2,2),(-9.480666402398,11.781413253955),.PIECEWISE_BEZIER_KNOTS.);
#1357 = CARTESIAN_POINT('',(-14.04678498197,6.933034373659));
#1358 = CARTESIAN_POINT('',(5.933034373659,-0.339025157808));
#1359 = ( GEOMETRIC_REPRESENTATION_CONTEXT(2) 
PARAMETRIC_REPRESENTATION_CONTEXT() REPRESENTATION_CONTEXT('2D SPACE',''
  ) );
#1360 = ORIENTED_EDGE('',*,*,#298,.T.);
#1361 = ORIENTED_EDGE('',*,*,#1362,.F.);
#1362 = EDGE_CURVE('',#1363,#299,#1365,.T.);
#1363 = VERTEX_POINT('',#1364);
#1364 = CARTESIAN_POINT('',(32.,16.5,23.979819355637));
#1365 = SURFACE_CURVE('',#1366,(#1370,#1376),.PCURVE_S1.);
#1366 = LINE('',#1367,#1368);
#1367 = CARTESIAN_POINT('',(28.757421118229,16.5,15.070907097171));
#1368 = VECTOR('',#1369,1.);
#1369 = DIRECTION('',(-0.342020143326,0.,-0.939692620786));
#1370 = PCURVE('',#209,#1371);
#1371 = DEFINITIONAL_REPRESENTATION('',(#1372),#1375);
#1372 = B_SPLINE_CURVE_WITH_KNOTS('',1,(#1373,#1374),.UNSPECIFIED.,.F.,
  .F.,(2,2),(-9.480666402398,11.781413253955),.PIECEWISE_BEZIER_KNOTS.);
#1373 = CARTESIAN_POINT('',(3.390435201305,-16.5));
#1374 = CARTESIAN_POINT('',(-17.87164445504,-16.5));
#1375 = ( GEOMETRIC_REPRESENTATION_CONTEXT(2) 
PARAMETRIC_REPRESENTATION_CONTEXT() REPRESENTATION_CONTEXT('2D SPACE',''
  ) );
#1376 = PCURVE('',#334,#1377);
#1377 = DEFINITIONAL_REPRESENTATION('',(#1378),#1381);
#1378 = B_SPLINE_CURVE_WITH_KNOTS('',1,(#1379,#1380),.UNSPECIFIED.,.F.,
  .F.,(2,2),(-9.480666402398,11.781413253955),.PIECEWISE_BEZIER_KNOTS.);
#1379 = CARTESIAN_POINT('',(-14.04678498197,6.933034373659));
#1380 = CARTESIAN_POINT('',(5.933034373659,-0.339025157808));
#1381 = ( GEOMETRIC_REPRESENTATION_CONTEXT(2) 
PARAMETRIC_REPRESENTATION_CONTEXT() REPRESENTATION_CONTEXT('2D SPACE',''
  ) );
#1382 = ORIENTED_EDGE('',*,*,#1383,.T.);
#1383 = EDGE_CURVE('',#1363,#1384,#1386,.T.);
#1384 = VERTEX_POINT('',#1385);
#1385 = CARTESIAN_POINT('',(32.,19.5,23.979819355637));
#1386 = SURFACE_CURVE('',#1387,(#1391,#1397),.PCURVE_S1.);
#1387 = LINE('',#1388,#1389);
#1388 = CARTESIAN_POINT('',(32.,9.75,23.979819355637));
#1389 = VECTOR('',#1390,1.);
#1390 = DIRECTION('',(0.,1.,0.));
#1391 = PCURVE('',#209,#1392);
#1392 = DEFINITIONAL_REPRESENTATION('',(#1393),#1396);
#1393 = B_SPLINE_CURVE_WITH_KNOTS('',1,(#1394,#1395),.UNSPECIFIED.,.F.,
  .F.,(2,2),(6.75,9.75),.PIECEWISE_BEZIER_KNOTS.);
#1394 = CARTESIAN_POINT('',(3.390435201305,-16.5));
#1395 = CARTESIAN_POINT('',(3.390435201305,-19.5));
#1396 = ( GEOMETRIC_REPRESENTATION_CONTEXT(2) 
PARAMETRIC_REPRESENTATION_CONTEXT() REPRESENTATION_CONTEXT('2D SPACE',''
  ) );
#1397 = PCURVE('',#1398,#1403);
#1398 = PLANE('',#1399);
#1399 = AXIS2_PLACEMENT_3D('',#1400,#1401,#1402);
#1400 = CARTESIAN_POINT('',(32.,19.5,2.));
#1401 = DIRECTION('',(-1.,0.,0.));
#1402 = DIRECTION('',(0.,0.,1.));
#1403 = DEFINITIONAL_REPRESENTATION('',(#1404),#1407);
#1404 = B_SPLINE_CURVE_WITH_KNOTS('',1,(#1405,#1406),.UNSPECIFIED.,.F.,
  .F.,(2,2),(6.75,9.75),.PIECEWISE_BEZIER_KNOTS.);
#1405 = CARTESIAN_POINT('',(21.979819355637,-3.));
#1406 = CARTESIAN_POINT('',(21.979819355637,0.));
#1407 = ( GEOMETRIC_REPRESENTATION_CONTEXT(2) 
PARAMETRIC_REPRESENTATION_CONTEXT() REPRESENTATION_CONTEXT('2D SPACE',''
  ) );
#1408 = ORIENTED_EDGE('',*,*,#1409,.T.);
#1409 = EDGE_CURVE('',#1384,#372,#1410,.T.);
#1410 = SURFACE_CURVE('',#1411,(#1415,#1421),.PCURVE_S1.);
#1411 = LINE('',#1412,#1413);
#1412 = CARTESIAN_POINT('',(28.757421118229,19.5,15.070907097171));
#1413 = VECTOR('',#1414,1.);
#1414 = DIRECTION('',(-0.342020143326,0.,-0.939692620786));
#1415 = PCURVE('',#209,#1416);
#1416 = DEFINITIONAL_REPRESENTATION('',(#1417),#1420);
#1417 = B_SPLINE_CURVE_WITH_KNOTS('',1,(#1418,#1419),.UNSPECIFIED.,.F.,
  .F.,(2,2),(-9.480666402398,11.781413253955),.PIECEWISE_BEZIER_KNOTS.);
#1418 = CARTESIAN_POINT('',(3.390435201305,-19.5));
#1419 = CARTESIAN_POINT('',(-17.87164445504,-19.5));
#1420 = ( GEOMETRIC_REPRESENTATION_CONTEXT(2) 
PARAMETRIC_REPRESENTATION_CONTEXT() REPRESENTATION_CONTEXT('2D SPACE',''
  ) );
#1421 = PCURVE('',#386,#1422);
#1422 = DEFINITIONAL_REPRESENTATION('',(#1423),#1426);
#1423 = B_SPLINE_CURVE_WITH_KNOTS('',1,(#1424,#1425),.UNSPECIFIED.,.F.,
  .F.,(2,2),(-9.480666402398,11.781413253955),.PIECEWISE_BEZIER_KNOTS.);
#1424 = CARTESIAN_POINT('',(-14.04678498197,6.933034373659));
#1425 = CARTESIAN_POINT('',(5.933034373659,-0.339025157808));
#1426 = ( GEOMETRIC_REPRESENTATION_CONTEXT(2) 
PARAMETRIC_REPRESENTATION_CONTEXT() REPRESENTATION_CONTEXT('2D SPACE',''
  ) );
#1427 = ORIENTED_EDGE('',*,*,#397,.T.);
#1428 = FACE_BOUND('',#1429,.F.);
#1429 = EDGE_LOOP('',(#1430,#1460,#1493,#1521));
#1430 = ORIENTED_EDGE('',*,*,#1431,.F.);
#1431 = EDGE_CURVE('',#1432,#1434,#1436,.T.);
#1432 = VERTEX_POINT('',#1433);
#1433 = CARTESIAN_POINT('',(26.000314431806,15.848528137424,
    7.495818733196));
#1434 = VERTEX_POINT('',#1435);
#1435 = CARTESIAN_POINT('',(26.684354718457,13.848528137424,
    9.375203974768));
#1436 = SURFACE_CURVE('',#1437,(#1441,#1448),.PCURVE_S1.);
#1437 = LINE('',#1438,#1439);
#1438 = CARTESIAN_POINT('',(28.907485650074,7.348528137424,
    15.483206009876));
#1439 = VECTOR('',#1440,1.);
#1440 = DIRECTION('',(0.241844762648,-0.707106781187,0.664463024389));
#1441 = PCURVE('',#209,#1442);
#1442 = DEFINITIONAL_REPRESENTATION('',(#1443),#1447);
#1443 = LINE('',#1444,#1445);
#1444 = CARTESIAN_POINT('',(-5.651471862576,-7.348528137424));
#1445 = VECTOR('',#1446,1.);
#1446 = DIRECTION('',(0.707106781187,0.707106781187));
#1447 = ( GEOMETRIC_REPRESENTATION_CONTEXT(2) 
PARAMETRIC_REPRESENTATION_CONTEXT() REPRESENTATION_CONTEXT('2D SPACE',''
  ) );
#1448 = PCURVE('',#1449,#1454);
#1449 = PLANE('',#1450);
#1450 = AXIS2_PLACEMENT_3D('',#1451,#1452,#1453);
#1451 = CARTESIAN_POINT('',(25.744662097671,13.848528137424,
    9.717224118093));
#1452 = DIRECTION('',(0.241844762648,0.707106781187,0.664463024389));
#1453 = DIRECTION('',(-0.241844762648,0.707106781187,-0.664463024389));
#1454 = DEFINITIONAL_REPRESENTATION('',(#1455),#1459);
#1455 = LINE('',#1456,#1457);
#1456 = CARTESIAN_POINT('',(-9.192388155425,-1.));
#1457 = VECTOR('',#1458,1.);
#1458 = DIRECTION('',(-1.,1.688027794645E-17));
#1459 = ( GEOMETRIC_REPRESENTATION_CONTEXT(2) 
PARAMETRIC_REPRESENTATION_CONTEXT() REPRESENTATION_CONTEXT('2D SPACE',''
  ) );
#1460 = ORIENTED_EDGE('',*,*,#1461,.T.);
#1461 = EDGE_CURVE('',#1432,#1462,#1464,.T.);
#1462 = VERTEX_POINT('',#1463);
#1463 = CARTESIAN_POINT('',(25.419887001451,14.151471862576,
    5.901107474663));
#1464 = SURFACE_CURVE('',#1465,(#1470,#1481),.PCURVE_S1.);
#1465 = CIRCLE('',#1466,1.2);
#1466 = AXIS2_PLACEMENT_3D('',#1467,#1468,#1469);
#1467 = CARTESIAN_POINT('',(25.710100716628,15.,6.69846310393));
#1468 = DIRECTION('',(-0.939692620786,-1.721924412066E-17,0.342020143326
    ));
#1469 = DIRECTION('',(0.241844762648,0.707106781187,0.664463024389));
#1470 = PCURVE('',#209,#1471);
#1471 = DEFINITIONAL_REPRESENTATION('',(#1472),#1480);
#1472 = ( BOUNDED_CURVE() B_SPLINE_CURVE(2,(#1473,#1474,#1475,#1476,
#1477,#1478,#1479),.UNSPECIFIED.,.T.,.F.) B_SPLINE_CURVE_WITH_KNOTS((1,2
    ,2,2,2,1),(-2.094395102393,0.,2.094395102393,4.188790204786,
6.28318530718,8.377580409573),.UNSPECIFIED.) CURVE() 
GEOMETRIC_REPRESENTATION_ITEM() RATIONAL_B_SPLINE_CURVE((1.,0.5,1.,0.5,
1.,0.5,1.)) REPRESENTATION_ITEM('') );
#1473 = CARTESIAN_POINT('',(-14.15147186257,-15.84852813742));
#1474 = CARTESIAN_POINT('',(-15.62116570824,-17.31822198309));
#1475 = CARTESIAN_POINT('',(-16.15911099154,-15.31058285412));
#1476 = CARTESIAN_POINT('',(-16.69705627484,-13.30294372515));
#1477 = CARTESIAN_POINT('',(-14.68941714587,-13.84088900845));
#1478 = CARTESIAN_POINT('',(-12.6817780169,-14.37883429175));
#1479 = CARTESIAN_POINT('',(-14.15147186257,-15.84852813742));
#1480 = ( GEOMETRIC_REPRESENTATION_CONTEXT(2) 
PARAMETRIC_REPRESENTATION_CONTEXT() REPRESENTATION_CONTEXT('2D SPACE',''
  ) );
#1481 = PCURVE('',#1482,#1487);
#1482 = CYLINDRICAL_SURFACE('',#1483,1.2);
#1483 = AXIS2_PLACEMENT_3D('',#1484,#1485,#1486);
#1484 = CARTESIAN_POINT('',(24.770408095842,15.,7.040483247255));
#1485 = DIRECTION('',(-0.939692620786,0.,0.342020143326));
#1486 = DIRECTION('',(0.241844762648,0.707106781187,0.664463024389));
#1487 = DEFINITIONAL_REPRESENTATION('',(#1488),#1492);
#1488 = LINE('',#1489,#1490);
#1489 = CARTESIAN_POINT('',(1.014653635757E-17,-1.));
#1490 = VECTOR('',#1491,1.);
#1491 = DIRECTION('',(1.,0.));
#1492 = ( GEOMETRIC_REPRESENTATION_CONTEXT(2) 
PARAMETRIC_REPRESENTATION_CONTEXT() REPRESENTATION_CONTEXT('2D SPACE',''
  ) );
#1493 = ORIENTED_EDGE('',*,*,#1494,.F.);
#1494 = EDGE_CURVE('',#1495,#1462,#1497,.T.);
#1495 = VERTEX_POINT('',#1496);
#1496 = CARTESIAN_POINT('',(26.103927288102,12.151471862576,
    7.780492716235));
#1497 = SURFACE_CURVE('',#1498,(#1502,#1509),.PCURVE_S1.);
#1498 = LINE('',#1499,#1500);
#1499 = CARTESIAN_POINT('',(27.985038076393,6.651471862576,
    12.948802130557));
#1500 = VECTOR('',#1501,1.);
#1501 = DIRECTION('',(-0.241844762648,0.707106781187,-0.664463024389));
#1502 = PCURVE('',#209,#1503);
#1503 = DEFINITIONAL_REPRESENTATION('',(#1504),#1508);
#1504 = LINE('',#1505,#1506);
#1505 = CARTESIAN_POINT('',(-8.348528137424,-6.651471862576));
#1506 = VECTOR('',#1507,1.);
#1507 = DIRECTION('',(-0.707106781187,-0.707106781187));
#1508 = ( GEOMETRIC_REPRESENTATION_CONTEXT(2) 
PARAMETRIC_REPRESENTATION_CONTEXT() REPRESENTATION_CONTEXT('2D SPACE',''
  ) );
#1509 = PCURVE('',#1510,#1515);
#1510 = PLANE('',#1511);
#1511 = AXIS2_PLACEMENT_3D('',#1512,#1513,#1514);
#1512 = CARTESIAN_POINT('',(24.480194380665,14.151471862576,
    6.243127617989));
#1513 = DIRECTION('',(-0.241844762648,-0.707106781187,-0.664463024389));
#1514 = DIRECTION('',(0.241844762648,-0.707106781187,0.664463024389));
#1515 = DEFINITIONAL_REPRESENTATION('',(#1516),#1520);
#1516 = LINE('',#1517,#1518);
#1517 = CARTESIAN_POINT('',(10.606601717798,-1.));
#1518 = VECTOR('',#1519,1.);
#1519 = DIRECTION('',(-1.,-1.688027794645E-17));
#1520 = ( GEOMETRIC_REPRESENTATION_CONTEXT(2) 
PARAMETRIC_REPRESENTATION_CONTEXT() REPRESENTATION_CONTEXT('2D SPACE',''
  ) );
#1521 = ORIENTED_EDGE('',*,*,#1522,.T.);
#1522 = EDGE_CURVE('',#1495,#1434,#1523,.T.);
#1523 = SURFACE_CURVE('',#1524,(#1529,#1540),.PCURVE_S1.);
#1524 = CIRCLE('',#1525,1.2);
#1525 = AXIS2_PLACEMENT_3D('',#1526,#1527,#1528);
#1526 = CARTESIAN_POINT('',(26.39414100328,13.,8.577848345501));
#1527 = DIRECTION('',(-0.939692620786,-1.721924412066E-17,0.342020143326
    ));
#1528 = DIRECTION('',(-0.241844762648,-0.707106781187,-0.664463024389));
#1529 = PCURVE('',#209,#1530);
#1530 = DEFINITIONAL_REPRESENTATION('',(#1531),#1539);
#1531 = ( BOUNDED_CURVE() B_SPLINE_CURVE(2,(#1532,#1533,#1534,#1535,
#1536,#1537,#1538),.UNSPECIFIED.,.T.,.F.) B_SPLINE_CURVE_WITH_KNOTS((1,2
    ,2,2,2,1),(-2.094395102393,0.,2.094395102393,4.188790204786,
6.28318530718,8.377580409573),.UNSPECIFIED.) CURVE() 
GEOMETRIC_REPRESENTATION_ITEM() RATIONAL_B_SPLINE_CURVE((1.,0.5,1.,0.5,
1.,0.5,1.)) REPRESENTATION_ITEM('') );
#1532 = CARTESIAN_POINT('',(-13.84852813742,-12.15147186257));
#1533 = CARTESIAN_POINT('',(-12.37883429175,-10.6817780169));
#1534 = CARTESIAN_POINT('',(-11.84088900845,-12.68941714587));
#1535 = CARTESIAN_POINT('',(-11.30294372515,-14.69705627484));
#1536 = CARTESIAN_POINT('',(-13.31058285412,-14.15911099154));
#1537 = CARTESIAN_POINT('',(-15.31822198309,-13.62116570824));
#1538 = CARTESIAN_POINT('',(-13.84852813742,-12.15147186257));
#1539 = ( GEOMETRIC_REPRESENTATION_CONTEXT(2) 
PARAMETRIC_REPRESENTATION_CONTEXT() REPRESENTATION_CONTEXT('2D SPACE',''
  ) );
#1540 = PCURVE('',#1541,#1546);
#1541 = CYLINDRICAL_SURFACE('',#1542,1.2);
#1542 = AXIS2_PLACEMENT_3D('',#1543,#1544,#1545);
#1543 = CARTESIAN_POINT('',(25.454448382494,13.,8.919868488827));
#1544 = DIRECTION('',(-0.939692620786,0.,0.342020143326));
#1545 = DIRECTION('',(-0.241844762648,-0.707106781187,-0.664463024389));
#1546 = DEFINITIONAL_REPRESENTATION('',(#1547),#1551);
#1547 = LINE('',#1548,#1549);
#1548 = CARTESIAN_POINT('',(1.014653635757E-17,-1.));
#1549 = VECTOR('',#1550,1.);
#1550 = DIRECTION('',(1.,0.));
#1551 = ( GEOMETRIC_REPRESENTATION_CONTEXT(2) 
PARAMETRIC_REPRESENTATION_CONTEXT() REPRESENTATION_CONTEXT('2D SPACE',''
  ) );
#1552 = FACE_BOUND('',#1553,.F.);
#1553 = EDGE_LOOP('',(#1554,#1584,#1617,#1645));
#1554 = ORIENTED_EDGE('',*,*,#1555,.F.);
#1555 = EDGE_CURVE('',#1556,#1558,#1560,.T.);
#1556 = VERTEX_POINT('',#1557);
#1557 = CARTESIAN_POINT('',(36.260918731576,14.151471862576,
    35.686597356773));
#1558 = VERTEX_POINT('',#1559);
#1559 = CARTESIAN_POINT('',(35.576878444925,12.151471862576,
    33.807212115201));
#1560 = SURFACE_CURVE('',#1561,(#1565,#1572),.PCURVE_S1.);
#1561 = LINE('',#1562,#1563);
#1562 = CARTESIAN_POINT('',(33.353747513308,5.651471862576,
    27.699210080093));
#1563 = VECTOR('',#1564,1.);
#1564 = DIRECTION('',(-0.241844762648,-0.707106781187,-0.664463024389));
#1565 = PCURVE('',#209,#1566);
#1566 = DEFINITIONAL_REPRESENTATION('',(#1567),#1571);
#1567 = LINE('',#1568,#1569);
#1568 = CARTESIAN_POINT('',(7.348528137424,-5.651471862576));
#1569 = VECTOR('',#1570,1.);
#1570 = DIRECTION('',(-0.707106781187,0.707106781187));
#1571 = ( GEOMETRIC_REPRESENTATION_CONTEXT(2) 
PARAMETRIC_REPRESENTATION_CONTEXT() REPRESENTATION_CONTEXT('2D SPACE',''
  ) );
#1572 = PCURVE('',#1573,#1578);
#1573 = PLANE('',#1574);
#1574 = AXIS2_PLACEMENT_3D('',#1575,#1576,#1577);
#1575 = CARTESIAN_POINT('',(34.637185824139,12.151471862576,
    34.149232258527));
#1576 = DIRECTION('',(0.241844762648,-0.707106781187,0.664463024389));
#1577 = DIRECTION('',(0.241844762648,0.707106781187,0.664463024389));
#1578 = DEFINITIONAL_REPRESENTATION('',(#1579),#1583);
#1579 = LINE('',#1580,#1581);
#1580 = CARTESIAN_POINT('',(-9.192388155425,-1.));
#1581 = VECTOR('',#1582,1.);
#1582 = DIRECTION('',(-1.,-1.688027794645E-17));
#1583 = ( GEOMETRIC_REPRESENTATION_CONTEXT(2) 
PARAMETRIC_REPRESENTATION_CONTEXT() REPRESENTATION_CONTEXT('2D SPACE',''
  ) );
#1584 = ORIENTED_EDGE('',*,*,#1585,.T.);
#1585 = EDGE_CURVE('',#1556,#1586,#1588,.T.);
#1586 = VERTEX_POINT('',#1587);
#1587 = CARTESIAN_POINT('',(35.680491301221,15.848528137424,
    34.09188609824));
#1588 = SURFACE_CURVE('',#1589,(#1594,#1605),.PCURVE_S1.);
#1589 = CIRCLE('',#1590,1.2);
#1590 = AXIS2_PLACEMENT_3D('',#1591,#1592,#1593);
#1591 = CARTESIAN_POINT('',(35.970705016398,15.,34.889241727507));
#1592 = DIRECTION('',(-0.939692620786,1.559190774439E-17,0.342020143326)
  );
#1593 = DIRECTION('',(0.241844762648,-0.707106781187,0.664463024389));
#1594 = PCURVE('',#209,#1595);
#1595 = DEFINITIONAL_REPRESENTATION('',(#1596),#1604);
#1596 = ( BOUNDED_CURVE() B_SPLINE_CURVE(2,(#1597,#1598,#1599,#1600,
#1601,#1602,#1603),.UNSPECIFIED.,.T.,.F.) B_SPLINE_CURVE_WITH_KNOTS((1,2
    ,2,2,2,1),(-2.094395102393,0.,2.094395102393,4.188790204786,
6.28318530718,8.377580409573),.UNSPECIFIED.) CURVE() 
GEOMETRIC_REPRESENTATION_ITEM() RATIONAL_B_SPLINE_CURVE((1.,0.5,1.,0.5,
1.,0.5,1.)) REPRESENTATION_ITEM('') );
#1597 = CARTESIAN_POINT('',(15.848528137424,-14.15147186257));
#1598 = CARTESIAN_POINT('',(17.318221983094,-15.62116570824));
#1599 = CARTESIAN_POINT('',(15.310582854123,-16.15911099154));
#1600 = CARTESIAN_POINT('',(13.302943725152,-16.69705627484));
#1601 = CARTESIAN_POINT('',(13.840889008453,-14.68941714587));
#1602 = CARTESIAN_POINT('',(14.378834291754,-12.6817780169));
#1603 = CARTESIAN_POINT('',(15.848528137424,-14.15147186257));
#1604 = ( GEOMETRIC_REPRESENTATION_CONTEXT(2) 
PARAMETRIC_REPRESENTATION_CONTEXT() REPRESENTATION_CONTEXT('2D SPACE',''
  ) );
#1605 = PCURVE('',#1606,#1611);
#1606 = CYLINDRICAL_SURFACE('',#1607,1.2);
#1607 = AXIS2_PLACEMENT_3D('',#1608,#1609,#1610);
#1608 = CARTESIAN_POINT('',(35.031012395612,15.,35.231261870832));
#1609 = DIRECTION('',(-0.939692620786,0.,0.342020143326));
#1610 = DIRECTION('',(0.241844762648,-0.707106781187,0.664463024389));
#1611 = DEFINITIONAL_REPRESENTATION('',(#1612),#1616);
#1612 = LINE('',#1613,#1614);
#1613 = CARTESIAN_POINT('',(0.,-1.));
#1614 = VECTOR('',#1615,1.);
#1615 = DIRECTION('',(1.,0.));
#1616 = ( GEOMETRIC_REPRESENTATION_CONTEXT(2) 
PARAMETRIC_REPRESENTATION_CONTEXT() REPRESENTATION_CONTEXT('2D SPACE',''
  ) );
#1617 = ORIENTED_EDGE('',*,*,#1618,.F.);
#1618 = EDGE_CURVE('',#1619,#1586,#1621,.T.);
#1619 = VERTEX_POINT('',#1620);
#1620 = CARTESIAN_POINT('',(34.99645101457,13.848528137424,
    32.212500856669));
#1621 = SURFACE_CURVE('',#1622,(#1626,#1633),.PCURVE_S1.);
#1622 = LINE('',#1623,#1624);
#1623 = CARTESIAN_POINT('',(33.115340226278,8.348528137424,
    27.044191442346));
#1624 = VECTOR('',#1625,1.);
#1625 = DIRECTION('',(0.241844762648,0.707106781187,0.664463024389));
#1626 = PCURVE('',#209,#1627);
#1627 = DEFINITIONAL_REPRESENTATION('',(#1628),#1632);
#1628 = LINE('',#1629,#1630);
#1629 = CARTESIAN_POINT('',(6.651471862576,-8.348528137424));
#1630 = VECTOR('',#1631,1.);
#1631 = DIRECTION('',(0.707106781187,-0.707106781187));
#1632 = ( GEOMETRIC_REPRESENTATION_CONTEXT(2) 
PARAMETRIC_REPRESENTATION_CONTEXT() REPRESENTATION_CONTEXT('2D SPACE',''
  ) );
#1633 = PCURVE('',#1634,#1639);
#1634 = PLANE('',#1635);
#1635 = AXIS2_PLACEMENT_3D('',#1636,#1637,#1638);
#1636 = CARTESIAN_POINT('',(34.740798680435,15.848528137424,
    34.433906241566));
#1637 = DIRECTION('',(-0.241844762648,0.707106781187,-0.664463024389));
#1638 = DIRECTION('',(-0.241844762648,-0.707106781187,-0.664463024389));
#1639 = DEFINITIONAL_REPRESENTATION('',(#1640),#1644);
#1640 = LINE('',#1641,#1642);
#1641 = CARTESIAN_POINT('',(10.606601717798,-1.));
#1642 = VECTOR('',#1643,1.);
#1643 = DIRECTION('',(-1.,1.688027794645E-17));
#1644 = ( GEOMETRIC_REPRESENTATION_CONTEXT(2) 
PARAMETRIC_REPRESENTATION_CONTEXT() REPRESENTATION_CONTEXT('2D SPACE',''
  ) );
#1645 = ORIENTED_EDGE('',*,*,#1646,.T.);
#1646 = EDGE_CURVE('',#1619,#1558,#1647,.T.);
#1647 = SURFACE_CURVE('',#1648,(#1653,#1664),.PCURVE_S1.);
#1648 = CIRCLE('',#1649,1.2);
#1649 = AXIS2_PLACEMENT_3D('',#1650,#1651,#1652);
#1650 = CARTESIAN_POINT('',(35.286664729747,13.,33.009856485935));
#1651 = DIRECTION('',(-0.939692620786,1.559190774439E-17,0.342020143326)
  );
#1652 = DIRECTION('',(-0.241844762648,0.707106781187,-0.664463024389));
#1653 = PCURVE('',#209,#1654);
#1654 = DEFINITIONAL_REPRESENTATION('',(#1655),#1663);
#1655 = ( BOUNDED_CURVE() B_SPLINE_CURVE(2,(#1656,#1657,#1658,#1659,
#1660,#1661,#1662),.UNSPECIFIED.,.T.,.F.) B_SPLINE_CURVE_WITH_KNOTS((1,2
    ,2,2,2,1),(-2.094395102393,0.,2.094395102393,4.188790204786,
6.28318530718,8.377580409573),.UNSPECIFIED.) CURVE() 
GEOMETRIC_REPRESENTATION_ITEM() RATIONAL_B_SPLINE_CURVE((1.,0.5,1.,0.5,
1.,0.5,1.)) REPRESENTATION_ITEM('') );
#1656 = CARTESIAN_POINT('',(12.151471862576,-13.84852813742));
#1657 = CARTESIAN_POINT('',(10.681778016906,-12.37883429175));
#1658 = CARTESIAN_POINT('',(12.689417145877,-11.84088900845));
#1659 = CARTESIAN_POINT('',(14.697056274848,-11.30294372515));
#1660 = CARTESIAN_POINT('',(14.159110991547,-13.31058285412));
#1661 = CARTESIAN_POINT('',(13.621165708246,-15.31822198309));
#1662 = CARTESIAN_POINT('',(12.151471862576,-13.84852813742));
#1663 = ( GEOMETRIC_REPRESENTATION_CONTEXT(2) 
PARAMETRIC_REPRESENTATION_CONTEXT() REPRESENTATION_CONTEXT('2D SPACE',''
  ) );
#1664 = PCURVE('',#1665,#1670);
#1665 = CYLINDRICAL_SURFACE('',#1666,1.2);
#1666 = AXIS2_PLACEMENT_3D('',#1667,#1668,#1669);
#1667 = CARTESIAN_POINT('',(34.346972108961,13.,33.351876629261));
#1668 = DIRECTION('',(-0.939692620786,0.,0.342020143326));
#1669 = DIRECTION('',(-0.241844762648,0.707106781187,-0.664463024389));
#1670 = DEFINITIONAL_REPRESENTATION('',(#1671),#1675);
#1671 = LINE('',#1672,#1673);
#1672 = CARTESIAN_POINT('',(0.,-1.));
#1673 = VECTOR('',#1674,1.);
#1674 = DIRECTION('',(1.,0.));
#1675 = ( GEOMETRIC_REPRESENTATION_CONTEXT(2) 
PARAMETRIC_REPRESENTATION_CONTEXT() REPRESENTATION_CONTEXT('2D SPACE',''
  ) );
#1676 = FACE_BOUND('',#1677,.F.);
#1677 = EDGE_LOOP('',(#1678,#1708,#1736,#1764));
#1678 = ORIENTED_EDGE('',*,*,#1679,.T.);
#1679 = EDGE_CURVE('',#1680,#1682,#1684,.T.);
#1680 = VERTEX_POINT('',#1681);
#1681 = CARTESIAN_POINT('',(34.26060429977,10.,30.190778623577));
#1682 = VERTEX_POINT('',#1683);
#1683 = CARTESIAN_POINT('',(27.420201433257,10.,11.396926207859));
#1684 = SURFACE_CURVE('',#1685,(#1689,#1696),.PCURVE_S1.);
#1685 = LINE('',#1686,#1687);
#1686 = CARTESIAN_POINT('',(29.130302149885,10.,16.095389311789));
#1687 = VECTOR('',#1688,1.);
#1688 = DIRECTION('',(-0.342020143326,0.,-0.939692620786));
#1689 = PCURVE('',#209,#1690);
#1690 = DEFINITIONAL_REPRESENTATION('',(#1691),#1695);
#1691 = LINE('',#1692,#1693);
#1692 = CARTESIAN_POINT('',(-5.,-10.));
#1693 = VECTOR('',#1694,1.);
#1694 = DIRECTION('',(-1.,-0.));
#1695 = ( GEOMETRIC_REPRESENTATION_CONTEXT(2) 
PARAMETRIC_REPRESENTATION_CONTEXT() REPRESENTATION_CONTEXT('2D SPACE',''
  ) );
#1696 = PCURVE('',#1697,#1702);
#1697 = PLANE('',#1698);
#1698 = AXIS2_PLACEMENT_3D('',#1699,#1700,#1701);
#1699 = CARTESIAN_POINT('',(26.480508812471,10.,11.738946351185));
#1700 = DIRECTION('',(0.,-1.,0.));
#1701 = DIRECTION('',(0.342020143326,0.,0.939692620786));
#1702 = DEFINITIONAL_REPRESENTATION('',(#1703),#1707);
#1703 = LINE('',#1704,#1705);
#1704 = CARTESIAN_POINT('',(5.,-1.));
#1705 = VECTOR('',#1706,1.);
#1706 = DIRECTION('',(-1.,2.222180331868E-17));
#1707 = ( GEOMETRIC_REPRESENTATION_CONTEXT(2) 
PARAMETRIC_REPRESENTATION_CONTEXT() REPRESENTATION_CONTEXT('2D SPACE',''
  ) );
#1708 = ORIENTED_EDGE('',*,*,#1709,.T.);
#1709 = EDGE_CURVE('',#1682,#1710,#1712,.T.);
#1710 = VERTEX_POINT('',#1711);
#1711 = CARTESIAN_POINT('',(27.420201433257,-10.,11.396926207859));
#1712 = SURFACE_CURVE('',#1713,(#1717,#1724),.PCURVE_S1.);
#1713 = LINE('',#1714,#1715);
#1714 = CARTESIAN_POINT('',(27.420201433257,-5.,11.396926207859));
#1715 = VECTOR('',#1716,1.);
#1716 = DIRECTION('',(0.,-1.,0.));
#1717 = PCURVE('',#209,#1718);
#1718 = DEFINITIONAL_REPRESENTATION('',(#1719),#1723);
#1719 = LINE('',#1720,#1721);
#1720 = CARTESIAN_POINT('',(-10.,5.));
#1721 = VECTOR('',#1722,1.);
#1722 = DIRECTION('',(0.,1.));
#1723 = ( GEOMETRIC_REPRESENTATION_CONTEXT(2) 
PARAMETRIC_REPRESENTATION_CONTEXT() REPRESENTATION_CONTEXT('2D SPACE',''
  ) );
#1724 = PCURVE('',#1725,#1730);
#1725 = PLANE('',#1726);
#1726 = AXIS2_PLACEMENT_3D('',#1727,#1728,#1729);
#1727 = CARTESIAN_POINT('',(26.480508812471,-10.,11.738946351185));
#1728 = DIRECTION('',(0.342020143326,0.,0.939692620786));
#1729 = DIRECTION('',(0.,1.,0.));
#1730 = DEFINITIONAL_REPRESENTATION('',(#1731),#1735);
#1731 = LINE('',#1732,#1733);
#1732 = CARTESIAN_POINT('',(5.,-1.));
#1733 = VECTOR('',#1734,1.);
#1734 = DIRECTION('',(-1.,0.));
#1735 = ( GEOMETRIC_REPRESENTATION_CONTEXT(2) 
PARAMETRIC_REPRESENTATION_CONTEXT() REPRESENTATION_CONTEXT('2D SPACE',''
  ) );
#1736 = ORIENTED_EDGE('',*,*,#1737,.T.);
#1737 = EDGE_CURVE('',#1710,#1738,#1740,.T.);
#1738 = VERTEX_POINT('',#1739);
#1739 = CARTESIAN_POINT('',(34.26060429977,-10.,30.190778623577));
#1740 = SURFACE_CURVE('',#1741,(#1745,#1752),.PCURVE_S1.);
#1741 = LINE('',#1742,#1743);
#1742 = CARTESIAN_POINT('',(32.550503583142,-10.,25.492315519648));
#1743 = VECTOR('',#1744,1.);
#1744 = DIRECTION('',(0.342020143326,0.,0.939692620786));
#1745 = PCURVE('',#209,#1746);
#1746 = DEFINITIONAL_REPRESENTATION('',(#1747),#1751);
#1747 = LINE('',#1748,#1749);
#1748 = CARTESIAN_POINT('',(5.,10.));
#1749 = VECTOR('',#1750,1.);
#1750 = DIRECTION('',(1.,0.));
#1751 = ( GEOMETRIC_REPRESENTATION_CONTEXT(2) 
PARAMETRIC_REPRESENTATION_CONTEXT() REPRESENTATION_CONTEXT('2D SPACE',''
  ) );
#1752 = PCURVE('',#1753,#1758);
#1753 = PLANE('',#1754);
#1754 = AXIS2_PLACEMENT_3D('',#1755,#1756,#1757);
#1755 = CARTESIAN_POINT('',(33.320911678984,-10.,30.532798766903));
#1756 = DIRECTION('',(0.,1.,0.));
#1757 = DIRECTION('',(-0.342020143326,0.,-0.939692620786));
#1758 = DEFINITIONAL_REPRESENTATION('',(#1759),#1763);
#1759 = LINE('',#1760,#1761);
#1760 = CARTESIAN_POINT('',(5.,-1.));
#1761 = VECTOR('',#1762,1.);
#1762 = DIRECTION('',(-1.,-2.222180331868E-17));
#1763 = ( GEOMETRIC_REPRESENTATION_CONTEXT(2) 
PARAMETRIC_REPRESENTATION_CONTEXT() REPRESENTATION_CONTEXT('2D SPACE',''
  ) );
#1764 = ORIENTED_EDGE('',*,*,#1765,.T.);
#1765 = EDGE_CURVE('',#1738,#1680,#1766,.T.);
#1766 = SURFACE_CURVE('',#1767,(#1771,#1778),.PCURVE_S1.);
#1767 = LINE('',#1768,#1769);
#1768 = CARTESIAN_POINT('',(34.26060429977,5.,30.190778623577));
#1769 = VECTOR('',#1770,1.);
#1770 = DIRECTION('',(0.,1.,0.));
#1771 = PCURVE('',#209,#1772);
#1772 = DEFINITIONAL_REPRESENTATION('',(#1773),#1777);
#1773 = LINE('',#1774,#1775);
#1774 = CARTESIAN_POINT('',(10.,-5.));
#1775 = VECTOR('',#1776,1.);
#1776 = DIRECTION('',(0.,-1.));
#1777 = ( GEOMETRIC_REPRESENTATION_CONTEXT(2) 
PARAMETRIC_REPRESENTATION_CONTEXT() REPRESENTATION_CONTEXT('2D SPACE',''
  ) );
#1778 = PCURVE('',#1779,#1784);
#1779 = PLANE('',#1780);
#1780 = AXIS2_PLACEMENT_3D('',#1781,#1782,#1783);
#1781 = CARTESIAN_POINT('',(33.320911678984,10.,30.532798766903));
#1782 = DIRECTION('',(-0.342020143326,0.,-0.939692620786));
#1783 = DIRECTION('',(0.,-1.,0.));
#1784 = DEFINITIONAL_REPRESENTATION('',(#1785),#1789);
#1785 = LINE('',#1786,#1787);
#1786 = CARTESIAN_POINT('',(5.,-1.));
#1787 = VECTOR('',#1788,1.);
#1788 = DIRECTION('',(-1.,0.));
#1789 = ( GEOMETRIC_REPRESENTATION_CONTEXT(2) 
PARAMETRIC_REPRESENTATION_CONTEXT() REPRESENTATION_CONTEXT('2D SPACE',''
  ) );
#1790 = FACE_BOUND('',#1791,.F.);
#1791 = EDGE_LOOP('',(#1792,#1822,#1855,#1883));
#1792 = ORIENTED_EDGE('',*,*,#1793,.F.);
#1793 = EDGE_CURVE('',#1794,#1796,#1798,.T.);
#1794 = VERTEX_POINT('',#1795);
#1795 = CARTESIAN_POINT('',(26.684354718457,-13.84852813742,
    9.375203974768));
#1796 = VERTEX_POINT('',#1797);
#1797 = CARTESIAN_POINT('',(26.000314431806,-15.84852813742,
    7.495818733196));
#1798 = SURFACE_CURVE('',#1799,(#1803,#1810),.PCURVE_S1.);
#1799 = LINE('',#1800,#1801);
#1800 = CARTESIAN_POINT('',(28.565465506748,-8.348528137424,
    14.54351338909));
#1801 = VECTOR('',#1802,1.);
#1802 = DIRECTION('',(-0.241844762648,-0.707106781187,-0.664463024389));
#1803 = PCURVE('',#209,#1804);
#1804 = DEFINITIONAL_REPRESENTATION('',(#1805),#1809);
#1805 = LINE('',#1806,#1807);
#1806 = CARTESIAN_POINT('',(-6.651471862576,8.348528137424));
#1807 = VECTOR('',#1808,1.);
#1808 = DIRECTION('',(-0.707106781187,0.707106781187));
#1809 = ( GEOMETRIC_REPRESENTATION_CONTEXT(2) 
PARAMETRIC_REPRESENTATION_CONTEXT() REPRESENTATION_CONTEXT('2D SPACE',''
  ) );
#1810 = PCURVE('',#1811,#1816);
#1811 = PLANE('',#1812);
#1812 = AXIS2_PLACEMENT_3D('',#1813,#1814,#1815);
#1813 = CARTESIAN_POINT('',(25.06062181102,-15.84852813742,
    7.837838876522));
#1814 = DIRECTION('',(0.241844762648,-0.707106781187,0.664463024389));
#1815 = DIRECTION('',(0.241844762648,0.707106781187,0.664463024389));
#1816 = DEFINITIONAL_REPRESENTATION('',(#1817),#1821);
#1817 = LINE('',#1818,#1819);
#1818 = CARTESIAN_POINT('',(10.606601717798,-1.));
#1819 = VECTOR('',#1820,1.);
#1820 = DIRECTION('',(-1.,-1.688027794645E-17));
#1821 = ( GEOMETRIC_REPRESENTATION_CONTEXT(2) 
PARAMETRIC_REPRESENTATION_CONTEXT() REPRESENTATION_CONTEXT('2D SPACE',''
  ) );
#1822 = ORIENTED_EDGE('',*,*,#1823,.T.);
#1823 = EDGE_CURVE('',#1794,#1824,#1826,.T.);
#1824 = VERTEX_POINT('',#1825);
#1825 = CARTESIAN_POINT('',(26.103927288102,-12.15147186257,
    7.780492716235));
#1826 = SURFACE_CURVE('',#1827,(#1832,#1843),.PCURVE_S1.);
#1827 = CIRCLE('',#1828,1.2);
#1828 = AXIS2_PLACEMENT_3D('',#1829,#1830,#1831);
#1829 = CARTESIAN_POINT('',(26.39414100328,-13.,8.577848345501));
#1830 = DIRECTION('',(-0.939692620786,1.559190774439E-17,0.342020143326)
  );
#1831 = DIRECTION('',(0.241844762648,-0.707106781187,0.664463024389));
#1832 = PCURVE('',#209,#1833);
#1833 = DEFINITIONAL_REPRESENTATION('',(#1834),#1842);
#1834 = ( BOUNDED_CURVE() B_SPLINE_CURVE(2,(#1835,#1836,#1837,#1838,
#1839,#1840,#1841),.UNSPECIFIED.,.T.,.F.) B_SPLINE_CURVE_WITH_KNOTS((1,2
    ,2,2,2,1),(-2.094395102393,0.,2.094395102393,4.188790204786,
6.28318530718,8.377580409573),.UNSPECIFIED.) CURVE() 
GEOMETRIC_REPRESENTATION_ITEM() RATIONAL_B_SPLINE_CURVE((1.,0.5,1.,0.5,
1.,0.5,1.)) REPRESENTATION_ITEM('') );
#1835 = CARTESIAN_POINT('',(-12.15147186257,13.848528137424));
#1836 = CARTESIAN_POINT('',(-10.6817780169,12.378834291754));
#1837 = CARTESIAN_POINT('',(-12.68941714587,11.840889008453));
#1838 = CARTESIAN_POINT('',(-14.69705627484,11.302943725152));
#1839 = CARTESIAN_POINT('',(-14.15911099154,13.310582854123));
#1840 = CARTESIAN_POINT('',(-13.62116570824,15.318221983094));
#1841 = CARTESIAN_POINT('',(-12.15147186257,13.848528137424));
#1842 = ( GEOMETRIC_REPRESENTATION_CONTEXT(2) 
PARAMETRIC_REPRESENTATION_CONTEXT() REPRESENTATION_CONTEXT('2D SPACE',''
  ) );
#1843 = PCURVE('',#1844,#1849);
#1844 = CYLINDRICAL_SURFACE('',#1845,1.2);
#1845 = AXIS2_PLACEMENT_3D('',#1846,#1847,#1848);
#1846 = CARTESIAN_POINT('',(25.454448382494,-13.,8.919868488827));
#1847 = DIRECTION('',(-0.939692620786,0.,0.342020143326));
#1848 = DIRECTION('',(0.241844762648,-0.707106781187,0.664463024389));
#1849 = DEFINITIONAL_REPRESENTATION('',(#1850),#1854);
#1850 = LINE('',#1851,#1852);
#1851 = CARTESIAN_POINT('',(0.,-1.));
#1852 = VECTOR('',#1853,1.);
#1853 = DIRECTION('',(1.,0.));
#1854 = ( GEOMETRIC_REPRESENTATION_CONTEXT(2) 
PARAMETRIC_REPRESENTATION_CONTEXT() REPRESENTATION_CONTEXT('2D SPACE',''
  ) );
#1855 = ORIENTED_EDGE('',*,*,#1856,.F.);
#1856 = EDGE_CURVE('',#1857,#1824,#1859,.T.);
#1857 = VERTEX_POINT('',#1858);
#1858 = CARTESIAN_POINT('',(25.419887001451,-14.15147186257,
    5.901107474663));
#1859 = SURFACE_CURVE('',#1860,(#1864,#1871),.PCURVE_S1.);
#1860 = LINE('',#1861,#1862);
#1861 = CARTESIAN_POINT('',(28.327058219719,-5.651471862576,
    13.888494751343));
#1862 = VECTOR('',#1863,1.);
#1863 = DIRECTION('',(0.241844762648,0.707106781187,0.664463024389));
#1864 = PCURVE('',#209,#1865);
#1865 = DEFINITIONAL_REPRESENTATION('',(#1866),#1870);
#1866 = LINE('',#1867,#1868);
#1867 = CARTESIAN_POINT('',(-7.348528137424,5.651471862576));
#1868 = VECTOR('',#1869,1.);
#1869 = DIRECTION('',(0.707106781187,-0.707106781187));
#1870 = ( GEOMETRIC_REPRESENTATION_CONTEXT(2) 
PARAMETRIC_REPRESENTATION_CONTEXT() REPRESENTATION_CONTEXT('2D SPACE',''
  ) );
#1871 = PCURVE('',#1872,#1877);
#1872 = PLANE('',#1873);
#1873 = AXIS2_PLACEMENT_3D('',#1874,#1875,#1876);
#1874 = CARTESIAN_POINT('',(25.164234667316,-12.15147186257,
    8.122512859561));
#1875 = DIRECTION('',(-0.241844762648,0.707106781187,-0.664463024389));
#1876 = DIRECTION('',(-0.241844762648,-0.707106781187,-0.664463024389));
#1877 = DEFINITIONAL_REPRESENTATION('',(#1878),#1882);
#1878 = LINE('',#1879,#1880);
#1879 = CARTESIAN_POINT('',(-9.192388155425,-1.));
#1880 = VECTOR('',#1881,1.);
#1881 = DIRECTION('',(-1.,1.688027794645E-17));
#1882 = ( GEOMETRIC_REPRESENTATION_CONTEXT(2) 
PARAMETRIC_REPRESENTATION_CONTEXT() REPRESENTATION_CONTEXT('2D SPACE',''
  ) );
#1883 = ORIENTED_EDGE('',*,*,#1884,.T.);
#1884 = EDGE_CURVE('',#1857,#1796,#1885,.T.);
#1885 = SURFACE_CURVE('',#1886,(#1891,#1902),.PCURVE_S1.);
#1886 = CIRCLE('',#1887,1.2);
#1887 = AXIS2_PLACEMENT_3D('',#1888,#1889,#1890);
#1888 = CARTESIAN_POINT('',(25.710100716628,-15.,6.69846310393));
#1889 = DIRECTION('',(-0.939692620786,1.559190774439E-17,0.342020143326)
  );
#1890 = DIRECTION('',(-0.241844762648,0.707106781187,-0.664463024389));
#1891 = PCURVE('',#209,#1892);
#1892 = DEFINITIONAL_REPRESENTATION('',(#1893),#1901);
#1893 = ( BOUNDED_CURVE() B_SPLINE_CURVE(2,(#1894,#1895,#1896,#1897,
#1898,#1899,#1900),.UNSPECIFIED.,.T.,.F.) B_SPLINE_CURVE_WITH_KNOTS((1,2
    ,2,2,2,1),(-2.094395102393,0.,2.094395102393,4.188790204786,
6.28318530718,8.377580409573),.UNSPECIFIED.) CURVE() 
GEOMETRIC_REPRESENTATION_ITEM() RATIONAL_B_SPLINE_CURVE((1.,0.5,1.,0.5,
1.,0.5,1.)) REPRESENTATION_ITEM('') );
#1894 = CARTESIAN_POINT('',(-15.84852813742,14.151471862576));
#1895 = CARTESIAN_POINT('',(-17.31822198309,15.621165708246));
#1896 = CARTESIAN_POINT('',(-15.31058285412,16.159110991547));
#1897 = CARTESIAN_POINT('',(-13.30294372515,16.697056274848));
#1898 = CARTESIAN_POINT('',(-13.84088900845,14.689417145877));
#1899 = CARTESIAN_POINT('',(-14.37883429175,12.681778016906));
#1900 = CARTESIAN_POINT('',(-15.84852813742,14.151471862576));
#1901 = ( GEOMETRIC_REPRESENTATION_CONTEXT(2) 
PARAMETRIC_REPRESENTATION_CONTEXT() REPRESENTATION_CONTEXT('2D SPACE',''
  ) );
#1902 = PCURVE('',#1903,#1908);
#1903 = CYLINDRICAL_SURFACE('',#1904,1.2);
#1904 = AXIS2_PLACEMENT_3D('',#1905,#1906,#1907);
#1905 = CARTESIAN_POINT('',(24.770408095842,-15.,7.040483247255));
#1906 = DIRECTION('',(-0.939692620786,0.,0.342020143326));
#1907 = DIRECTION('',(-0.241844762648,0.707106781187,-0.664463024389));
#1908 = DEFINITIONAL_REPRESENTATION('',(#1909),#1913);
#1909 = LINE('',#1910,#1911);
#1910 = CARTESIAN_POINT('',(0.,-1.));
#1911 = VECTOR('',#1912,1.);
#1912 = DIRECTION('',(1.,0.));
#1913 = ( GEOMETRIC_REPRESENTATION_CONTEXT(2) 
PARAMETRIC_REPRESENTATION_CONTEXT() REPRESENTATION_CONTEXT('2D SPACE',''
  ) );
#1914 = FACE_BOUND('',#1915,.F.);
#1915 = EDGE_LOOP('',(#1916,#1946,#1979,#2007));
#1916 = ORIENTED_EDGE('',*,*,#1917,.F.);
#1917 = EDGE_CURVE('',#1918,#1920,#1922,.T.);
#1918 = VERTEX_POINT('',#1919);
#1919 = CARTESIAN_POINT('',(35.576878444925,-12.15147186257,
    33.807212115201));
#1920 = VERTEX_POINT('',#1921);
#1921 = CARTESIAN_POINT('',(36.260918731576,-14.15147186257,
    35.686597356773));
#1922 = SURFACE_CURVE('',#1923,(#1927,#1934),.PCURVE_S1.);
#1923 = LINE('',#1924,#1925);
#1924 = CARTESIAN_POINT('',(33.695767656633,-6.651471862576,
    28.638902700879));
#1925 = VECTOR('',#1926,1.);
#1926 = DIRECTION('',(0.241844762648,-0.707106781187,0.664463024389));
#1927 = PCURVE('',#209,#1928);
#1928 = DEFINITIONAL_REPRESENTATION('',(#1929),#1933);
#1929 = LINE('',#1930,#1931);
#1930 = CARTESIAN_POINT('',(8.348528137424,6.651471862576));
#1931 = VECTOR('',#1932,1.);
#1932 = DIRECTION('',(0.707106781187,0.707106781187));
#1933 = ( GEOMETRIC_REPRESENTATION_CONTEXT(2) 
PARAMETRIC_REPRESENTATION_CONTEXT() REPRESENTATION_CONTEXT('2D SPACE',''
  ) );
#1934 = PCURVE('',#1935,#1940);
#1935 = PLANE('',#1936);
#1936 = AXIS2_PLACEMENT_3D('',#1937,#1938,#1939);
#1937 = CARTESIAN_POINT('',(35.32122611079,-14.15147186257,
    36.028617500099));
#1938 = DIRECTION('',(0.241844762648,0.707106781187,0.664463024389));
#1939 = DIRECTION('',(-0.241844762648,0.707106781187,-0.664463024389));
#1940 = DEFINITIONAL_REPRESENTATION('',(#1941),#1945);
#1941 = LINE('',#1942,#1943);
#1942 = CARTESIAN_POINT('',(10.606601717798,-1.));
#1943 = VECTOR('',#1944,1.);
#1944 = DIRECTION('',(-1.,1.688027794645E-17));
#1945 = ( GEOMETRIC_REPRESENTATION_CONTEXT(2) 
PARAMETRIC_REPRESENTATION_CONTEXT() REPRESENTATION_CONTEXT('2D SPACE',''
  ) );
#1946 = ORIENTED_EDGE('',*,*,#1947,.T.);
#1947 = EDGE_CURVE('',#1918,#1948,#1950,.T.);
#1948 = VERTEX_POINT('',#1949);
#1949 = CARTESIAN_POINT('',(34.99645101457,-13.84852813742,
    32.212500856669));
#1950 = SURFACE_CURVE('',#1951,(#1956,#1967),.PCURVE_S1.);
#1951 = CIRCLE('',#1952,1.2);
#1952 = AXIS2_PLACEMENT_3D('',#1953,#1954,#1955);
#1953 = CARTESIAN_POINT('',(35.286664729747,-13.,33.009856485935));
#1954 = DIRECTION('',(-0.939692620786,-1.721924412066E-17,0.342020143326
    ));
#1955 = DIRECTION('',(0.241844762648,0.707106781187,0.664463024389));
#1956 = PCURVE('',#209,#1957);
#1957 = DEFINITIONAL_REPRESENTATION('',(#1958),#1966);
#1958 = ( BOUNDED_CURVE() B_SPLINE_CURVE(2,(#1959,#1960,#1961,#1962,
#1963,#1964,#1965),.UNSPECIFIED.,.T.,.F.) B_SPLINE_CURVE_WITH_KNOTS((1,2
    ,2,2,2,1),(-2.094395102393,0.,2.094395102393,4.188790204786,
6.28318530718,8.377580409573),.UNSPECIFIED.) CURVE() 
GEOMETRIC_REPRESENTATION_ITEM() RATIONAL_B_SPLINE_CURVE((1.,0.5,1.,0.5,
1.,0.5,1.)) REPRESENTATION_ITEM('') );
#1959 = CARTESIAN_POINT('',(13.848528137424,12.151471862576));
#1960 = CARTESIAN_POINT('',(12.378834291754,10.681778016906));
#1961 = CARTESIAN_POINT('',(11.840889008453,12.689417145877));
#1962 = CARTESIAN_POINT('',(11.302943725152,14.697056274848));
#1963 = CARTESIAN_POINT('',(13.310582854123,14.159110991547));
#1964 = CARTESIAN_POINT('',(15.318221983094,13.621165708246));
#1965 = CARTESIAN_POINT('',(13.848528137424,12.151471862576));
#1966 = ( GEOMETRIC_REPRESENTATION_CONTEXT(2) 
PARAMETRIC_REPRESENTATION_CONTEXT() REPRESENTATION_CONTEXT('2D SPACE',''
  ) );
#1967 = PCURVE('',#1968,#1973);
#1968 = CYLINDRICAL_SURFACE('',#1969,1.2);
#1969 = AXIS2_PLACEMENT_3D('',#1970,#1971,#1972);
#1970 = CARTESIAN_POINT('',(34.346972108961,-13.,33.351876629261));
#1971 = DIRECTION('',(-0.939692620786,0.,0.342020143326));
#1972 = DIRECTION('',(0.241844762648,0.707106781187,0.664463024389));
#1973 = DEFINITIONAL_REPRESENTATION('',(#1974),#1978);
#1974 = LINE('',#1975,#1976);
#1975 = CARTESIAN_POINT('',(1.014653635757E-17,-1.));
#1976 = VECTOR('',#1977,1.);
#1977 = DIRECTION('',(1.,0.));
#1978 = ( GEOMETRIC_REPRESENTATION_CONTEXT(2) 
PARAMETRIC_REPRESENTATION_CONTEXT() REPRESENTATION_CONTEXT('2D SPACE',''
  ) );
#1979 = ORIENTED_EDGE('',*,*,#1980,.F.);
#1980 = EDGE_CURVE('',#1981,#1948,#1983,.T.);
#1981 = VERTEX_POINT('',#1982);
#1982 = CARTESIAN_POINT('',(35.680491301221,-15.84852813742,
    34.09188609824));
#1983 = SURFACE_CURVE('',#1984,(#1988,#1995),.PCURVE_S1.);
#1984 = LINE('',#1985,#1986);
#1985 = CARTESIAN_POINT('',(32.773320082953,-7.348528137424,
    26.10449882156));
#1986 = VECTOR('',#1987,1.);
#1987 = DIRECTION('',(-0.241844762648,0.707106781187,-0.664463024389));
#1988 = PCURVE('',#209,#1989);
#1989 = DEFINITIONAL_REPRESENTATION('',(#1990),#1994);
#1990 = LINE('',#1991,#1992);
#1991 = CARTESIAN_POINT('',(5.651471862576,7.348528137424));
#1992 = VECTOR('',#1993,1.);
#1993 = DIRECTION('',(-0.707106781187,-0.707106781187));
#1994 = ( GEOMETRIC_REPRESENTATION_CONTEXT(2) 
PARAMETRIC_REPRESENTATION_CONTEXT() REPRESENTATION_CONTEXT('2D SPACE',''
  ) );
#1995 = PCURVE('',#1996,#2001);
#1996 = PLANE('',#1997);
#1997 = AXIS2_PLACEMENT_3D('',#1998,#1999,#2000);
#1998 = CARTESIAN_POINT('',(34.056758393784,-13.84852813742,
    32.554520999994));
#1999 = DIRECTION('',(-0.241844762648,-0.707106781187,-0.664463024389));
#2000 = DIRECTION('',(0.241844762648,-0.707106781187,0.664463024389));
#2001 = DEFINITIONAL_REPRESENTATION('',(#2002),#2006);
#2002 = LINE('',#2003,#2004);
#2003 = CARTESIAN_POINT('',(-9.192388155425,-1.));
#2004 = VECTOR('',#2005,1.);
#2005 = DIRECTION('',(-1.,-1.688027794645E-17));
#2006 = ( GEOMETRIC_REPRESENTATION_CONTEXT(2) 
PARAMETRIC_REPRESENTATION_CONTEXT() REPRESENTATION_CONTEXT('2D SPACE',''
  ) );
#2007 = ORIENTED_EDGE('',*,*,#2008,.T.);
#2008 = EDGE_CURVE('',#1981,#1920,#2009,.T.);
#2009 = SURFACE_CURVE('',#2010,(#2015,#2026),.PCURVE_S1.);
#2010 = CIRCLE('',#2011,1.2);
#2011 = AXIS2_PLACEMENT_3D('',#2012,#2013,#2014);
#2012 = CARTESIAN_POINT('',(35.970705016398,-15.,34.889241727507));
#2013 = DIRECTION('',(-0.939692620786,-1.721924412066E-17,0.342020143326
    ));
#2014 = DIRECTION('',(-0.241844762648,-0.707106781187,-0.664463024389));
#2015 = PCURVE('',#209,#2016);
#2016 = DEFINITIONAL_REPRESENTATION('',(#2017),#2025);
#2017 = ( BOUNDED_CURVE() B_SPLINE_CURVE(2,(#2018,#2019,#2020,#2021,
#2022,#2023,#2024),.UNSPECIFIED.,.T.,.F.) B_SPLINE_CURVE_WITH_KNOTS((1,2
    ,2,2,2,1),(-2.094395102393,0.,2.094395102393,4.188790204786,
6.28318530718,8.377580409573),.UNSPECIFIED.) CURVE() 
GEOMETRIC_REPRESENTATION_ITEM() RATIONAL_B_SPLINE_CURVE((1.,0.5,1.,0.5,
1.,0.5,1.)) REPRESENTATION_ITEM('') );
#2018 = CARTESIAN_POINT('',(14.151471862576,15.848528137424));
#2019 = CARTESIAN_POINT('',(15.621165708246,17.318221983094));
#2020 = CARTESIAN_POINT('',(16.159110991547,15.310582854123));
#2021 = CARTESIAN_POINT('',(16.697056274848,13.302943725152));
#2022 = CARTESIAN_POINT('',(14.689417145877,13.840889008453));
#2023 = CARTESIAN_POINT('',(12.681778016906,14.378834291754));
#2024 = CARTESIAN_POINT('',(14.151471862576,15.848528137424));
#2025 = ( GEOMETRIC_REPRESENTATION_CONTEXT(2) 
PARAMETRIC_REPRESENTATION_CONTEXT() REPRESENTATION_CONTEXT('2D SPACE',''
  ) );
#2026 = PCURVE('',#2027,#2032);
#2027 = CYLINDRICAL_SURFACE('',#2028,1.2);
#2028 = AXIS2_PLACEMENT_3D('',#2029,#2030,#2031);
#2029 = CARTESIAN_POINT('',(35.031012395612,-15.,35.231261870832));
#2030 = DIRECTION('',(-0.939692620786,0.,0.342020143326));
#2031 = DIRECTION('',(-0.241844762648,-0.707106781187,-0.664463024389));
#2032 = DEFINITIONAL_REPRESENTATION('',(#2033),#2037);
#2033 = LINE('',#2034,#2035);
#2034 = CARTESIAN_POINT('',(1.014653635757E-17,-1.));
#2035 = VECTOR('',#2036,1.);
#2036 = DIRECTION('',(1.,0.));
#2037 = ( GEOMETRIC_REPRESENTATION_CONTEXT(2) 
PARAMETRIC_REPRESENTATION_CONTEXT() REPRESENTATION_CONTEXT('2D SPACE',''
  ) );
#2038 = ADVANCED_FACE('',(#2039),#235,.T.);
#2039 = FACE_BOUND('',#2040,.T.);
#2040 = EDGE_LOOP('',(#2041,#2064,#2065,#2066));
#2041 = ORIENTED_EDGE('',*,*,#2042,.T.);
#2042 = EDGE_CURVE('',#2043,#221,#2045,.T.);
#2043 = VERTEX_POINT('',#2044);
#2044 = CARTESIAN_POINT('',(32.,-19.5,24.));
#2045 = SURFACE_CURVE('',#2046,(#2050,#2057),.PCURVE_S1.);
#2046 = LINE('',#2047,#2048);
#2047 = CARTESIAN_POINT('',(32.,-19.5,24.));
#2048 = VECTOR('',#2049,1.);
#2049 = DIRECTION('',(-0.672672793996,0.,-0.739940073396));
#2050 = PCURVE('',#235,#2051);
#2051 = DEFINITIONAL_REPRESENTATION('',(#2052),#2056);
#2052 = LINE('',#2053,#2054);
#2053 = CARTESIAN_POINT('',(-14.06696562634,6.933034373659));
#2054 = VECTOR('',#2055,1.);
#2055 = DIRECTION('',(0.739940073396,-0.672672793996));
#2056 = ( GEOMETRIC_REPRESENTATION_CONTEXT(2) 
PARAMETRIC_REPRESENTATION_CONTEXT() REPRESENTATION_CONTEXT('2D SPACE',''
  ) );
#2057 = PCURVE('',#261,#2058);
#2058 = DEFINITIONAL_REPRESENTATION('',(#2059),#2063);
#2059 = LINE('',#2060,#2061);
#2060 = CARTESIAN_POINT('',(-0.,-3.));
#2061 = VECTOR('',#2062,1.);
#2062 = DIRECTION('',(1.,0.));
#2063 = ( GEOMETRIC_REPRESENTATION_CONTEXT(2) 
PARAMETRIC_REPRESENTATION_CONTEXT() REPRESENTATION_CONTEXT('2D SPACE',''
  ) );
#2064 = ORIENTED_EDGE('',*,*,#220,.T.);
#2065 = ORIENTED_EDGE('',*,*,#1295,.F.);
#2066 = ORIENTED_EDGE('',*,*,#2067,.T.);
#2067 = EDGE_CURVE('',#1296,#2043,#2068,.T.);
#2068 = SURFACE_CURVE('',#2069,(#2073,#2080),.PCURVE_S1.);
#2069 = LINE('',#2070,#2071);
#2070 = CARTESIAN_POINT('',(32.,-19.5,2.));
#2071 = VECTOR('',#2072,1.);
#2072 = DIRECTION('',(0.,0.,1.));
#2073 = PCURVE('',#235,#2074);
#2074 = DEFINITIONAL_REPRESENTATION('',(#2075),#2079);
#2075 = LINE('',#2076,#2077);
#2076 = CARTESIAN_POINT('',(7.933034373659,6.933034373659));
#2077 = VECTOR('',#2078,1.);
#2078 = DIRECTION('',(-1.,0.));
#2079 = ( GEOMETRIC_REPRESENTATION_CONTEXT(2) 
PARAMETRIC_REPRESENTATION_CONTEXT() REPRESENTATION_CONTEXT('2D SPACE',''
  ) );
#2080 = PCURVE('',#1331,#2081);
#2081 = DEFINITIONAL_REPRESENTATION('',(#2082),#2086);
#2082 = LINE('',#2083,#2084);
#2083 = CARTESIAN_POINT('',(0.,-3.));
#2084 = VECTOR('',#2085,1.);
#2085 = DIRECTION('',(1.,0.));
#2086 = ( GEOMETRIC_REPRESENTATION_CONTEXT(2) 
PARAMETRIC_REPRESENTATION_CONTEXT() REPRESENTATION_CONTEXT('2D SPACE',''
  ) );
#2087 = ADVANCED_FACE('',(#2088),#386,.F.);
#2088 = FACE_BOUND('',#2089,.F.);
#2089 = EDGE_LOOP('',(#2090,#2113,#2114,#2115));
#2090 = ORIENTED_EDGE('',*,*,#2091,.T.);
#2091 = EDGE_CURVE('',#2092,#346,#2094,.T.);
#2092 = VERTEX_POINT('',#2093);
#2093 = CARTESIAN_POINT('',(32.,19.5,24.));
#2094 = SURFACE_CURVE('',#2095,(#2099,#2106),.PCURVE_S1.);
#2095 = LINE('',#2096,#2097);
#2096 = CARTESIAN_POINT('',(32.,19.5,24.));
#2097 = VECTOR('',#2098,1.);
#2098 = DIRECTION('',(-0.672672793996,0.,-0.739940073396));
#2099 = PCURVE('',#386,#2100);
#2100 = DEFINITIONAL_REPRESENTATION('',(#2101),#2105);
#2101 = LINE('',#2102,#2103);
#2102 = CARTESIAN_POINT('',(-14.06696562634,6.933034373659));
#2103 = VECTOR('',#2104,1.);
#2104 = DIRECTION('',(0.739940073396,-0.672672793996));
#2105 = ( GEOMETRIC_REPRESENTATION_CONTEXT(2) 
PARAMETRIC_REPRESENTATION_CONTEXT() REPRESENTATION_CONTEXT('2D SPACE',''
  ) );
#2106 = PCURVE('',#360,#2107);
#2107 = DEFINITIONAL_REPRESENTATION('',(#2108),#2112);
#2108 = LINE('',#2109,#2110);
#2109 = CARTESIAN_POINT('',(0.,0.));
#2110 = VECTOR('',#2111,1.);
#2111 = DIRECTION('',(1.,0.));
#2112 = ( GEOMETRIC_REPRESENTATION_CONTEXT(2) 
PARAMETRIC_REPRESENTATION_CONTEXT() REPRESENTATION_CONTEXT('2D SPACE',''
  ) );
#2113 = ORIENTED_EDGE('',*,*,#371,.T.);
#2114 = ORIENTED_EDGE('',*,*,#1409,.F.);
#2115 = ORIENTED_EDGE('',*,*,#2116,.T.);
#2116 = EDGE_CURVE('',#1384,#2092,#2117,.T.);
#2117 = SURFACE_CURVE('',#2118,(#2122,#2129),.PCURVE_S1.);
#2118 = LINE('',#2119,#2120);
#2119 = CARTESIAN_POINT('',(32.,19.5,2.));
#2120 = VECTOR('',#2121,1.);
#2121 = DIRECTION('',(0.,0.,1.));
#2122 = PCURVE('',#386,#2123);
#2123 = DEFINITIONAL_REPRESENTATION('',(#2124),#2128);
#2124 = LINE('',#2125,#2126);
#2125 = CARTESIAN_POINT('',(7.933034373659,6.933034373659));
#2126 = VECTOR('',#2127,1.);
#2127 = DIRECTION('',(-1.,0.));
#2128 = ( GEOMETRIC_REPRESENTATION_CONTEXT(2) 
PARAMETRIC_REPRESENTATION_CONTEXT() REPRESENTATION_CONTEXT('2D SPACE',''
  ) );
#2129 = PCURVE('',#1398,#2130);
#2130 = DEFINITIONAL_REPRESENTATION('',(#2131),#2135);
#2131 = LINE('',#2132,#2133);
#2132 = CARTESIAN_POINT('',(0.,0.));
#2133 = VECTOR('',#2134,1.);
#2134 = DIRECTION('',(1.,0.));
#2135 = ( GEOMETRIC_REPRESENTATION_CONTEXT(2) 
PARAMETRIC_REPRESENTATION_CONTEXT() REPRESENTATION_CONTEXT('2D SPACE',''
  ) );
#2136 = ADVANCED_FACE('',(#2137),#261,.F.);
#2137 = FACE_BOUND('',#2138,.F.);
#2138 = EDGE_LOOP('',(#2139,#2162,#2183,#2184));
#2139 = ORIENTED_EDGE('',*,*,#2140,.F.);
#2140 = EDGE_CURVE('',#2141,#247,#2143,.T.);
#2141 = VERTEX_POINT('',#2142);
#2142 = CARTESIAN_POINT('',(32.,-16.5,24.));
#2143 = SURFACE_CURVE('',#2144,(#2148,#2155),.PCURVE_S1.);
#2144 = LINE('',#2145,#2146);
#2145 = CARTESIAN_POINT('',(32.,-16.5,24.));
#2146 = VECTOR('',#2147,1.);
#2147 = DIRECTION('',(-0.672672793996,0.,-0.739940073396));
#2148 = PCURVE('',#261,#2149);
#2149 = DEFINITIONAL_REPRESENTATION('',(#2150),#2154);
#2150 = LINE('',#2151,#2152);
#2151 = CARTESIAN_POINT('',(0.,0.));
#2152 = VECTOR('',#2153,1.);
#2153 = DIRECTION('',(1.,0.));
#2154 = ( GEOMETRIC_REPRESENTATION_CONTEXT(2) 
PARAMETRIC_REPRESENTATION_CONTEXT() REPRESENTATION_CONTEXT('2D SPACE',''
  ) );
#2155 = PCURVE('',#287,#2156);
#2156 = DEFINITIONAL_REPRESENTATION('',(#2157),#2161);
#2157 = LINE('',#2158,#2159);
#2158 = CARTESIAN_POINT('',(-14.06696562634,6.933034373659));
#2159 = VECTOR('',#2160,1.);
#2160 = DIRECTION('',(0.739940073396,-0.672672793996));
#2161 = ( GEOMETRIC_REPRESENTATION_CONTEXT(2) 
PARAMETRIC_REPRESENTATION_CONTEXT() REPRESENTATION_CONTEXT('2D SPACE',''
  ) );
#2162 = ORIENTED_EDGE('',*,*,#2163,.T.);
#2163 = EDGE_CURVE('',#2141,#2043,#2164,.T.);
#2164 = SURFACE_CURVE('',#2165,(#2169,#2176),.PCURVE_S1.);
#2165 = LINE('',#2166,#2167);
#2166 = CARTESIAN_POINT('',(32.,-16.5,24.));
#2167 = VECTOR('',#2168,1.);
#2168 = DIRECTION('',(0.,-1.,0.));
#2169 = PCURVE('',#261,#2170);
#2170 = DEFINITIONAL_REPRESENTATION('',(#2171),#2175);
#2171 = LINE('',#2172,#2173);
#2172 = CARTESIAN_POINT('',(0.,0.));
#2173 = VECTOR('',#2174,1.);
#2174 = DIRECTION('',(-0.,-1.));
#2175 = ( GEOMETRIC_REPRESENTATION_CONTEXT(2) 
PARAMETRIC_REPRESENTATION_CONTEXT() REPRESENTATION_CONTEXT('2D SPACE',''
  ) );
#2176 = PCURVE('',#1331,#2177);
#2177 = DEFINITIONAL_REPRESENTATION('',(#2178),#2182);
#2178 = LINE('',#2179,#2180);
#2179 = CARTESIAN_POINT('',(22.,0.));
#2180 = VECTOR('',#2181,1.);
#2181 = DIRECTION('',(0.,-1.));
#2182 = ( GEOMETRIC_REPRESENTATION_CONTEXT(2) 
PARAMETRIC_REPRESENTATION_CONTEXT() REPRESENTATION_CONTEXT('2D SPACE',''
  ) );
#2183 = ORIENTED_EDGE('',*,*,#2042,.T.);
#2184 = ORIENTED_EDGE('',*,*,#246,.T.);
#2185 = ADVANCED_FACE('',(#2186),#360,.F.);
#2186 = FACE_BOUND('',#2187,.F.);
#2187 = EDGE_LOOP('',(#2188,#2189,#2212,#2233));
#2188 = ORIENTED_EDGE('',*,*,#2091,.F.);
#2189 = ORIENTED_EDGE('',*,*,#2190,.T.);
#2190 = EDGE_CURVE('',#2092,#2191,#2193,.T.);
#2191 = VERTEX_POINT('',#2192);
#2192 = CARTESIAN_POINT('',(32.,16.5,24.));
#2193 = SURFACE_CURVE('',#2194,(#2198,#2205),.PCURVE_S1.);
#2194 = LINE('',#2195,#2196);
#2195 = CARTESIAN_POINT('',(32.,19.5,24.));
#2196 = VECTOR('',#2197,1.);
#2197 = DIRECTION('',(0.,-1.,0.));
#2198 = PCURVE('',#360,#2199);
#2199 = DEFINITIONAL_REPRESENTATION('',(#2200),#2204);
#2200 = LINE('',#2201,#2202);
#2201 = CARTESIAN_POINT('',(0.,0.));
#2202 = VECTOR('',#2203,1.);
#2203 = DIRECTION('',(-0.,-1.));
#2204 = ( GEOMETRIC_REPRESENTATION_CONTEXT(2) 
PARAMETRIC_REPRESENTATION_CONTEXT() REPRESENTATION_CONTEXT('2D SPACE',''
  ) );
#2205 = PCURVE('',#1398,#2206);
#2206 = DEFINITIONAL_REPRESENTATION('',(#2207),#2211);
#2207 = LINE('',#2208,#2209);
#2208 = CARTESIAN_POINT('',(22.,0.));
#2209 = VECTOR('',#2210,1.);
#2210 = DIRECTION('',(0.,-1.));
#2211 = ( GEOMETRIC_REPRESENTATION_CONTEXT(2) 
PARAMETRIC_REPRESENTATION_CONTEXT() REPRESENTATION_CONTEXT('2D SPACE',''
  ) );
#2212 = ORIENTED_EDGE('',*,*,#2213,.T.);
#2213 = EDGE_CURVE('',#2191,#320,#2214,.T.);
#2214 = SURFACE_CURVE('',#2215,(#2219,#2226),.PCURVE_S1.);
#2215 = LINE('',#2216,#2217);
#2216 = CARTESIAN_POINT('',(32.,16.5,24.));
#2217 = VECTOR('',#2218,1.);
#2218 = DIRECTION('',(-0.672672793996,0.,-0.739940073396));
#2219 = PCURVE('',#360,#2220);
#2220 = DEFINITIONAL_REPRESENTATION('',(#2221),#2225);
#2221 = LINE('',#2222,#2223);
#2222 = CARTESIAN_POINT('',(-0.,-3.));
#2223 = VECTOR('',#2224,1.);
#2224 = DIRECTION('',(1.,0.));
#2225 = ( GEOMETRIC_REPRESENTATION_CONTEXT(2) 
PARAMETRIC_REPRESENTATION_CONTEXT() REPRESENTATION_CONTEXT('2D SPACE',''
  ) );
#2226 = PCURVE('',#334,#2227);
#2227 = DEFINITIONAL_REPRESENTATION('',(#2228),#2232);
#2228 = LINE('',#2229,#2230);
#2229 = CARTESIAN_POINT('',(-14.06696562634,6.933034373659));
#2230 = VECTOR('',#2231,1.);
#2231 = DIRECTION('',(0.739940073396,-0.672672793996));
#2232 = ( GEOMETRIC_REPRESENTATION_CONTEXT(2) 
PARAMETRIC_REPRESENTATION_CONTEXT() REPRESENTATION_CONTEXT('2D SPACE',''
  ) );
#2233 = ORIENTED_EDGE('',*,*,#345,.T.);
#2234 = ADVANCED_FACE('',(#2235),#287,.F.);
#2235 = FACE_BOUND('',#2236,.F.);
#2236 = EDGE_LOOP('',(#2237,#2238,#2239,#2240));
#2237 = ORIENTED_EDGE('',*,*,#2140,.T.);
#2238 = ORIENTED_EDGE('',*,*,#272,.T.);
#2239 = ORIENTED_EDGE('',*,*,#1342,.F.);
#2240 = ORIENTED_EDGE('',*,*,#2241,.T.);
#2241 = EDGE_CURVE('',#1317,#2141,#2242,.T.);
#2242 = SURFACE_CURVE('',#2243,(#2247,#2254),.PCURVE_S1.);
#2243 = LINE('',#2244,#2245);
#2244 = CARTESIAN_POINT('',(32.,-16.5,2.));
#2245 = VECTOR('',#2246,1.);
#2246 = DIRECTION('',(0.,0.,1.));
#2247 = PCURVE('',#287,#2248);
#2248 = DEFINITIONAL_REPRESENTATION('',(#2249),#2253);
#2249 = LINE('',#2250,#2251);
#2250 = CARTESIAN_POINT('',(7.933034373659,6.933034373659));
#2251 = VECTOR('',#2252,1.);
#2252 = DIRECTION('',(-1.,0.));
#2253 = ( GEOMETRIC_REPRESENTATION_CONTEXT(2) 
PARAMETRIC_REPRESENTATION_CONTEXT() REPRESENTATION_CONTEXT('2D SPACE',''
  ) );
#2254 = PCURVE('',#1331,#2255);
#2255 = DEFINITIONAL_REPRESENTATION('',(#2256),#2260);
#2256 = LINE('',#2257,#2258);
#2257 = CARTESIAN_POINT('',(0.,0.));
#2258 = VECTOR('',#2259,1.);
#2259 = DIRECTION('',(1.,0.));
#2260 = ( GEOMETRIC_REPRESENTATION_CONTEXT(2) 
PARAMETRIC_REPRESENTATION_CONTEXT() REPRESENTATION_CONTEXT('2D SPACE',''
  ) );
#2261 = ADVANCED_FACE('',(#2262),#334,.T.);
#2262 = FACE_BOUND('',#2263,.T.);
#2263 = EDGE_LOOP('',(#2264,#2265,#2266,#2267));
#2264 = ORIENTED_EDGE('',*,*,#2213,.T.);
#2265 = ORIENTED_EDGE('',*,*,#319,.T.);
#2266 = ORIENTED_EDGE('',*,*,#1362,.F.);
#2267 = ORIENTED_EDGE('',*,*,#2268,.T.);
#2268 = EDGE_CURVE('',#1363,#2191,#2269,.T.);
#2269 = SURFACE_CURVE('',#2270,(#2274,#2281),.PCURVE_S1.);
#2270 = LINE('',#2271,#2272);
#2271 = CARTESIAN_POINT('',(32.,16.5,2.));
#2272 = VECTOR('',#2273,1.);
#2273 = DIRECTION('',(0.,0.,1.));
#2274 = PCURVE('',#334,#2275);
#2275 = DEFINITIONAL_REPRESENTATION('',(#2276),#2280);
#2276 = LINE('',#2277,#2278);
#2277 = CARTESIAN_POINT('',(7.933034373659,6.933034373659));
#2278 = VECTOR('',#2279,1.);
#2279 = DIRECTION('',(-1.,0.));
#2280 = ( GEOMETRIC_REPRESENTATION_CONTEXT(2) 
PARAMETRIC_REPRESENTATION_CONTEXT() REPRESENTATION_CONTEXT('2D SPACE',''
  ) );
#2281 = PCURVE('',#1398,#2282);
#2282 = DEFINITIONAL_REPRESENTATION('',(#2283),#2287);
#2283 = LINE('',#2284,#2285);
#2284 = CARTESIAN_POINT('',(0.,-3.));
#2285 = VECTOR('',#2286,1.);
#2286 = DIRECTION('',(1.,0.));
#2287 = ( GEOMETRIC_REPRESENTATION_CONTEXT(2) 
PARAMETRIC_REPRESENTATION_CONTEXT() REPRESENTATION_CONTEXT('2D SPACE',''
  ) );
#2288 = ADVANCED_FACE('',(#2289),#495,.F.);
#2289 = FACE_BOUND('',#2290,.T.);
#2290 = EDGE_LOOP('',(#2291,#2292,#2313,#2314));
#2291 = ORIENTED_EDGE('',*,*,#908,.T.);
#2292 = ORIENTED_EDGE('',*,*,#2293,.T.);
#2293 = EDGE_CURVE('',#909,#475,#2294,.T.);
#2294 = SEAM_CURVE('',#2295,(#2299,#2306),.PCURVE_S1.);
#2295 = LINE('',#2296,#2297);
#2296 = CARTESIAN_POINT('',(18.7,-10.,-1.));
#2297 = VECTOR('',#2298,1.);
#2298 = DIRECTION('',(0.,0.,1.));
#2299 = PCURVE('',#495,#2300);
#2300 = DEFINITIONAL_REPRESENTATION('',(#2301),#2305);
#2301 = LINE('',#2302,#2303);
#2302 = CARTESIAN_POINT('',(-6.28318530718,0.));
#2303 = VECTOR('',#2304,1.);
#2304 = DIRECTION('',(-0.,-1.));
#2305 = ( GEOMETRIC_REPRESENTATION_CONTEXT(2) 
PARAMETRIC_REPRESENTATION_CONTEXT() REPRESENTATION_CONTEXT('2D SPACE',''
  ) );
#2306 = PCURVE('',#495,#2307);
#2307 = DEFINITIONAL_REPRESENTATION('',(#2308),#2312);
#2308 = LINE('',#2309,#2310);
#2309 = CARTESIAN_POINT('',(-0.,0.));
#2310 = VECTOR('',#2311,1.);
#2311 = DIRECTION('',(-0.,-1.));
#2312 = ( GEOMETRIC_REPRESENTATION_CONTEXT(2) 
PARAMETRIC_REPRESENTATION_CONTEXT() REPRESENTATION_CONTEXT('2D SPACE',''
  ) );
#2313 = ORIENTED_EDGE('',*,*,#474,.F.);
#2314 = ORIENTED_EDGE('',*,*,#2293,.F.);
#2315 = ADVANCED_FACE('',(#2316),#526,.F.);
#2316 = FACE_BOUND('',#2317,.F.);
#2317 = EDGE_LOOP('',(#2318,#2319,#2340,#2341));
#2318 = ORIENTED_EDGE('',*,*,#938,.T.);
#2319 = ORIENTED_EDGE('',*,*,#2320,.T.);
#2320 = EDGE_CURVE('',#941,#512,#2321,.T.);
#2321 = SURFACE_CURVE('',#2322,(#2326,#2333),.PCURVE_S1.);
#2322 = LINE('',#2323,#2324);
#2323 = CARTESIAN_POINT('',(10.75,-3.25,-1.));
#2324 = VECTOR('',#2325,1.);
#2325 = DIRECTION('',(0.,0.,1.));
#2326 = PCURVE('',#526,#2327);
#2327 = DEFINITIONAL_REPRESENTATION('',(#2328),#2332);
#2328 = LINE('',#2329,#2330);
#2329 = CARTESIAN_POINT('',(0.,0.));
#2330 = VECTOR('',#2331,1.);
#2331 = DIRECTION('',(0.,-1.));
#2332 = ( GEOMETRIC_REPRESENTATION_CONTEXT(2) 
PARAMETRIC_REPRESENTATION_CONTEXT() REPRESENTATION_CONTEXT('2D SPACE',''
  ) );
#2333 = PCURVE('',#615,#2334);
#2334 = DEFINITIONAL_REPRESENTATION('',(#2335),#2339);
#2335 = LINE('',#2336,#2337);
#2336 = CARTESIAN_POINT('',(3.14159265359,0.));
#2337 = VECTOR('',#2338,1.);
#2338 = DIRECTION('',(0.,-1.));
#2339 = ( GEOMETRIC_REPRESENTATION_CONTEXT(2) 
PARAMETRIC_REPRESENTATION_CONTEXT() REPRESENTATION_CONTEXT('2D SPACE',''
  ) );
#2340 = ORIENTED_EDGE('',*,*,#509,.F.);
#2341 = ORIENTED_EDGE('',*,*,#2342,.F.);
#2342 = EDGE_CURVE('',#939,#510,#2343,.T.);
#2343 = SURFACE_CURVE('',#2344,(#2348,#2355),.PCURVE_S1.);
#2344 = LINE('',#2345,#2346);
#2345 = CARTESIAN_POINT('',(10.75,3.25,-1.));
#2346 = VECTOR('',#2347,1.);
#2347 = DIRECTION('',(0.,0.,1.));
#2348 = PCURVE('',#526,#2349);
#2349 = DEFINITIONAL_REPRESENTATION('',(#2350),#2354);
#2350 = LINE('',#2351,#2352);
#2351 = CARTESIAN_POINT('',(6.5,0.));
#2352 = VECTOR('',#2353,1.);
#2353 = DIRECTION('',(0.,-1.));
#2354 = ( GEOMETRIC_REPRESENTATION_CONTEXT(2) 
PARAMETRIC_REPRESENTATION_CONTEXT() REPRESENTATION_CONTEXT('2D SPACE',''
  ) );
#2355 = PCURVE('',#558,#2356);
#2356 = DEFINITIONAL_REPRESENTATION('',(#2357),#2361);
#2357 = LINE('',#2358,#2359);
#2358 = CARTESIAN_POINT('',(0.,0.));
#2359 = VECTOR('',#2360,1.);
#2360 = DIRECTION('',(0.,-1.));
#2361 = ( GEOMETRIC_REPRESENTATION_CONTEXT(2) 
PARAMETRIC_REPRESENTATION_CONTEXT() REPRESENTATION_CONTEXT('2D SPACE',''
  ) );
#2362 = ADVANCED_FACE('',(#2363),#615,.F.);
#2363 = FACE_BOUND('',#2364,.F.);
#2364 = EDGE_LOOP('',(#2365,#2366,#2387,#2388));
#2365 = ORIENTED_EDGE('',*,*,#1010,.F.);
#2366 = ORIENTED_EDGE('',*,*,#2367,.T.);
#2367 = EDGE_CURVE('',#990,#571,#2368,.T.);
#2368 = SURFACE_CURVE('',#2369,(#2373,#2380),.PCURVE_S1.);
#2369 = LINE('',#2370,#2371);
#2370 = CARTESIAN_POINT('',(13.25,-3.25,-1.));
#2371 = VECTOR('',#2372,1.);
#2372 = DIRECTION('',(0.,0.,1.));
#2373 = PCURVE('',#615,#2374);
#2374 = DEFINITIONAL_REPRESENTATION('',(#2375),#2379);
#2375 = LINE('',#2376,#2377);
#2376 = CARTESIAN_POINT('',(0.,0.));
#2377 = VECTOR('',#2378,1.);
#2378 = DIRECTION('',(0.,-1.));
#2379 = ( GEOMETRIC_REPRESENTATION_CONTEXT(2) 
PARAMETRIC_REPRESENTATION_CONTEXT() REPRESENTATION_CONTEXT('2D SPACE',''
  ) );
#2380 = PCURVE('',#585,#2381);
#2381 = DEFINITIONAL_REPRESENTATION('',(#2382),#2386);
#2382 = LINE('',#2383,#2384);
#2383 = CARTESIAN_POINT('',(6.5,0.));
#2384 = VECTOR('',#2385,1.);
#2385 = DIRECTION('',(0.,-1.));
#2386 = ( GEOMETRIC_REPRESENTATION_CONTEXT(2) 
PARAMETRIC_REPRESENTATION_CONTEXT() REPRESENTATION_CONTEXT('2D SPACE',''
  ) );
#2387 = ORIENTED_EDGE('',*,*,#596,.T.);
#2388 = ORIENTED_EDGE('',*,*,#2320,.F.);
#2389 = ADVANCED_FACE('',(#2390),#585,.F.);
#2390 = FACE_BOUND('',#2391,.F.);
#2391 = EDGE_LOOP('',(#2392,#2393,#2414,#2415));
#2392 = ORIENTED_EDGE('',*,*,#989,.T.);
#2393 = ORIENTED_EDGE('',*,*,#2394,.T.);
#2394 = EDGE_CURVE('',#962,#538,#2395,.T.);
#2395 = SURFACE_CURVE('',#2396,(#2400,#2407),.PCURVE_S1.);
#2396 = LINE('',#2397,#2398);
#2397 = CARTESIAN_POINT('',(13.25,3.25,-1.));
#2398 = VECTOR('',#2399,1.);
#2399 = DIRECTION('',(0.,0.,1.));
#2400 = PCURVE('',#585,#2401);
#2401 = DEFINITIONAL_REPRESENTATION('',(#2402),#2406);
#2402 = LINE('',#2403,#2404);
#2403 = CARTESIAN_POINT('',(0.,0.));
#2404 = VECTOR('',#2405,1.);
#2405 = DIRECTION('',(0.,-1.));
#2406 = ( GEOMETRIC_REPRESENTATION_CONTEXT(2) 
PARAMETRIC_REPRESENTATION_CONTEXT() REPRESENTATION_CONTEXT('2D SPACE',''
  ) );
#2407 = PCURVE('',#558,#2408);
#2408 = DEFINITIONAL_REPRESENTATION('',(#2409),#2413);
#2409 = LINE('',#2410,#2411);
#2410 = CARTESIAN_POINT('',(3.14159265359,0.));
#2411 = VECTOR('',#2412,1.);
#2412 = DIRECTION('',(0.,-1.));
#2413 = ( GEOMETRIC_REPRESENTATION_CONTEXT(2) 
PARAMETRIC_REPRESENTATION_CONTEXT() REPRESENTATION_CONTEXT('2D SPACE',''
  ) );
#2414 = ORIENTED_EDGE('',*,*,#570,.F.);
#2415 = ORIENTED_EDGE('',*,*,#2367,.F.);
#2416 = ADVANCED_FACE('',(#2417),#558,.F.);
#2417 = FACE_BOUND('',#2418,.F.);
#2418 = EDGE_LOOP('',(#2419,#2420,#2421,#2422));
#2419 = ORIENTED_EDGE('',*,*,#961,.F.);
#2420 = ORIENTED_EDGE('',*,*,#2342,.T.);
#2421 = ORIENTED_EDGE('',*,*,#537,.T.);
#2422 = ORIENTED_EDGE('',*,*,#2394,.F.);
#2423 = ADVANCED_FACE('',(#2424),#650,.F.);
#2424 = FACE_BOUND('',#2425,.T.);
#2425 = EDGE_LOOP('',(#2426,#2427,#2448,#2449));
#2426 = ORIENTED_EDGE('',*,*,#1038,.T.);
#2427 = ORIENTED_EDGE('',*,*,#2428,.T.);
#2428 = EDGE_CURVE('',#1039,#630,#2429,.T.);
#2429 = SEAM_CURVE('',#2430,(#2434,#2441),.PCURVE_S1.);
#2430 = LINE('',#2431,#2432);
#2431 = CARTESIAN_POINT('',(18.7,10.,-1.));
#2432 = VECTOR('',#2433,1.);
#2433 = DIRECTION('',(0.,0.,1.));
#2434 = PCURVE('',#650,#2435);
#2435 = DEFINITIONAL_REPRESENTATION('',(#2436),#2440);
#2436 = LINE('',#2437,#2438);
#2437 = CARTESIAN_POINT('',(-6.28318530718,0.));
#2438 = VECTOR('',#2439,1.);
#2439 = DIRECTION('',(-0.,-1.));
#2440 = ( GEOMETRIC_REPRESENTATION_CONTEXT(2) 
PARAMETRIC_REPRESENTATION_CONTEXT() REPRESENTATION_CONTEXT('2D SPACE',''
  ) );
#2441 = PCURVE('',#650,#2442);
#2442 = DEFINITIONAL_REPRESENTATION('',(#2443),#2447);
#2443 = LINE('',#2444,#2445);
#2444 = CARTESIAN_POINT('',(-0.,0.));
#2445 = VECTOR('',#2446,1.);
#2446 = DIRECTION('',(-0.,-1.));
#2447 = ( GEOMETRIC_REPRESENTATION_CONTEXT(2) 
PARAMETRIC_REPRESENTATION_CONTEXT() REPRESENTATION_CONTEXT('2D SPACE',''
  ) );
#2448 = ORIENTED_EDGE('',*,*,#629,.F.);
#2449 = ORIENTED_EDGE('',*,*,#2428,.F.);
#2450 = ADVANCED_FACE('',(#2451),#815,.T.);
#2451 = FACE_BOUND('',#2452,.F.);
#2452 = EDGE_LOOP('',(#2453,#2476,#2477,#2478,#2505,#2538,#2564));
#2453 = ORIENTED_EDGE('',*,*,#2454,.F.);
#2454 = EDGE_CURVE('',#795,#2455,#2457,.T.);
#2455 = VERTEX_POINT('',#2456);
#2456 = CARTESIAN_POINT('',(30.,-18.,2.));
#2457 = SURFACE_CURVE('',#2458,(#2462,#2469),.PCURVE_S1.);
#2458 = LINE('',#2459,#2460);
#2459 = CARTESIAN_POINT('',(30.,-18.,0.));
#2460 = VECTOR('',#2461,1.);
#2461 = DIRECTION('',(0.,0.,1.));
#2462 = PCURVE('',#815,#2463);
#2463 = DEFINITIONAL_REPRESENTATION('',(#2464),#2468);
#2464 = LINE('',#2465,#2466);
#2465 = CARTESIAN_POINT('',(-0.,0.));
#2466 = VECTOR('',#2467,1.);
#2467 = DIRECTION('',(-0.,1.));
#2468 = ( GEOMETRIC_REPRESENTATION_CONTEXT(2) 
PARAMETRIC_REPRESENTATION_CONTEXT() REPRESENTATION_CONTEXT('2D SPACE',''
  ) );
#2469 = PCURVE('',#843,#2470);
#2470 = DEFINITIONAL_REPRESENTATION('',(#2471),#2475);
#2471 = LINE('',#2472,#2473);
#2472 = CARTESIAN_POINT('',(0.,-2.));
#2473 = VECTOR('',#2474,1.);
#2474 = DIRECTION('',(1.,0.));
#2475 = ( GEOMETRIC_REPRESENTATION_CONTEXT(2) 
PARAMETRIC_REPRESENTATION_CONTEXT() REPRESENTATION_CONTEXT('2D SPACE',''
  ) );
#2476 = ORIENTED_EDGE('',*,*,#794,.T.);
#2477 = ORIENTED_EDGE('',*,*,#1151,.T.);
#2478 = ORIENTED_EDGE('',*,*,#2479,.F.);
#2479 = EDGE_CURVE('',#2480,#1124,#2482,.T.);
#2480 = VERTEX_POINT('',#2481);
#2481 = CARTESIAN_POINT('',(28.984651558436,-19.7408220209,4.));
#2482 = SURFACE_CURVE('',#2483,(#2488,#2498),.PCURVE_S1.);
#2483 = ELLIPSE('',#2484,5.847608800326,2.);
#2484 = AXIS2_PLACEMENT_3D('',#2485,#2486,#2487);
#2485 = CARTESIAN_POINT('',(28.,-18.,1.294692077166));
#2486 = DIRECTION('',(0.939692620786,0.,-0.342020143326));
#2487 = DIRECTION('',(0.342020143326,0.,0.939692620786));
#2488 = PCURVE('',#815,#2489);
#2489 = DEFINITIONAL_REPRESENTATION('',(#2490),#2497);
#2490 = B_SPLINE_CURVE_WITH_KNOTS('',5,(#2491,#2492,#2493,#2494,#2495,
    #2496),.UNSPECIFIED.,.F.,.F.,(6,6),(1.056036414329,1.570796326795),
  .PIECEWISE_BEZIER_KNOTS.);
#2491 = CARTESIAN_POINT('',(-1.056036414329,4.0000006));
#2492 = CARTESIAN_POINT('',(-1.158988396822,3.50759476944));
#2493 = CARTESIAN_POINT('',(-1.261940379315,2.979347483286));
#2494 = CARTESIAN_POINT('',(-1.364892361809,2.426125767514));
#2495 = CARTESIAN_POINT('',(-1.467844344302,1.860408571542));
#2496 = CARTESIAN_POINT('',(-1.570796326795,1.294692077166));
#2497 = ( GEOMETRIC_REPRESENTATION_CONTEXT(2) 
PARAMETRIC_REPRESENTATION_CONTEXT() REPRESENTATION_CONTEXT('2D SPACE',''
  ) );
#2498 = PCURVE('',#1139,#2499);
#2499 = DEFINITIONAL_REPRESENTATION('',(#2500),#2504);
#2500 = ELLIPSE('',#2501,5.847608800326,2.);
#2501 = AXIS2_PLACEMENT_2D('',#2502,#2503);
#2502 = CARTESIAN_POINT('',(-19.29469207716,18.));
#2503 = DIRECTION('',(1.,0.));
#2504 = ( GEOMETRIC_REPRESENTATION_CONTEXT(2) 
PARAMETRIC_REPRESENTATION_CONTEXT() REPRESENTATION_CONTEXT('2D SPACE',''
  ) );
#2505 = ORIENTED_EDGE('',*,*,#2506,.F.);
#2506 = EDGE_CURVE('',#2507,#2480,#2509,.T.);
#2507 = VERTEX_POINT('',#2508);
#2508 = CARTESIAN_POINT('',(29.322875655532,-19.5,4.));
#2509 = SURFACE_CURVE('',#2510,(#2515,#2522),.PCURVE_S1.);
#2510 = CIRCLE('',#2511,2.);
#2511 = AXIS2_PLACEMENT_3D('',#2512,#2513,#2514);
#2512 = CARTESIAN_POINT('',(28.,-18.,4.));
#2513 = DIRECTION('',(-0.,-0.,-1.));
#2514 = DIRECTION('',(0.,-1.,0.));
#2515 = PCURVE('',#815,#2516);
#2516 = DEFINITIONAL_REPRESENTATION('',(#2517),#2521);
#2517 = LINE('',#2518,#2519);
#2518 = CARTESIAN_POINT('',(4.712388980385,4.));
#2519 = VECTOR('',#2520,1.);
#2520 = DIRECTION('',(-1.,0.));
#2521 = ( GEOMETRIC_REPRESENTATION_CONTEXT(2) 
PARAMETRIC_REPRESENTATION_CONTEXT() REPRESENTATION_CONTEXT('2D SPACE',''
  ) );
#2522 = PCURVE('',#2523,#2528);
#2523 = PLANE('',#2524);
#2524 = AXIS2_PLACEMENT_3D('',#2525,#2526,#2527);
#2525 = CARTESIAN_POINT('',(9.,-20.,4.));
#2526 = DIRECTION('',(0.,0.,1.));
#2527 = DIRECTION('',(1.,0.,0.));
#2528 = DEFINITIONAL_REPRESENTATION('',(#2529),#2537);
#2529 = ( BOUNDED_CURVE() B_SPLINE_CURVE(2,(#2530,#2531,#2532,#2533,
#2534,#2535,#2536),.UNSPECIFIED.,.T.,.F.) B_SPLINE_CURVE_WITH_KNOTS((1,2
    ,2,2,2,1),(-2.094395102393,0.,2.094395102393,4.188790204786,
6.28318530718,8.377580409573),.UNSPECIFIED.) CURVE() 
GEOMETRIC_REPRESENTATION_ITEM() RATIONAL_B_SPLINE_CURVE((1.,0.5,1.,0.5,
1.,0.5,1.)) REPRESENTATION_ITEM('') );
#2530 = CARTESIAN_POINT('',(19.,0.));
#2531 = CARTESIAN_POINT('',(15.535898384862,0.));
#2532 = CARTESIAN_POINT('',(17.267949192431,3.));
#2533 = CARTESIAN_POINT('',(19.,6.));
#2534 = CARTESIAN_POINT('',(20.732050807569,3.));
#2535 = CARTESIAN_POINT('',(22.464101615138,3.10862446895E-15));
#2536 = CARTESIAN_POINT('',(19.,0.));
#2537 = ( GEOMETRIC_REPRESENTATION_CONTEXT(2) 
PARAMETRIC_REPRESENTATION_CONTEXT() REPRESENTATION_CONTEXT('2D SPACE',''
  ) );
#2538 = ORIENTED_EDGE('',*,*,#2539,.F.);
#2539 = EDGE_CURVE('',#2540,#2507,#2542,.T.);
#2540 = VERTEX_POINT('',#2541);
#2541 = CARTESIAN_POINT('',(29.322875655532,-19.5,2.));
#2542 = SURFACE_CURVE('',#2543,(#2547,#2553),.PCURVE_S1.);
#2543 = LINE('',#2544,#2545);
#2544 = CARTESIAN_POINT('',(29.322875655532,-19.5,0.));
#2545 = VECTOR('',#2546,1.);
#2546 = DIRECTION('',(0.,0.,1.));
#2547 = PCURVE('',#815,#2548);
#2548 = DEFINITIONAL_REPRESENTATION('',(#2549),#2552);
#2549 = B_SPLINE_CURVE_WITH_KNOTS('',1,(#2550,#2551),.UNSPECIFIED.,.F.,
  .F.,(2,2),(-6.E-07,4.0000006),.PIECEWISE_BEZIER_KNOTS.);
#2550 = CARTESIAN_POINT('',(-0.848062078981,-6.E-07));
#2551 = CARTESIAN_POINT('',(-0.848062078981,4.0000006));
#2552 = ( GEOMETRIC_REPRESENTATION_CONTEXT(2) 
PARAMETRIC_REPRESENTATION_CONTEXT() REPRESENTATION_CONTEXT('2D SPACE',''
  ) );
#2553 = PCURVE('',#2554,#2559);
#2554 = PLANE('',#2555);
#2555 = AXIS2_PLACEMENT_3D('',#2556,#2557,#2558);
#2556 = CARTESIAN_POINT('',(25.066965626341,-19.5,9.933034373659));
#2557 = DIRECTION('',(-0.,-1.,-0.));
#2558 = DIRECTION('',(0.,0.,-1.));
#2559 = DEFINITIONAL_REPRESENTATION('',(#2560),#2563);
#2560 = B_SPLINE_CURVE_WITH_KNOTS('',1,(#2561,#2562),.UNSPECIFIED.,.F.,
  .F.,(2,2),(-6.E-07,4.0000006),.PIECEWISE_BEZIER_KNOTS.);
#2561 = CARTESIAN_POINT('',(9.933034973659,4.255910029192));
#2562 = CARTESIAN_POINT('',(5.933033773659,4.255910029192));
#2563 = ( GEOMETRIC_REPRESENTATION_CONTEXT(2) 
PARAMETRIC_REPRESENTATION_CONTEXT() REPRESENTATION_CONTEXT('2D SPACE',''
  ) );
#2564 = ORIENTED_EDGE('',*,*,#2565,.T.);
#2565 = EDGE_CURVE('',#2540,#2455,#2566,.T.);
#2566 = SURFACE_CURVE('',#2567,(#2572,#2579),.PCURVE_S1.);
#2567 = CIRCLE('',#2568,2.);
#2568 = AXIS2_PLACEMENT_3D('',#2569,#2570,#2571);
#2569 = CARTESIAN_POINT('',(28.,-18.,2.));
#2570 = DIRECTION('',(0.,0.,1.));
#2571 = DIRECTION('',(1.,0.,-0.));
#2572 = PCURVE('',#815,#2573);
#2573 = DEFINITIONAL_REPRESENTATION('',(#2574),#2578);
#2574 = LINE('',#2575,#2576);
#2575 = CARTESIAN_POINT('',(-6.28318530718,2.));
#2576 = VECTOR('',#2577,1.);
#2577 = DIRECTION('',(1.,-0.));
#2578 = ( GEOMETRIC_REPRESENTATION_CONTEXT(2) 
PARAMETRIC_REPRESENTATION_CONTEXT() REPRESENTATION_CONTEXT('2D SPACE',''
  ) );
#2579 = PCURVE('',#2580,#2585);
#2580 = PLANE('',#2581);
#2581 = AXIS2_PLACEMENT_3D('',#2582,#2583,#2584);
#2582 = CARTESIAN_POINT('',(12.,-16.5,2.));
#2583 = DIRECTION('',(-0.,0.,1.));
#2584 = DIRECTION('',(1.,0.,0.));
#2585 = DEFINITIONAL_REPRESENTATION('',(#2586),#2590);
#2586 = CIRCLE('',#2587,2.);
#2587 = AXIS2_PLACEMENT_2D('',#2588,#2589);
#2588 = CARTESIAN_POINT('',(16.,-1.5));
#2589 = DIRECTION('',(1.,0.));
#2590 = ( GEOMETRIC_REPRESENTATION_CONTEXT(2) 
PARAMETRIC_REPRESENTATION_CONTEXT() REPRESENTATION_CONTEXT('2D SPACE',''
  ) );
#2591 = ADVANCED_FACE('',(#2592),#872,.T.);
#2592 = FACE_BOUND('',#2593,.T.);
#2593 = EDGE_LOOP('',(#2594,#2617,#2618,#2619,#2646,#2675,#2701));
#2594 = ORIENTED_EDGE('',*,*,#2595,.F.);
#2595 = EDGE_CURVE('',#828,#2596,#2598,.T.);
#2596 = VERTEX_POINT('',#2597);
#2597 = CARTESIAN_POINT('',(30.,18.,2.));
#2598 = SURFACE_CURVE('',#2599,(#2603,#2610),.PCURVE_S1.);
#2599 = LINE('',#2600,#2601);
#2600 = CARTESIAN_POINT('',(30.,18.,0.));
#2601 = VECTOR('',#2602,1.);
#2602 = DIRECTION('',(0.,0.,1.));
#2603 = PCURVE('',#872,#2604);
#2604 = DEFINITIONAL_REPRESENTATION('',(#2605),#2609);
#2605 = LINE('',#2606,#2607);
#2606 = CARTESIAN_POINT('',(0.,0.));
#2607 = VECTOR('',#2608,1.);
#2608 = DIRECTION('',(0.,1.));
#2609 = ( GEOMETRIC_REPRESENTATION_CONTEXT(2) 
PARAMETRIC_REPRESENTATION_CONTEXT() REPRESENTATION_CONTEXT('2D SPACE',''
  ) );
#2610 = PCURVE('',#843,#2611);
#2611 = DEFINITIONAL_REPRESENTATION('',(#2612),#2616);
#2612 = LINE('',#2613,#2614);
#2613 = CARTESIAN_POINT('',(0.,-38.));
#2614 = VECTOR('',#2615,1.);
#2615 = DIRECTION('',(1.,0.));
#2616 = ( GEOMETRIC_REPRESENTATION_CONTEXT(2) 
PARAMETRIC_REPRESENTATION_CONTEXT() REPRESENTATION_CONTEXT('2D SPACE',''
  ) );
#2617 = ORIENTED_EDGE('',*,*,#855,.T.);
#2618 = ORIENTED_EDGE('',*,*,#1247,.T.);
#2619 = ORIENTED_EDGE('',*,*,#2620,.T.);
#2620 = EDGE_CURVE('',#1225,#2621,#2623,.T.);
#2621 = VERTEX_POINT('',#2622);
#2622 = CARTESIAN_POINT('',(28.984651558436,19.740822020905,4.));
#2623 = SURFACE_CURVE('',#2624,(#2629,#2639),.PCURVE_S1.);
#2624 = ELLIPSE('',#2625,5.847608800326,2.);
#2625 = AXIS2_PLACEMENT_3D('',#2626,#2627,#2628);
#2626 = CARTESIAN_POINT('',(28.,18.,1.294692077166));
#2627 = DIRECTION('',(0.939692620786,0.,-0.342020143326));
#2628 = DIRECTION('',(0.342020143326,0.,0.939692620786));
#2629 = PCURVE('',#872,#2630);
#2630 = DEFINITIONAL_REPRESENTATION('',(#2631),#2638);
#2631 = B_SPLINE_CURVE_WITH_KNOTS('',5,(#2632,#2633,#2634,#2635,#2636,
    #2637),.UNSPECIFIED.,.F.,.F.,(6,6),(4.712388980385,5.227148892851),
  .PIECEWISE_BEZIER_KNOTS.);
#2632 = CARTESIAN_POINT('',(1.570796326795,1.294692077166));
#2633 = CARTESIAN_POINT('',(1.467844344302,1.860408571542));
#2634 = CARTESIAN_POINT('',(1.364892361809,2.426125767514));
#2635 = CARTESIAN_POINT('',(1.261940379315,2.979347483286));
#2636 = CARTESIAN_POINT('',(1.158988396822,3.50759476944));
#2637 = CARTESIAN_POINT('',(1.056036414329,4.0000006));
#2638 = ( GEOMETRIC_REPRESENTATION_CONTEXT(2) 
PARAMETRIC_REPRESENTATION_CONTEXT() REPRESENTATION_CONTEXT('2D SPACE',''
  ) );
#2639 = PCURVE('',#1139,#2640);
#2640 = DEFINITIONAL_REPRESENTATION('',(#2641),#2645);
#2641 = ELLIPSE('',#2642,5.847608800326,2.);
#2642 = AXIS2_PLACEMENT_2D('',#2643,#2644);
#2643 = CARTESIAN_POINT('',(-19.29469207716,-18.));
#2644 = DIRECTION('',(1.,0.));
#2645 = ( GEOMETRIC_REPRESENTATION_CONTEXT(2) 
PARAMETRIC_REPRESENTATION_CONTEXT() REPRESENTATION_CONTEXT('2D SPACE',''
  ) );
#2646 = ORIENTED_EDGE('',*,*,#2647,.F.);
#2647 = EDGE_CURVE('',#2648,#2621,#2650,.T.);
#2648 = VERTEX_POINT('',#2649);
#2649 = CARTESIAN_POINT('',(29.322875655532,19.5,4.));
#2650 = SURFACE_CURVE('',#2651,(#2656,#2663),.PCURVE_S1.);
#2651 = CIRCLE('',#2652,2.);
#2652 = AXIS2_PLACEMENT_3D('',#2653,#2654,#2655);
#2653 = CARTESIAN_POINT('',(28.,18.,4.));
#2654 = DIRECTION('',(0.,0.,1.));
#2655 = DIRECTION('',(0.,-1.,0.));
#2656 = PCURVE('',#872,#2657);
#2657 = DEFINITIONAL_REPRESENTATION('',(#2658),#2662);
#2658 = LINE('',#2659,#2660);
#2659 = CARTESIAN_POINT('',(-1.570796326795,4.));
#2660 = VECTOR('',#2661,1.);
#2661 = DIRECTION('',(1.,0.));
#2662 = ( GEOMETRIC_REPRESENTATION_CONTEXT(2) 
PARAMETRIC_REPRESENTATION_CONTEXT() REPRESENTATION_CONTEXT('2D SPACE',''
  ) );
#2663 = PCURVE('',#2664,#2669);
#2664 = PLANE('',#2665);
#2665 = AXIS2_PLACEMENT_3D('',#2666,#2667,#2668);
#2666 = CARTESIAN_POINT('',(9.,-20.,4.));
#2667 = DIRECTION('',(0.,0.,1.));
#2668 = DIRECTION('',(1.,0.,0.));
#2669 = DEFINITIONAL_REPRESENTATION('',(#2670),#2674);
#2670 = CIRCLE('',#2671,2.);
#2671 = AXIS2_PLACEMENT_2D('',#2672,#2673);
#2672 = CARTESIAN_POINT('',(19.,38.));
#2673 = DIRECTION('',(0.,-1.));
#2674 = ( GEOMETRIC_REPRESENTATION_CONTEXT(2) 
PARAMETRIC_REPRESENTATION_CONTEXT() REPRESENTATION_CONTEXT('2D SPACE',''
  ) );
#2675 = ORIENTED_EDGE('',*,*,#2676,.F.);
#2676 = EDGE_CURVE('',#2677,#2648,#2679,.T.);
#2677 = VERTEX_POINT('',#2678);
#2678 = CARTESIAN_POINT('',(29.322875655532,19.5,2.));
#2679 = SURFACE_CURVE('',#2680,(#2684,#2690),.PCURVE_S1.);
#2680 = LINE('',#2681,#2682);
#2681 = CARTESIAN_POINT('',(29.322875655532,19.5,0.));
#2682 = VECTOR('',#2683,1.);
#2683 = DIRECTION('',(0.,0.,1.));
#2684 = PCURVE('',#872,#2685);
#2685 = DEFINITIONAL_REPRESENTATION('',(#2686),#2689);
#2686 = B_SPLINE_CURVE_WITH_KNOTS('',1,(#2687,#2688),.UNSPECIFIED.,.F.,
  .F.,(2,2),(-6.E-07,4.0000006),.PIECEWISE_BEZIER_KNOTS.);
#2687 = CARTESIAN_POINT('',(0.848062078981,-6.E-07));
#2688 = CARTESIAN_POINT('',(0.848062078981,4.0000006));
#2689 = ( GEOMETRIC_REPRESENTATION_CONTEXT(2) 
PARAMETRIC_REPRESENTATION_CONTEXT() REPRESENTATION_CONTEXT('2D SPACE',''
  ) );
#2690 = PCURVE('',#2691,#2696);
#2691 = PLANE('',#2692);
#2692 = AXIS2_PLACEMENT_3D('',#2693,#2694,#2695);
#2693 = CARTESIAN_POINT('',(25.066965626341,19.5,9.933034373659));
#2694 = DIRECTION('',(-0.,-1.,-0.));
#2695 = DIRECTION('',(0.,0.,-1.));
#2696 = DEFINITIONAL_REPRESENTATION('',(#2697),#2700);
#2697 = B_SPLINE_CURVE_WITH_KNOTS('',1,(#2698,#2699),.UNSPECIFIED.,.F.,
  .F.,(2,2),(-6.E-07,4.0000006),.PIECEWISE_BEZIER_KNOTS.);
#2698 = CARTESIAN_POINT('',(9.933034973659,4.255910029192));
#2699 = CARTESIAN_POINT('',(5.933033773659,4.255910029192));
#2700 = ( GEOMETRIC_REPRESENTATION_CONTEXT(2) 
PARAMETRIC_REPRESENTATION_CONTEXT() REPRESENTATION_CONTEXT('2D SPACE',''
  ) );
#2701 = ORIENTED_EDGE('',*,*,#2702,.F.);
#2702 = EDGE_CURVE('',#2596,#2677,#2703,.T.);
#2703 = SURFACE_CURVE('',#2704,(#2709,#2716),.PCURVE_S1.);
#2704 = CIRCLE('',#2705,2.);
#2705 = AXIS2_PLACEMENT_3D('',#2706,#2707,#2708);
#2706 = CARTESIAN_POINT('',(28.,18.,2.));
#2707 = DIRECTION('',(0.,0.,1.));
#2708 = DIRECTION('',(1.,0.,-0.));
#2709 = PCURVE('',#872,#2710);
#2710 = DEFINITIONAL_REPRESENTATION('',(#2711),#2715);
#2711 = LINE('',#2712,#2713);
#2712 = CARTESIAN_POINT('',(0.,2.));
#2713 = VECTOR('',#2714,1.);
#2714 = DIRECTION('',(1.,0.));
#2715 = ( GEOMETRIC_REPRESENTATION_CONTEXT(2) 
PARAMETRIC_REPRESENTATION_CONTEXT() REPRESENTATION_CONTEXT('2D SPACE',''
  ) );
#2716 = PCURVE('',#2717,#2722);
#2717 = PLANE('',#2718);
#2718 = AXIS2_PLACEMENT_3D('',#2719,#2720,#2721);
#2719 = CARTESIAN_POINT('',(12.,19.5,2.));
#2720 = DIRECTION('',(-0.,0.,1.));
#2721 = DIRECTION('',(1.,0.,0.));
#2722 = DEFINITIONAL_REPRESENTATION('',(#2723),#2727);
#2723 = CIRCLE('',#2724,2.);
#2724 = AXIS2_PLACEMENT_2D('',#2725,#2726);
#2725 = CARTESIAN_POINT('',(16.,-1.5));
#2726 = DIRECTION('',(1.,0.));
#2727 = ( GEOMETRIC_REPRESENTATION_CONTEXT(2) 
PARAMETRIC_REPRESENTATION_CONTEXT() REPRESENTATION_CONTEXT('2D SPACE',''
  ) );
#2728 = ADVANCED_FACE('',(#2729),#843,.T.);
#2729 = FACE_BOUND('',#2730,.T.);
#2730 = EDGE_LOOP('',(#2731,#2761,#2787,#2806,#2807,#2808,#2809,#2830));
#2731 = ORIENTED_EDGE('',*,*,#2732,.F.);
#2732 = EDGE_CURVE('',#2733,#2735,#2737,.T.);
#2733 = VERTEX_POINT('',#2734);
#2734 = CARTESIAN_POINT('',(30.,-16.5,4.));
#2735 = VERTEX_POINT('',#2736);
#2736 = CARTESIAN_POINT('',(30.,16.5,4.));
#2737 = SURFACE_CURVE('',#2738,(#2742,#2749),.PCURVE_S1.);
#2738 = LINE('',#2739,#2740);
#2739 = CARTESIAN_POINT('',(30.,-20.,4.));
#2740 = VECTOR('',#2741,1.);
#2741 = DIRECTION('',(0.,1.,0.));
#2742 = PCURVE('',#843,#2743);
#2743 = DEFINITIONAL_REPRESENTATION('',(#2744),#2748);
#2744 = LINE('',#2745,#2746);
#2745 = CARTESIAN_POINT('',(4.,0.));
#2746 = VECTOR('',#2747,1.);
#2747 = DIRECTION('',(0.,-1.));
#2748 = ( GEOMETRIC_REPRESENTATION_CONTEXT(2) 
PARAMETRIC_REPRESENTATION_CONTEXT() REPRESENTATION_CONTEXT('2D SPACE',''
  ) );
#2749 = PCURVE('',#2750,#2755);
#2750 = PLANE('',#2751);
#2751 = AXIS2_PLACEMENT_3D('',#2752,#2753,#2754);
#2752 = CARTESIAN_POINT('',(9.,-20.,4.));
#2753 = DIRECTION('',(0.,0.,1.));
#2754 = DIRECTION('',(1.,0.,0.));
#2755 = DEFINITIONAL_REPRESENTATION('',(#2756),#2760);
#2756 = LINE('',#2757,#2758);
#2757 = CARTESIAN_POINT('',(21.,0.));
#2758 = VECTOR('',#2759,1.);
#2759 = DIRECTION('',(0.,1.));
#2760 = ( GEOMETRIC_REPRESENTATION_CONTEXT(2) 
PARAMETRIC_REPRESENTATION_CONTEXT() REPRESENTATION_CONTEXT('2D SPACE',''
  ) );
#2761 = ORIENTED_EDGE('',*,*,#2762,.T.);
#2762 = EDGE_CURVE('',#2733,#2763,#2765,.T.);
#2763 = VERTEX_POINT('',#2764);
#2764 = CARTESIAN_POINT('',(30.,-16.5,2.));
#2765 = SURFACE_CURVE('',#2766,(#2770,#2776),.PCURVE_S1.);
#2766 = LINE('',#2767,#2768);
#2767 = CARTESIAN_POINT('',(30.,-16.5,4.96651718683));
#2768 = VECTOR('',#2769,1.);
#2769 = DIRECTION('',(0.,0.,-1.));
#2770 = PCURVE('',#843,#2771);
#2771 = DEFINITIONAL_REPRESENTATION('',(#2772),#2775);
#2772 = B_SPLINE_CURVE_WITH_KNOTS('',1,(#2773,#2774),.UNSPECIFIED.,.F.,
  .F.,(2,2),(0.96651718683,2.96651718683),.PIECEWISE_BEZIER_KNOTS.);
#2773 = CARTESIAN_POINT('',(4.,-3.5));
#2774 = CARTESIAN_POINT('',(2.,-3.5));
#2775 = ( GEOMETRIC_REPRESENTATION_CONTEXT(2) 
PARAMETRIC_REPRESENTATION_CONTEXT() REPRESENTATION_CONTEXT('2D SPACE',''
  ) );
#2776 = PCURVE('',#2777,#2782);
#2777 = PLANE('',#2778);
#2778 = AXIS2_PLACEMENT_3D('',#2779,#2780,#2781);
#2779 = CARTESIAN_POINT('',(25.066965626341,-16.5,9.933034373659));
#2780 = DIRECTION('',(-0.,-1.,-0.));
#2781 = DIRECTION('',(0.,0.,-1.));
#2782 = DEFINITIONAL_REPRESENTATION('',(#2783),#2786);
#2783 = B_SPLINE_CURVE_WITH_KNOTS('',1,(#2784,#2785),.UNSPECIFIED.,.F.,
  .F.,(2,2),(0.96651718683,2.96651718683),.PIECEWISE_BEZIER_KNOTS.);
#2784 = CARTESIAN_POINT('',(5.933034373659,4.933034373659));
#2785 = CARTESIAN_POINT('',(7.933034373659,4.933034373659));
#2786 = ( GEOMETRIC_REPRESENTATION_CONTEXT(2) 
PARAMETRIC_REPRESENTATION_CONTEXT() REPRESENTATION_CONTEXT('2D SPACE',''
  ) );
#2787 = ORIENTED_EDGE('',*,*,#2788,.T.);
#2788 = EDGE_CURVE('',#2763,#2455,#2789,.T.);
#2789 = SURFACE_CURVE('',#2790,(#2794,#2800),.PCURVE_S1.);
#2790 = LINE('',#2791,#2792);
#2791 = CARTESIAN_POINT('',(30.,-18.25,2.));
#2792 = VECTOR('',#2793,1.);
#2793 = DIRECTION('',(0.,-1.,0.));
#2794 = PCURVE('',#843,#2795);
#2795 = DEFINITIONAL_REPRESENTATION('',(#2796),#2799);
#2796 = B_SPLINE_CURVE_WITH_KNOTS('',1,(#2797,#2798),.UNSPECIFIED.,.F.,
  .F.,(2,2),(-1.75,-0.25),.PIECEWISE_BEZIER_KNOTS.);
#2797 = CARTESIAN_POINT('',(2.,-3.5));
#2798 = CARTESIAN_POINT('',(2.,-2.));
#2799 = ( GEOMETRIC_REPRESENTATION_CONTEXT(2) 
PARAMETRIC_REPRESENTATION_CONTEXT() REPRESENTATION_CONTEXT('2D SPACE',''
  ) );
#2800 = PCURVE('',#2580,#2801);
#2801 = DEFINITIONAL_REPRESENTATION('',(#2802),#2805);
#2802 = B_SPLINE_CURVE_WITH_KNOTS('',1,(#2803,#2804),.UNSPECIFIED.,.F.,
  .F.,(2,2),(-1.75,-0.25),.PIECEWISE_BEZIER_KNOTS.);
#2803 = CARTESIAN_POINT('',(18.,0.));
#2804 = CARTESIAN_POINT('',(18.,-1.5));
#2805 = ( GEOMETRIC_REPRESENTATION_CONTEXT(2) 
PARAMETRIC_REPRESENTATION_CONTEXT() REPRESENTATION_CONTEXT('2D SPACE',''
  ) );
#2806 = ORIENTED_EDGE('',*,*,#2454,.F.);
#2807 = ORIENTED_EDGE('',*,*,#827,.T.);
#2808 = ORIENTED_EDGE('',*,*,#2595,.T.);
#2809 = ORIENTED_EDGE('',*,*,#2810,.T.);
#2810 = EDGE_CURVE('',#2596,#2811,#2813,.T.);
#2811 = VERTEX_POINT('',#2812);
#2812 = CARTESIAN_POINT('',(30.,16.5,2.));
#2813 = SURFACE_CURVE('',#2814,(#2818,#2824),.PCURVE_S1.);
#2814 = LINE('',#2815,#2816);
#2815 = CARTESIAN_POINT('',(30.,-0.25,2.));
#2816 = VECTOR('',#2817,1.);
#2817 = DIRECTION('',(0.,-1.,0.));
#2818 = PCURVE('',#843,#2819);
#2819 = DEFINITIONAL_REPRESENTATION('',(#2820),#2823);
#2820 = B_SPLINE_CURVE_WITH_KNOTS('',1,(#2821,#2822),.UNSPECIFIED.,.F.,
  .F.,(2,2),(-18.25,-16.75),.PIECEWISE_BEZIER_KNOTS.);
#2821 = CARTESIAN_POINT('',(2.,-38.));
#2822 = CARTESIAN_POINT('',(2.,-36.5));
#2823 = ( GEOMETRIC_REPRESENTATION_CONTEXT(2) 
PARAMETRIC_REPRESENTATION_CONTEXT() REPRESENTATION_CONTEXT('2D SPACE',''
  ) );
#2824 = PCURVE('',#2717,#2825);
#2825 = DEFINITIONAL_REPRESENTATION('',(#2826),#2829);
#2826 = B_SPLINE_CURVE_WITH_KNOTS('',1,(#2827,#2828),.UNSPECIFIED.,.F.,
  .F.,(2,2),(-18.25,-16.75),.PIECEWISE_BEZIER_KNOTS.);
#2827 = CARTESIAN_POINT('',(18.,-1.5));
#2828 = CARTESIAN_POINT('',(18.,-3.));
#2829 = ( GEOMETRIC_REPRESENTATION_CONTEXT(2) 
PARAMETRIC_REPRESENTATION_CONTEXT() REPRESENTATION_CONTEXT('2D SPACE',''
  ) );
#2830 = ORIENTED_EDGE('',*,*,#2831,.F.);
#2831 = EDGE_CURVE('',#2735,#2811,#2832,.T.);
#2832 = SURFACE_CURVE('',#2833,(#2837,#2843),.PCURVE_S1.);
#2833 = LINE('',#2834,#2835);
#2834 = CARTESIAN_POINT('',(30.,16.5,4.96651718683));
#2835 = VECTOR('',#2836,1.);
#2836 = DIRECTION('',(0.,0.,-1.));
#2837 = PCURVE('',#843,#2838);
#2838 = DEFINITIONAL_REPRESENTATION('',(#2839),#2842);
#2839 = B_SPLINE_CURVE_WITH_KNOTS('',1,(#2840,#2841),.UNSPECIFIED.,.F.,
  .F.,(2,2),(0.96651718683,2.96651718683),.PIECEWISE_BEZIER_KNOTS.);
#2840 = CARTESIAN_POINT('',(4.,-36.5));
#2841 = CARTESIAN_POINT('',(2.,-36.5));
#2842 = ( GEOMETRIC_REPRESENTATION_CONTEXT(2) 
PARAMETRIC_REPRESENTATION_CONTEXT() REPRESENTATION_CONTEXT('2D SPACE',''
  ) );
#2843 = PCURVE('',#2844,#2849);
#2844 = PLANE('',#2845);
#2845 = AXIS2_PLACEMENT_3D('',#2846,#2847,#2848);
#2846 = CARTESIAN_POINT('',(25.066965626341,16.5,9.933034373659));
#2847 = DIRECTION('',(-0.,-1.,-0.));
#2848 = DIRECTION('',(0.,0.,-1.));
#2849 = DEFINITIONAL_REPRESENTATION('',(#2850),#2853);
#2850 = B_SPLINE_CURVE_WITH_KNOTS('',1,(#2851,#2852),.UNSPECIFIED.,.F.,
  .F.,(2,2),(0.96651718683,2.96651718683),.PIECEWISE_BEZIER_KNOTS.);
#2851 = CARTESIAN_POINT('',(5.933034373659,4.933034373659));
#2852 = CARTESIAN_POINT('',(7.933034373659,4.933034373659));
#2853 = ( GEOMETRIC_REPRESENTATION_CONTEXT(2) 
PARAMETRIC_REPRESENTATION_CONTEXT() REPRESENTATION_CONTEXT('2D SPACE',''
  ) );
#2854 = ADVANCED_FACE('',(#2855),#1111,.F.);
#2855 = FACE_BOUND('',#2856,.F.);
#2856 = EDGE_LOOP('',(#2857,#2858,#2879,#2880));
#2857 = ORIENTED_EDGE('',*,*,#1201,.T.);
#2858 = ORIENTED_EDGE('',*,*,#2859,.T.);
#2859 = EDGE_CURVE('',#1202,#1096,#2860,.T.);
#2860 = SURFACE_CURVE('',#2861,(#2865,#2872),.PCURVE_S1.);
#2861 = LINE('',#2862,#2863);
#2862 = CARTESIAN_POINT('',(41.43957621617,20.,38.219624258134));
#2863 = VECTOR('',#2864,1.);
#2864 = DIRECTION('',(0.,-1.,0.));
#2865 = PCURVE('',#1111,#2866);
#2866 = DEFINITIONAL_REPRESENTATION('',(#2867),#2871);
#2867 = LINE('',#2868,#2869);
#2868 = CARTESIAN_POINT('',(0.,-4.));
#2869 = VECTOR('',#2870,1.);
#2870 = DIRECTION('',(1.,0.));
#2871 = ( GEOMETRIC_REPRESENTATION_CONTEXT(2) 
PARAMETRIC_REPRESENTATION_CONTEXT() REPRESENTATION_CONTEXT('2D SPACE',''
  ) );
#2872 = PCURVE('',#1139,#2873);
#2873 = DEFINITIONAL_REPRESENTATION('',(#2874),#2878);
#2874 = LINE('',#2875,#2876);
#2875 = CARTESIAN_POINT('',(20.,-20.));
#2876 = VECTOR('',#2877,1.);
#2877 = DIRECTION('',(0.,1.));
#2878 = ( GEOMETRIC_REPRESENTATION_CONTEXT(2) 
PARAMETRIC_REPRESENTATION_CONTEXT() REPRESENTATION_CONTEXT('2D SPACE',''
  ) );
#2879 = ORIENTED_EDGE('',*,*,#1095,.F.);
#2880 = ORIENTED_EDGE('',*,*,#1272,.F.);
#2881 = ADVANCED_FACE('',(#2882,#3086,#3190,#3294,#3398,#3492),#1139,.T.
  );
#2882 = FACE_BOUND('',#2883,.T.);
#2883 = EDGE_LOOP('',(#2884,#2885,#2886,#2887,#2888,#2909,#2930,#2956,
    #2977,#2998,#3019,#3045,#3066,#3085));
#2884 = ORIENTED_EDGE('',*,*,#1224,.T.);
#2885 = ORIENTED_EDGE('',*,*,#2859,.T.);
#2886 = ORIENTED_EDGE('',*,*,#1123,.T.);
#2887 = ORIENTED_EDGE('',*,*,#2479,.F.);
#2888 = ORIENTED_EDGE('',*,*,#2889,.T.);
#2889 = EDGE_CURVE('',#2480,#2890,#2892,.T.);
#2890 = VERTEX_POINT('',#2891);
#2891 = CARTESIAN_POINT('',(28.984651558436,-19.5,4.));
#2892 = SURFACE_CURVE('',#2893,(#2897,#2903),.PCURVE_S1.);
#2893 = LINE('',#2894,#2895);
#2894 = CARTESIAN_POINT('',(28.984651558436,-10.,4.));
#2895 = VECTOR('',#2896,1.);
#2896 = DIRECTION('',(-0.,1.,0.));
#2897 = PCURVE('',#1139,#2898);
#2898 = DEFINITIONAL_REPRESENTATION('',(#2899),#2902);
#2899 = B_SPLINE_CURVE_WITH_KNOTS('',1,(#2900,#2901),.UNSPECIFIED.,.F.,
  .F.,(2,2),(-10.,30.),.PIECEWISE_BEZIER_KNOTS.);
#2900 = CARTESIAN_POINT('',(-16.41576351798,20.));
#2901 = CARTESIAN_POINT('',(-16.41576351798,-20.));
#2902 = ( GEOMETRIC_REPRESENTATION_CONTEXT(2) 
PARAMETRIC_REPRESENTATION_CONTEXT() REPRESENTATION_CONTEXT('2D SPACE',''
  ) );
#2903 = PCURVE('',#2523,#2904);
#2904 = DEFINITIONAL_REPRESENTATION('',(#2905),#2908);
#2905 = B_SPLINE_CURVE_WITH_KNOTS('',1,(#2906,#2907),.UNSPECIFIED.,.F.,
  .F.,(2,2),(-10.,30.),.PIECEWISE_BEZIER_KNOTS.);
#2906 = CARTESIAN_POINT('',(19.984651558436,0.));
#2907 = CARTESIAN_POINT('',(19.984651558436,40.));
#2908 = ( GEOMETRIC_REPRESENTATION_CONTEXT(2) 
PARAMETRIC_REPRESENTATION_CONTEXT() REPRESENTATION_CONTEXT('2D SPACE',''
  ) );
#2909 = ORIENTED_EDGE('',*,*,#2910,.F.);
#2910 = EDGE_CURVE('',#2911,#2890,#2913,.T.);
#2911 = VERTEX_POINT('',#2912);
#2912 = CARTESIAN_POINT('',(32.,-19.5,12.284601754985));
#2913 = SURFACE_CURVE('',#2914,(#2918,#2924),.PCURVE_S1.);
#2914 = LINE('',#2915,#2916);
#2915 = CARTESIAN_POINT('',(32.516191601373,-19.5,13.702826523868));
#2916 = VECTOR('',#2917,1.);
#2917 = DIRECTION('',(-0.342020143326,0.,-0.939692620786));
#2918 = PCURVE('',#1139,#2919);
#2919 = DEFINITIONAL_REPRESENTATION('',(#2920),#2923);
#2920 = B_SPLINE_CURVE_WITH_KNOTS('',1,(#2921,#2922),.UNSPECIFIED.,.F.,
  .F.,(2,2),(1.50924327542,12.453887861842),.PIECEWISE_BEZIER_KNOTS.);
#2921 = CARTESIAN_POINT('',(-7.599474476514,19.5));
#2922 = CARTESIAN_POINT('',(-18.54411906293,19.5));
#2923 = ( GEOMETRIC_REPRESENTATION_CONTEXT(2) 
PARAMETRIC_REPRESENTATION_CONTEXT() REPRESENTATION_CONTEXT('2D SPACE',''
  ) );
#2924 = PCURVE('',#2554,#2925);
#2925 = DEFINITIONAL_REPRESENTATION('',(#2926),#2929);
#2926 = B_SPLINE_CURVE_WITH_KNOTS('',1,(#2927,#2928),.UNSPECIFIED.,.F.,
  .F.,(2,2),(1.50924327542,12.453887861842),.PIECEWISE_BEZIER_KNOTS.);
#2927 = CARTESIAN_POINT('',(-2.351567381325,6.933034373659));
#2928 = CARTESIAN_POINT('',(7.933034373659,3.189745463563));
#2929 = ( GEOMETRIC_REPRESENTATION_CONTEXT(2) 
PARAMETRIC_REPRESENTATION_CONTEXT() REPRESENTATION_CONTEXT('2D SPACE',''
  ) );
#2930 = ORIENTED_EDGE('',*,*,#2931,.T.);
#2931 = EDGE_CURVE('',#2911,#2932,#2934,.T.);
#2932 = VERTEX_POINT('',#2933);
#2933 = CARTESIAN_POINT('',(32.,-16.5,12.284601754985));
#2934 = SURFACE_CURVE('',#2935,(#2939,#2945),.PCURVE_S1.);
#2935 = LINE('',#2936,#2937);
#2936 = CARTESIAN_POINT('',(32.,-8.25,12.284601754985));
#2937 = VECTOR('',#2938,1.);
#2938 = DIRECTION('',(0.,1.,0.));
#2939 = PCURVE('',#1139,#2940);
#2940 = DEFINITIONAL_REPRESENTATION('',(#2941),#2944);
#2941 = B_SPLINE_CURVE_WITH_KNOTS('',1,(#2942,#2943),.UNSPECIFIED.,.F.,
  .F.,(2,2),(-11.25,-8.25),.PIECEWISE_BEZIER_KNOTS.);
#2942 = CARTESIAN_POINT('',(-7.599474476514,19.5));
#2943 = CARTESIAN_POINT('',(-7.599474476514,16.5));
#2944 = ( GEOMETRIC_REPRESENTATION_CONTEXT(2) 
PARAMETRIC_REPRESENTATION_CONTEXT() REPRESENTATION_CONTEXT('2D SPACE',''
  ) );
#2945 = PCURVE('',#2946,#2951);
#2946 = PLANE('',#2947);
#2947 = AXIS2_PLACEMENT_3D('',#2948,#2949,#2950);
#2948 = CARTESIAN_POINT('',(32.,-16.5,2.));
#2949 = DIRECTION('',(-1.,0.,0.));
#2950 = DIRECTION('',(0.,0.,1.));
#2951 = DEFINITIONAL_REPRESENTATION('',(#2952),#2955);
#2952 = B_SPLINE_CURVE_WITH_KNOTS('',1,(#2953,#2954),.UNSPECIFIED.,.F.,
  .F.,(2,2),(-11.25,-8.25),.PIECEWISE_BEZIER_KNOTS.);
#2953 = CARTESIAN_POINT('',(10.284601754985,-3.));
#2954 = CARTESIAN_POINT('',(10.284601754985,0.));
#2955 = ( GEOMETRIC_REPRESENTATION_CONTEXT(2) 
PARAMETRIC_REPRESENTATION_CONTEXT() REPRESENTATION_CONTEXT('2D SPACE',''
  ) );
#2956 = ORIENTED_EDGE('',*,*,#2957,.T.);
#2957 = EDGE_CURVE('',#2932,#2958,#2960,.T.);
#2958 = VERTEX_POINT('',#2959);
#2959 = CARTESIAN_POINT('',(28.984651558436,-16.5,4.));
#2960 = SURFACE_CURVE('',#2961,(#2965,#2971),.PCURVE_S1.);
#2961 = LINE('',#2962,#2963);
#2962 = CARTESIAN_POINT('',(32.516191601373,-16.5,13.702826523868));
#2963 = VECTOR('',#2964,1.);
#2964 = DIRECTION('',(-0.342020143326,0.,-0.939692620786));
#2965 = PCURVE('',#1139,#2966);
#2966 = DEFINITIONAL_REPRESENTATION('',(#2967),#2970);
#2967 = B_SPLINE_CURVE_WITH_KNOTS('',1,(#2968,#2969),.UNSPECIFIED.,.F.,
  .F.,(2,2),(1.50924327542,12.453887861842),.PIECEWISE_BEZIER_KNOTS.);
#2968 = CARTESIAN_POINT('',(-7.599474476514,16.5));
#2969 = CARTESIAN_POINT('',(-18.54411906293,16.5));
#2970 = ( GEOMETRIC_REPRESENTATION_CONTEXT(2) 
PARAMETRIC_REPRESENTATION_CONTEXT() REPRESENTATION_CONTEXT('2D SPACE',''
  ) );
#2971 = PCURVE('',#2777,#2972);
#2972 = DEFINITIONAL_REPRESENTATION('',(#2973),#2976);
#2973 = B_SPLINE_CURVE_WITH_KNOTS('',1,(#2974,#2975),.UNSPECIFIED.,.F.,
  .F.,(2,2),(1.50924327542,12.453887861842),.PIECEWISE_BEZIER_KNOTS.);
#2974 = CARTESIAN_POINT('',(-2.351567381325,6.933034373659));
#2975 = CARTESIAN_POINT('',(7.933034373659,3.189745463563));
#2976 = ( GEOMETRIC_REPRESENTATION_CONTEXT(2) 
PARAMETRIC_REPRESENTATION_CONTEXT() REPRESENTATION_CONTEXT('2D SPACE',''
  ) );
#2977 = ORIENTED_EDGE('',*,*,#2978,.T.);
#2978 = EDGE_CURVE('',#2958,#2979,#2981,.T.);
#2979 = VERTEX_POINT('',#2980);
#2980 = CARTESIAN_POINT('',(28.984651558436,16.5,4.));
#2981 = SURFACE_CURVE('',#2982,(#2986,#2992),.PCURVE_S1.);
#2982 = LINE('',#2983,#2984);
#2983 = CARTESIAN_POINT('',(28.984651558436,-10.,4.));
#2984 = VECTOR('',#2985,1.);
#2985 = DIRECTION('',(-0.,1.,0.));
#2986 = PCURVE('',#1139,#2987);
#2987 = DEFINITIONAL_REPRESENTATION('',(#2988),#2991);
#2988 = B_SPLINE_CURVE_WITH_KNOTS('',1,(#2989,#2990),.UNSPECIFIED.,.F.,
  .F.,(2,2),(-10.,30.),.PIECEWISE_BEZIER_KNOTS.);
#2989 = CARTESIAN_POINT('',(-16.41576351798,20.));
#2990 = CARTESIAN_POINT('',(-16.41576351798,-20.));
#2991 = ( GEOMETRIC_REPRESENTATION_CONTEXT(2) 
PARAMETRIC_REPRESENTATION_CONTEXT() REPRESENTATION_CONTEXT('2D SPACE',''
  ) );
#2992 = PCURVE('',#2750,#2993);
#2993 = DEFINITIONAL_REPRESENTATION('',(#2994),#2997);
#2994 = B_SPLINE_CURVE_WITH_KNOTS('',1,(#2995,#2996),.UNSPECIFIED.,.F.,
  .F.,(2,2),(-10.,30.),.PIECEWISE_BEZIER_KNOTS.);
#2995 = CARTESIAN_POINT('',(19.984651558436,0.));
#2996 = CARTESIAN_POINT('',(19.984651558436,40.));
#2997 = ( GEOMETRIC_REPRESENTATION_CONTEXT(2) 
PARAMETRIC_REPRESENTATION_CONTEXT() REPRESENTATION_CONTEXT('2D SPACE',''
  ) );
#2998 = ORIENTED_EDGE('',*,*,#2999,.F.);
#2999 = EDGE_CURVE('',#3000,#2979,#3002,.T.);
#3000 = VERTEX_POINT('',#3001);
#3001 = CARTESIAN_POINT('',(32.,16.5,12.284601754985));
#3002 = SURFACE_CURVE('',#3003,(#3007,#3013),.PCURVE_S1.);
#3003 = LINE('',#3004,#3005);
#3004 = CARTESIAN_POINT('',(32.516191601373,16.5,13.702826523868));
#3005 = VECTOR('',#3006,1.);
#3006 = DIRECTION('',(-0.342020143326,0.,-0.939692620786));
#3007 = PCURVE('',#1139,#3008);
#3008 = DEFINITIONAL_REPRESENTATION('',(#3009),#3012);
#3009 = B_SPLINE_CURVE_WITH_KNOTS('',1,(#3010,#3011),.UNSPECIFIED.,.F.,
  .F.,(2,2),(1.50924327542,12.453887861842),.PIECEWISE_BEZIER_KNOTS.);
#3010 = CARTESIAN_POINT('',(-7.599474476514,-16.5));
#3011 = CARTESIAN_POINT('',(-18.54411906293,-16.5));
#3012 = ( GEOMETRIC_REPRESENTATION_CONTEXT(2) 
PARAMETRIC_REPRESENTATION_CONTEXT() REPRESENTATION_CONTEXT('2D SPACE',''
  ) );
#3013 = PCURVE('',#2844,#3014);
#3014 = DEFINITIONAL_REPRESENTATION('',(#3015),#3018);
#3015 = B_SPLINE_CURVE_WITH_KNOTS('',1,(#3016,#3017),.UNSPECIFIED.,.F.,
  .F.,(2,2),(1.50924327542,12.453887861842),.PIECEWISE_BEZIER_KNOTS.);
#3016 = CARTESIAN_POINT('',(-2.351567381325,6.933034373659));
#3017 = CARTESIAN_POINT('',(7.933034373659,3.189745463563));
#3018 = ( GEOMETRIC_REPRESENTATION_CONTEXT(2) 
PARAMETRIC_REPRESENTATION_CONTEXT() REPRESENTATION_CONTEXT('2D SPACE',''
  ) );
#3019 = ORIENTED_EDGE('',*,*,#3020,.T.);
#3020 = EDGE_CURVE('',#3000,#3021,#3023,.T.);
#3021 = VERTEX_POINT('',#3022);
#3022 = CARTESIAN_POINT('',(32.,19.5,12.284601754985));
#3023 = SURFACE_CURVE('',#3024,(#3028,#3034),.PCURVE_S1.);
#3024 = LINE('',#3025,#3026);
#3025 = CARTESIAN_POINT('',(32.,9.75,12.284601754985));
#3026 = VECTOR('',#3027,1.);
#3027 = DIRECTION('',(0.,1.,0.));
#3028 = PCURVE('',#1139,#3029);
#3029 = DEFINITIONAL_REPRESENTATION('',(#3030),#3033);
#3030 = B_SPLINE_CURVE_WITH_KNOTS('',1,(#3031,#3032),.UNSPECIFIED.,.F.,
  .F.,(2,2),(6.75,9.75),.PIECEWISE_BEZIER_KNOTS.);
#3031 = CARTESIAN_POINT('',(-7.599474476514,-16.5));
#3032 = CARTESIAN_POINT('',(-7.599474476514,-19.5));
#3033 = ( GEOMETRIC_REPRESENTATION_CONTEXT(2) 
PARAMETRIC_REPRESENTATION_CONTEXT() REPRESENTATION_CONTEXT('2D SPACE',''
  ) );
#3034 = PCURVE('',#3035,#3040);
#3035 = PLANE('',#3036);
#3036 = AXIS2_PLACEMENT_3D('',#3037,#3038,#3039);
#3037 = CARTESIAN_POINT('',(32.,19.5,2.));
#3038 = DIRECTION('',(-1.,0.,0.));
#3039 = DIRECTION('',(0.,0.,1.));
#3040 = DEFINITIONAL_REPRESENTATION('',(#3041),#3044);
#3041 = B_SPLINE_CURVE_WITH_KNOTS('',1,(#3042,#3043),.UNSPECIFIED.,.F.,
  .F.,(2,2),(6.75,9.75),.PIECEWISE_BEZIER_KNOTS.);
#3042 = CARTESIAN_POINT('',(10.284601754985,-3.));
#3043 = CARTESIAN_POINT('',(10.284601754985,0.));
#3044 = ( GEOMETRIC_REPRESENTATION_CONTEXT(2) 
PARAMETRIC_REPRESENTATION_CONTEXT() REPRESENTATION_CONTEXT('2D SPACE',''
  ) );
#3045 = ORIENTED_EDGE('',*,*,#3046,.T.);
#3046 = EDGE_CURVE('',#3021,#3047,#3049,.T.);
#3047 = VERTEX_POINT('',#3048);
#3048 = CARTESIAN_POINT('',(28.984651558436,19.5,4.));
#3049 = SURFACE_CURVE('',#3050,(#3054,#3060),.PCURVE_S1.);
#3050 = LINE('',#3051,#3052);
#3051 = CARTESIAN_POINT('',(32.516191601373,19.5,13.702826523868));
#3052 = VECTOR('',#3053,1.);
#3053 = DIRECTION('',(-0.342020143326,0.,-0.939692620786));
#3054 = PCURVE('',#1139,#3055);
#3055 = DEFINITIONAL_REPRESENTATION('',(#3056),#3059);
#3056 = B_SPLINE_CURVE_WITH_KNOTS('',1,(#3057,#3058),.UNSPECIFIED.,.F.,
  .F.,(2,2),(1.50924327542,12.453887861842),.PIECEWISE_BEZIER_KNOTS.);
#3057 = CARTESIAN_POINT('',(-7.599474476514,-19.5));
#3058 = CARTESIAN_POINT('',(-18.54411906293,-19.5));
#3059 = ( GEOMETRIC_REPRESENTATION_CONTEXT(2) 
PARAMETRIC_REPRESENTATION_CONTEXT() REPRESENTATION_CONTEXT('2D SPACE',''
  ) );
#3060 = PCURVE('',#2691,#3061);
#3061 = DEFINITIONAL_REPRESENTATION('',(#3062),#3065);
#3062 = B_SPLINE_CURVE_WITH_KNOTS('',1,(#3063,#3064),.UNSPECIFIED.,.F.,
  .F.,(2,2),(1.50924327542,12.453887861842),.PIECEWISE_BEZIER_KNOTS.);
#3063 = CARTESIAN_POINT('',(-2.351567381325,6.933034373659));
#3064 = CARTESIAN_POINT('',(7.933034373659,3.189745463563));
#3065 = ( GEOMETRIC_REPRESENTATION_CONTEXT(2) 
PARAMETRIC_REPRESENTATION_CONTEXT() REPRESENTATION_CONTEXT('2D SPACE',''
  ) );
#3066 = ORIENTED_EDGE('',*,*,#3067,.T.);
#3067 = EDGE_CURVE('',#3047,#2621,#3068,.T.);
#3068 = SURFACE_CURVE('',#3069,(#3073,#3079),.PCURVE_S1.);
#3069 = LINE('',#3070,#3071);
#3070 = CARTESIAN_POINT('',(28.984651558436,-10.,4.));
#3071 = VECTOR('',#3072,1.);
#3072 = DIRECTION('',(-0.,1.,0.));
#3073 = PCURVE('',#1139,#3074);
#3074 = DEFINITIONAL_REPRESENTATION('',(#3075),#3078);
#3075 = B_SPLINE_CURVE_WITH_KNOTS('',1,(#3076,#3077),.UNSPECIFIED.,.F.,
  .F.,(2,2),(-10.,30.),.PIECEWISE_BEZIER_KNOTS.);
#3076 = CARTESIAN_POINT('',(-16.41576351798,20.));
#3077 = CARTESIAN_POINT('',(-16.41576351798,-20.));
#3078 = ( GEOMETRIC_REPRESENTATION_CONTEXT(2) 
PARAMETRIC_REPRESENTATION_CONTEXT() REPRESENTATION_CONTEXT('2D SPACE',''
  ) );
#3079 = PCURVE('',#2664,#3080);
#3080 = DEFINITIONAL_REPRESENTATION('',(#3081),#3084);
#3081 = B_SPLINE_CURVE_WITH_KNOTS('',1,(#3082,#3083),.UNSPECIFIED.,.F.,
  .F.,(2,2),(-10.,30.),.PIECEWISE_BEZIER_KNOTS.);
#3082 = CARTESIAN_POINT('',(19.984651558436,0.));
#3083 = CARTESIAN_POINT('',(19.984651558436,40.));
#3084 = ( GEOMETRIC_REPRESENTATION_CONTEXT(2) 
PARAMETRIC_REPRESENTATION_CONTEXT() REPRESENTATION_CONTEXT('2D SPACE',''
  ) );
#3085 = ORIENTED_EDGE('',*,*,#2620,.F.);
#3086 = FACE_BOUND('',#3087,.T.);
#3087 = EDGE_LOOP('',(#3088,#3113,#3141,#3164));
#3088 = ORIENTED_EDGE('',*,*,#3089,.F.);
#3089 = EDGE_CURVE('',#3090,#3092,#3094,.T.);
#3090 = VERTEX_POINT('',#3091);
#3091 = CARTESIAN_POINT('',(29.75908491495,15.848528137424,
    6.127738159893));
#3092 = VERTEX_POINT('',#3093);
#3093 = CARTESIAN_POINT('',(30.443125201601,13.848528137424,
    8.007123401465));
#3094 = SURFACE_CURVE('',#3095,(#3099,#3106),.PCURVE_S1.);
#3095 = LINE('',#3096,#3097);
#3096 = CARTESIAN_POINT('',(32.666256133218,7.348528137424,
    14.115125436573));
#3097 = VECTOR('',#3098,1.);
#3098 = DIRECTION('',(0.241844762648,-0.707106781187,0.664463024389));
#3099 = PCURVE('',#1139,#3100);
#3100 = DEFINITIONAL_REPRESENTATION('',(#3101),#3105);
#3101 = LINE('',#3102,#3103);
#3102 = CARTESIAN_POINT('',(-5.651471862576,-7.348528137424));
#3103 = VECTOR('',#3104,1.);
#3104 = DIRECTION('',(0.707106781187,0.707106781187));
#3105 = ( GEOMETRIC_REPRESENTATION_CONTEXT(2) 
PARAMETRIC_REPRESENTATION_CONTEXT() REPRESENTATION_CONTEXT('2D SPACE',''
  ) );
#3106 = PCURVE('',#1449,#3107);
#3107 = DEFINITIONAL_REPRESENTATION('',(#3108),#3112);
#3108 = LINE('',#3109,#3110);
#3109 = CARTESIAN_POINT('',(-9.192388155425,-5.));
#3110 = VECTOR('',#3111,1.);
#3111 = DIRECTION('',(-1.,1.688027794645E-17));
#3112 = ( GEOMETRIC_REPRESENTATION_CONTEXT(2) 
PARAMETRIC_REPRESENTATION_CONTEXT() REPRESENTATION_CONTEXT('2D SPACE',''
  ) );
#3113 = ORIENTED_EDGE('',*,*,#3114,.T.);
#3114 = EDGE_CURVE('',#3090,#3115,#3117,.T.);
#3115 = VERTEX_POINT('',#3116);
#3116 = CARTESIAN_POINT('',(29.178657484594,14.151471862576,
    4.53302690136));
#3117 = SURFACE_CURVE('',#3118,(#3123,#3134),.PCURVE_S1.);
#3118 = CIRCLE('',#3119,1.2);
#3119 = AXIS2_PLACEMENT_3D('',#3120,#3121,#3122);
#3120 = CARTESIAN_POINT('',(29.468871199772,15.,5.330382530627));
#3121 = DIRECTION('',(-0.939692620786,-1.721924412066E-17,0.342020143326
    ));
#3122 = DIRECTION('',(0.241844762648,0.707106781187,0.664463024389));
#3123 = PCURVE('',#1139,#3124);
#3124 = DEFINITIONAL_REPRESENTATION('',(#3125),#3133);
#3125 = ( BOUNDED_CURVE() B_SPLINE_CURVE(2,(#3126,#3127,#3128,#3129,
#3130,#3131,#3132),.UNSPECIFIED.,.T.,.F.) B_SPLINE_CURVE_WITH_KNOTS((1,2
    ,2,2,2,1),(-2.094395102393,0.,2.094395102393,4.188790204786,
6.28318530718,8.377580409573),.UNSPECIFIED.) CURVE() 
GEOMETRIC_REPRESENTATION_ITEM() RATIONAL_B_SPLINE_CURVE((1.,0.5,1.,0.5,
1.,0.5,1.)) REPRESENTATION_ITEM('') );
#3126 = CARTESIAN_POINT('',(-14.15147186257,-15.84852813742));
#3127 = CARTESIAN_POINT('',(-15.62116570824,-17.31822198309));
#3128 = CARTESIAN_POINT('',(-16.15911099154,-15.31058285412));
#3129 = CARTESIAN_POINT('',(-16.69705627484,-13.30294372515));
#3130 = CARTESIAN_POINT('',(-14.68941714587,-13.84088900845));
#3131 = CARTESIAN_POINT('',(-12.6817780169,-14.37883429175));
#3132 = CARTESIAN_POINT('',(-14.15147186257,-15.84852813742));
#3133 = ( GEOMETRIC_REPRESENTATION_CONTEXT(2) 
PARAMETRIC_REPRESENTATION_CONTEXT() REPRESENTATION_CONTEXT('2D SPACE',''
  ) );
#3134 = PCURVE('',#1482,#3135);
#3135 = DEFINITIONAL_REPRESENTATION('',(#3136),#3140);
#3136 = LINE('',#3137,#3138);
#3137 = CARTESIAN_POINT('',(1.014653635757E-17,-5.));
#3138 = VECTOR('',#3139,1.);
#3139 = DIRECTION('',(1.,0.));
#3140 = ( GEOMETRIC_REPRESENTATION_CONTEXT(2) 
PARAMETRIC_REPRESENTATION_CONTEXT() REPRESENTATION_CONTEXT('2D SPACE',''
  ) );
#3141 = ORIENTED_EDGE('',*,*,#3142,.F.);
#3142 = EDGE_CURVE('',#3143,#3115,#3145,.T.);
#3143 = VERTEX_POINT('',#3144);
#3144 = CARTESIAN_POINT('',(29.862697771246,12.151471862576,
    6.412412142932));
#3145 = SURFACE_CURVE('',#3146,(#3150,#3157),.PCURVE_S1.);
#3146 = LINE('',#3147,#3148);
#3147 = CARTESIAN_POINT('',(31.743808559537,6.651471862576,
    11.580721557255));
#3148 = VECTOR('',#3149,1.);
#3149 = DIRECTION('',(-0.241844762648,0.707106781187,-0.664463024389));
#3150 = PCURVE('',#1139,#3151);
#3151 = DEFINITIONAL_REPRESENTATION('',(#3152),#3156);
#3152 = LINE('',#3153,#3154);
#3153 = CARTESIAN_POINT('',(-8.348528137424,-6.651471862576));
#3154 = VECTOR('',#3155,1.);
#3155 = DIRECTION('',(-0.707106781187,-0.707106781187));
#3156 = ( GEOMETRIC_REPRESENTATION_CONTEXT(2) 
PARAMETRIC_REPRESENTATION_CONTEXT() REPRESENTATION_CONTEXT('2D SPACE',''
  ) );
#3157 = PCURVE('',#1510,#3158);
#3158 = DEFINITIONAL_REPRESENTATION('',(#3159),#3163);
#3159 = LINE('',#3160,#3161);
#3160 = CARTESIAN_POINT('',(10.606601717798,-5.));
#3161 = VECTOR('',#3162,1.);
#3162 = DIRECTION('',(-1.,-1.688027794645E-17));
#3163 = ( GEOMETRIC_REPRESENTATION_CONTEXT(2) 
PARAMETRIC_REPRESENTATION_CONTEXT() REPRESENTATION_CONTEXT('2D SPACE',''
  ) );
#3164 = ORIENTED_EDGE('',*,*,#3165,.T.);
#3165 = EDGE_CURVE('',#3143,#3092,#3166,.T.);
#3166 = SURFACE_CURVE('',#3167,(#3172,#3183),.PCURVE_S1.);
#3167 = CIRCLE('',#3168,1.2);
#3168 = AXIS2_PLACEMENT_3D('',#3169,#3170,#3171);
#3169 = CARTESIAN_POINT('',(30.152911486423,13.,7.209767772199));
#3170 = DIRECTION('',(-0.939692620786,-1.721924412066E-17,0.342020143326
    ));
#3171 = DIRECTION('',(-0.241844762648,-0.707106781187,-0.664463024389));
#3172 = PCURVE('',#1139,#3173);
#3173 = DEFINITIONAL_REPRESENTATION('',(#3174),#3182);
#3174 = ( BOUNDED_CURVE() B_SPLINE_CURVE(2,(#3175,#3176,#3177,#3178,
#3179,#3180,#3181),.UNSPECIFIED.,.T.,.F.) B_SPLINE_CURVE_WITH_KNOTS((1,2
    ,2,2,2,1),(-2.094395102393,0.,2.094395102393,4.188790204786,
6.28318530718,8.377580409573),.UNSPECIFIED.) CURVE() 
GEOMETRIC_REPRESENTATION_ITEM() RATIONAL_B_SPLINE_CURVE((1.,0.5,1.,0.5,
1.,0.5,1.)) REPRESENTATION_ITEM('') );
#3175 = CARTESIAN_POINT('',(-13.84852813742,-12.15147186257));
#3176 = CARTESIAN_POINT('',(-12.37883429175,-10.6817780169));
#3177 = CARTESIAN_POINT('',(-11.84088900845,-12.68941714587));
#3178 = CARTESIAN_POINT('',(-11.30294372515,-14.69705627484));
#3179 = CARTESIAN_POINT('',(-13.31058285412,-14.15911099154));
#3180 = CARTESIAN_POINT('',(-15.31822198309,-13.62116570824));
#3181 = CARTESIAN_POINT('',(-13.84852813742,-12.15147186257));
#3182 = ( GEOMETRIC_REPRESENTATION_CONTEXT(2) 
PARAMETRIC_REPRESENTATION_CONTEXT() REPRESENTATION_CONTEXT('2D SPACE',''
  ) );
#3183 = PCURVE('',#1541,#3184);
#3184 = DEFINITIONAL_REPRESENTATION('',(#3185),#3189);
#3185 = LINE('',#3186,#3187);
#3186 = CARTESIAN_POINT('',(1.014653635757E-17,-5.));
#3187 = VECTOR('',#3188,1.);
#3188 = DIRECTION('',(1.,0.));
#3189 = ( GEOMETRIC_REPRESENTATION_CONTEXT(2) 
PARAMETRIC_REPRESENTATION_CONTEXT() REPRESENTATION_CONTEXT('2D SPACE',''
  ) );
#3190 = FACE_BOUND('',#3191,.T.);
#3191 = EDGE_LOOP('',(#3192,#3217,#3245,#3268));
#3192 = ORIENTED_EDGE('',*,*,#3193,.F.);
#3193 = EDGE_CURVE('',#3194,#3196,#3198,.T.);
#3194 = VERTEX_POINT('',#3195);
#3195 = CARTESIAN_POINT('',(40.01968921472,14.151471862576,
    34.318516783471));
#3196 = VERTEX_POINT('',#3197);
#3197 = CARTESIAN_POINT('',(39.335648928068,12.151471862576,
    32.439131541899));
#3198 = SURFACE_CURVE('',#3199,(#3203,#3210),.PCURVE_S1.);
#3199 = LINE('',#3200,#3201);
#3200 = CARTESIAN_POINT('',(37.112517996451,5.651471862576,
    26.33112950679));
#3201 = VECTOR('',#3202,1.);
#3202 = DIRECTION('',(-0.241844762648,-0.707106781187,-0.664463024389));
#3203 = PCURVE('',#1139,#3204);
#3204 = DEFINITIONAL_REPRESENTATION('',(#3205),#3209);
#3205 = LINE('',#3206,#3207);
#3206 = CARTESIAN_POINT('',(7.348528137424,-5.651471862576));
#3207 = VECTOR('',#3208,1.);
#3208 = DIRECTION('',(-0.707106781187,0.707106781187));
#3209 = ( GEOMETRIC_REPRESENTATION_CONTEXT(2) 
PARAMETRIC_REPRESENTATION_CONTEXT() REPRESENTATION_CONTEXT('2D SPACE',''
  ) );
#3210 = PCURVE('',#1573,#3211);
#3211 = DEFINITIONAL_REPRESENTATION('',(#3212),#3216);
#3212 = LINE('',#3213,#3214);
#3213 = CARTESIAN_POINT('',(-9.192388155425,-5.));
#3214 = VECTOR('',#3215,1.);
#3215 = DIRECTION('',(-1.,-1.688027794645E-17));
#3216 = ( GEOMETRIC_REPRESENTATION_CONTEXT(2) 
PARAMETRIC_REPRESENTATION_CONTEXT() REPRESENTATION_CONTEXT('2D SPACE',''
  ) );
#3217 = ORIENTED_EDGE('',*,*,#3218,.T.);
#3218 = EDGE_CURVE('',#3194,#3219,#3221,.T.);
#3219 = VERTEX_POINT('',#3220);
#3220 = CARTESIAN_POINT('',(39.439261784364,15.848528137424,
    32.723805524938));
#3221 = SURFACE_CURVE('',#3222,(#3227,#3238),.PCURVE_S1.);
#3222 = CIRCLE('',#3223,1.2);
#3223 = AXIS2_PLACEMENT_3D('',#3224,#3225,#3226);
#3224 = CARTESIAN_POINT('',(39.729475499542,15.,33.521161154204));
#3225 = DIRECTION('',(-0.939692620786,1.559190774439E-17,0.342020143326)
  );
#3226 = DIRECTION('',(0.241844762648,-0.707106781187,0.664463024389));
#3227 = PCURVE('',#1139,#3228);
#3228 = DEFINITIONAL_REPRESENTATION('',(#3229),#3237);
#3229 = ( BOUNDED_CURVE() B_SPLINE_CURVE(2,(#3230,#3231,#3232,#3233,
#3234,#3235,#3236),.UNSPECIFIED.,.T.,.F.) B_SPLINE_CURVE_WITH_KNOTS((1,2
    ,2,2,2,1),(-2.094395102393,0.,2.094395102393,4.188790204786,
6.28318530718,8.377580409573),.UNSPECIFIED.) CURVE() 
GEOMETRIC_REPRESENTATION_ITEM() RATIONAL_B_SPLINE_CURVE((1.,0.5,1.,0.5,
1.,0.5,1.)) REPRESENTATION_ITEM('') );
#3230 = CARTESIAN_POINT('',(15.848528137424,-14.15147186257));
#3231 = CARTESIAN_POINT('',(17.318221983094,-15.62116570824));
#3232 = CARTESIAN_POINT('',(15.310582854123,-16.15911099154));
#3233 = CARTESIAN_POINT('',(13.302943725152,-16.69705627484));
#3234 = CARTESIAN_POINT('',(13.840889008453,-14.68941714587));
#3235 = CARTESIAN_POINT('',(14.378834291754,-12.6817780169));
#3236 = CARTESIAN_POINT('',(15.848528137424,-14.15147186257));
#3237 = ( GEOMETRIC_REPRESENTATION_CONTEXT(2) 
PARAMETRIC_REPRESENTATION_CONTEXT() REPRESENTATION_CONTEXT('2D SPACE',''
  ) );
#3238 = PCURVE('',#1606,#3239);
#3239 = DEFINITIONAL_REPRESENTATION('',(#3240),#3244);
#3240 = LINE('',#3241,#3242);
#3241 = CARTESIAN_POINT('',(0.,-5.));
#3242 = VECTOR('',#3243,1.);
#3243 = DIRECTION('',(1.,0.));
#3244 = ( GEOMETRIC_REPRESENTATION_CONTEXT(2) 
PARAMETRIC_REPRESENTATION_CONTEXT() REPRESENTATION_CONTEXT('2D SPACE',''
  ) );
#3245 = ORIENTED_EDGE('',*,*,#3246,.F.);
#3246 = EDGE_CURVE('',#3247,#3219,#3249,.T.);
#3247 = VERTEX_POINT('',#3248);
#3248 = CARTESIAN_POINT('',(38.755221497713,13.848528137424,
    30.844420283366));
#3249 = SURFACE_CURVE('',#3250,(#3254,#3261),.PCURVE_S1.);
#3250 = LINE('',#3251,#3252);
#3251 = CARTESIAN_POINT('',(36.874110709422,8.348528137424,
    25.676110869043));
#3252 = VECTOR('',#3253,1.);
#3253 = DIRECTION('',(0.241844762648,0.707106781187,0.664463024389));
#3254 = PCURVE('',#1139,#3255);
#3255 = DEFINITIONAL_REPRESENTATION('',(#3256),#3260);
#3256 = LINE('',#3257,#3258);
#3257 = CARTESIAN_POINT('',(6.651471862576,-8.348528137424));
#3258 = VECTOR('',#3259,1.);
#3259 = DIRECTION('',(0.707106781187,-0.707106781187));
#3260 = ( GEOMETRIC_REPRESENTATION_CONTEXT(2) 
PARAMETRIC_REPRESENTATION_CONTEXT() REPRESENTATION_CONTEXT('2D SPACE',''
  ) );
#3261 = PCURVE('',#1634,#3262);
#3262 = DEFINITIONAL_REPRESENTATION('',(#3263),#3267);
#3263 = LINE('',#3264,#3265);
#3264 = CARTESIAN_POINT('',(10.606601717798,-5.));
#3265 = VECTOR('',#3266,1.);
#3266 = DIRECTION('',(-1.,1.688027794645E-17));
#3267 = ( GEOMETRIC_REPRESENTATION_CONTEXT(2) 
PARAMETRIC_REPRESENTATION_CONTEXT() REPRESENTATION_CONTEXT('2D SPACE',''
  ) );
#3268 = ORIENTED_EDGE('',*,*,#3269,.T.);
#3269 = EDGE_CURVE('',#3247,#3196,#3270,.T.);
#3270 = SURFACE_CURVE('',#3271,(#3276,#3287),.PCURVE_S1.);
#3271 = CIRCLE('',#3272,1.2);
#3272 = AXIS2_PLACEMENT_3D('',#3273,#3274,#3275);
#3273 = CARTESIAN_POINT('',(39.045435212891,13.,31.641775912632));
#3274 = DIRECTION('',(-0.939692620786,1.559190774439E-17,0.342020143326)
  );
#3275 = DIRECTION('',(-0.241844762648,0.707106781187,-0.664463024389));
#3276 = PCURVE('',#1139,#3277);
#3277 = DEFINITIONAL_REPRESENTATION('',(#3278),#3286);
#3278 = ( BOUNDED_CURVE() B_SPLINE_CURVE(2,(#3279,#3280,#3281,#3282,
#3283,#3284,#3285),.UNSPECIFIED.,.T.,.F.) B_SPLINE_CURVE_WITH_KNOTS((1,2
    ,2,2,2,1),(-2.094395102393,0.,2.094395102393,4.188790204786,
6.28318530718,8.377580409573),.UNSPECIFIED.) CURVE() 
GEOMETRIC_REPRESENTATION_ITEM() RATIONAL_B_SPLINE_CURVE((1.,0.5,1.,0.5,
1.,0.5,1.)) REPRESENTATION_ITEM('') );
#3279 = CARTESIAN_POINT('',(12.151471862576,-13.84852813742));
#3280 = CARTESIAN_POINT('',(10.681778016906,-12.37883429175));
#3281 = CARTESIAN_POINT('',(12.689417145877,-11.84088900845));
#3282 = CARTESIAN_POINT('',(14.697056274848,-11.30294372515));
#3283 = CARTESIAN_POINT('',(14.159110991547,-13.31058285412));
#3284 = CARTESIAN_POINT('',(13.621165708246,-15.31822198309));
#3285 = CARTESIAN_POINT('',(12.151471862576,-13.84852813742));
#3286 = ( GEOMETRIC_REPRESENTATION_CONTEXT(2) 
PARAMETRIC_REPRESENTATION_CONTEXT() REPRESENTATION_CONTEXT('2D SPACE',''
  ) );
#3287 = PCURVE('',#1665,#3288);
#3288 = DEFINITIONAL_REPRESENTATION('',(#3289),#3293);
#3289 = LINE('',#3290,#3291);
#3290 = CARTESIAN_POINT('',(0.,-5.));
#3291 = VECTOR('',#3292,1.);
#3292 = DIRECTION('',(1.,0.));
#3293 = ( GEOMETRIC_REPRESENTATION_CONTEXT(2) 
PARAMETRIC_REPRESENTATION_CONTEXT() REPRESENTATION_CONTEXT('2D SPACE',''
  ) );
#3294 = FACE_BOUND('',#3295,.T.);
#3295 = EDGE_LOOP('',(#3296,#3321,#3349,#3372));
#3296 = ORIENTED_EDGE('',*,*,#3297,.F.);
#3297 = EDGE_CURVE('',#3298,#3300,#3302,.T.);
#3298 = VERTEX_POINT('',#3299);
#3299 = CARTESIAN_POINT('',(30.443125201601,-13.84852813742,
    8.007123401465));
#3300 = VERTEX_POINT('',#3301);
#3301 = CARTESIAN_POINT('',(29.75908491495,-15.84852813742,
    6.127738159893));
#3302 = SURFACE_CURVE('',#3303,(#3307,#3314),.PCURVE_S1.);
#3303 = LINE('',#3304,#3305);
#3304 = CARTESIAN_POINT('',(32.324235989892,-8.348528137424,
    13.175432815788));
#3305 = VECTOR('',#3306,1.);
#3306 = DIRECTION('',(-0.241844762648,-0.707106781187,-0.664463024389));
#3307 = PCURVE('',#1139,#3308);
#3308 = DEFINITIONAL_REPRESENTATION('',(#3309),#3313);
#3309 = LINE('',#3310,#3311);
#3310 = CARTESIAN_POINT('',(-6.651471862576,8.348528137424));
#3311 = VECTOR('',#3312,1.);
#3312 = DIRECTION('',(-0.707106781187,0.707106781187));
#3313 = ( GEOMETRIC_REPRESENTATION_CONTEXT(2) 
PARAMETRIC_REPRESENTATION_CONTEXT() REPRESENTATION_CONTEXT('2D SPACE',''
  ) );
#3314 = PCURVE('',#1811,#3315);
#3315 = DEFINITIONAL_REPRESENTATION('',(#3316),#3320);
#3316 = LINE('',#3317,#3318);
#3317 = CARTESIAN_POINT('',(10.606601717798,-5.));
#3318 = VECTOR('',#3319,1.);
#3319 = DIRECTION('',(-1.,-1.688027794645E-17));
#3320 = ( GEOMETRIC_REPRESENTATION_CONTEXT(2) 
PARAMETRIC_REPRESENTATION_CONTEXT() REPRESENTATION_CONTEXT('2D SPACE',''
  ) );
#3321 = ORIENTED_EDGE('',*,*,#3322,.T.);
#3322 = EDGE_CURVE('',#3298,#3323,#3325,.T.);
#3323 = VERTEX_POINT('',#3324);
#3324 = CARTESIAN_POINT('',(29.862697771246,-12.15147186257,
    6.412412142932));
#3325 = SURFACE_CURVE('',#3326,(#3331,#3342),.PCURVE_S1.);
#3326 = CIRCLE('',#3327,1.2);
#3327 = AXIS2_PLACEMENT_3D('',#3328,#3329,#3330);
#3328 = CARTESIAN_POINT('',(30.152911486423,-13.,7.209767772199));
#3329 = DIRECTION('',(-0.939692620786,1.559190774439E-17,0.342020143326)
  );
#3330 = DIRECTION('',(0.241844762648,-0.707106781187,0.664463024389));
#3331 = PCURVE('',#1139,#3332);
#3332 = DEFINITIONAL_REPRESENTATION('',(#3333),#3341);
#3333 = ( BOUNDED_CURVE() B_SPLINE_CURVE(2,(#3334,#3335,#3336,#3337,
#3338,#3339,#3340),.UNSPECIFIED.,.T.,.F.) B_SPLINE_CURVE_WITH_KNOTS((1,2
    ,2,2,2,1),(-2.094395102393,0.,2.094395102393,4.188790204786,
6.28318530718,8.377580409573),.UNSPECIFIED.) CURVE() 
GEOMETRIC_REPRESENTATION_ITEM() RATIONAL_B_SPLINE_CURVE((1.,0.5,1.,0.5,
1.,0.5,1.)) REPRESENTATION_ITEM('') );
#3334 = CARTESIAN_POINT('',(-12.15147186257,13.848528137424));
#3335 = CARTESIAN_POINT('',(-10.6817780169,12.378834291754));
#3336 = CARTESIAN_POINT('',(-12.68941714587,11.840889008453));
#3337 = CARTESIAN_POINT('',(-14.69705627484,11.302943725152));
#3338 = CARTESIAN_POINT('',(-14.15911099154,13.310582854123));
#3339 = CARTESIAN_POINT('',(-13.62116570824,15.318221983094));
#3340 = CARTESIAN_POINT('',(-12.15147186257,13.848528137424));
#3341 = ( GEOMETRIC_REPRESENTATION_CONTEXT(2) 
PARAMETRIC_REPRESENTATION_CONTEXT() REPRESENTATION_CONTEXT('2D SPACE',''
  ) );
#3342 = PCURVE('',#1844,#3343);
#3343 = DEFINITIONAL_REPRESENTATION('',(#3344),#3348);
#3344 = LINE('',#3345,#3346);
#3345 = CARTESIAN_POINT('',(0.,-5.));
#3346 = VECTOR('',#3347,1.);
#3347 = DIRECTION('',(1.,0.));
#3348 = ( GEOMETRIC_REPRESENTATION_CONTEXT(2) 
PARAMETRIC_REPRESENTATION_CONTEXT() REPRESENTATION_CONTEXT('2D SPACE',''
  ) );
#3349 = ORIENTED_EDGE('',*,*,#3350,.F.);
#3350 = EDGE_CURVE('',#3351,#3323,#3353,.T.);
#3351 = VERTEX_POINT('',#3352);
#3352 = CARTESIAN_POINT('',(29.178657484594,-14.15147186257,
    4.53302690136));
#3353 = SURFACE_CURVE('',#3354,(#3358,#3365),.PCURVE_S1.);
#3354 = LINE('',#3355,#3356);
#3355 = CARTESIAN_POINT('',(32.085828702863,-5.651471862576,
    12.520414178041));
#3356 = VECTOR('',#3357,1.);
#3357 = DIRECTION('',(0.241844762648,0.707106781187,0.664463024389));
#3358 = PCURVE('',#1139,#3359);
#3359 = DEFINITIONAL_REPRESENTATION('',(#3360),#3364);
#3360 = LINE('',#3361,#3362);
#3361 = CARTESIAN_POINT('',(-7.348528137424,5.651471862576));
#3362 = VECTOR('',#3363,1.);
#3363 = DIRECTION('',(0.707106781187,-0.707106781187));
#3364 = ( GEOMETRIC_REPRESENTATION_CONTEXT(2) 
PARAMETRIC_REPRESENTATION_CONTEXT() REPRESENTATION_CONTEXT('2D SPACE',''
  ) );
#3365 = PCURVE('',#1872,#3366);
#3366 = DEFINITIONAL_REPRESENTATION('',(#3367),#3371);
#3367 = LINE('',#3368,#3369);
#3368 = CARTESIAN_POINT('',(-9.192388155425,-5.));
#3369 = VECTOR('',#3370,1.);
#3370 = DIRECTION('',(-1.,1.688027794645E-17));
#3371 = ( GEOMETRIC_REPRESENTATION_CONTEXT(2) 
PARAMETRIC_REPRESENTATION_CONTEXT() REPRESENTATION_CONTEXT('2D SPACE',''
  ) );
#3372 = ORIENTED_EDGE('',*,*,#3373,.T.);
#3373 = EDGE_CURVE('',#3351,#3300,#3374,.T.);
#3374 = SURFACE_CURVE('',#3375,(#3380,#3391),.PCURVE_S1.);
#3375 = CIRCLE('',#3376,1.2);
#3376 = AXIS2_PLACEMENT_3D('',#3377,#3378,#3379);
#3377 = CARTESIAN_POINT('',(29.468871199772,-15.,5.330382530627));
#3378 = DIRECTION('',(-0.939692620786,1.559190774439E-17,0.342020143326)
  );
#3379 = DIRECTION('',(-0.241844762648,0.707106781187,-0.664463024389));
#3380 = PCURVE('',#1139,#3381);
#3381 = DEFINITIONAL_REPRESENTATION('',(#3382),#3390);
#3382 = ( BOUNDED_CURVE() B_SPLINE_CURVE(2,(#3383,#3384,#3385,#3386,
#3387,#3388,#3389),.UNSPECIFIED.,.T.,.F.) B_SPLINE_CURVE_WITH_KNOTS((1,2
    ,2,2,2,1),(-2.094395102393,0.,2.094395102393,4.188790204786,
6.28318530718,8.377580409573),.UNSPECIFIED.) CURVE() 
GEOMETRIC_REPRESENTATION_ITEM() RATIONAL_B_SPLINE_CURVE((1.,0.5,1.,0.5,
1.,0.5,1.)) REPRESENTATION_ITEM('') );
#3383 = CARTESIAN_POINT('',(-15.84852813742,14.151471862576));
#3384 = CARTESIAN_POINT('',(-17.31822198309,15.621165708246));
#3385 = CARTESIAN_POINT('',(-15.31058285412,16.159110991547));
#3386 = CARTESIAN_POINT('',(-13.30294372515,16.697056274848));
#3387 = CARTESIAN_POINT('',(-13.84088900845,14.689417145877));
#3388 = CARTESIAN_POINT('',(-14.37883429175,12.681778016906));
#3389 = CARTESIAN_POINT('',(-15.84852813742,14.151471862576));
#3390 = ( GEOMETRIC_REPRESENTATION_CONTEXT(2) 
PARAMETRIC_REPRESENTATION_CONTEXT() REPRESENTATION_CONTEXT('2D SPACE',''
  ) );
#3391 = PCURVE('',#1903,#3392);
#3392 = DEFINITIONAL_REPRESENTATION('',(#3393),#3397);
#3393 = LINE('',#3394,#3395);
#3394 = CARTESIAN_POINT('',(0.,-5.));
#3395 = VECTOR('',#3396,1.);
#3396 = DIRECTION('',(1.,0.));
#3397 = ( GEOMETRIC_REPRESENTATION_CONTEXT(2) 
PARAMETRIC_REPRESENTATION_CONTEXT() REPRESENTATION_CONTEXT('2D SPACE',''
  ) );
#3398 = FACE_BOUND('',#3399,.T.);
#3399 = EDGE_LOOP('',(#3400,#3425,#3448,#3471));
#3400 = ORIENTED_EDGE('',*,*,#3401,.T.);
#3401 = EDGE_CURVE('',#3402,#3404,#3406,.T.);
#3402 = VERTEX_POINT('',#3403);
#3403 = CARTESIAN_POINT('',(38.019374782914,10.,28.822698050275));
#3404 = VERTEX_POINT('',#3405);
#3405 = CARTESIAN_POINT('',(31.1789719164,10.,10.028845634556));
#3406 = SURFACE_CURVE('',#3407,(#3411,#3418),.PCURVE_S1.);
#3407 = LINE('',#3408,#3409);
#3408 = CARTESIAN_POINT('',(32.889072633029,10.,14.727308738486));
#3409 = VECTOR('',#3410,1.);
#3410 = DIRECTION('',(-0.342020143326,0.,-0.939692620786));
#3411 = PCURVE('',#1139,#3412);
#3412 = DEFINITIONAL_REPRESENTATION('',(#3413),#3417);
#3413 = LINE('',#3414,#3415);
#3414 = CARTESIAN_POINT('',(-5.,-10.));
#3415 = VECTOR('',#3416,1.);
#3416 = DIRECTION('',(-1.,-0.));
#3417 = ( GEOMETRIC_REPRESENTATION_CONTEXT(2) 
PARAMETRIC_REPRESENTATION_CONTEXT() REPRESENTATION_CONTEXT('2D SPACE',''
  ) );
#3418 = PCURVE('',#1697,#3419);
#3419 = DEFINITIONAL_REPRESENTATION('',(#3420),#3424);
#3420 = LINE('',#3421,#3422);
#3421 = CARTESIAN_POINT('',(5.,-5.));
#3422 = VECTOR('',#3423,1.);
#3423 = DIRECTION('',(-1.,2.222180331868E-17));
#3424 = ( GEOMETRIC_REPRESENTATION_CONTEXT(2) 
PARAMETRIC_REPRESENTATION_CONTEXT() REPRESENTATION_CONTEXT('2D SPACE',''
  ) );
#3425 = ORIENTED_EDGE('',*,*,#3426,.T.);
#3426 = EDGE_CURVE('',#3404,#3427,#3429,.T.);
#3427 = VERTEX_POINT('',#3428);
#3428 = CARTESIAN_POINT('',(31.1789719164,-10.,10.028845634556));
#3429 = SURFACE_CURVE('',#3430,(#3434,#3441),.PCURVE_S1.);
#3430 = LINE('',#3431,#3432);
#3431 = CARTESIAN_POINT('',(31.1789719164,-5.,10.028845634556));
#3432 = VECTOR('',#3433,1.);
#3433 = DIRECTION('',(0.,-1.,0.));
#3434 = PCURVE('',#1139,#3435);
#3435 = DEFINITIONAL_REPRESENTATION('',(#3436),#3440);
#3436 = LINE('',#3437,#3438);
#3437 = CARTESIAN_POINT('',(-10.,5.));
#3438 = VECTOR('',#3439,1.);
#3439 = DIRECTION('',(0.,1.));
#3440 = ( GEOMETRIC_REPRESENTATION_CONTEXT(2) 
PARAMETRIC_REPRESENTATION_CONTEXT() REPRESENTATION_CONTEXT('2D SPACE',''
  ) );
#3441 = PCURVE('',#1725,#3442);
#3442 = DEFINITIONAL_REPRESENTATION('',(#3443),#3447);
#3443 = LINE('',#3444,#3445);
#3444 = CARTESIAN_POINT('',(5.,-5.));
#3445 = VECTOR('',#3446,1.);
#3446 = DIRECTION('',(-1.,0.));
#3447 = ( GEOMETRIC_REPRESENTATION_CONTEXT(2) 
PARAMETRIC_REPRESENTATION_CONTEXT() REPRESENTATION_CONTEXT('2D SPACE',''
  ) );
#3448 = ORIENTED_EDGE('',*,*,#3449,.T.);
#3449 = EDGE_CURVE('',#3427,#3450,#3452,.T.);
#3450 = VERTEX_POINT('',#3451);
#3451 = CARTESIAN_POINT('',(38.019374782914,-10.,28.822698050275));
#3452 = SURFACE_CURVE('',#3453,(#3457,#3464),.PCURVE_S1.);
#3453 = LINE('',#3454,#3455);
#3454 = CARTESIAN_POINT('',(36.309274066285,-10.,24.124234946345));
#3455 = VECTOR('',#3456,1.);
#3456 = DIRECTION('',(0.342020143326,0.,0.939692620786));
#3457 = PCURVE('',#1139,#3458);
#3458 = DEFINITIONAL_REPRESENTATION('',(#3459),#3463);
#3459 = LINE('',#3460,#3461);
#3460 = CARTESIAN_POINT('',(5.,10.));
#3461 = VECTOR('',#3462,1.);
#3462 = DIRECTION('',(1.,0.));
#3463 = ( GEOMETRIC_REPRESENTATION_CONTEXT(2) 
PARAMETRIC_REPRESENTATION_CONTEXT() REPRESENTATION_CONTEXT('2D SPACE',''
  ) );
#3464 = PCURVE('',#1753,#3465);
#3465 = DEFINITIONAL_REPRESENTATION('',(#3466),#3470);
#3466 = LINE('',#3467,#3468);
#3467 = CARTESIAN_POINT('',(5.,-5.));
#3468 = VECTOR('',#3469,1.);
#3469 = DIRECTION('',(-1.,-2.222180331868E-17));
#3470 = ( GEOMETRIC_REPRESENTATION_CONTEXT(2) 
PARAMETRIC_REPRESENTATION_CONTEXT() REPRESENTATION_CONTEXT('2D SPACE',''
  ) );
#3471 = ORIENTED_EDGE('',*,*,#3472,.T.);
#3472 = EDGE_CURVE('',#3450,#3402,#3473,.T.);
#3473 = SURFACE_CURVE('',#3474,(#3478,#3485),.PCURVE_S1.);
#3474 = LINE('',#3475,#3476);
#3475 = CARTESIAN_POINT('',(38.019374782914,5.,28.822698050275));
#3476 = VECTOR('',#3477,1.);
#3477 = DIRECTION('',(0.,1.,0.));
#3478 = PCURVE('',#1139,#3479);
#3479 = DEFINITIONAL_REPRESENTATION('',(#3480),#3484);
#3480 = LINE('',#3481,#3482);
#3481 = CARTESIAN_POINT('',(10.,-5.));
#3482 = VECTOR('',#3483,1.);
#3483 = DIRECTION('',(0.,-1.));
#3484 = ( GEOMETRIC_REPRESENTATION_CONTEXT(2) 
PARAMETRIC_REPRESENTATION_CONTEXT() REPRESENTATION_CONTEXT('2D SPACE',''
  ) );
#3485 = PCURVE('',#1779,#3486);
#3486 = DEFINITIONAL_REPRESENTATION('',(#3487),#3491);
#3487 = LINE('',#3488,#3489);
#3488 = CARTESIAN_POINT('',(5.,-5.));
#3489 = VECTOR('',#3490,1.);
#3490 = DIRECTION('',(-1.,0.));
#3491 = ( GEOMETRIC_REPRESENTATION_CONTEXT(2) 
PARAMETRIC_REPRESENTATION_CONTEXT() REPRESENTATION_CONTEXT('2D SPACE',''
  ) );
#3492 = FACE_BOUND('',#3493,.T.);
#3493 = EDGE_LOOP('',(#3494,#3519,#3547,#3570));
#3494 = ORIENTED_EDGE('',*,*,#3495,.F.);
#3495 = EDGE_CURVE('',#3496,#3498,#3500,.T.);
#3496 = VERTEX_POINT('',#3497);
#3497 = CARTESIAN_POINT('',(39.335648928068,-12.15147186257,
    32.439131541899));
#3498 = VERTEX_POINT('',#3499);
#3499 = CARTESIAN_POINT('',(40.01968921472,-14.15147186257,
    34.318516783471));
#3500 = SURFACE_CURVE('',#3501,(#3505,#3512),.PCURVE_S1.);
#3501 = LINE('',#3502,#3503);
#3502 = CARTESIAN_POINT('',(37.454538139777,-6.651471862576,
    27.270822127576));
#3503 = VECTOR('',#3504,1.);
#3504 = DIRECTION('',(0.241844762648,-0.707106781187,0.664463024389));
#3505 = PCURVE('',#1139,#3506);
#3506 = DEFINITIONAL_REPRESENTATION('',(#3507),#3511);
#3507 = LINE('',#3508,#3509);
#3508 = CARTESIAN_POINT('',(8.348528137424,6.651471862576));
#3509 = VECTOR('',#3510,1.);
#3510 = DIRECTION('',(0.707106781187,0.707106781187));
#3511 = ( GEOMETRIC_REPRESENTATION_CONTEXT(2) 
PARAMETRIC_REPRESENTATION_CONTEXT() REPRESENTATION_CONTEXT('2D SPACE',''
  ) );
#3512 = PCURVE('',#1935,#3513);
#3513 = DEFINITIONAL_REPRESENTATION('',(#3514),#3518);
#3514 = LINE('',#3515,#3516);
#3515 = CARTESIAN_POINT('',(10.606601717798,-5.));
#3516 = VECTOR('',#3517,1.);
#3517 = DIRECTION('',(-1.,1.688027794645E-17));
#3518 = ( GEOMETRIC_REPRESENTATION_CONTEXT(2) 
PARAMETRIC_REPRESENTATION_CONTEXT() REPRESENTATION_CONTEXT('2D SPACE',''
  ) );
#3519 = ORIENTED_EDGE('',*,*,#3520,.T.);
#3520 = EDGE_CURVE('',#3496,#3521,#3523,.T.);
#3521 = VERTEX_POINT('',#3522);
#3522 = CARTESIAN_POINT('',(38.755221497713,-13.84852813742,
    30.844420283366));
#3523 = SURFACE_CURVE('',#3524,(#3529,#3540),.PCURVE_S1.);
#3524 = CIRCLE('',#3525,1.2);
#3525 = AXIS2_PLACEMENT_3D('',#3526,#3527,#3528);
#3526 = CARTESIAN_POINT('',(39.045435212891,-13.,31.641775912632));
#3527 = DIRECTION('',(-0.939692620786,-1.721924412066E-17,0.342020143326
    ));
#3528 = DIRECTION('',(0.241844762648,0.707106781187,0.664463024389));
#3529 = PCURVE('',#1139,#3530);
#3530 = DEFINITIONAL_REPRESENTATION('',(#3531),#3539);
#3531 = ( BOUNDED_CURVE() B_SPLINE_CURVE(2,(#3532,#3533,#3534,#3535,
#3536,#3537,#3538),.UNSPECIFIED.,.T.,.F.) B_SPLINE_CURVE_WITH_KNOTS((1,2
    ,2,2,2,1),(-2.094395102393,0.,2.094395102393,4.188790204786,
6.28318530718,8.377580409573),.UNSPECIFIED.) CURVE() 
GEOMETRIC_REPRESENTATION_ITEM() RATIONAL_B_SPLINE_CURVE((1.,0.5,1.,0.5,
1.,0.5,1.)) REPRESENTATION_ITEM('') );
#3532 = CARTESIAN_POINT('',(13.848528137424,12.151471862576));
#3533 = CARTESIAN_POINT('',(12.378834291754,10.681778016906));
#3534 = CARTESIAN_POINT('',(11.840889008453,12.689417145877));
#3535 = CARTESIAN_POINT('',(11.302943725152,14.697056274848));
#3536 = CARTESIAN_POINT('',(13.310582854123,14.159110991547));
#3537 = CARTESIAN_POINT('',(15.318221983094,13.621165708246));
#3538 = CARTESIAN_POINT('',(13.848528137424,12.151471862576));
#3539 = ( GEOMETRIC_REPRESENTATION_CONTEXT(2) 
PARAMETRIC_REPRESENTATION_CONTEXT() REPRESENTATION_CONTEXT('2D SPACE',''
  ) );
#3540 = PCURVE('',#1968,#3541);
#3541 = DEFINITIONAL_REPRESENTATION('',(#3542),#3546);
#3542 = LINE('',#3543,#3544);
#3543 = CARTESIAN_POINT('',(1.014653635757E-17,-5.));
#3544 = VECTOR('',#3545,1.);
#3545 = DIRECTION('',(1.,0.));
#3546 = ( GEOMETRIC_REPRESENTATION_CONTEXT(2) 
PARAMETRIC_REPRESENTATION_CONTEXT() REPRESENTATION_CONTEXT('2D SPACE',''
  ) );
#3547 = ORIENTED_EDGE('',*,*,#3548,.F.);
#3548 = EDGE_CURVE('',#3549,#3521,#3551,.T.);
#3549 = VERTEX_POINT('',#3550);
#3550 = CARTESIAN_POINT('',(39.439261784364,-15.84852813742,
    32.723805524938));
#3551 = SURFACE_CURVE('',#3552,(#3556,#3563),.PCURVE_S1.);
#3552 = LINE('',#3553,#3554);
#3553 = CARTESIAN_POINT('',(36.532090566096,-7.348528137424,
    24.736418248257));
#3554 = VECTOR('',#3555,1.);
#3555 = DIRECTION('',(-0.241844762648,0.707106781187,-0.664463024389));
#3556 = PCURVE('',#1139,#3557);
#3557 = DEFINITIONAL_REPRESENTATION('',(#3558),#3562);
#3558 = LINE('',#3559,#3560);
#3559 = CARTESIAN_POINT('',(5.651471862576,7.348528137424));
#3560 = VECTOR('',#3561,1.);
#3561 = DIRECTION('',(-0.707106781187,-0.707106781187));
#3562 = ( GEOMETRIC_REPRESENTATION_CONTEXT(2) 
PARAMETRIC_REPRESENTATION_CONTEXT() REPRESENTATION_CONTEXT('2D SPACE',''
  ) );
#3563 = PCURVE('',#1996,#3564);
#3564 = DEFINITIONAL_REPRESENTATION('',(#3565),#3569);
#3565 = LINE('',#3566,#3567);
#3566 = CARTESIAN_POINT('',(-9.192388155425,-5.));
#3567 = VECTOR('',#3568,1.);
#3568 = DIRECTION('',(-1.,-1.688027794645E-17));
#3569 = ( GEOMETRIC_REPRESENTATION_CONTEXT(2) 
PARAMETRIC_REPRESENTATION_CONTEXT() REPRESENTATION_CONTEXT('2D SPACE',''
  ) );
#3570 = ORIENTED_EDGE('',*,*,#3571,.T.);
#3571 = EDGE_CURVE('',#3549,#3498,#3572,.T.);
#3572 = SURFACE_CURVE('',#3573,(#3578,#3589),.PCURVE_S1.);
#3573 = CIRCLE('',#3574,1.2);
#3574 = AXIS2_PLACEMENT_3D('',#3575,#3576,#3577);
#3575 = CARTESIAN_POINT('',(39.729475499542,-15.,33.521161154204));
#3576 = DIRECTION('',(-0.939692620786,-1.721924412066E-17,0.342020143326
    ));
#3577 = DIRECTION('',(-0.241844762648,-0.707106781187,-0.664463024389));
#3578 = PCURVE('',#1139,#3579);
#3579 = DEFINITIONAL_REPRESENTATION('',(#3580),#3588);
#3580 = ( BOUNDED_CURVE() B_SPLINE_CURVE(2,(#3581,#3582,#3583,#3584,
#3585,#3586,#3587),.UNSPECIFIED.,.T.,.F.) B_SPLINE_CURVE_WITH_KNOTS((1,2
    ,2,2,2,1),(-2.094395102393,0.,2.094395102393,4.188790204786,
6.28318530718,8.377580409573),.UNSPECIFIED.) CURVE() 
GEOMETRIC_REPRESENTATION_ITEM() RATIONAL_B_SPLINE_CURVE((1.,0.5,1.,0.5,
1.,0.5,1.)) REPRESENTATION_ITEM('') );
#3581 = CARTESIAN_POINT('',(14.151471862576,15.848528137424));
#3582 = CARTESIAN_POINT('',(15.621165708246,17.318221983094));
#3583 = CARTESIAN_POINT('',(16.159110991547,15.310582854123));
#3584 = CARTESIAN_POINT('',(16.697056274848,13.302943725152));
#3585 = CARTESIAN_POINT('',(14.689417145877,13.840889008453));
#3586 = CARTESIAN_POINT('',(12.681778016906,14.378834291754));
#3587 = CARTESIAN_POINT('',(14.151471862576,15.848528137424));
#3588 = ( GEOMETRIC_REPRESENTATION_CONTEXT(2) 
PARAMETRIC_REPRESENTATION_CONTEXT() REPRESENTATION_CONTEXT('2D SPACE',''
  ) );
#3589 = PCURVE('',#2027,#3590);
#3590 = DEFINITIONAL_REPRESENTATION('',(#3591),#3595);
#3591 = LINE('',#3592,#3593);
#3592 = CARTESIAN_POINT('',(1.014653635757E-17,-5.));
#3593 = VECTOR('',#3594,1.);
#3594 = DIRECTION('',(1.,0.));
#3595 = ( GEOMETRIC_REPRESENTATION_CONTEXT(2) 
PARAMETRIC_REPRESENTATION_CONTEXT() REPRESENTATION_CONTEXT('2D SPACE',''
  ) );
#3596 = ADVANCED_FACE('',(#3597),#1398,.F.);
#3597 = FACE_BOUND('',#3598,.F.);
#3598 = EDGE_LOOP('',(#3599,#3600,#3601,#3602));
#3599 = ORIENTED_EDGE('',*,*,#2116,.F.);
#3600 = ORIENTED_EDGE('',*,*,#1383,.F.);
#3601 = ORIENTED_EDGE('',*,*,#2268,.T.);
#3602 = ORIENTED_EDGE('',*,*,#2190,.F.);
#3603 = ADVANCED_FACE('',(#3604),#1331,.F.);
#3604 = FACE_BOUND('',#3605,.F.);
#3605 = EDGE_LOOP('',(#3606,#3607,#3608,#3609));
#3606 = ORIENTED_EDGE('',*,*,#2241,.F.);
#3607 = ORIENTED_EDGE('',*,*,#1316,.F.);
#3608 = ORIENTED_EDGE('',*,*,#2067,.T.);
#3609 = ORIENTED_EDGE('',*,*,#2163,.F.);
#3610 = ADVANCED_FACE('',(#3611),#1449,.F.);
#3611 = FACE_BOUND('',#3612,.F.);
#3612 = EDGE_LOOP('',(#3613,#3614,#3635,#3636));
#3613 = ORIENTED_EDGE('',*,*,#1431,.T.);
#3614 = ORIENTED_EDGE('',*,*,#3615,.T.);
#3615 = EDGE_CURVE('',#1434,#3092,#3616,.T.);
#3616 = SURFACE_CURVE('',#3617,(#3621,#3628),.PCURVE_S1.);
#3617 = LINE('',#3618,#3619);
#3618 = CARTESIAN_POINT('',(25.744662097671,13.848528137424,
    9.717224118093));
#3619 = VECTOR('',#3620,1.);
#3620 = DIRECTION('',(0.939692620786,0.,-0.342020143326));
#3621 = PCURVE('',#1449,#3622);
#3622 = DEFINITIONAL_REPRESENTATION('',(#3623),#3627);
#3623 = LINE('',#3624,#3625);
#3624 = CARTESIAN_POINT('',(0.,0.));
#3625 = VECTOR('',#3626,1.);
#3626 = DIRECTION('',(1.688027794645E-17,-1.));
#3627 = ( GEOMETRIC_REPRESENTATION_CONTEXT(2) 
PARAMETRIC_REPRESENTATION_CONTEXT() REPRESENTATION_CONTEXT('2D SPACE',''
  ) );
#3628 = PCURVE('',#1541,#3629);
#3629 = DEFINITIONAL_REPRESENTATION('',(#3630),#3634);
#3630 = LINE('',#3631,#3632);
#3631 = CARTESIAN_POINT('',(3.14159265359,0.));
#3632 = VECTOR('',#3633,1.);
#3633 = DIRECTION('',(0.,-1.));
#3634 = ( GEOMETRIC_REPRESENTATION_CONTEXT(2) 
PARAMETRIC_REPRESENTATION_CONTEXT() REPRESENTATION_CONTEXT('2D SPACE',''
  ) );
#3635 = ORIENTED_EDGE('',*,*,#3089,.F.);
#3636 = ORIENTED_EDGE('',*,*,#3637,.F.);
#3637 = EDGE_CURVE('',#1432,#3090,#3638,.T.);
#3638 = SURFACE_CURVE('',#3639,(#3643,#3650),.PCURVE_S1.);
#3639 = LINE('',#3640,#3641);
#3640 = CARTESIAN_POINT('',(25.06062181102,15.848528137424,
    7.837838876522));
#3641 = VECTOR('',#3642,1.);
#3642 = DIRECTION('',(0.939692620786,0.,-0.342020143326));
#3643 = PCURVE('',#1449,#3644);
#3644 = DEFINITIONAL_REPRESENTATION('',(#3645),#3649);
#3645 = LINE('',#3646,#3647);
#3646 = CARTESIAN_POINT('',(2.828427124746,1.154666631263E-15));
#3647 = VECTOR('',#3648,1.);
#3648 = DIRECTION('',(1.688027794645E-17,-1.));
#3649 = ( GEOMETRIC_REPRESENTATION_CONTEXT(2) 
PARAMETRIC_REPRESENTATION_CONTEXT() REPRESENTATION_CONTEXT('2D SPACE',''
  ) );
#3650 = PCURVE('',#1482,#3651);
#3651 = DEFINITIONAL_REPRESENTATION('',(#3652),#3656);
#3652 = LINE('',#3653,#3654);
#3653 = CARTESIAN_POINT('',(0.,0.));
#3654 = VECTOR('',#3655,1.);
#3655 = DIRECTION('',(0.,-1.));
#3656 = ( GEOMETRIC_REPRESENTATION_CONTEXT(2) 
PARAMETRIC_REPRESENTATION_CONTEXT() REPRESENTATION_CONTEXT('2D SPACE',''
  ) );
#3657 = ADVANCED_FACE('',(#3658),#1482,.F.);
#3658 = FACE_BOUND('',#3659,.F.);
#3659 = EDGE_LOOP('',(#3660,#3661,#3662,#3663));
#3660 = ORIENTED_EDGE('',*,*,#1461,.F.);
#3661 = ORIENTED_EDGE('',*,*,#3637,.T.);
#3662 = ORIENTED_EDGE('',*,*,#3114,.T.);
#3663 = ORIENTED_EDGE('',*,*,#3664,.F.);
#3664 = EDGE_CURVE('',#1462,#3115,#3665,.T.);
#3665 = SURFACE_CURVE('',#3666,(#3670,#3677),.PCURVE_S1.);
#3666 = LINE('',#3667,#3668);
#3667 = CARTESIAN_POINT('',(24.480194380665,14.151471862576,
    6.243127617989));
#3668 = VECTOR('',#3669,1.);
#3669 = DIRECTION('',(0.939692620786,0.,-0.342020143326));
#3670 = PCURVE('',#1482,#3671);
#3671 = DEFINITIONAL_REPRESENTATION('',(#3672),#3676);
#3672 = LINE('',#3673,#3674);
#3673 = CARTESIAN_POINT('',(3.14159265359,0.));
#3674 = VECTOR('',#3675,1.);
#3675 = DIRECTION('',(0.,-1.));
#3676 = ( GEOMETRIC_REPRESENTATION_CONTEXT(2) 
PARAMETRIC_REPRESENTATION_CONTEXT() REPRESENTATION_CONTEXT('2D SPACE',''
  ) );
#3677 = PCURVE('',#1510,#3678);
#3678 = DEFINITIONAL_REPRESENTATION('',(#3679),#3683);
#3679 = LINE('',#3680,#3681);
#3680 = CARTESIAN_POINT('',(0.,0.));
#3681 = VECTOR('',#3682,1.);
#3682 = DIRECTION('',(-1.688027794645E-17,-1.));
#3683 = ( GEOMETRIC_REPRESENTATION_CONTEXT(2) 
PARAMETRIC_REPRESENTATION_CONTEXT() REPRESENTATION_CONTEXT('2D SPACE',''
  ) );
#3684 = ADVANCED_FACE('',(#3685),#1541,.F.);
#3685 = FACE_BOUND('',#3686,.F.);
#3686 = EDGE_LOOP('',(#3687,#3688,#3709,#3710));
#3687 = ORIENTED_EDGE('',*,*,#1522,.F.);
#3688 = ORIENTED_EDGE('',*,*,#3689,.T.);
#3689 = EDGE_CURVE('',#1495,#3143,#3690,.T.);
#3690 = SURFACE_CURVE('',#3691,(#3695,#3702),.PCURVE_S1.);
#3691 = LINE('',#3692,#3693);
#3692 = CARTESIAN_POINT('',(25.164234667316,12.151471862576,
    8.122512859561));
#3693 = VECTOR('',#3694,1.);
#3694 = DIRECTION('',(0.939692620786,0.,-0.342020143326));
#3695 = PCURVE('',#1541,#3696);
#3696 = DEFINITIONAL_REPRESENTATION('',(#3697),#3701);
#3697 = LINE('',#3698,#3699);
#3698 = CARTESIAN_POINT('',(0.,0.));
#3699 = VECTOR('',#3700,1.);
#3700 = DIRECTION('',(0.,-1.));
#3701 = ( GEOMETRIC_REPRESENTATION_CONTEXT(2) 
PARAMETRIC_REPRESENTATION_CONTEXT() REPRESENTATION_CONTEXT('2D SPACE',''
  ) );
#3702 = PCURVE('',#1510,#3703);
#3703 = DEFINITIONAL_REPRESENTATION('',(#3704),#3708);
#3704 = LINE('',#3705,#3706);
#3705 = CARTESIAN_POINT('',(2.828427124746,2.479777353018E-15));
#3706 = VECTOR('',#3707,1.);
#3707 = DIRECTION('',(-1.688027794645E-17,-1.));
#3708 = ( GEOMETRIC_REPRESENTATION_CONTEXT(2) 
PARAMETRIC_REPRESENTATION_CONTEXT() REPRESENTATION_CONTEXT('2D SPACE',''
  ) );
#3709 = ORIENTED_EDGE('',*,*,#3165,.T.);
#3710 = ORIENTED_EDGE('',*,*,#3615,.F.);
#3711 = ADVANCED_FACE('',(#3712),#1510,.F.);
#3712 = FACE_BOUND('',#3713,.F.);
#3713 = EDGE_LOOP('',(#3714,#3715,#3716,#3717));
#3714 = ORIENTED_EDGE('',*,*,#1494,.T.);
#3715 = ORIENTED_EDGE('',*,*,#3664,.T.);
#3716 = ORIENTED_EDGE('',*,*,#3142,.F.);
#3717 = ORIENTED_EDGE('',*,*,#3689,.F.);
#3718 = ADVANCED_FACE('',(#3719),#1573,.F.);
#3719 = FACE_BOUND('',#3720,.F.);
#3720 = EDGE_LOOP('',(#3721,#3722,#3743,#3744));
#3721 = ORIENTED_EDGE('',*,*,#1555,.T.);
#3722 = ORIENTED_EDGE('',*,*,#3723,.T.);
#3723 = EDGE_CURVE('',#1558,#3196,#3724,.T.);
#3724 = SURFACE_CURVE('',#3725,(#3729,#3736),.PCURVE_S1.);
#3725 = LINE('',#3726,#3727);
#3726 = CARTESIAN_POINT('',(34.637185824139,12.151471862576,
    34.149232258527));
#3727 = VECTOR('',#3728,1.);
#3728 = DIRECTION('',(0.939692620786,0.,-0.342020143326));
#3729 = PCURVE('',#1573,#3730);
#3730 = DEFINITIONAL_REPRESENTATION('',(#3731),#3735);
#3731 = LINE('',#3732,#3733);
#3732 = CARTESIAN_POINT('',(0.,0.));
#3733 = VECTOR('',#3734,1.);
#3734 = DIRECTION('',(-1.688027794645E-17,-1.));
#3735 = ( GEOMETRIC_REPRESENTATION_CONTEXT(2) 
PARAMETRIC_REPRESENTATION_CONTEXT() REPRESENTATION_CONTEXT('2D SPACE',''
  ) );
#3736 = PCURVE('',#1665,#3737);
#3737 = DEFINITIONAL_REPRESENTATION('',(#3738),#3742);
#3738 = LINE('',#3739,#3740);
#3739 = CARTESIAN_POINT('',(3.14159265359,0.));
#3740 = VECTOR('',#3741,1.);
#3741 = DIRECTION('',(0.,-1.));
#3742 = ( GEOMETRIC_REPRESENTATION_CONTEXT(2) 
PARAMETRIC_REPRESENTATION_CONTEXT() REPRESENTATION_CONTEXT('2D SPACE',''
  ) );
#3743 = ORIENTED_EDGE('',*,*,#3193,.F.);
#3744 = ORIENTED_EDGE('',*,*,#3745,.F.);
#3745 = EDGE_CURVE('',#1556,#3194,#3746,.T.);
#3746 = SURFACE_CURVE('',#3747,(#3751,#3758),.PCURVE_S1.);
#3747 = LINE('',#3748,#3749);
#3748 = CARTESIAN_POINT('',(35.32122611079,14.151471862576,
    36.028617500099));
#3749 = VECTOR('',#3750,1.);
#3750 = DIRECTION('',(0.939692620786,0.,-0.342020143326));
#3751 = PCURVE('',#1573,#3752);
#3752 = DEFINITIONAL_REPRESENTATION('',(#3753),#3757);
#3753 = LINE('',#3754,#3755);
#3754 = CARTESIAN_POINT('',(2.828427124746,-8.508917208579E-16));
#3755 = VECTOR('',#3756,1.);
#3756 = DIRECTION('',(-1.688027794645E-17,-1.));
#3757 = ( GEOMETRIC_REPRESENTATION_CONTEXT(2) 
PARAMETRIC_REPRESENTATION_CONTEXT() REPRESENTATION_CONTEXT('2D SPACE',''
  ) );
#3758 = PCURVE('',#1606,#3759);
#3759 = DEFINITIONAL_REPRESENTATION('',(#3760),#3764);
#3760 = LINE('',#3761,#3762);
#3761 = CARTESIAN_POINT('',(0.,0.));
#3762 = VECTOR('',#3763,1.);
#3763 = DIRECTION('',(0.,-1.));
#3764 = ( GEOMETRIC_REPRESENTATION_CONTEXT(2) 
PARAMETRIC_REPRESENTATION_CONTEXT() REPRESENTATION_CONTEXT('2D SPACE',''
  ) );
#3765 = ADVANCED_FACE('',(#3766),#1606,.F.);
#3766 = FACE_BOUND('',#3767,.F.);
#3767 = EDGE_LOOP('',(#3768,#3769,#3770,#3771));
#3768 = ORIENTED_EDGE('',*,*,#1585,.F.);
#3769 = ORIENTED_EDGE('',*,*,#3745,.T.);
#3770 = ORIENTED_EDGE('',*,*,#3218,.T.);
#3771 = ORIENTED_EDGE('',*,*,#3772,.F.);
#3772 = EDGE_CURVE('',#1586,#3219,#3773,.T.);
#3773 = SURFACE_CURVE('',#3774,(#3778,#3785),.PCURVE_S1.);
#3774 = LINE('',#3775,#3776);
#3775 = CARTESIAN_POINT('',(34.740798680435,15.848528137424,
    34.433906241566));
#3776 = VECTOR('',#3777,1.);
#3777 = DIRECTION('',(0.939692620786,0.,-0.342020143326));
#3778 = PCURVE('',#1606,#3779);
#3779 = DEFINITIONAL_REPRESENTATION('',(#3780),#3784);
#3780 = LINE('',#3781,#3782);
#3781 = CARTESIAN_POINT('',(3.14159265359,0.));
#3782 = VECTOR('',#3783,1.);
#3783 = DIRECTION('',(0.,-1.));
#3784 = ( GEOMETRIC_REPRESENTATION_CONTEXT(2) 
PARAMETRIC_REPRESENTATION_CONTEXT() REPRESENTATION_CONTEXT('2D SPACE',''
  ) );
#3785 = PCURVE('',#1634,#3786);
#3786 = DEFINITIONAL_REPRESENTATION('',(#3787),#3791);
#3787 = LINE('',#3788,#3789);
#3788 = CARTESIAN_POINT('',(-0.,0.));
#3789 = VECTOR('',#3790,1.);
#3790 = DIRECTION('',(1.688027794645E-17,-1.));
#3791 = ( GEOMETRIC_REPRESENTATION_CONTEXT(2) 
PARAMETRIC_REPRESENTATION_CONTEXT() REPRESENTATION_CONTEXT('2D SPACE',''
  ) );
#3792 = ADVANCED_FACE('',(#3793),#1665,.F.);
#3793 = FACE_BOUND('',#3794,.F.);
#3794 = EDGE_LOOP('',(#3795,#3796,#3817,#3818));
#3795 = ORIENTED_EDGE('',*,*,#1646,.F.);
#3796 = ORIENTED_EDGE('',*,*,#3797,.T.);
#3797 = EDGE_CURVE('',#1619,#3247,#3798,.T.);
#3798 = SURFACE_CURVE('',#3799,(#3803,#3810),.PCURVE_S1.);
#3799 = LINE('',#3800,#3801);
#3800 = CARTESIAN_POINT('',(34.056758393784,13.848528137424,
    32.554520999994));
#3801 = VECTOR('',#3802,1.);
#3802 = DIRECTION('',(0.939692620786,0.,-0.342020143326));
#3803 = PCURVE('',#1665,#3804);
#3804 = DEFINITIONAL_REPRESENTATION('',(#3805),#3809);
#3805 = LINE('',#3806,#3807);
#3806 = CARTESIAN_POINT('',(0.,0.));
#3807 = VECTOR('',#3808,1.);
#3808 = DIRECTION('',(0.,-1.));
#3809 = ( GEOMETRIC_REPRESENTATION_CONTEXT(2) 
PARAMETRIC_REPRESENTATION_CONTEXT() REPRESENTATION_CONTEXT('2D SPACE',''
  ) );
#3810 = PCURVE('',#1634,#3811);
#3811 = DEFINITIONAL_REPRESENTATION('',(#3812),#3816);
#3812 = LINE('',#3813,#3814);
#3813 = CARTESIAN_POINT('',(2.828427124746,8.508917208579E-16));
#3814 = VECTOR('',#3815,1.);
#3815 = DIRECTION('',(1.688027794645E-17,-1.));
#3816 = ( GEOMETRIC_REPRESENTATION_CONTEXT(2) 
PARAMETRIC_REPRESENTATION_CONTEXT() REPRESENTATION_CONTEXT('2D SPACE',''
  ) );
#3817 = ORIENTED_EDGE('',*,*,#3269,.T.);
#3818 = ORIENTED_EDGE('',*,*,#3723,.F.);
#3819 = ADVANCED_FACE('',(#3820),#1634,.F.);
#3820 = FACE_BOUND('',#3821,.F.);
#3821 = EDGE_LOOP('',(#3822,#3823,#3824,#3825));
#3822 = ORIENTED_EDGE('',*,*,#1618,.T.);
#3823 = ORIENTED_EDGE('',*,*,#3772,.T.);
#3824 = ORIENTED_EDGE('',*,*,#3246,.F.);
#3825 = ORIENTED_EDGE('',*,*,#3797,.F.);
#3826 = ADVANCED_FACE('',(#3827),#1697,.T.);
#3827 = FACE_BOUND('',#3828,.T.);
#3828 = EDGE_LOOP('',(#3829,#3830,#3851,#3852));
#3829 = ORIENTED_EDGE('',*,*,#1679,.T.);
#3830 = ORIENTED_EDGE('',*,*,#3831,.T.);
#3831 = EDGE_CURVE('',#1682,#3404,#3832,.T.);
#3832 = SURFACE_CURVE('',#3833,(#3837,#3844),.PCURVE_S1.);
#3833 = LINE('',#3834,#3835);
#3834 = CARTESIAN_POINT('',(26.480508812471,10.,11.738946351185));
#3835 = VECTOR('',#3836,1.);
#3836 = DIRECTION('',(0.939692620786,0.,-0.342020143326));
#3837 = PCURVE('',#1697,#3838);
#3838 = DEFINITIONAL_REPRESENTATION('',(#3839),#3843);
#3839 = LINE('',#3840,#3841);
#3840 = CARTESIAN_POINT('',(0.,0.));
#3841 = VECTOR('',#3842,1.);
#3842 = DIRECTION('',(2.222180331868E-17,-1.));
#3843 = ( GEOMETRIC_REPRESENTATION_CONTEXT(2) 
PARAMETRIC_REPRESENTATION_CONTEXT() REPRESENTATION_CONTEXT('2D SPACE',''
  ) );
#3844 = PCURVE('',#1725,#3845);
#3845 = DEFINITIONAL_REPRESENTATION('',(#3846),#3850);
#3846 = LINE('',#3847,#3848);
#3847 = CARTESIAN_POINT('',(20.,0.));
#3848 = VECTOR('',#3849,1.);
#3849 = DIRECTION('',(0.,-1.));
#3850 = ( GEOMETRIC_REPRESENTATION_CONTEXT(2) 
PARAMETRIC_REPRESENTATION_CONTEXT() REPRESENTATION_CONTEXT('2D SPACE',''
  ) );
#3851 = ORIENTED_EDGE('',*,*,#3401,.F.);
#3852 = ORIENTED_EDGE('',*,*,#3853,.F.);
#3853 = EDGE_CURVE('',#1680,#3402,#3854,.T.);
#3854 = SURFACE_CURVE('',#3855,(#3859,#3866),.PCURVE_S1.);
#3855 = LINE('',#3856,#3857);
#3856 = CARTESIAN_POINT('',(33.320911678984,10.,30.532798766903));
#3857 = VECTOR('',#3858,1.);
#3858 = DIRECTION('',(0.939692620786,0.,-0.342020143326));
#3859 = PCURVE('',#1697,#3860);
#3860 = DEFINITIONAL_REPRESENTATION('',(#3861),#3865);
#3861 = LINE('',#3862,#3863);
#3862 = CARTESIAN_POINT('',(20.,-5.030200603394E-16));
#3863 = VECTOR('',#3864,1.);
#3864 = DIRECTION('',(2.222180331868E-17,-1.));
#3865 = ( GEOMETRIC_REPRESENTATION_CONTEXT(2) 
PARAMETRIC_REPRESENTATION_CONTEXT() REPRESENTATION_CONTEXT('2D SPACE',''
  ) );
#3866 = PCURVE('',#1779,#3867);
#3867 = DEFINITIONAL_REPRESENTATION('',(#3868),#3872);
#3868 = LINE('',#3869,#3870);
#3869 = CARTESIAN_POINT('',(0.,0.));
#3870 = VECTOR('',#3871,1.);
#3871 = DIRECTION('',(0.,-1.));
#3872 = ( GEOMETRIC_REPRESENTATION_CONTEXT(2) 
PARAMETRIC_REPRESENTATION_CONTEXT() REPRESENTATION_CONTEXT('2D SPACE',''
  ) );
#3873 = ADVANCED_FACE('',(#3874),#1779,.T.);
#3874 = FACE_BOUND('',#3875,.T.);
#3875 = EDGE_LOOP('',(#3876,#3877,#3878,#3879));
#3876 = ORIENTED_EDGE('',*,*,#1765,.T.);
#3877 = ORIENTED_EDGE('',*,*,#3853,.T.);
#3878 = ORIENTED_EDGE('',*,*,#3472,.F.);
#3879 = ORIENTED_EDGE('',*,*,#3880,.F.);
#3880 = EDGE_CURVE('',#1738,#3450,#3881,.T.);
#3881 = SURFACE_CURVE('',#3882,(#3886,#3893),.PCURVE_S1.);
#3882 = LINE('',#3883,#3884);
#3883 = CARTESIAN_POINT('',(33.320911678984,-10.,30.532798766903));
#3884 = VECTOR('',#3885,1.);
#3885 = DIRECTION('',(0.939692620786,0.,-0.342020143326));
#3886 = PCURVE('',#1779,#3887);
#3887 = DEFINITIONAL_REPRESENTATION('',(#3888),#3892);
#3888 = LINE('',#3889,#3890);
#3889 = CARTESIAN_POINT('',(20.,0.));
#3890 = VECTOR('',#3891,1.);
#3891 = DIRECTION('',(0.,-1.));
#3892 = ( GEOMETRIC_REPRESENTATION_CONTEXT(2) 
PARAMETRIC_REPRESENTATION_CONTEXT() REPRESENTATION_CONTEXT('2D SPACE',''
  ) );
#3893 = PCURVE('',#1753,#3894);
#3894 = DEFINITIONAL_REPRESENTATION('',(#3895),#3899);
#3895 = LINE('',#3896,#3897);
#3896 = CARTESIAN_POINT('',(0.,0.));
#3897 = VECTOR('',#3898,1.);
#3898 = DIRECTION('',(-2.222180331868E-17,-1.));
#3899 = ( GEOMETRIC_REPRESENTATION_CONTEXT(2) 
PARAMETRIC_REPRESENTATION_CONTEXT() REPRESENTATION_CONTEXT('2D SPACE',''
  ) );
#3900 = ADVANCED_FACE('',(#3901),#1725,.T.);
#3901 = FACE_BOUND('',#3902,.T.);
#3902 = EDGE_LOOP('',(#3903,#3904,#3925,#3926));
#3903 = ORIENTED_EDGE('',*,*,#1709,.T.);
#3904 = ORIENTED_EDGE('',*,*,#3905,.T.);
#3905 = EDGE_CURVE('',#1710,#3427,#3906,.T.);
#3906 = SURFACE_CURVE('',#3907,(#3911,#3918),.PCURVE_S1.);
#3907 = LINE('',#3908,#3909);
#3908 = CARTESIAN_POINT('',(26.480508812471,-10.,11.738946351185));
#3909 = VECTOR('',#3910,1.);
#3910 = DIRECTION('',(0.939692620786,0.,-0.342020143326));
#3911 = PCURVE('',#1725,#3912);
#3912 = DEFINITIONAL_REPRESENTATION('',(#3913),#3917);
#3913 = LINE('',#3914,#3915);
#3914 = CARTESIAN_POINT('',(0.,0.));
#3915 = VECTOR('',#3916,1.);
#3916 = DIRECTION('',(0.,-1.));
#3917 = ( GEOMETRIC_REPRESENTATION_CONTEXT(2) 
PARAMETRIC_REPRESENTATION_CONTEXT() REPRESENTATION_CONTEXT('2D SPACE',''
  ) );
#3918 = PCURVE('',#1753,#3919);
#3919 = DEFINITIONAL_REPRESENTATION('',(#3920),#3924);
#3920 = LINE('',#3921,#3922);
#3921 = CARTESIAN_POINT('',(20.,5.030200603394E-16));
#3922 = VECTOR('',#3923,1.);
#3923 = DIRECTION('',(-2.222180331868E-17,-1.));
#3924 = ( GEOMETRIC_REPRESENTATION_CONTEXT(2) 
PARAMETRIC_REPRESENTATION_CONTEXT() REPRESENTATION_CONTEXT('2D SPACE',''
  ) );
#3925 = ORIENTED_EDGE('',*,*,#3426,.F.);
#3926 = ORIENTED_EDGE('',*,*,#3831,.F.);
#3927 = ADVANCED_FACE('',(#3928),#1753,.T.);
#3928 = FACE_BOUND('',#3929,.T.);
#3929 = EDGE_LOOP('',(#3930,#3931,#3932,#3933));
#3930 = ORIENTED_EDGE('',*,*,#1737,.T.);
#3931 = ORIENTED_EDGE('',*,*,#3880,.T.);
#3932 = ORIENTED_EDGE('',*,*,#3449,.F.);
#3933 = ORIENTED_EDGE('',*,*,#3905,.F.);
#3934 = ADVANCED_FACE('',(#3935),#1811,.F.);
#3935 = FACE_BOUND('',#3936,.F.);
#3936 = EDGE_LOOP('',(#3937,#3938,#3959,#3960));
#3937 = ORIENTED_EDGE('',*,*,#1793,.T.);
#3938 = ORIENTED_EDGE('',*,*,#3939,.T.);
#3939 = EDGE_CURVE('',#1796,#3300,#3940,.T.);
#3940 = SURFACE_CURVE('',#3941,(#3945,#3952),.PCURVE_S1.);
#3941 = LINE('',#3942,#3943);
#3942 = CARTESIAN_POINT('',(25.06062181102,-15.84852813742,
    7.837838876522));
#3943 = VECTOR('',#3944,1.);
#3944 = DIRECTION('',(0.939692620786,0.,-0.342020143326));
#3945 = PCURVE('',#1811,#3946);
#3946 = DEFINITIONAL_REPRESENTATION('',(#3947),#3951);
#3947 = LINE('',#3948,#3949);
#3948 = CARTESIAN_POINT('',(0.,0.));
#3949 = VECTOR('',#3950,1.);
#3950 = DIRECTION('',(-1.688027794645E-17,-1.));
#3951 = ( GEOMETRIC_REPRESENTATION_CONTEXT(2) 
PARAMETRIC_REPRESENTATION_CONTEXT() REPRESENTATION_CONTEXT('2D SPACE',''
  ) );
#3952 = PCURVE('',#1903,#3953);
#3953 = DEFINITIONAL_REPRESENTATION('',(#3954),#3958);
#3954 = LINE('',#3955,#3956);
#3955 = CARTESIAN_POINT('',(3.14159265359,0.));
#3956 = VECTOR('',#3957,1.);
#3957 = DIRECTION('',(0.,-1.));
#3958 = ( GEOMETRIC_REPRESENTATION_CONTEXT(2) 
PARAMETRIC_REPRESENTATION_CONTEXT() REPRESENTATION_CONTEXT('2D SPACE',''
  ) );
#3959 = ORIENTED_EDGE('',*,*,#3297,.F.);
#3960 = ORIENTED_EDGE('',*,*,#3961,.F.);
#3961 = EDGE_CURVE('',#1794,#3298,#3962,.T.);
#3962 = SURFACE_CURVE('',#3963,(#3967,#3974),.PCURVE_S1.);
#3963 = LINE('',#3964,#3965);
#3964 = CARTESIAN_POINT('',(25.744662097671,-13.84852813742,
    9.717224118093));
#3965 = VECTOR('',#3966,1.);
#3966 = DIRECTION('',(0.939692620786,0.,-0.342020143326));
#3967 = PCURVE('',#1811,#3968);
#3968 = DEFINITIONAL_REPRESENTATION('',(#3969),#3973);
#3969 = LINE('',#3970,#3971);
#3970 = CARTESIAN_POINT('',(2.828427124746,-1.154666631263E-15));
#3971 = VECTOR('',#3972,1.);
#3972 = DIRECTION('',(-1.688027794645E-17,-1.));
#3973 = ( GEOMETRIC_REPRESENTATION_CONTEXT(2) 
PARAMETRIC_REPRESENTATION_CONTEXT() REPRESENTATION_CONTEXT('2D SPACE',''
  ) );
#3974 = PCURVE('',#1844,#3975);
#3975 = DEFINITIONAL_REPRESENTATION('',(#3976),#3980);
#3976 = LINE('',#3977,#3978);
#3977 = CARTESIAN_POINT('',(0.,0.));
#3978 = VECTOR('',#3979,1.);
#3979 = DIRECTION('',(0.,-1.));
#3980 = ( GEOMETRIC_REPRESENTATION_CONTEXT(2) 
PARAMETRIC_REPRESENTATION_CONTEXT() REPRESENTATION_CONTEXT('2D SPACE',''
  ) );
#3981 = ADVANCED_FACE('',(#3982),#1844,.F.);
#3982 = FACE_BOUND('',#3983,.F.);
#3983 = EDGE_LOOP('',(#3984,#3985,#3986,#3987));
#3984 = ORIENTED_EDGE('',*,*,#1823,.F.);
#3985 = ORIENTED_EDGE('',*,*,#3961,.T.);
#3986 = ORIENTED_EDGE('',*,*,#3322,.T.);
#3987 = ORIENTED_EDGE('',*,*,#3988,.F.);
#3988 = EDGE_CURVE('',#1824,#3323,#3989,.T.);
#3989 = SURFACE_CURVE('',#3990,(#3994,#4001),.PCURVE_S1.);
#3990 = LINE('',#3991,#3992);
#3991 = CARTESIAN_POINT('',(25.164234667316,-12.15147186257,
    8.122512859561));
#3992 = VECTOR('',#3993,1.);
#3993 = DIRECTION('',(0.939692620786,0.,-0.342020143326));
#3994 = PCURVE('',#1844,#3995);
#3995 = DEFINITIONAL_REPRESENTATION('',(#3996),#4000);
#3996 = LINE('',#3997,#3998);
#3997 = CARTESIAN_POINT('',(3.14159265359,0.));
#3998 = VECTOR('',#3999,1.);
#3999 = DIRECTION('',(0.,-1.));
#4000 = ( GEOMETRIC_REPRESENTATION_CONTEXT(2) 
PARAMETRIC_REPRESENTATION_CONTEXT() REPRESENTATION_CONTEXT('2D SPACE',''
  ) );
#4001 = PCURVE('',#1872,#4002);
#4002 = DEFINITIONAL_REPRESENTATION('',(#4003),#4007);
#4003 = LINE('',#4004,#4005);
#4004 = CARTESIAN_POINT('',(-0.,0.));
#4005 = VECTOR('',#4006,1.);
#4006 = DIRECTION('',(1.688027794645E-17,-1.));
#4007 = ( GEOMETRIC_REPRESENTATION_CONTEXT(2) 
PARAMETRIC_REPRESENTATION_CONTEXT() REPRESENTATION_CONTEXT('2D SPACE',''
  ) );
#4008 = ADVANCED_FACE('',(#4009),#1903,.F.);
#4009 = FACE_BOUND('',#4010,.F.);
#4010 = EDGE_LOOP('',(#4011,#4012,#4033,#4034));
#4011 = ORIENTED_EDGE('',*,*,#1884,.F.);
#4012 = ORIENTED_EDGE('',*,*,#4013,.T.);
#4013 = EDGE_CURVE('',#1857,#3351,#4014,.T.);
#4014 = SURFACE_CURVE('',#4015,(#4019,#4026),.PCURVE_S1.);
#4015 = LINE('',#4016,#4017);
#4016 = CARTESIAN_POINT('',(24.480194380665,-14.15147186257,
    6.243127617989));
#4017 = VECTOR('',#4018,1.);
#4018 = DIRECTION('',(0.939692620786,0.,-0.342020143326));
#4019 = PCURVE('',#1903,#4020);
#4020 = DEFINITIONAL_REPRESENTATION('',(#4021),#4025);
#4021 = LINE('',#4022,#4023);
#4022 = CARTESIAN_POINT('',(0.,0.));
#4023 = VECTOR('',#4024,1.);
#4024 = DIRECTION('',(0.,-1.));
#4025 = ( GEOMETRIC_REPRESENTATION_CONTEXT(2) 
PARAMETRIC_REPRESENTATION_CONTEXT() REPRESENTATION_CONTEXT('2D SPACE',''
  ) );
#4026 = PCURVE('',#1872,#4027);
#4027 = DEFINITIONAL_REPRESENTATION('',(#4028),#4032);
#4028 = LINE('',#4029,#4030);
#4029 = CARTESIAN_POINT('',(2.828427124746,-2.479777353018E-15));
#4030 = VECTOR('',#4031,1.);
#4031 = DIRECTION('',(1.688027794645E-17,-1.));
#4032 = ( GEOMETRIC_REPRESENTATION_CONTEXT(2) 
PARAMETRIC_REPRESENTATION_CONTEXT() REPRESENTATION_CONTEXT('2D SPACE',''
  ) );
#4033 = ORIENTED_EDGE('',*,*,#3373,.T.);
#4034 = ORIENTED_EDGE('',*,*,#3939,.F.);
#4035 = ADVANCED_FACE('',(#4036),#1872,.F.);
#4036 = FACE_BOUND('',#4037,.F.);
#4037 = EDGE_LOOP('',(#4038,#4039,#4040,#4041));
#4038 = ORIENTED_EDGE('',*,*,#1856,.T.);
#4039 = ORIENTED_EDGE('',*,*,#3988,.T.);
#4040 = ORIENTED_EDGE('',*,*,#3350,.F.);
#4041 = ORIENTED_EDGE('',*,*,#4013,.F.);
#4042 = ADVANCED_FACE('',(#4043),#1935,.F.);
#4043 = FACE_BOUND('',#4044,.F.);
#4044 = EDGE_LOOP('',(#4045,#4046,#4067,#4068));
#4045 = ORIENTED_EDGE('',*,*,#1917,.T.);
#4046 = ORIENTED_EDGE('',*,*,#4047,.T.);
#4047 = EDGE_CURVE('',#1920,#3498,#4048,.T.);
#4048 = SURFACE_CURVE('',#4049,(#4053,#4060),.PCURVE_S1.);
#4049 = LINE('',#4050,#4051);
#4050 = CARTESIAN_POINT('',(35.32122611079,-14.15147186257,
    36.028617500099));
#4051 = VECTOR('',#4052,1.);
#4052 = DIRECTION('',(0.939692620786,0.,-0.342020143326));
#4053 = PCURVE('',#1935,#4054);
#4054 = DEFINITIONAL_REPRESENTATION('',(#4055),#4059);
#4055 = LINE('',#4056,#4057);
#4056 = CARTESIAN_POINT('',(0.,0.));
#4057 = VECTOR('',#4058,1.);
#4058 = DIRECTION('',(1.688027794645E-17,-1.));
#4059 = ( GEOMETRIC_REPRESENTATION_CONTEXT(2) 
PARAMETRIC_REPRESENTATION_CONTEXT() REPRESENTATION_CONTEXT('2D SPACE',''
  ) );
#4060 = PCURVE('',#2027,#4061);
#4061 = DEFINITIONAL_REPRESENTATION('',(#4062),#4066);
#4062 = LINE('',#4063,#4064);
#4063 = CARTESIAN_POINT('',(3.14159265359,0.));
#4064 = VECTOR('',#4065,1.);
#4065 = DIRECTION('',(0.,-1.));
#4066 = ( GEOMETRIC_REPRESENTATION_CONTEXT(2) 
PARAMETRIC_REPRESENTATION_CONTEXT() REPRESENTATION_CONTEXT('2D SPACE',''
  ) );
#4067 = ORIENTED_EDGE('',*,*,#3495,.F.);
#4068 = ORIENTED_EDGE('',*,*,#4069,.F.);
#4069 = EDGE_CURVE('',#1918,#3496,#4070,.T.);
#4070 = SURFACE_CURVE('',#4071,(#4075,#4082),.PCURVE_S1.);
#4071 = LINE('',#4072,#4073);
#4072 = CARTESIAN_POINT('',(34.637185824139,-12.15147186257,
    34.149232258527));
#4073 = VECTOR('',#4074,1.);
#4074 = DIRECTION('',(0.939692620786,0.,-0.342020143326));
#4075 = PCURVE('',#1935,#4076);
#4076 = DEFINITIONAL_REPRESENTATION('',(#4077),#4081);
#4077 = LINE('',#4078,#4079);
#4078 = CARTESIAN_POINT('',(2.828427124746,8.508917208579E-16));
#4079 = VECTOR('',#4080,1.);
#4080 = DIRECTION('',(1.688027794645E-17,-1.));
#4081 = ( GEOMETRIC_REPRESENTATION_CONTEXT(2) 
PARAMETRIC_REPRESENTATION_CONTEXT() REPRESENTATION_CONTEXT('2D SPACE',''
  ) );
#4082 = PCURVE('',#1968,#4083);
#4083 = DEFINITIONAL_REPRESENTATION('',(#4084),#4088);
#4084 = LINE('',#4085,#4086);
#4085 = CARTESIAN_POINT('',(0.,0.));
#4086 = VECTOR('',#4087,1.);
#4087 = DIRECTION('',(0.,-1.));
#4088 = ( GEOMETRIC_REPRESENTATION_CONTEXT(2) 
PARAMETRIC_REPRESENTATION_CONTEXT() REPRESENTATION_CONTEXT('2D SPACE',''
  ) );
#4089 = ADVANCED_FACE('',(#4090),#1968,.F.);
#4090 = FACE_BOUND('',#4091,.F.);
#4091 = EDGE_LOOP('',(#4092,#4093,#4094,#4095));
#4092 = ORIENTED_EDGE('',*,*,#1947,.F.);
#4093 = ORIENTED_EDGE('',*,*,#4069,.T.);
#4094 = ORIENTED_EDGE('',*,*,#3520,.T.);
#4095 = ORIENTED_EDGE('',*,*,#4096,.F.);
#4096 = EDGE_CURVE('',#1948,#3521,#4097,.T.);
#4097 = SURFACE_CURVE('',#4098,(#4102,#4109),.PCURVE_S1.);
#4098 = LINE('',#4099,#4100);
#4099 = CARTESIAN_POINT('',(34.056758393784,-13.84852813742,
    32.554520999994));
#4100 = VECTOR('',#4101,1.);
#4101 = DIRECTION('',(0.939692620786,0.,-0.342020143326));
#4102 = PCURVE('',#1968,#4103);
#4103 = DEFINITIONAL_REPRESENTATION('',(#4104),#4108);
#4104 = LINE('',#4105,#4106);
#4105 = CARTESIAN_POINT('',(3.14159265359,0.));
#4106 = VECTOR('',#4107,1.);
#4107 = DIRECTION('',(0.,-1.));
#4108 = ( GEOMETRIC_REPRESENTATION_CONTEXT(2) 
PARAMETRIC_REPRESENTATION_CONTEXT() REPRESENTATION_CONTEXT('2D SPACE',''
  ) );
#4109 = PCURVE('',#1996,#4110);
#4110 = DEFINITIONAL_REPRESENTATION('',(#4111),#4115);
#4111 = LINE('',#4112,#4113);
#4112 = CARTESIAN_POINT('',(0.,0.));
#4113 = VECTOR('',#4114,1.);
#4114 = DIRECTION('',(-1.688027794645E-17,-1.));
#4115 = ( GEOMETRIC_REPRESENTATION_CONTEXT(2) 
PARAMETRIC_REPRESENTATION_CONTEXT() REPRESENTATION_CONTEXT('2D SPACE',''
  ) );
#4116 = ADVANCED_FACE('',(#4117),#2027,.F.);
#4117 = FACE_BOUND('',#4118,.F.);
#4118 = EDGE_LOOP('',(#4119,#4120,#4141,#4142));
#4119 = ORIENTED_EDGE('',*,*,#2008,.F.);
#4120 = ORIENTED_EDGE('',*,*,#4121,.T.);
#4121 = EDGE_CURVE('',#1981,#3549,#4122,.T.);
#4122 = SURFACE_CURVE('',#4123,(#4127,#4134),.PCURVE_S1.);
#4123 = LINE('',#4124,#4125);
#4124 = CARTESIAN_POINT('',(34.740798680435,-15.84852813742,
    34.433906241566));
#4125 = VECTOR('',#4126,1.);
#4126 = DIRECTION('',(0.939692620786,0.,-0.342020143326));
#4127 = PCURVE('',#2027,#4128);
#4128 = DEFINITIONAL_REPRESENTATION('',(#4129),#4133);
#4129 = LINE('',#4130,#4131);
#4130 = CARTESIAN_POINT('',(0.,0.));
#4131 = VECTOR('',#4132,1.);
#4132 = DIRECTION('',(0.,-1.));
#4133 = ( GEOMETRIC_REPRESENTATION_CONTEXT(2) 
PARAMETRIC_REPRESENTATION_CONTEXT() REPRESENTATION_CONTEXT('2D SPACE',''
  ) );
#4134 = PCURVE('',#1996,#4135);
#4135 = DEFINITIONAL_REPRESENTATION('',(#4136),#4140);
#4136 = LINE('',#4137,#4138);
#4137 = CARTESIAN_POINT('',(2.828427124746,-8.508917208579E-16));
#4138 = VECTOR('',#4139,1.);
#4139 = DIRECTION('',(-1.688027794645E-17,-1.));
#4140 = ( GEOMETRIC_REPRESENTATION_CONTEXT(2) 
PARAMETRIC_REPRESENTATION_CONTEXT() REPRESENTATION_CONTEXT('2D SPACE',''
  ) );
#4141 = ORIENTED_EDGE('',*,*,#3571,.T.);
#4142 = ORIENTED_EDGE('',*,*,#4047,.F.);
#4143 = ADVANCED_FACE('',(#4144),#1996,.F.);
#4144 = FACE_BOUND('',#4145,.F.);
#4145 = EDGE_LOOP('',(#4146,#4147,#4148,#4149));
#4146 = ORIENTED_EDGE('',*,*,#1980,.T.);
#4147 = ORIENTED_EDGE('',*,*,#4096,.T.);
#4148 = ORIENTED_EDGE('',*,*,#3548,.F.);
#4149 = ORIENTED_EDGE('',*,*,#4121,.F.);
#4150 = ADVANCED_FACE('',(#4151),#2580,.F.);
#4151 = FACE_BOUND('',#4152,.F.);
#4152 = EDGE_LOOP('',(#4153,#4176,#4177,#4178,#4201));
#4153 = ORIENTED_EDGE('',*,*,#4154,.F.);
#4154 = EDGE_CURVE('',#2763,#4155,#4157,.T.);
#4155 = VERTEX_POINT('',#4156);
#4156 = CARTESIAN_POINT('',(32.,-16.5,2.));
#4157 = SURFACE_CURVE('',#4158,(#4162,#4169),.PCURVE_S1.);
#4158 = LINE('',#4159,#4160);
#4159 = CARTESIAN_POINT('',(12.,-16.5,2.));
#4160 = VECTOR('',#4161,1.);
#4161 = DIRECTION('',(1.,0.,0.));
#4162 = PCURVE('',#2580,#4163);
#4163 = DEFINITIONAL_REPRESENTATION('',(#4164),#4168);
#4164 = LINE('',#4165,#4166);
#4165 = CARTESIAN_POINT('',(0.,0.));
#4166 = VECTOR('',#4167,1.);
#4167 = DIRECTION('',(1.,0.));
#4168 = ( GEOMETRIC_REPRESENTATION_CONTEXT(2) 
PARAMETRIC_REPRESENTATION_CONTEXT() REPRESENTATION_CONTEXT('2D SPACE',''
  ) );
#4169 = PCURVE('',#2777,#4170);
#4170 = DEFINITIONAL_REPRESENTATION('',(#4171),#4175);
#4171 = LINE('',#4172,#4173);
#4172 = CARTESIAN_POINT('',(7.933034373659,-13.06696562634));
#4173 = VECTOR('',#4174,1.);
#4174 = DIRECTION('',(0.,1.));
#4175 = ( GEOMETRIC_REPRESENTATION_CONTEXT(2) 
PARAMETRIC_REPRESENTATION_CONTEXT() REPRESENTATION_CONTEXT('2D SPACE',''
  ) );
#4176 = ORIENTED_EDGE('',*,*,#2788,.T.);
#4177 = ORIENTED_EDGE('',*,*,#2565,.F.);
#4178 = ORIENTED_EDGE('',*,*,#4179,.T.);
#4179 = EDGE_CURVE('',#2540,#4180,#4182,.T.);
#4180 = VERTEX_POINT('',#4181);
#4181 = CARTESIAN_POINT('',(32.,-19.5,2.));
#4182 = SURFACE_CURVE('',#4183,(#4187,#4194),.PCURVE_S1.);
#4183 = LINE('',#4184,#4185);
#4184 = CARTESIAN_POINT('',(12.,-19.5,2.));
#4185 = VECTOR('',#4186,1.);
#4186 = DIRECTION('',(1.,0.,0.));
#4187 = PCURVE('',#2580,#4188);
#4188 = DEFINITIONAL_REPRESENTATION('',(#4189),#4193);
#4189 = LINE('',#4190,#4191);
#4190 = CARTESIAN_POINT('',(0.,-3.));
#4191 = VECTOR('',#4192,1.);
#4192 = DIRECTION('',(1.,0.));
#4193 = ( GEOMETRIC_REPRESENTATION_CONTEXT(2) 
PARAMETRIC_REPRESENTATION_CONTEXT() REPRESENTATION_CONTEXT('2D SPACE',''
  ) );
#4194 = PCURVE('',#2554,#4195);
#4195 = DEFINITIONAL_REPRESENTATION('',(#4196),#4200);
#4196 = LINE('',#4197,#4198);
#4197 = CARTESIAN_POINT('',(7.933034373659,-13.06696562634));
#4198 = VECTOR('',#4199,1.);
#4199 = DIRECTION('',(0.,1.));
#4200 = ( GEOMETRIC_REPRESENTATION_CONTEXT(2) 
PARAMETRIC_REPRESENTATION_CONTEXT() REPRESENTATION_CONTEXT('2D SPACE',''
  ) );
#4201 = ORIENTED_EDGE('',*,*,#4202,.F.);
#4202 = EDGE_CURVE('',#4155,#4180,#4203,.T.);
#4203 = SURFACE_CURVE('',#4204,(#4208,#4215),.PCURVE_S1.);
#4204 = LINE('',#4205,#4206);
#4205 = CARTESIAN_POINT('',(32.,-16.5,2.));
#4206 = VECTOR('',#4207,1.);
#4207 = DIRECTION('',(0.,-1.,0.));
#4208 = PCURVE('',#2580,#4209);
#4209 = DEFINITIONAL_REPRESENTATION('',(#4210),#4214);
#4210 = LINE('',#4211,#4212);
#4211 = CARTESIAN_POINT('',(20.,0.));
#4212 = VECTOR('',#4213,1.);
#4213 = DIRECTION('',(0.,-1.));
#4214 = ( GEOMETRIC_REPRESENTATION_CONTEXT(2) 
PARAMETRIC_REPRESENTATION_CONTEXT() REPRESENTATION_CONTEXT('2D SPACE',''
  ) );
#4215 = PCURVE('',#2946,#4216);
#4216 = DEFINITIONAL_REPRESENTATION('',(#4217),#4221);
#4217 = LINE('',#4218,#4219);
#4218 = CARTESIAN_POINT('',(0.,0.));
#4219 = VECTOR('',#4220,1.);
#4220 = DIRECTION('',(0.,-1.));
#4221 = ( GEOMETRIC_REPRESENTATION_CONTEXT(2) 
PARAMETRIC_REPRESENTATION_CONTEXT() REPRESENTATION_CONTEXT('2D SPACE',''
  ) );
#4222 = ADVANCED_FACE('',(#4223),#2554,.T.);
#4223 = FACE_BOUND('',#4224,.T.);
#4224 = EDGE_LOOP('',(#4225,#4226,#4227,#4248,#4249));
#4225 = ORIENTED_EDGE('',*,*,#2539,.F.);
#4226 = ORIENTED_EDGE('',*,*,#4179,.T.);
#4227 = ORIENTED_EDGE('',*,*,#4228,.T.);
#4228 = EDGE_CURVE('',#4180,#2911,#4229,.T.);
#4229 = SURFACE_CURVE('',#4230,(#4234,#4241),.PCURVE_S1.);
#4230 = LINE('',#4231,#4232);
#4231 = CARTESIAN_POINT('',(32.,-19.5,2.));
#4232 = VECTOR('',#4233,1.);
#4233 = DIRECTION('',(0.,0.,1.));
#4234 = PCURVE('',#2554,#4235);
#4235 = DEFINITIONAL_REPRESENTATION('',(#4236),#4240);
#4236 = LINE('',#4237,#4238);
#4237 = CARTESIAN_POINT('',(7.933034373659,6.933034373659));
#4238 = VECTOR('',#4239,1.);
#4239 = DIRECTION('',(-1.,0.));
#4240 = ( GEOMETRIC_REPRESENTATION_CONTEXT(2) 
PARAMETRIC_REPRESENTATION_CONTEXT() REPRESENTATION_CONTEXT('2D SPACE',''
  ) );
#4241 = PCURVE('',#2946,#4242);
#4242 = DEFINITIONAL_REPRESENTATION('',(#4243),#4247);
#4243 = LINE('',#4244,#4245);
#4244 = CARTESIAN_POINT('',(0.,-3.));
#4245 = VECTOR('',#4246,1.);
#4246 = DIRECTION('',(1.,0.));
#4247 = ( GEOMETRIC_REPRESENTATION_CONTEXT(2) 
PARAMETRIC_REPRESENTATION_CONTEXT() REPRESENTATION_CONTEXT('2D SPACE',''
  ) );
#4248 = ORIENTED_EDGE('',*,*,#2910,.T.);
#4249 = ORIENTED_EDGE('',*,*,#4250,.T.);
#4250 = EDGE_CURVE('',#2890,#2507,#4251,.T.);
#4251 = SURFACE_CURVE('',#4252,(#4256,#4262),.PCURVE_S1.);
#4252 = LINE('',#4253,#4254);
#4253 = CARTESIAN_POINT('',(17.03348281317,-19.5,4.));
#4254 = VECTOR('',#4255,1.);
#4255 = DIRECTION('',(1.,0.,0.));
#4256 = PCURVE('',#2554,#4257);
#4257 = DEFINITIONAL_REPRESENTATION('',(#4258),#4261);
#4258 = B_SPLINE_CURVE_WITH_KNOTS('',1,(#4259,#4260),.UNSPECIFIED.,.F.,
  .F.,(2,2),(11.951168745266,12.96651718683),.PIECEWISE_BEZIER_KNOTS.);
#4259 = CARTESIAN_POINT('',(5.933034373659,3.917685932095));
#4260 = CARTESIAN_POINT('',(5.933034373659,4.933034373659));
#4261 = ( GEOMETRIC_REPRESENTATION_CONTEXT(2) 
PARAMETRIC_REPRESENTATION_CONTEXT() REPRESENTATION_CONTEXT('2D SPACE',''
  ) );
#4262 = PCURVE('',#2523,#4263);
#4263 = DEFINITIONAL_REPRESENTATION('',(#4264),#4267);
#4264 = B_SPLINE_CURVE_WITH_KNOTS('',1,(#4265,#4266),.UNSPECIFIED.,.F.,
  .F.,(2,2),(11.951168745266,12.96651718683),.PIECEWISE_BEZIER_KNOTS.);
#4265 = CARTESIAN_POINT('',(19.984651558436,0.5));
#4266 = CARTESIAN_POINT('',(21.,0.5));
#4267 = ( GEOMETRIC_REPRESENTATION_CONTEXT(2) 
PARAMETRIC_REPRESENTATION_CONTEXT() REPRESENTATION_CONTEXT('2D SPACE',''
  ) );
#4268 = ADVANCED_FACE('',(#4269),#2523,.T.);
#4269 = FACE_BOUND('',#4270,.T.);
#4270 = EDGE_LOOP('',(#4271,#4272,#4273));
#4271 = ORIENTED_EDGE('',*,*,#2889,.F.);
#4272 = ORIENTED_EDGE('',*,*,#2506,.F.);
#4273 = ORIENTED_EDGE('',*,*,#4250,.F.);
#4274 = ADVANCED_FACE('',(#4275),#2717,.F.);
#4275 = FACE_BOUND('',#4276,.F.);
#4276 = EDGE_LOOP('',(#4277,#4300,#4301,#4302,#4325));
#4277 = ORIENTED_EDGE('',*,*,#4278,.F.);
#4278 = EDGE_CURVE('',#2677,#4279,#4281,.T.);
#4279 = VERTEX_POINT('',#4280);
#4280 = CARTESIAN_POINT('',(32.,19.5,2.));
#4281 = SURFACE_CURVE('',#4282,(#4286,#4293),.PCURVE_S1.);
#4282 = LINE('',#4283,#4284);
#4283 = CARTESIAN_POINT('',(12.,19.5,2.));
#4284 = VECTOR('',#4285,1.);
#4285 = DIRECTION('',(1.,0.,0.));
#4286 = PCURVE('',#2717,#4287);
#4287 = DEFINITIONAL_REPRESENTATION('',(#4288),#4292);
#4288 = LINE('',#4289,#4290);
#4289 = CARTESIAN_POINT('',(0.,0.));
#4290 = VECTOR('',#4291,1.);
#4291 = DIRECTION('',(1.,0.));
#4292 = ( GEOMETRIC_REPRESENTATION_CONTEXT(2) 
PARAMETRIC_REPRESENTATION_CONTEXT() REPRESENTATION_CONTEXT('2D SPACE',''
  ) );
#4293 = PCURVE('',#2691,#4294);
#4294 = DEFINITIONAL_REPRESENTATION('',(#4295),#4299);
#4295 = LINE('',#4296,#4297);
#4296 = CARTESIAN_POINT('',(7.933034373659,-13.06696562634));
#4297 = VECTOR('',#4298,1.);
#4298 = DIRECTION('',(0.,1.));
#4299 = ( GEOMETRIC_REPRESENTATION_CONTEXT(2) 
PARAMETRIC_REPRESENTATION_CONTEXT() REPRESENTATION_CONTEXT('2D SPACE',''
  ) );
#4300 = ORIENTED_EDGE('',*,*,#2702,.F.);
#4301 = ORIENTED_EDGE('',*,*,#2810,.T.);
#4302 = ORIENTED_EDGE('',*,*,#4303,.T.);
#4303 = EDGE_CURVE('',#2811,#4304,#4306,.T.);
#4304 = VERTEX_POINT('',#4305);
#4305 = CARTESIAN_POINT('',(32.,16.5,2.));
#4306 = SURFACE_CURVE('',#4307,(#4311,#4318),.PCURVE_S1.);
#4307 = LINE('',#4308,#4309);
#4308 = CARTESIAN_POINT('',(12.,16.5,2.));
#4309 = VECTOR('',#4310,1.);
#4310 = DIRECTION('',(1.,0.,0.));
#4311 = PCURVE('',#2717,#4312);
#4312 = DEFINITIONAL_REPRESENTATION('',(#4313),#4317);
#4313 = LINE('',#4314,#4315);
#4314 = CARTESIAN_POINT('',(0.,-3.));
#4315 = VECTOR('',#4316,1.);
#4316 = DIRECTION('',(1.,0.));
#4317 = ( GEOMETRIC_REPRESENTATION_CONTEXT(2) 
PARAMETRIC_REPRESENTATION_CONTEXT() REPRESENTATION_CONTEXT('2D SPACE',''
  ) );
#4318 = PCURVE('',#2844,#4319);
#4319 = DEFINITIONAL_REPRESENTATION('',(#4320),#4324);
#4320 = LINE('',#4321,#4322);
#4321 = CARTESIAN_POINT('',(7.933034373659,-13.06696562634));
#4322 = VECTOR('',#4323,1.);
#4323 = DIRECTION('',(0.,1.));
#4324 = ( GEOMETRIC_REPRESENTATION_CONTEXT(2) 
PARAMETRIC_REPRESENTATION_CONTEXT() REPRESENTATION_CONTEXT('2D SPACE',''
  ) );
#4325 = ORIENTED_EDGE('',*,*,#4326,.F.);
#4326 = EDGE_CURVE('',#4279,#4304,#4327,.T.);
#4327 = SURFACE_CURVE('',#4328,(#4332,#4339),.PCURVE_S1.);
#4328 = LINE('',#4329,#4330);
#4329 = CARTESIAN_POINT('',(32.,19.5,2.));
#4330 = VECTOR('',#4331,1.);
#4331 = DIRECTION('',(0.,-1.,0.));
#4332 = PCURVE('',#2717,#4333);
#4333 = DEFINITIONAL_REPRESENTATION('',(#4334),#4338);
#4334 = LINE('',#4335,#4336);
#4335 = CARTESIAN_POINT('',(20.,0.));
#4336 = VECTOR('',#4337,1.);
#4337 = DIRECTION('',(0.,-1.));
#4338 = ( GEOMETRIC_REPRESENTATION_CONTEXT(2) 
PARAMETRIC_REPRESENTATION_CONTEXT() REPRESENTATION_CONTEXT('2D SPACE',''
  ) );
#4339 = PCURVE('',#3035,#4340);
#4340 = DEFINITIONAL_REPRESENTATION('',(#4341),#4345);
#4341 = LINE('',#4342,#4343);
#4342 = CARTESIAN_POINT('',(0.,0.));
#4343 = VECTOR('',#4344,1.);
#4344 = DIRECTION('',(0.,-1.));
#4345 = ( GEOMETRIC_REPRESENTATION_CONTEXT(2) 
PARAMETRIC_REPRESENTATION_CONTEXT() REPRESENTATION_CONTEXT('2D SPACE',''
  ) );
#4346 = ADVANCED_FACE('',(#4347),#2691,.F.);
#4347 = FACE_BOUND('',#4348,.F.);
#4348 = EDGE_LOOP('',(#4349,#4350,#4351,#4372,#4373));
#4349 = ORIENTED_EDGE('',*,*,#2676,.F.);
#4350 = ORIENTED_EDGE('',*,*,#4278,.T.);
#4351 = ORIENTED_EDGE('',*,*,#4352,.T.);
#4352 = EDGE_CURVE('',#4279,#3021,#4353,.T.);
#4353 = SURFACE_CURVE('',#4354,(#4358,#4365),.PCURVE_S1.);
#4354 = LINE('',#4355,#4356);
#4355 = CARTESIAN_POINT('',(32.,19.5,2.));
#4356 = VECTOR('',#4357,1.);
#4357 = DIRECTION('',(0.,0.,1.));
#4358 = PCURVE('',#2691,#4359);
#4359 = DEFINITIONAL_REPRESENTATION('',(#4360),#4364);
#4360 = LINE('',#4361,#4362);
#4361 = CARTESIAN_POINT('',(7.933034373659,6.933034373659));
#4362 = VECTOR('',#4363,1.);
#4363 = DIRECTION('',(-1.,0.));
#4364 = ( GEOMETRIC_REPRESENTATION_CONTEXT(2) 
PARAMETRIC_REPRESENTATION_CONTEXT() REPRESENTATION_CONTEXT('2D SPACE',''
  ) );
#4365 = PCURVE('',#3035,#4366);
#4366 = DEFINITIONAL_REPRESENTATION('',(#4367),#4371);
#4367 = LINE('',#4368,#4369);
#4368 = CARTESIAN_POINT('',(0.,0.));
#4369 = VECTOR('',#4370,1.);
#4370 = DIRECTION('',(1.,0.));
#4371 = ( GEOMETRIC_REPRESENTATION_CONTEXT(2) 
PARAMETRIC_REPRESENTATION_CONTEXT() REPRESENTATION_CONTEXT('2D SPACE',''
  ) );
#4372 = ORIENTED_EDGE('',*,*,#3046,.T.);
#4373 = ORIENTED_EDGE('',*,*,#4374,.T.);
#4374 = EDGE_CURVE('',#3047,#2648,#4375,.T.);
#4375 = SURFACE_CURVE('',#4376,(#4380,#4386),.PCURVE_S1.);
#4376 = LINE('',#4377,#4378);
#4377 = CARTESIAN_POINT('',(17.03348281317,19.5,4.));
#4378 = VECTOR('',#4379,1.);
#4379 = DIRECTION('',(1.,0.,0.));
#4380 = PCURVE('',#2691,#4381);
#4381 = DEFINITIONAL_REPRESENTATION('',(#4382),#4385);
#4382 = B_SPLINE_CURVE_WITH_KNOTS('',1,(#4383,#4384),.UNSPECIFIED.,.F.,
  .F.,(2,2),(11.951168745266,12.96651718683),.PIECEWISE_BEZIER_KNOTS.);
#4383 = CARTESIAN_POINT('',(5.933034373659,3.917685932095));
#4384 = CARTESIAN_POINT('',(5.933034373659,4.933034373659));
#4385 = ( GEOMETRIC_REPRESENTATION_CONTEXT(2) 
PARAMETRIC_REPRESENTATION_CONTEXT() REPRESENTATION_CONTEXT('2D SPACE',''
  ) );
#4386 = PCURVE('',#2664,#4387);
#4387 = DEFINITIONAL_REPRESENTATION('',(#4388),#4391);
#4388 = B_SPLINE_CURVE_WITH_KNOTS('',1,(#4389,#4390),.UNSPECIFIED.,.F.,
  .F.,(2,2),(11.951168745266,12.96651718683),.PIECEWISE_BEZIER_KNOTS.);
#4389 = CARTESIAN_POINT('',(19.984651558436,39.5));
#4390 = CARTESIAN_POINT('',(21.,39.5));
#4391 = ( GEOMETRIC_REPRESENTATION_CONTEXT(2) 
PARAMETRIC_REPRESENTATION_CONTEXT() REPRESENTATION_CONTEXT('2D SPACE',''
  ) );
#4392 = ADVANCED_FACE('',(#4393),#2664,.T.);
#4393 = FACE_BOUND('',#4394,.T.);
#4394 = EDGE_LOOP('',(#4395,#4396,#4397));
#4395 = ORIENTED_EDGE('',*,*,#3067,.F.);
#4396 = ORIENTED_EDGE('',*,*,#4374,.T.);
#4397 = ORIENTED_EDGE('',*,*,#2647,.T.);
#4398 = ADVANCED_FACE('',(#4399),#2750,.T.);
#4399 = FACE_BOUND('',#4400,.T.);
#4400 = EDGE_LOOP('',(#4401,#4402,#4421,#4422));
#4401 = ORIENTED_EDGE('',*,*,#2978,.F.);
#4402 = ORIENTED_EDGE('',*,*,#4403,.T.);
#4403 = EDGE_CURVE('',#2958,#2733,#4404,.T.);
#4404 = SURFACE_CURVE('',#4405,(#4409,#4415),.PCURVE_S1.);
#4405 = LINE('',#4406,#4407);
#4406 = CARTESIAN_POINT('',(17.03348281317,-16.5,4.));
#4407 = VECTOR('',#4408,1.);
#4408 = DIRECTION('',(1.,0.,0.));
#4409 = PCURVE('',#2750,#4410);
#4410 = DEFINITIONAL_REPRESENTATION('',(#4411),#4414);
#4411 = B_SPLINE_CURVE_WITH_KNOTS('',1,(#4412,#4413),.UNSPECIFIED.,.F.,
  .F.,(2,2),(11.951168745266,12.96651718683),.PIECEWISE_BEZIER_KNOTS.);
#4412 = CARTESIAN_POINT('',(19.984651558436,3.5));
#4413 = CARTESIAN_POINT('',(21.,3.5));
#4414 = ( GEOMETRIC_REPRESENTATION_CONTEXT(2) 
PARAMETRIC_REPRESENTATION_CONTEXT() REPRESENTATION_CONTEXT('2D SPACE',''
  ) );
#4415 = PCURVE('',#2777,#4416);
#4416 = DEFINITIONAL_REPRESENTATION('',(#4417),#4420);
#4417 = B_SPLINE_CURVE_WITH_KNOTS('',1,(#4418,#4419),.UNSPECIFIED.,.F.,
  .F.,(2,2),(11.951168745266,12.96651718683),.PIECEWISE_BEZIER_KNOTS.);
#4418 = CARTESIAN_POINT('',(5.933034373659,3.917685932095));
#4419 = CARTESIAN_POINT('',(5.933034373659,4.933034373659));
#4420 = ( GEOMETRIC_REPRESENTATION_CONTEXT(2) 
PARAMETRIC_REPRESENTATION_CONTEXT() REPRESENTATION_CONTEXT('2D SPACE',''
  ) );
#4421 = ORIENTED_EDGE('',*,*,#2732,.T.);
#4422 = ORIENTED_EDGE('',*,*,#4423,.F.);
#4423 = EDGE_CURVE('',#2979,#2735,#4424,.T.);
#4424 = SURFACE_CURVE('',#4425,(#4429,#4435),.PCURVE_S1.);
#4425 = LINE('',#4426,#4427);
#4426 = CARTESIAN_POINT('',(17.03348281317,16.5,4.));
#4427 = VECTOR('',#4428,1.);
#4428 = DIRECTION('',(1.,0.,0.));
#4429 = PCURVE('',#2750,#4430);
#4430 = DEFINITIONAL_REPRESENTATION('',(#4431),#4434);
#4431 = B_SPLINE_CURVE_WITH_KNOTS('',1,(#4432,#4433),.UNSPECIFIED.,.F.,
  .F.,(2,2),(11.951168745266,12.96651718683),.PIECEWISE_BEZIER_KNOTS.);
#4432 = CARTESIAN_POINT('',(19.984651558436,36.5));
#4433 = CARTESIAN_POINT('',(21.,36.5));
#4434 = ( GEOMETRIC_REPRESENTATION_CONTEXT(2) 
PARAMETRIC_REPRESENTATION_CONTEXT() REPRESENTATION_CONTEXT('2D SPACE',''
  ) );
#4435 = PCURVE('',#2844,#4436);
#4436 = DEFINITIONAL_REPRESENTATION('',(#4437),#4440);
#4437 = B_SPLINE_CURVE_WITH_KNOTS('',1,(#4438,#4439),.UNSPECIFIED.,.F.,
  .F.,(2,2),(11.951168745266,12.96651718683),.PIECEWISE_BEZIER_KNOTS.);
#4438 = CARTESIAN_POINT('',(5.933034373659,3.917685932095));
#4439 = CARTESIAN_POINT('',(5.933034373659,4.933034373659));
#4440 = ( GEOMETRIC_REPRESENTATION_CONTEXT(2) 
PARAMETRIC_REPRESENTATION_CONTEXT() REPRESENTATION_CONTEXT('2D SPACE',''
  ) );
#4441 = ADVANCED_FACE('',(#4442),#2844,.T.);
#4442 = FACE_BOUND('',#4443,.T.);
#4443 = EDGE_LOOP('',(#4444,#4445,#4446,#4467,#4468));
#4444 = ORIENTED_EDGE('',*,*,#2831,.T.);
#4445 = ORIENTED_EDGE('',*,*,#4303,.T.);
#4446 = ORIENTED_EDGE('',*,*,#4447,.T.);
#4447 = EDGE_CURVE('',#4304,#3000,#4448,.T.);
#4448 = SURFACE_CURVE('',#4449,(#4453,#4460),.PCURVE_S1.);
#4449 = LINE('',#4450,#4451);
#4450 = CARTESIAN_POINT('',(32.,16.5,2.));
#4451 = VECTOR('',#4452,1.);
#4452 = DIRECTION('',(0.,0.,1.));
#4453 = PCURVE('',#2844,#4454);
#4454 = DEFINITIONAL_REPRESENTATION('',(#4455),#4459);
#4455 = LINE('',#4456,#4457);
#4456 = CARTESIAN_POINT('',(7.933034373659,6.933034373659));
#4457 = VECTOR('',#4458,1.);
#4458 = DIRECTION('',(-1.,0.));
#4459 = ( GEOMETRIC_REPRESENTATION_CONTEXT(2) 
PARAMETRIC_REPRESENTATION_CONTEXT() REPRESENTATION_CONTEXT('2D SPACE',''
  ) );
#4460 = PCURVE('',#3035,#4461);
#4461 = DEFINITIONAL_REPRESENTATION('',(#4462),#4466);
#4462 = LINE('',#4463,#4464);
#4463 = CARTESIAN_POINT('',(0.,-3.));
#4464 = VECTOR('',#4465,1.);
#4465 = DIRECTION('',(1.,0.));
#4466 = ( GEOMETRIC_REPRESENTATION_CONTEXT(2) 
PARAMETRIC_REPRESENTATION_CONTEXT() REPRESENTATION_CONTEXT('2D SPACE',''
  ) );
#4467 = ORIENTED_EDGE('',*,*,#2999,.T.);
#4468 = ORIENTED_EDGE('',*,*,#4423,.T.);
#4469 = ADVANCED_FACE('',(#4470),#2777,.F.);
#4470 = FACE_BOUND('',#4471,.F.);
#4471 = EDGE_LOOP('',(#4472,#4473,#4474,#4495,#4496));
#4472 = ORIENTED_EDGE('',*,*,#2762,.T.);
#4473 = ORIENTED_EDGE('',*,*,#4154,.T.);
#4474 = ORIENTED_EDGE('',*,*,#4475,.T.);
#4475 = EDGE_CURVE('',#4155,#2932,#4476,.T.);
#4476 = SURFACE_CURVE('',#4477,(#4481,#4488),.PCURVE_S1.);
#4477 = LINE('',#4478,#4479);
#4478 = CARTESIAN_POINT('',(32.,-16.5,2.));
#4479 = VECTOR('',#4480,1.);
#4480 = DIRECTION('',(0.,0.,1.));
#4481 = PCURVE('',#2777,#4482);
#4482 = DEFINITIONAL_REPRESENTATION('',(#4483),#4487);
#4483 = LINE('',#4484,#4485);
#4484 = CARTESIAN_POINT('',(7.933034373659,6.933034373659));
#4485 = VECTOR('',#4486,1.);
#4486 = DIRECTION('',(-1.,0.));
#4487 = ( GEOMETRIC_REPRESENTATION_CONTEXT(2) 
PARAMETRIC_REPRESENTATION_CONTEXT() REPRESENTATION_CONTEXT('2D SPACE',''
  ) );
#4488 = PCURVE('',#2946,#4489);
#4489 = DEFINITIONAL_REPRESENTATION('',(#4490),#4494);
#4490 = LINE('',#4491,#4492);
#4491 = CARTESIAN_POINT('',(0.,0.));
#4492 = VECTOR('',#4493,1.);
#4493 = DIRECTION('',(1.,0.));
#4494 = ( GEOMETRIC_REPRESENTATION_CONTEXT(2) 
PARAMETRIC_REPRESENTATION_CONTEXT() REPRESENTATION_CONTEXT('2D SPACE',''
  ) );
#4495 = ORIENTED_EDGE('',*,*,#2957,.T.);
#4496 = ORIENTED_EDGE('',*,*,#4403,.T.);
#4497 = ADVANCED_FACE('',(#4498),#3035,.F.);
#4498 = FACE_BOUND('',#4499,.F.);
#4499 = EDGE_LOOP('',(#4500,#4501,#4502,#4503));
#4500 = ORIENTED_EDGE('',*,*,#4352,.F.);
#4501 = ORIENTED_EDGE('',*,*,#4326,.T.);
#4502 = ORIENTED_EDGE('',*,*,#4447,.T.);
#4503 = ORIENTED_EDGE('',*,*,#3020,.T.);
#4504 = ADVANCED_FACE('',(#4505),#2946,.F.);
#4505 = FACE_BOUND('',#4506,.F.);
#4506 = EDGE_LOOP('',(#4507,#4508,#4509,#4510));
#4507 = ORIENTED_EDGE('',*,*,#4475,.F.);
#4508 = ORIENTED_EDGE('',*,*,#4202,.T.);
#4509 = ORIENTED_EDGE('',*,*,#4228,.T.);
#4510 = ORIENTED_EDGE('',*,*,#2931,.T.);
#4511 = ( GEOMETRIC_REPRESENTATION_CONTEXT(3) 
GLOBAL_UNCERTAINTY_ASSIGNED_CONTEXT((#4515)) 
GLOBAL_UNIT_ASSIGNED_CONTEXT((#4512,#4513,#4514)) REPRESENTATION_CONTEXT
('Context #1','3D Context with UNIT and UNCERTAINTY') );
#4512 = ( LENGTH_UNIT() NAMED_UNIT(*) SI_UNIT(.MILLI.,.METRE.) );
#4513 = ( NAMED_UNIT(*) PLANE_ANGLE_UNIT() SI_UNIT($,.RADIAN.) );
#4514 = ( NAMED_UNIT(*) SI_UNIT($,.STERADIAN.) SOLID_ANGLE_UNIT() );
#4515 = UNCERTAINTY_MEASURE_WITH_UNIT(LENGTH_MEASURE(1.E-07),#4512,
  'distance_accuracy_value','confusion accuracy');
#4516 = PRODUCT_RELATED_PRODUCT_CATEGORY('part',$,(#7));
ENDSEC;
END-ISO-10303-21;
