ISO-10303-21;
HEADER;
FILE_DESCRIPTION(('Open CASCADE Model'),'2;1');
FILE_NAME('Open CASCADE Shape Model','1970-01-01T00:00:00',('Author'),(
    'Open CASCADE'),'Open CASCADE STEP processor 7.9','Open CASCADE 7.9'
  ,'Unknown');
FILE_SCHEMA(('AUTOMOTIVE_DESIGN { 1 0 10303 214 1 1 1 1 }'));
ENDSEC;
DATA;
#1 = APPLICATION_PROTOCOL_DEFINITION('international standard',
  'automotive_design',2000,#2);
#2 = APPLICATION_CONTEXT(
  'core data for automotive mechanical design processes');
#3 = SHAPE_DEFINITION_REPRESENTATION(#4,#10);
#4 = PRODUCT_DEFINITION_SHAPE('','',#5);
#5 = PRODUCT_DEFINITION('design','',#6,#9);
#6 = PRODUCT_DEFINITION_FORMATION('','',#7);
#7 = PRODUCT('Open CASCADE STEP translator 7.9 1',
  'Open CASCADE STEP translator 7.9 1','',(#8));
#8 = PRODUCT_CONTEXT('',#2,'mechanical');
#9 = PRODUCT_DEFINITION_CONTEXT('part definition',#2,'design');
#10 = ADVANCED_BREP_SHAPE_REPRESENTATION('',(#11,#15),#11488);
#11 = AXIS2_PLACEMENT_3D('',#12,#13,#14);
#12 = CARTESIAN_POINT('',(0.,0.,0.));
#13 = DIRECTION('',(0.,0.,1.));
#14 = DIRECTION('',(1.,0.,-0.));
#15 = MANIFOLD_SOLID_BREP('',#16);
#16 = CLOSED_SHELL('',(#17,#801,#989,#1462,#1534,#1565,#1726,#1752,#1780
    ,#1829,#1962,#2103,#2258,#2307,#2738,#2841,#2866,#3100,#3411,#3686,
    #3871,#3897,#3925,#3976,#4001,#4026,#4052,#4082,#4107,#4134,#4212,
    #4239,#4289,#4296,#4345,#4394,#4441,#4448,#4507,#4562,#4612,#4739,
    #4808,#4815,#4822,#5032,#5081,#5130,#5218,#5267,#5325,#5380,#5435,
    #5541,#5628,#5660,#6425,#6528,#6968,#7015,#7915,#7977,#7984,#8064,
    #8117,#8143,#8149,#8313,#8338,#8344,#8352,#8359,#8363,#8371,#8398,
    #8489,#8513,#8562,#8613,#8706,#8710,#8714,#8739,#8745,#8752,#8758,
    #8812,#9218,#9338,#9365,#9408,#9433,#9458,#9505,#9512,#9586,#9636,
    #9686,#9711,#9785,#9835,#9885,#9910,#9935,#9960,#9985,#9992,#10063,
    #10113,#10163,#10190,#10266,#10315,#10364,#10391,#10467,#10517,
    #10567,#10594,#10665,#10715,#10765,#10792,#10868,#10918,#10968,
    #10995,#11002,#11029,#11036,#11105,#11155,#11205,#11230,#11299,
    #11349,#11399,#11424,#11429,#11442,#11455,#11462,#11475));
#17 = ADVANCED_FACE('',(#18),#33,.T.);
#18 = FACE_BOUND('',#19,.F.);
#19 = EDGE_LOOP('',(#20,#56,#83,#116,#156,#182,#255,#289,#350,#384,#417,
    #439,#468,#494,#523,#549,#582,#609,#642,#682,#708,#748,#781));
#20 = ORIENTED_EDGE('',*,*,#21,.F.);
#21 = EDGE_CURVE('',#22,#24,#26,.T.);
#22 = VERTEX_POINT('',#23);
#23 = CARTESIAN_POINT('',(-52.,34.990855948376,0.8));
#24 = VERTEX_POINT('',#25);
#25 = CARTESIAN_POINT('',(-52.,-34.99085594837,0.8));
#26 = SURFACE_CURVE('',#27,(#32,#44),.PCURVE_S1.);
#27 = CIRCLE('',#28,35.);
#28 = AXIS2_PLACEMENT_3D('',#29,#30,#31);
#29 = CARTESIAN_POINT('',(-52.,0.,0.));
#30 = DIRECTION('',(1.,0.,0.));
#31 = DIRECTION('',(0.,1.,0.));
#32 = PCURVE('',#33,#38);
#33 = CYLINDRICAL_SURFACE('',#34,35.);
#34 = AXIS2_PLACEMENT_3D('',#35,#36,#37);
#35 = CARTESIAN_POINT('',(-52.,0.,0.));
#36 = DIRECTION('',(-1.,-0.,-0.));
#37 = DIRECTION('',(0.,1.,0.));
#38 = DEFINITIONAL_REPRESENTATION('',(#39),#43);
#39 = LINE('',#40,#41);
#40 = CARTESIAN_POINT('',(-0.,0.));
#41 = VECTOR('',#42,1.);
#42 = DIRECTION('',(-1.,0.));
#43 = ( GEOMETRIC_REPRESENTATION_CONTEXT(2) 
PARAMETRIC_REPRESENTATION_CONTEXT() REPRESENTATION_CONTEXT('2D SPACE',''
  ) );
#44 = PCURVE('',#45,#50);
#45 = PLANE('',#46);
#46 = AXIS2_PLACEMENT_3D('',#47,#48,#49);
#47 = CARTESIAN_POINT('',(-52.,-1.250230978322E-15,2.32193833596E-15));
#48 = DIRECTION('',(1.,0.,0.));
#49 = DIRECTION('',(-0.,0.,1.));
#50 = DEFINITIONAL_REPRESENTATION('',(#51),#55);
#51 = CIRCLE('',#52,35.);
#52 = AXIS2_PLACEMENT_2D('',#53,#54);
#53 = CARTESIAN_POINT('',(-2.32193833596E-15,-1.250230978322E-15));
#54 = DIRECTION('',(0.,-1.));
#55 = ( GEOMETRIC_REPRESENTATION_CONTEXT(2) 
PARAMETRIC_REPRESENTATION_CONTEXT() REPRESENTATION_CONTEXT('2D SPACE',''
  ) );
#56 = ORIENTED_EDGE('',*,*,#57,.F.);
#57 = EDGE_CURVE('',#58,#22,#60,.T.);
#58 = VERTEX_POINT('',#59);
#59 = CARTESIAN_POINT('',(-47.,34.990855948376,0.8));
#60 = SURFACE_CURVE('',#61,(#65,#71),.PCURVE_S1.);
#61 = LINE('',#62,#63);
#62 = CARTESIAN_POINT('',(-52.,34.990855948376,0.8));
#63 = VECTOR('',#64,1.);
#64 = DIRECTION('',(-1.,-0.,-0.));
#65 = PCURVE('',#33,#66);
#66 = DEFINITIONAL_REPRESENTATION('',(#67),#70);
#67 = B_SPLINE_CURVE_WITH_KNOTS('',1,(#68,#69),.UNSPECIFIED.,.F.,.F.,(2,
    2),(-28.0000006,5.999999999062E-07),.PIECEWISE_BEZIER_KNOTS.);
#68 = CARTESIAN_POINT('',(-2.285913360703E-02,-28.0000006));
#69 = CARTESIAN_POINT('',(-2.285913360703E-02,5.999999999062E-07));
#70 = ( GEOMETRIC_REPRESENTATION_CONTEXT(2) 
PARAMETRIC_REPRESENTATION_CONTEXT() REPRESENTATION_CONTEXT('2D SPACE',''
  ) );
#71 = PCURVE('',#72,#77);
#72 = PLANE('',#73);
#73 = AXIS2_PLACEMENT_3D('',#74,#75,#76);
#74 = CARTESIAN_POINT('',(-120.,-120.,0.8));
#75 = DIRECTION('',(0.,0.,1.));
#76 = DIRECTION('',(1.,0.,0.));
#77 = DEFINITIONAL_REPRESENTATION('',(#78),#82);
#78 = LINE('',#79,#80);
#79 = CARTESIAN_POINT('',(68.,154.99085594837));
#80 = VECTOR('',#81,1.);
#81 = DIRECTION('',(-1.,0.));
#82 = ( GEOMETRIC_REPRESENTATION_CONTEXT(2) 
PARAMETRIC_REPRESENTATION_CONTEXT() REPRESENTATION_CONTEXT('2D SPACE',''
  ) );
#83 = ORIENTED_EDGE('',*,*,#84,.F.);
#84 = EDGE_CURVE('',#85,#58,#87,.T.);
#85 = VERTEX_POINT('',#86);
#86 = CARTESIAN_POINT('',(-47.,34.5,5.894913061276));
#87 = SURFACE_CURVE('',#88,(#93,#100),.PCURVE_S1.);
#88 = CIRCLE('',#89,35.);
#89 = AXIS2_PLACEMENT_3D('',#90,#91,#92);
#90 = CARTESIAN_POINT('',(-47.,0.,0.));
#91 = DIRECTION('',(-1.,0.,0.));
#92 = DIRECTION('',(0.,1.,0.));
#93 = PCURVE('',#33,#94);
#94 = DEFINITIONAL_REPRESENTATION('',(#95),#99);
#95 = LINE('',#96,#97);
#96 = CARTESIAN_POINT('',(-6.28318530718,-5.));
#97 = VECTOR('',#98,1.);
#98 = DIRECTION('',(1.,-0.));
#99 = ( GEOMETRIC_REPRESENTATION_CONTEXT(2) 
PARAMETRIC_REPRESENTATION_CONTEXT() REPRESENTATION_CONTEXT('2D SPACE',''
  ) );
#100 = PCURVE('',#101,#106);
#101 = PLANE('',#102);
#102 = AXIS2_PLACEMENT_3D('',#103,#104,#105);
#103 = CARTESIAN_POINT('',(-47.,31.5,0.8));
#104 = DIRECTION('',(1.,0.,0.));
#105 = DIRECTION('',(0.,0.,1.));
#106 = DEFINITIONAL_REPRESENTATION('',(#107),#115);
#107 = ( BOUNDED_CURVE() B_SPLINE_CURVE(2,(#108,#109,#110,#111,#112,#113
,#114),.UNSPECIFIED.,.T.,.F.) B_SPLINE_CURVE_WITH_KNOTS((1,2,2,2,2,1),(
    -2.094395102393,0.,2.094395102393,4.188790204786,6.28318530718,
8.377580409573),.UNSPECIFIED.) CURVE() GEOMETRIC_REPRESENTATION_ITEM() 
RATIONAL_B_SPLINE_CURVE((1.,0.5,1.,0.5,1.,0.5,1.)) REPRESENTATION_ITEM(
  '') );
#108 = CARTESIAN_POINT('',(-0.8,-3.5));
#109 = CARTESIAN_POINT('',(-61.42177826491,-3.5));
#110 = CARTESIAN_POINT('',(-31.11088913245,49.));
#111 = CARTESIAN_POINT('',(-0.8,101.5));
#112 = CARTESIAN_POINT('',(29.510889132455,49.));
#113 = CARTESIAN_POINT('',(59.821778264911,-3.5));
#114 = CARTESIAN_POINT('',(-0.8,-3.5));
#115 = ( GEOMETRIC_REPRESENTATION_CONTEXT(2) 
PARAMETRIC_REPRESENTATION_CONTEXT() REPRESENTATION_CONTEXT('2D SPACE',''
  ) );
#116 = ORIENTED_EDGE('',*,*,#117,.T.);
#117 = EDGE_CURVE('',#85,#118,#120,.T.);
#118 = VERTEX_POINT('',#119);
#119 = CARTESIAN_POINT('',(-46.92262972162,33.823069050576,9.));
#120 = SURFACE_CURVE('',#121,(#129,#140),.PCURVE_S1.);
#121 = B_SPLINE_CURVE_WITH_KNOTS('',6,(#122,#123,#124,#125,#126,#127,
    #128),.UNSPECIFIED.,.F.,.F.,(7,7),(0.,1.),.PIECEWISE_BEZIER_KNOTS.);
#122 = CARTESIAN_POINT('',(-47.,34.5,5.894913061276));
#123 = CARTESIAN_POINT('',(-47.,34.411028667054,6.415618108956));
#124 = CARTESIAN_POINT('',(-46.99683355069,34.312605885676,6.93483309904
    ));
#125 = CARTESIAN_POINT('',(-46.98923985732,34.204624040438,7.45313719175
    ));
#126 = CARTESIAN_POINT('',(-46.97568200813,34.086972550198,7.97059296436
    ));
#127 = CARTESIAN_POINT('',(-46.95426861463,33.959669018696,
    8.486641130642));
#128 = CARTESIAN_POINT('',(-46.92262968464,33.823068890921,9.0000006));
#129 = PCURVE('',#33,#130);
#130 = DEFINITIONAL_REPRESENTATION('',(#131),#139);
#131 = B_SPLINE_CURVE_WITH_KNOTS('',6,(#132,#133,#134,#135,#136,#137,
    #138),.UNSPECIFIED.,.F.,.F.,(7,7),(0.,1.),.PIECEWISE_BEZIER_KNOTS.);
#132 = CARTESIAN_POINT('',(-0.169232727714,-5.));
#133 = CARTESIAN_POINT('',(-0.184325627647,-5.));
#134 = CARTESIAN_POINT('',(-0.19942204402,-5.003166449303));
#135 = CARTESIAN_POINT('',(-0.214544999015,-5.010760142672));
#136 = CARTESIAN_POINT('',(-0.229702973995,-5.024317991864));
#137 = CARTESIAN_POINT('',(-0.244886699491,-5.045731385361));
#138 = CARTESIAN_POINT('',(-0.260064490454,-5.077370315356));
#139 = ( GEOMETRIC_REPRESENTATION_CONTEXT(2) 
PARAMETRIC_REPRESENTATION_CONTEXT() REPRESENTATION_CONTEXT('2D SPACE',''
  ) );
#140 = PCURVE('',#141,#146);
#141 = CYLINDRICAL_SURFACE('',#142,3.);
#142 = AXIS2_PLACEMENT_3D('',#143,#144,#145);
#143 = CARTESIAN_POINT('',(-44.,34.5,0.8));
#144 = DIRECTION('',(0.,0.,1.));
#145 = DIRECTION('',(-1.,-0.,0.));
#146 = DEFINITIONAL_REPRESENTATION('',(#147),#155);
#147 = B_SPLINE_CURVE_WITH_KNOTS('',6,(#148,#149,#150,#151,#152,#153,
    #154),.UNSPECIFIED.,.F.,.F.,(7,7),(0.,1.),.PIECEWISE_BEZIER_KNOTS.);
#148 = CARTESIAN_POINT('',(0.,5.094913061276));
#149 = CARTESIAN_POINT('',(2.965711098204E-02,5.615618108956));
#150 = CARTESIAN_POINT('',(6.246478445347E-02,6.13483309904));
#151 = CARTESIAN_POINT('',(9.850530985892E-02,6.65313719175));
#152 = CARTESIAN_POINT('',(0.137914151007,7.17059296436));
#153 = CARTESIAN_POINT('',(0.180864955535,7.686641130642));
#154 = CARTESIAN_POINT('',(0.227603729349,8.2000006));
#155 = ( GEOMETRIC_REPRESENTATION_CONTEXT(2) 
PARAMETRIC_REPRESENTATION_CONTEXT() REPRESENTATION_CONTEXT('2D SPACE',''
  ) );
#156 = ORIENTED_EDGE('',*,*,#157,.F.);
#157 = EDGE_CURVE('',#158,#118,#160,.T.);
#158 = VERTEX_POINT('',#159);
#159 = CARTESIAN_POINT('',(-46.0335313036,33.823069050576,9.));
#160 = SURFACE_CURVE('',#161,(#165,#171),.PCURVE_S1.);
#161 = LINE('',#162,#163);
#162 = CARTESIAN_POINT('',(-52.,33.823069050576,9.));
#163 = VECTOR('',#164,1.);
#164 = DIRECTION('',(-1.,-0.,-0.));
#165 = PCURVE('',#33,#166);
#166 = DEFINITIONAL_REPRESENTATION('',(#167),#170);
#167 = B_SPLINE_CURVE_WITH_KNOTS('',1,(#168,#169),.UNSPECIFIED.,.F.,.F.,
  (2,2),(-24.8,-3.2),.PIECEWISE_BEZIER_KNOTS.);
#168 = CARTESIAN_POINT('',(-0.260064472714,-24.8));
#169 = CARTESIAN_POINT('',(-0.260064472714,-3.2));
#170 = ( GEOMETRIC_REPRESENTATION_CONTEXT(2) 
PARAMETRIC_REPRESENTATION_CONTEXT() REPRESENTATION_CONTEXT('2D SPACE',''
  ) );
#171 = PCURVE('',#172,#177);
#172 = PLANE('',#173);
#173 = AXIS2_PLACEMENT_3D('',#174,#175,#176);
#174 = CARTESIAN_POINT('',(-47.,31.5,9.));
#175 = DIRECTION('',(0.,0.,1.));
#176 = DIRECTION('',(1.,0.,0.));
#177 = DEFINITIONAL_REPRESENTATION('',(#178),#181);
#178 = B_SPLINE_CURVE_WITH_KNOTS('',1,(#179,#180),.UNSPECIFIED.,.F.,.F.,
  (2,2),(-24.8,-3.2),.PIECEWISE_BEZIER_KNOTS.);
#179 = CARTESIAN_POINT('',(19.8,2.323069050576));
#180 = CARTESIAN_POINT('',(-1.8,2.323069050576));
#181 = ( GEOMETRIC_REPRESENTATION_CONTEXT(2) 
PARAMETRIC_REPRESENTATION_CONTEXT() REPRESENTATION_CONTEXT('2D SPACE',''
  ) );
#182 = ORIENTED_EDGE('',*,*,#183,.F.);
#183 = EDGE_CURVE('',#184,#158,#186,.T.);
#184 = VERTEX_POINT('',#185);
#185 = CARTESIAN_POINT('',(-46.01245409494,29.36939916667,
    19.037814806033));
#186 = SURFACE_CURVE('',#187,(#206,#228),.PCURVE_S1.);
#187 = B_SPLINE_CURVE_WITH_KNOTS('',5,(#188,#189,#190,#191,#192,#193,
    #194,#195,#196,#197,#198,#199,#200,#201,#202,#203,#204,#205),
  .UNSPECIFIED.,.F.,.F.,(6,4,4,4,6),(0.,0.252538195915,0.500000007325,
    0.748094345597,1.),.UNSPECIFIED.);
#188 = CARTESIAN_POINT('',(-46.01245409494,29.36939916667,
    19.037814806033));
#189 = CARTESIAN_POINT('',(-46.01754441782,29.812414607662,
    18.354380417368));
#190 = CARTESIAN_POINT('',(-46.02196040966,30.23276217841,
    17.662361252128));
#191 = CARTESIAN_POINT('',(-46.02571813489,30.630934386108,
    16.962092549267));
#192 = CARTESIAN_POINT('',(-46.0288294261,31.007300354674,16.25380373994
    ));
#193 = CARTESIAN_POINT('',(-46.03372522533,31.709799375181,
    14.835835363769));
#194 = CARTESIAN_POINT('',(-46.03553513211,32.036787589452,
    14.126475362635));
#195 = CARTESIAN_POINT('',(-46.0367392825,32.343319189042,
    13.409662008079));
#196 = CARTESIAN_POINT('',(-46.03734136293,32.629513265439,
    12.685455522997));
#197 = CARTESIAN_POINT('',(-46.0373413628,33.161905229409,
    11.220385947121));
#198 = CARTESIAN_POINT('',(-46.03673620036,33.407997254998,10.4794898523
    ));
#199 = CARTESIAN_POINT('',(-46.03552588628,33.633645940467,
    9.731167515845));
#200 = CARTESIAN_POINT('',(-46.03370669621,33.838719977748,
    8.975388347553));
#201 = CARTESIAN_POINT('',(-46.02879822995,34.210023053939,
    7.437067815935));
#202 = CARTESIAN_POINT('',(-46.02568988632,34.375605339877,
    6.654299655498));
#203 = CARTESIAN_POINT('',(-46.02193828378,34.519427062,5.863719829802)
  );
#204 = CARTESIAN_POINT('',(-46.01753166791,34.641060741889,
    5.065267719804));
#205 = CARTESIAN_POINT('',(-46.01245409494,34.739917983066,
    4.258884657968));
#206 = PCURVE('',#33,#207);
#207 = DEFINITIONAL_REPRESENTATION('',(#208),#227);
#208 = B_SPLINE_CURVE_WITH_KNOTS('',5,(#209,#210,#211,#212,#213,#214,
    #215,#216,#217,#218,#219,#220,#221,#222,#223,#224,#225,#226),
  .UNSPECIFIED.,.F.,.F.,(6,4,4,4,6),(0.,0.252538195915,0.500000007325,
    0.748094345597,1.),.UNSPECIFIED.);
#209 = CARTESIAN_POINT('',(-0.575122474052,-5.987545905054));
#210 = CARTESIAN_POINT('',(-0.551852185655,-5.982455582171));
#211 = CARTESIAN_POINT('',(-0.528728359257,-5.978039590334));
#212 = CARTESIAN_POINT('',(-0.505725131792,-5.974281865104));
#213 = CARTESIAN_POINT('',(-0.482817975458,-5.971170573895));
#214 = CARTESIAN_POINT('',(-0.437605197874,-5.966274774667));
#215 = CARTESIAN_POINT('',(-0.415296848337,-5.964464867881));
#216 = CARTESIAN_POINT('',(-0.393033996978,-5.963260717497));
#217 = CARTESIAN_POINT('',(-0.370793800225,-5.962658637061));
#218 = CARTESIAN_POINT('',(-0.326256541661,-5.962658637199));
#219 = CARTESIAN_POINT('',(-0.303959497757,-5.963263799634));
#220 = CARTESIAN_POINT('',(-0.281639625393,-5.964474113719));
#221 = CARTESIAN_POINT('',(-0.259273904735,-5.966293303782));
#222 = CARTESIAN_POINT('',(-0.214059711259,-5.971201770044));
#223 = CARTESIAN_POINT('',(-0.191209211203,-5.974310113671));
#224 = CARTESIAN_POINT('',(-0.168262997903,-5.97806171622));
#225 = CARTESIAN_POINT('',(-0.145196723903,-5.982468332087));
#226 = CARTESIAN_POINT('',(-0.121984721439,-5.987545905054));
#227 = ( GEOMETRIC_REPRESENTATION_CONTEXT(2) 
PARAMETRIC_REPRESENTATION_CONTEXT() REPRESENTATION_CONTEXT('2D SPACE',''
  ) );
#228 = PCURVE('',#229,#234);
#229 = B_SPLINE_SURFACE_WITH_KNOTS('',1,1,(
    (#230,#231)
    ,(#232,#233
  )),.UNSPECIFIED.,.F.,.F.,.F.,(2,2),(2,2),(0.,16.),(0.,1.),
  .PIECEWISE_BEZIER_KNOTS.);
#230 = CARTESIAN_POINT('',(-45.95734636006,32.925387232312,
    3.452927708832));
#231 = CARTESIAN_POINT('',(-47.15742456566,72.440326686791,
    21.004209237008));
#232 = CARTESIAN_POINT('',(-45.95734636006,27.460767417354,
    18.490810880275));
#233 = CARTESIAN_POINT('',(-47.15742456566,69.024939302443,
    30.40288621916));
#234 = DEFINITIONAL_REPRESENTATION('',(#235),#254);
#235 = B_SPLINE_CURVE_WITH_KNOTS('',5,(#236,#237,#238,#239,#240,#241,
    #242,#243,#244,#245,#246,#247,#248,#249,#250,#251,#252,#253),
  .UNSPECIFIED.,.F.,.F.,(6,4,4,4,6),(0.,0.252538195915,0.500000007325,
    0.748094345597,1.),.UNSPECIFIED.);
#236 = CARTESIAN_POINT('',(16.,4.592011972698E-02));
#237 = CARTESIAN_POINT('',(15.205397038654,5.016177902822E-02));
#238 = CARTESIAN_POINT('',(14.405531330722,5.384153241139E-02));
#239 = CARTESIAN_POINT('',(13.601402584863,5.697276603655E-02));
#240 = CARTESIAN_POINT('',(12.793938915558,5.95653397496E-02));
#241 = CARTESIAN_POINT('',(11.190341858759,6.36449065683E-02));
#242 = CARTESIAN_POINT('',(10.394313463126,6.51530639349E-02));
#243 = CARTESIAN_POINT('',(9.596724351428,6.615645719557E-02));
#244 = CARTESIAN_POINT('',(8.798363630206,6.665815819564E-02));
#245 = CARTESIAN_POINT('',(7.199595477853,6.665815808111E-02));
#246 = CARTESIAN_POINT('',(6.399194131364,6.615388891538E-02));
#247 = CARTESIAN_POINT('',(5.599570295891,6.514535957174E-02));
#248 = CARTESIAN_POINT('',(4.801519204715,6.362946664561E-02));
#249 = CARTESIAN_POINT('',(3.197971289595,5.95393446526E-02));
#250 = CARTESIAN_POINT('',(2.392555132836,5.694922709823E-02));
#251 = CARTESIAN_POINT('',(1.590461823413,5.382309537444E-02));
#252 = CARTESIAN_POINT('',(0.792612690571,5.015115479077E-02));
#253 = CARTESIAN_POINT('',(0.,4.592011972698E-02));
#254 = ( GEOMETRIC_REPRESENTATION_CONTEXT(2) 
PARAMETRIC_REPRESENTATION_CONTEXT() REPRESENTATION_CONTEXT('2D SPACE',''
  ) );
#255 = ORIENTED_EDGE('',*,*,#256,.F.);
#256 = EDGE_CURVE('',#257,#184,#259,.T.);
#257 = VERTEX_POINT('',#258);
#258 = CARTESIAN_POINT('',(-28.07663283562,29.300213449487,
    19.144124211218));
#259 = SURFACE_CURVE('',#260,(#266,#275),.PCURVE_S1.);
#260 = B_SPLINE_CURVE_WITH_KNOTS('',4,(#261,#262,#263,#264,#265),
  .UNSPECIFIED.,.F.,.F.,(5,5),(0.,1.),.PIECEWISE_BEZIER_KNOTS.);
#261 = CARTESIAN_POINT('',(-28.07663283562,29.300213449487,
    19.144124211218));
#262 = CARTESIAN_POINT('',(-32.58127101291,29.317647731637,
    19.117440922772));
#263 = CARTESIAN_POINT('',(-37.07226743997,29.334990280404,
    19.090827274731));
#264 = CARTESIAN_POINT('',(-41.5494015059,29.352240838316,
    19.064284744921));
#265 = CARTESIAN_POINT('',(-46.01245409494,29.36939916667,
    19.037814806033));
#266 = PCURVE('',#33,#267);
#267 = DEFINITIONAL_REPRESENTATION('',(#268),#274);
#268 = B_SPLINE_CURVE_WITH_KNOTS('',4,(#269,#270,#271,#272,#273),
  .UNSPECIFIED.,.F.,.F.,(5,5),(0.,1.),.PIECEWISE_BEZIER_KNOTS.);
#269 = CARTESIAN_POINT('',(-0.578746472374,-23.92336716437));
#270 = CARTESIAN_POINT('',(-0.57783578657,-19.41872898708));
#271 = CARTESIAN_POINT('',(-0.576928200059,-14.92773256003));
#272 = CARTESIAN_POINT('',(-0.576023750198,-10.45059849409));
#273 = CARTESIAN_POINT('',(-0.575122474052,-5.987545905054));
#274 = ( GEOMETRIC_REPRESENTATION_CONTEXT(2) 
PARAMETRIC_REPRESENTATION_CONTEXT() REPRESENTATION_CONTEXT('2D SPACE',''
  ) );
#275 = PCURVE('',#276,#281);
#276 = B_SPLINE_SURFACE_WITH_KNOTS('',1,1,(
    (#277,#278)
    ,(#279,#280
  )),.UNSPECIFIED.,.F.,.F.,.F.,(2,2),(2,2),(0.,18.),(0.,1.),
  .PIECEWISE_BEZIER_KNOTS.);
#277 = CARTESIAN_POINT('',(-45.95734636006,27.460767417354,
    18.490810880275));
#278 = CARTESIAN_POINT('',(-47.15742456566,69.024939302443,
    30.40288621916));
#279 = CARTESIAN_POINT('',(-28.04265363993,29.105880849891,
    19.08862902787));
#280 = CARTESIAN_POINT('',(-35.21429608558,70.121681590801,
    30.801431650889));
#281 = DEFINITIONAL_REPRESENTATION('',(#282),#288);
#282 = B_SPLINE_CURVE_WITH_KNOTS('',4,(#283,#284,#285,#286,#287),
  .UNSPECIFIED.,.F.,.F.,(5,5),(0.,1.),.PIECEWISE_BEZIER_KNOTS.);
#283 = CARTESIAN_POINT('',(18.,4.737993555783E-03));
#284 = CARTESIAN_POINT('',(13.541409477915,1.508240809684E-02));
#285 = CARTESIAN_POINT('',(9.055252796116,2.539456154764E-02));
#286 = CARTESIAN_POINT('',(4.541465156699,3.567396160909E-02));
#287 = CARTESIAN_POINT('',(0.,4.592011972698E-02));
#288 = ( GEOMETRIC_REPRESENTATION_CONTEXT(2) 
PARAMETRIC_REPRESENTATION_CONTEXT() REPRESENTATION_CONTEXT('2D SPACE',''
  ) );
#289 = ORIENTED_EDGE('',*,*,#290,.F.);
#290 = EDGE_CURVE('',#291,#257,#293,.T.);
#291 = VERTEX_POINT('',#292);
#292 = CARTESIAN_POINT('',(-28.07663283562,34.755124014394,
    4.132959562359));
#293 = SURFACE_CURVE('',#294,(#309,#327),.PCURVE_S1.);
#294 = B_SPLINE_CURVE_WITH_KNOTS('',4,(#295,#296,#297,#298,#299,#300,
    #301,#302,#303,#304,#305,#306,#307,#308),.UNSPECIFIED.,.F.,.F.,(5,3,
    3,3,5),(0.,0.252657830491,0.500000008073,0.747974600481,1.),
  .UNSPECIFIED.);
#295 = CARTESIAN_POINT('',(-28.07663283562,34.755124014394,
    4.132959562359));
#296 = CARTESIAN_POINT('',(-28.11641929898,34.632955937249,
    5.160302464635));
#297 = CARTESIAN_POINT('',(-28.14918647723,34.471305731213,6.17435879557
    ));
#298 = CARTESIAN_POINT('',(-28.17517510979,34.271691482663,
    7.175133010141));
#299 = CARTESIAN_POINT('',(-28.21342717504,33.80297520469,9.129474066654
    ));
#300 = CARTESIAN_POINT('',(-28.22596777076,33.535426723835,
    10.083580512049));
#301 = CARTESIAN_POINT('',(-28.23223810983,33.232881503159,
    11.025069007723));
#302 = CARTESIAN_POINT('',(-28.23223810865,32.556994322452,
    12.885017676245));
#303 = CARTESIAN_POINT('',(-28.22593566281,32.183476616629,
    13.803403752921));
#304 = CARTESIAN_POINT('',(-28.21333085595,31.774847260171,
    14.70893039571));
#305 = CARTESIAN_POINT('',(-28.17497982574,30.878971122621,
    16.508041065121));
#306 = CARTESIAN_POINT('',(-28.14902239429,30.390553612755,
    17.401177761424));
#307 = CARTESIAN_POINT('',(-28.11631970899,29.864687049382,
    18.280193493832));
#308 = CARTESIAN_POINT('',(-28.07663283562,29.300213449487,
    19.144124211218));
#309 = PCURVE('',#33,#310);
#310 = DEFINITIONAL_REPRESENTATION('',(#311),#326);
#311 = B_SPLINE_CURVE_WITH_KNOTS('',4,(#312,#313,#314,#315,#316,#317,
    #318,#319,#320,#321,#322,#323,#324,#325),.UNSPECIFIED.,.F.,.F.,(5,3,
    3,3,5),(0.,0.252657830491,0.500000008073,0.747974600481,1.),
  .UNSPECIFIED.);
#312 = CARTESIAN_POINT('',(-0.118360723117,-23.92336716437));
#313 = CARTESIAN_POINT('',(-0.147920188991,-23.88358070101));
#314 = CARTESIAN_POINT('',(-0.177236034072,-23.85081352276));
#315 = CARTESIAN_POINT('',(-0.206371334687,-23.8248248902));
#316 = CARTESIAN_POINT('',(-0.263793110507,-23.78657282496));
#317 = CARTESIAN_POINT('',(-0.292084467399,-23.77403222923));
#318 = CARTESIAN_POINT('',(-0.320319020826,-23.76776189016));
#319 = CARTESIAN_POINT('',(-0.37686037308,-23.76776189134));
#320 = CARTESIAN_POINT('',(-0.405167117518,-23.77406433718));
#321 = CARTESIAN_POINT('',(-0.433531101716,-23.78666914404));
#322 = CARTESIAN_POINT('',(-0.490954649859,-23.82502017425));
#323 = CARTESIAN_POINT('',(-0.520017924259,-23.8509776057));
#324 = CARTESIAN_POINT('',(-0.549260997162,-23.883680291));
#325 = CARTESIAN_POINT('',(-0.578746472374,-23.92336716437));
#326 = ( GEOMETRIC_REPRESENTATION_CONTEXT(2) 
PARAMETRIC_REPRESENTATION_CONTEXT() REPRESENTATION_CONTEXT('2D SPACE',''
  ) );
#327 = PCURVE('',#328,#333);
#328 = B_SPLINE_SURFACE_WITH_KNOTS('',1,1,(
    (#329,#330)
    ,(#331,#332
  )),.UNSPECIFIED.,.F.,.F.,.F.,(2,2),(2,2),(0.,16.),(0.,1.),
  .PIECEWISE_BEZIER_KNOTS.);
#329 = CARTESIAN_POINT('',(-28.04265363993,29.105880849891,
    19.08862902787));
#330 = CARTESIAN_POINT('',(-35.21429608558,70.121681590801,
    30.801431650889));
#331 = CARTESIAN_POINT('',(-28.04265363993,34.570500664849,
    4.050745856427));
#332 = CARTESIAN_POINT('',(-35.21429608558,73.537068975149,
    21.402754668738));
#333 = DEFINITIONAL_REPRESENTATION('',(#334),#349);
#334 = B_SPLINE_CURVE_WITH_KNOTS('',4,(#335,#336,#337,#338,#339,#340,
    #341,#342,#343,#344,#345,#346,#347,#348),.UNSPECIFIED.,.F.,.F.,(5,3,
    3,3,5),(0.,0.252657830491,0.500000008073,0.747974600481,1.),
  .UNSPECIFIED.);
#335 = CARTESIAN_POINT('',(16.,4.737993555783E-03));
#336 = CARTESIAN_POINT('',(15.007588438668,1.028574132122E-02));
#337 = CARTESIAN_POINT('',(14.005721069818,1.485473350157E-02));
#338 = CARTESIAN_POINT('',(12.997085534658,1.847853833513E-02));
#339 = CARTESIAN_POINT('',(10.992228519931,2.38123325858E-02));
#340 = CARTESIAN_POINT('',(9.996204043371,2.556096908285E-02));
#341 = CARTESIAN_POINT('',(8.998104637896,2.643529307722E-02));
#342 = CARTESIAN_POINT('',(6.999343116574,2.643529291308E-02));
#343 = CARTESIAN_POINT('',(5.998691784362,2.555649201212E-02));
#344 = CARTESIAN_POINT('',(5.000131243331,2.379890203867E-02));
#345 = CARTESIAN_POINT('',(2.995340412508,1.845130830354E-02));
#346 = CARTESIAN_POINT('',(1.989263464606,1.48318540925E-02));
#347 = CARTESIAN_POINT('',(0.989927443759,1.027185468562E-02));
#348 = CARTESIAN_POINT('',(0.,4.737993555783E-03));
#349 = ( GEOMETRIC_REPRESENTATION_CONTEXT(2) 
PARAMETRIC_REPRESENTATION_CONTEXT() REPRESENTATION_CONTEXT('2D SPACE',''
  ) );
#350 = ORIENTED_EDGE('',*,*,#351,.F.);
#351 = EDGE_CURVE('',#352,#291,#354,.T.);
#352 = VERTEX_POINT('',#353);
#353 = CARTESIAN_POINT('',(-29.,34.754351916347,4.139447170178));
#354 = SURFACE_CURVE('',#355,(#361,#370),.PCURVE_S1.);
#355 = B_SPLINE_CURVE_WITH_KNOTS('',4,(#356,#357,#358,#359,#360),
  .UNSPECIFIED.,.F.,.F.,(5,5),(0.,1.),.PIECEWISE_BEZIER_KNOTS.);
#356 = CARTESIAN_POINT('',(-46.01245409494,34.739917983066,
    4.258884657968));
#357 = CARTESIAN_POINT('',(-41.5494015059,34.743756414216,4.22757439858)
  );
#358 = CARTESIAN_POINT('',(-37.07226743996,34.747570736278,
    4.196149271942));
#359 = CARTESIAN_POINT('',(-32.58127101291,34.751360186792,
    4.164610560418));
#360 = CARTESIAN_POINT('',(-28.07663283562,34.755124014394,
    4.132959562359));
#361 = PCURVE('',#33,#362);
#362 = DEFINITIONAL_REPRESENTATION('',(#363),#369);
#363 = B_SPLINE_CURVE_WITH_KNOTS('',4,(#364,#365,#366,#367,#368),
  .UNSPECIFIED.,.F.,.F.,(5,5),(0.,1.),.PIECEWISE_BEZIER_KNOTS.);
#364 = CARTESIAN_POINT('',(-0.121984721439,-5.987545905054));
#365 = CARTESIAN_POINT('',(-0.121083445293,-10.45059849409));
#366 = CARTESIAN_POINT('',(-0.120178995432,-14.92773256003));
#367 = CARTESIAN_POINT('',(-0.119271408921,-19.41872898708));
#368 = CARTESIAN_POINT('',(-0.118360723117,-23.92336716437));
#369 = ( GEOMETRIC_REPRESENTATION_CONTEXT(2) 
PARAMETRIC_REPRESENTATION_CONTEXT() REPRESENTATION_CONTEXT('2D SPACE',''
  ) );
#370 = PCURVE('',#371,#376);
#371 = B_SPLINE_SURFACE_WITH_KNOTS('',1,1,(
    (#372,#373)
    ,(#374,#375
  )),.UNSPECIFIED.,.F.,.F.,.F.,(2,2),(2,2),(0.,18.),(0.,1.),
  .PIECEWISE_BEZIER_KNOTS.);
#372 = CARTESIAN_POINT('',(-28.04265363993,34.570500664849,
    4.050745856427));
#373 = CARTESIAN_POINT('',(-35.21429608558,73.537068975149,
    21.402754668738));
#374 = CARTESIAN_POINT('',(-45.95734636006,32.925387232312,
    3.452927708832));
#375 = CARTESIAN_POINT('',(-47.15742456566,72.440326686791,
    21.004209237008));
#376 = DEFINITIONAL_REPRESENTATION('',(#377),#383);
#377 = B_SPLINE_CURVE_WITH_KNOTS('',4,(#378,#379,#380,#381,#382),
  .UNSPECIFIED.,.F.,.F.,(5,5),(0.,1.),.PIECEWISE_BEZIER_KNOTS.);
#378 = CARTESIAN_POINT('',(18.,4.592011972698E-02));
#379 = CARTESIAN_POINT('',(13.4585348433,3.567396160908E-02));
#380 = CARTESIAN_POINT('',(8.944747203882,2.539456154764E-02));
#381 = CARTESIAN_POINT('',(4.458590522084,1.508240809684E-02));
#382 = CARTESIAN_POINT('',(0.,4.737993555783E-03));
#383 = ( GEOMETRIC_REPRESENTATION_CONTEXT(2) 
PARAMETRIC_REPRESENTATION_CONTEXT() REPRESENTATION_CONTEXT('2D SPACE',''
  ) );
#384 = ORIENTED_EDGE('',*,*,#385,.T.);
#385 = EDGE_CURVE('',#352,#386,#388,.T.);
#386 = VERTEX_POINT('',#387);
#387 = CARTESIAN_POINT('',(-29.,34.990855948376,0.8));
#388 = SURFACE_CURVE('',#389,(#394,#401),.PCURVE_S1.);
#389 = CIRCLE('',#390,35.);
#390 = AXIS2_PLACEMENT_3D('',#391,#392,#393);
#391 = CARTESIAN_POINT('',(-29.,0.,0.));
#392 = DIRECTION('',(-1.,0.,0.));
#393 = DIRECTION('',(0.,1.,0.));
#394 = PCURVE('',#33,#395);
#395 = DEFINITIONAL_REPRESENTATION('',(#396),#400);
#396 = LINE('',#397,#398);
#397 = CARTESIAN_POINT('',(-6.28318530718,-23.));
#398 = VECTOR('',#399,1.);
#399 = DIRECTION('',(1.,-0.));
#400 = ( GEOMETRIC_REPRESENTATION_CONTEXT(2) 
PARAMETRIC_REPRESENTATION_CONTEXT() REPRESENTATION_CONTEXT('2D SPACE',''
  ) );
#401 = PCURVE('',#402,#407);
#402 = PLANE('',#403);
#403 = AXIS2_PLACEMENT_3D('',#404,#405,#406);
#404 = CARTESIAN_POINT('',(-29.,31.5,0.8));
#405 = DIRECTION('',(1.,0.,0.));
#406 = DIRECTION('',(0.,0.,1.));
#407 = DEFINITIONAL_REPRESENTATION('',(#408),#416);
#408 = ( BOUNDED_CURVE() B_SPLINE_CURVE(2,(#409,#410,#411,#412,#413,#414
,#415),.UNSPECIFIED.,.T.,.F.) B_SPLINE_CURVE_WITH_KNOTS((1,2,2,2,2,1),(
    -2.094395102393,0.,2.094395102393,4.188790204786,6.28318530718,
8.377580409573),.UNSPECIFIED.) CURVE() GEOMETRIC_REPRESENTATION_ITEM() 
RATIONAL_B_SPLINE_CURVE((1.,0.5,1.,0.5,1.,0.5,1.)) REPRESENTATION_ITEM(
  '') );
#409 = CARTESIAN_POINT('',(-0.8,-3.5));
#410 = CARTESIAN_POINT('',(-61.42177826491,-3.5));
#411 = CARTESIAN_POINT('',(-31.11088913245,49.));
#412 = CARTESIAN_POINT('',(-0.8,101.5));
#413 = CARTESIAN_POINT('',(29.510889132455,49.));
#414 = CARTESIAN_POINT('',(59.821778264911,-3.5));
#415 = CARTESIAN_POINT('',(-0.8,-3.5));
#416 = ( GEOMETRIC_REPRESENTATION_CONTEXT(2) 
PARAMETRIC_REPRESENTATION_CONTEXT() REPRESENTATION_CONTEXT('2D SPACE',''
  ) );
#417 = ORIENTED_EDGE('',*,*,#418,.F.);
#418 = EDGE_CURVE('',#419,#386,#421,.T.);
#419 = VERTEX_POINT('',#420);
#420 = CARTESIAN_POINT('',(-27.,34.990855948376,0.8));
#421 = SURFACE_CURVE('',#422,(#426,#432),.PCURVE_S1.);
#422 = LINE('',#423,#424);
#423 = CARTESIAN_POINT('',(-52.,34.990855948376,0.8));
#424 = VECTOR('',#425,1.);
#425 = DIRECTION('',(-1.,-0.,-0.));
#426 = PCURVE('',#33,#427);
#427 = DEFINITIONAL_REPRESENTATION('',(#428),#431);
#428 = B_SPLINE_CURVE_WITH_KNOTS('',1,(#429,#430),.UNSPECIFIED.,.F.,.F.,
  (2,2),(-28.0000006,5.999999999062E-07),.PIECEWISE_BEZIER_KNOTS.);
#429 = CARTESIAN_POINT('',(-2.285913360703E-02,-28.0000006));
#430 = CARTESIAN_POINT('',(-2.285913360703E-02,5.999999999062E-07));
#431 = ( GEOMETRIC_REPRESENTATION_CONTEXT(2) 
PARAMETRIC_REPRESENTATION_CONTEXT() REPRESENTATION_CONTEXT('2D SPACE',''
  ) );
#432 = PCURVE('',#72,#433);
#433 = DEFINITIONAL_REPRESENTATION('',(#434),#438);
#434 = LINE('',#435,#436);
#435 = CARTESIAN_POINT('',(68.,154.99085594837));
#436 = VECTOR('',#437,1.);
#437 = DIRECTION('',(-1.,0.));
#438 = ( GEOMETRIC_REPRESENTATION_CONTEXT(2) 
PARAMETRIC_REPRESENTATION_CONTEXT() REPRESENTATION_CONTEXT('2D SPACE',''
  ) );
#439 = ORIENTED_EDGE('',*,*,#440,.F.);
#440 = EDGE_CURVE('',#441,#419,#443,.T.);
#441 = VERTEX_POINT('',#442);
#442 = CARTESIAN_POINT('',(-27.,34.481879299133,6.));
#443 = SURFACE_CURVE('',#444,(#449,#456),.PCURVE_S1.);
#444 = CIRCLE('',#445,35.);
#445 = AXIS2_PLACEMENT_3D('',#446,#447,#448);
#446 = CARTESIAN_POINT('',(-27.,0.,0.));
#447 = DIRECTION('',(-1.,0.,0.));
#448 = DIRECTION('',(0.,1.,0.));
#449 = PCURVE('',#33,#450);
#450 = DEFINITIONAL_REPRESENTATION('',(#451),#455);
#451 = LINE('',#452,#453);
#452 = CARTESIAN_POINT('',(-6.28318530718,-25.));
#453 = VECTOR('',#454,1.);
#454 = DIRECTION('',(1.,-0.));
#455 = ( GEOMETRIC_REPRESENTATION_CONTEXT(2) 
PARAMETRIC_REPRESENTATION_CONTEXT() REPRESENTATION_CONTEXT('2D SPACE',''
  ) );
#456 = PCURVE('',#457,#462);
#457 = PLANE('',#458);
#458 = AXIS2_PLACEMENT_3D('',#459,#460,#461);
#459 = CARTESIAN_POINT('',(-27.,30.2,0.8));
#460 = DIRECTION('',(-1.,0.,0.));
#461 = DIRECTION('',(0.,1.,0.));
#462 = DEFINITIONAL_REPRESENTATION('',(#463),#467);
#463 = CIRCLE('',#464,35.);
#464 = AXIS2_PLACEMENT_2D('',#465,#466);
#465 = CARTESIAN_POINT('',(-30.2,0.8));
#466 = DIRECTION('',(1.,0.));
#467 = ( GEOMETRIC_REPRESENTATION_CONTEXT(2) 
PARAMETRIC_REPRESENTATION_CONTEXT() REPRESENTATION_CONTEXT('2D SPACE',''
  ) );
#468 = ORIENTED_EDGE('',*,*,#469,.F.);
#469 = EDGE_CURVE('',#470,#441,#472,.T.);
#470 = VERTEX_POINT('',#471);
#471 = CARTESIAN_POINT('',(-24.,34.481879299133,6.));
#472 = SURFACE_CURVE('',#473,(#477,#483),.PCURVE_S1.);
#473 = LINE('',#474,#475);
#474 = CARTESIAN_POINT('',(-52.,34.481879299133,6.));
#475 = VECTOR('',#476,1.);
#476 = DIRECTION('',(-1.,-0.,-0.));
#477 = PCURVE('',#33,#478);
#478 = DEFINITIONAL_REPRESENTATION('',(#479),#482);
#479 = B_SPLINE_CURVE_WITH_KNOTS('',1,(#480,#481),.UNSPECIFIED.,.F.,.F.,
  (2,2),(-28.0000006,-23.865),.PIECEWISE_BEZIER_KNOTS.);
#480 = CARTESIAN_POINT('',(-0.172279523728,-28.0000006));
#481 = CARTESIAN_POINT('',(-0.172279523728,-23.865));
#482 = ( GEOMETRIC_REPRESENTATION_CONTEXT(2) 
PARAMETRIC_REPRESENTATION_CONTEXT() REPRESENTATION_CONTEXT('2D SPACE',''
  ) );
#483 = PCURVE('',#484,#489);
#484 = PLANE('',#485);
#485 = AXIS2_PLACEMENT_3D('',#486,#487,#488);
#486 = CARTESIAN_POINT('',(-20.16991279863,42.580455012705,6.));
#487 = DIRECTION('',(-0.,-0.,-1.));
#488 = DIRECTION('',(-1.,0.,0.));
#489 = DEFINITIONAL_REPRESENTATION('',(#490),#493);
#490 = B_SPLINE_CURVE_WITH_KNOTS('',1,(#491,#492),.UNSPECIFIED.,.F.,.F.,
  (2,2),(-28.0000006,-23.865),.PIECEWISE_BEZIER_KNOTS.);
#491 = CARTESIAN_POINT('',(3.830086601365,-8.098575713571));
#492 = CARTESIAN_POINT('',(7.965087201365,-8.098575713571));
#493 = ( GEOMETRIC_REPRESENTATION_CONTEXT(2) 
PARAMETRIC_REPRESENTATION_CONTEXT() REPRESENTATION_CONTEXT('2D SPACE',''
  ) );
#494 = ORIENTED_EDGE('',*,*,#495,.T.);
#495 = EDGE_CURVE('',#470,#496,#498,.T.);
#496 = VERTEX_POINT('',#497);
#497 = CARTESIAN_POINT('',(-24.,-34.48187929913,6.));
#498 = SURFACE_CURVE('',#499,(#504,#511),.PCURVE_S1.);
#499 = CIRCLE('',#500,35.);
#500 = AXIS2_PLACEMENT_3D('',#501,#502,#503);
#501 = CARTESIAN_POINT('',(-24.,0.,0.));
#502 = DIRECTION('',(1.,0.,0.));
#503 = DIRECTION('',(0.,1.,0.));
#504 = PCURVE('',#33,#505);
#505 = DEFINITIONAL_REPRESENTATION('',(#506),#510);
#506 = LINE('',#507,#508);
#507 = CARTESIAN_POINT('',(-0.,-28.));
#508 = VECTOR('',#509,1.);
#509 = DIRECTION('',(-1.,0.));
#510 = ( GEOMETRIC_REPRESENTATION_CONTEXT(2) 
PARAMETRIC_REPRESENTATION_CONTEXT() REPRESENTATION_CONTEXT('2D SPACE',''
  ) );
#511 = PCURVE('',#512,#517);
#512 = PLANE('',#513);
#513 = AXIS2_PLACEMENT_3D('',#514,#515,#516);
#514 = CARTESIAN_POINT('',(-24.,-1.250230978322E-15,2.32193833596E-15));
#515 = DIRECTION('',(1.,0.,0.));
#516 = DIRECTION('',(-0.,0.,1.));
#517 = DEFINITIONAL_REPRESENTATION('',(#518),#522);
#518 = CIRCLE('',#519,35.);
#519 = AXIS2_PLACEMENT_2D('',#520,#521);
#520 = CARTESIAN_POINT('',(-2.32193833596E-15,-1.250230978322E-15));
#521 = DIRECTION('',(0.,-1.));
#522 = ( GEOMETRIC_REPRESENTATION_CONTEXT(2) 
PARAMETRIC_REPRESENTATION_CONTEXT() REPRESENTATION_CONTEXT('2D SPACE',''
  ) );
#523 = ORIENTED_EDGE('',*,*,#524,.T.);
#524 = EDGE_CURVE('',#496,#525,#527,.T.);
#525 = VERTEX_POINT('',#526);
#526 = CARTESIAN_POINT('',(-27.,-34.48187929913,6.));
#527 = SURFACE_CURVE('',#528,(#532,#538),.PCURVE_S1.);
#528 = LINE('',#529,#530);
#529 = CARTESIAN_POINT('',(-52.,-34.48187929913,6.));
#530 = VECTOR('',#531,1.);
#531 = DIRECTION('',(-1.,-0.,-0.));
#532 = PCURVE('',#33,#533);
#533 = DEFINITIONAL_REPRESENTATION('',(#534),#537);
#534 = B_SPLINE_CURVE_WITH_KNOTS('',1,(#535,#536),.UNSPECIFIED.,.F.,.F.,
  (2,2),(-28.0000006,-23.865),.PIECEWISE_BEZIER_KNOTS.);
#535 = CARTESIAN_POINT('',(-2.969313129862,-28.0000006));
#536 = CARTESIAN_POINT('',(-2.969313129862,-23.865));
#537 = ( GEOMETRIC_REPRESENTATION_CONTEXT(2) 
PARAMETRIC_REPRESENTATION_CONTEXT() REPRESENTATION_CONTEXT('2D SPACE',''
  ) );
#538 = PCURVE('',#539,#544);
#539 = PLANE('',#540);
#540 = AXIS2_PLACEMENT_3D('',#541,#542,#543);
#541 = CARTESIAN_POINT('',(-20.16991279863,-42.5804550127,6.));
#542 = DIRECTION('',(0.,0.,1.));
#543 = DIRECTION('',(1.,0.,-0.));
#544 = DEFINITIONAL_REPRESENTATION('',(#545),#548);
#545 = B_SPLINE_CURVE_WITH_KNOTS('',1,(#546,#547),.UNSPECIFIED.,.F.,.F.,
  (2,2),(-28.0000006,-23.865),.PIECEWISE_BEZIER_KNOTS.);
#546 = CARTESIAN_POINT('',(-3.830086601365,8.098575713571));
#547 = CARTESIAN_POINT('',(-7.965087201365,8.098575713571));
#548 = ( GEOMETRIC_REPRESENTATION_CONTEXT(2) 
PARAMETRIC_REPRESENTATION_CONTEXT() REPRESENTATION_CONTEXT('2D SPACE',''
  ) );
#549 = ORIENTED_EDGE('',*,*,#550,.F.);
#550 = EDGE_CURVE('',#551,#525,#553,.T.);
#551 = VERTEX_POINT('',#552);
#552 = CARTESIAN_POINT('',(-27.,-34.99085594837,0.8));
#553 = SURFACE_CURVE('',#554,(#559,#566),.PCURVE_S1.);
#554 = CIRCLE('',#555,35.);
#555 = AXIS2_PLACEMENT_3D('',#556,#557,#558);
#556 = CARTESIAN_POINT('',(-27.,0.,0.));
#557 = DIRECTION('',(-1.,0.,0.));
#558 = DIRECTION('',(0.,1.,0.));
#559 = PCURVE('',#33,#560);
#560 = DEFINITIONAL_REPRESENTATION('',(#561),#565);
#561 = LINE('',#562,#563);
#562 = CARTESIAN_POINT('',(-6.28318530718,-25.));
#563 = VECTOR('',#564,1.);
#564 = DIRECTION('',(1.,-0.));
#565 = ( GEOMETRIC_REPRESENTATION_CONTEXT(2) 
PARAMETRIC_REPRESENTATION_CONTEXT() REPRESENTATION_CONTEXT('2D SPACE',''
  ) );
#566 = PCURVE('',#567,#572);
#567 = PLANE('',#568);
#568 = AXIS2_PLACEMENT_3D('',#569,#570,#571);
#569 = CARTESIAN_POINT('',(-27.,-30.2,0.8));
#570 = DIRECTION('',(1.,0.,-0.));
#571 = DIRECTION('',(0.,-1.,0.));
#572 = DEFINITIONAL_REPRESENTATION('',(#573),#581);
#573 = ( BOUNDED_CURVE() B_SPLINE_CURVE(2,(#574,#575,#576,#577,#578,#579
,#580),.UNSPECIFIED.,.T.,.F.) B_SPLINE_CURVE_WITH_KNOTS((1,2,2,2,2,1),(
    -2.094395102393,0.,2.094395102393,4.188790204786,6.28318530718,
8.377580409573),.UNSPECIFIED.) CURVE() GEOMETRIC_REPRESENTATION_ITEM() 
RATIONAL_B_SPLINE_CURVE((1.,0.5,1.,0.5,1.,0.5,1.)) REPRESENTATION_ITEM(
  '') );
#574 = CARTESIAN_POINT('',(-65.2,0.8));
#575 = CARTESIAN_POINT('',(-65.2,61.421778264911));
#576 = CARTESIAN_POINT('',(-12.7,31.110889132455));
#577 = CARTESIAN_POINT('',(39.8,0.8));
#578 = CARTESIAN_POINT('',(-12.7,-29.51088913245));
#579 = CARTESIAN_POINT('',(-65.2,-59.82177826491));
#580 = CARTESIAN_POINT('',(-65.2,0.8));
#581 = ( GEOMETRIC_REPRESENTATION_CONTEXT(2) 
PARAMETRIC_REPRESENTATION_CONTEXT() REPRESENTATION_CONTEXT('2D SPACE',''
  ) );
#582 = ORIENTED_EDGE('',*,*,#583,.T.);
#583 = EDGE_CURVE('',#551,#584,#586,.T.);
#584 = VERTEX_POINT('',#585);
#585 = CARTESIAN_POINT('',(-29.,-34.99085594837,0.8));
#586 = SURFACE_CURVE('',#587,(#591,#597),.PCURVE_S1.);
#587 = LINE('',#588,#589);
#588 = CARTESIAN_POINT('',(-52.,-34.99085594837,0.8));
#589 = VECTOR('',#590,1.);
#590 = DIRECTION('',(-1.,-0.,-0.));
#591 = PCURVE('',#33,#592);
#592 = DEFINITIONAL_REPRESENTATION('',(#593),#596);
#593 = B_SPLINE_CURVE_WITH_KNOTS('',1,(#594,#595),.UNSPECIFIED.,.F.,.F.,
  (2,2),(-28.0000006,5.999999999062E-07),.PIECEWISE_BEZIER_KNOTS.);
#594 = CARTESIAN_POINT('',(-3.118733519983,-28.0000006));
#595 = CARTESIAN_POINT('',(-3.118733519983,5.999999999062E-07));
#596 = ( GEOMETRIC_REPRESENTATION_CONTEXT(2) 
PARAMETRIC_REPRESENTATION_CONTEXT() REPRESENTATION_CONTEXT('2D SPACE',''
  ) );
#597 = PCURVE('',#598,#603);
#598 = PLANE('',#599);
#599 = AXIS2_PLACEMENT_3D('',#600,#601,#602);
#600 = CARTESIAN_POINT('',(-120.,-120.,0.8));
#601 = DIRECTION('',(0.,0.,1.));
#602 = DIRECTION('',(1.,0.,0.));
#603 = DEFINITIONAL_REPRESENTATION('',(#604),#608);
#604 = LINE('',#605,#606);
#605 = CARTESIAN_POINT('',(68.,85.009144051624));
#606 = VECTOR('',#607,1.);
#607 = DIRECTION('',(-1.,0.));
#608 = ( GEOMETRIC_REPRESENTATION_CONTEXT(2) 
PARAMETRIC_REPRESENTATION_CONTEXT() REPRESENTATION_CONTEXT('2D SPACE',''
  ) );
#609 = ORIENTED_EDGE('',*,*,#610,.T.);
#610 = EDGE_CURVE('',#584,#611,#613,.T.);
#611 = VERTEX_POINT('',#612);
#612 = CARTESIAN_POINT('',(-29.,-34.5,5.894913061276));
#613 = SURFACE_CURVE('',#614,(#619,#626),.PCURVE_S1.);
#614 = CIRCLE('',#615,35.);
#615 = AXIS2_PLACEMENT_3D('',#616,#617,#618);
#616 = CARTESIAN_POINT('',(-29.,0.,0.));
#617 = DIRECTION('',(-1.,0.,0.));
#618 = DIRECTION('',(0.,1.,0.));
#619 = PCURVE('',#33,#620);
#620 = DEFINITIONAL_REPRESENTATION('',(#621),#625);
#621 = LINE('',#622,#623);
#622 = CARTESIAN_POINT('',(-6.28318530718,-23.));
#623 = VECTOR('',#624,1.);
#624 = DIRECTION('',(1.,-0.));
#625 = ( GEOMETRIC_REPRESENTATION_CONTEXT(2) 
PARAMETRIC_REPRESENTATION_CONTEXT() REPRESENTATION_CONTEXT('2D SPACE',''
  ) );
#626 = PCURVE('',#627,#632);
#627 = PLANE('',#628);
#628 = AXIS2_PLACEMENT_3D('',#629,#630,#631);
#629 = CARTESIAN_POINT('',(-29.,-50.6,0.8));
#630 = DIRECTION('',(1.,0.,0.));
#631 = DIRECTION('',(0.,0.,1.));
#632 = DEFINITIONAL_REPRESENTATION('',(#633),#641);
#633 = ( BOUNDED_CURVE() B_SPLINE_CURVE(2,(#634,#635,#636,#637,#638,#639
,#640),.UNSPECIFIED.,.T.,.F.) B_SPLINE_CURVE_WITH_KNOTS((1,2,2,2,2,1),(
    -2.094395102393,0.,2.094395102393,4.188790204786,6.28318530718,
8.377580409573),.UNSPECIFIED.) CURVE() GEOMETRIC_REPRESENTATION_ITEM() 
RATIONAL_B_SPLINE_CURVE((1.,0.5,1.,0.5,1.,0.5,1.)) REPRESENTATION_ITEM(
  '') );
#634 = CARTESIAN_POINT('',(-0.8,-85.6));
#635 = CARTESIAN_POINT('',(-61.42177826491,-85.6));
#636 = CARTESIAN_POINT('',(-31.11088913245,-33.1));
#637 = CARTESIAN_POINT('',(-0.8,19.4));
#638 = CARTESIAN_POINT('',(29.510889132455,-33.1));
#639 = CARTESIAN_POINT('',(59.821778264911,-85.6));
#640 = CARTESIAN_POINT('',(-0.8,-85.6));
#641 = ( GEOMETRIC_REPRESENTATION_CONTEXT(2) 
PARAMETRIC_REPRESENTATION_CONTEXT() REPRESENTATION_CONTEXT('2D SPACE',''
  ) );
#642 = ORIENTED_EDGE('',*,*,#643,.T.);
#643 = EDGE_CURVE('',#611,#644,#646,.T.);
#644 = VERTEX_POINT('',#645);
#645 = CARTESIAN_POINT('',(-29.07737027837,-33.82306905057,9.));
#646 = SURFACE_CURVE('',#647,(#655,#666),.PCURVE_S1.);
#647 = B_SPLINE_CURVE_WITH_KNOTS('',6,(#648,#649,#650,#651,#652,#653,
    #654),.UNSPECIFIED.,.F.,.F.,(7,7),(0.,1.),.PIECEWISE_BEZIER_KNOTS.);
#648 = CARTESIAN_POINT('',(-29.,-34.5,5.894913061276));
#649 = CARTESIAN_POINT('',(-29.,-34.41102866705,6.415618108956));
#650 = CARTESIAN_POINT('',(-29.0031664493,-34.31260588567,6.93483309904)
  );
#651 = CARTESIAN_POINT('',(-29.01076014267,-34.20462404043,
    7.453137191751));
#652 = CARTESIAN_POINT('',(-29.02431799186,-34.08697255019,
    7.970592964359));
#653 = CARTESIAN_POINT('',(-29.04573138536,-33.95966901869,
    8.486641130642));
#654 = CARTESIAN_POINT('',(-29.07737031535,-33.82306889092,9.0000006));
#655 = PCURVE('',#33,#656);
#656 = DEFINITIONAL_REPRESENTATION('',(#657),#665);
#657 = B_SPLINE_CURVE_WITH_KNOTS('',6,(#658,#659,#660,#661,#662,#663,
    #664),.UNSPECIFIED.,.F.,.F.,(7,7),(0.,1.),.PIECEWISE_BEZIER_KNOTS.);
#658 = CARTESIAN_POINT('',(-2.972359925875,-23.));
#659 = CARTESIAN_POINT('',(-2.957267025943,-23.));
#660 = CARTESIAN_POINT('',(-2.94217060957,-22.99683355069));
#661 = CARTESIAN_POINT('',(-2.927047654575,-22.98923985732));
#662 = CARTESIAN_POINT('',(-2.911889679595,-22.97568200813));
#663 = CARTESIAN_POINT('',(-2.896705954099,-22.95426861463));
#664 = CARTESIAN_POINT('',(-2.881528163136,-22.92262968464));
#665 = ( GEOMETRIC_REPRESENTATION_CONTEXT(2) 
PARAMETRIC_REPRESENTATION_CONTEXT() REPRESENTATION_CONTEXT('2D SPACE',''
  ) );
#666 = PCURVE('',#667,#672);
#667 = CYLINDRICAL_SURFACE('',#668,3.);
#668 = AXIS2_PLACEMENT_3D('',#669,#670,#671);
#669 = CARTESIAN_POINT('',(-32.,-34.5,0.8));
#670 = DIRECTION('',(0.,0.,1.));
#671 = DIRECTION('',(1.,0.,-0.));
#672 = DEFINITIONAL_REPRESENTATION('',(#673),#681);
#673 = B_SPLINE_CURVE_WITH_KNOTS('',6,(#674,#675,#676,#677,#678,#679,
    #680),.UNSPECIFIED.,.F.,.F.,(7,7),(0.,1.),.PIECEWISE_BEZIER_KNOTS.);
#674 = CARTESIAN_POINT('',(-8.881784197001E-16,5.094913061276));
#675 = CARTESIAN_POINT('',(2.965711098206E-02,5.615618108956));
#676 = CARTESIAN_POINT('',(6.246478445346E-02,6.13483309904));
#677 = CARTESIAN_POINT('',(9.8505309859E-02,6.653137191751));
#678 = CARTESIAN_POINT('',(0.137914151007,7.170592964359));
#679 = CARTESIAN_POINT('',(0.180864955535,7.686641130642));
#680 = CARTESIAN_POINT('',(0.227603729349,8.2000006));
#681 = ( GEOMETRIC_REPRESENTATION_CONTEXT(2) 
PARAMETRIC_REPRESENTATION_CONTEXT() REPRESENTATION_CONTEXT('2D SPACE',''
  ) );
#682 = ORIENTED_EDGE('',*,*,#683,.T.);
#683 = EDGE_CURVE('',#644,#684,#686,.T.);
#684 = VERTEX_POINT('',#685);
#685 = CARTESIAN_POINT('',(-46.92262972162,-33.82306905057,9.));
#686 = SURFACE_CURVE('',#687,(#691,#697),.PCURVE_S1.);
#687 = LINE('',#688,#689);
#688 = CARTESIAN_POINT('',(-52.,-33.82306905057,9.));
#689 = VECTOR('',#690,1.);
#690 = DIRECTION('',(-1.,-0.,-0.));
#691 = PCURVE('',#33,#692);
#692 = DEFINITIONAL_REPRESENTATION('',(#693),#696);
#693 = B_SPLINE_CURVE_WITH_KNOTS('',1,(#694,#695),.UNSPECIFIED.,.F.,.F.,
  (2,2),(-24.8,-3.2),.PIECEWISE_BEZIER_KNOTS.);
#694 = CARTESIAN_POINT('',(-2.881528180875,-24.8));
#695 = CARTESIAN_POINT('',(-2.881528180875,-3.2));
#696 = ( GEOMETRIC_REPRESENTATION_CONTEXT(2) 
PARAMETRIC_REPRESENTATION_CONTEXT() REPRESENTATION_CONTEXT('2D SPACE',''
  ) );
#697 = PCURVE('',#698,#703);
#698 = PLANE('',#699);
#699 = AXIS2_PLACEMENT_3D('',#700,#701,#702);
#700 = CARTESIAN_POINT('',(-47.,-50.6,9.));
#701 = DIRECTION('',(0.,0.,1.));
#702 = DIRECTION('',(1.,0.,0.));
#703 = DEFINITIONAL_REPRESENTATION('',(#704),#707);
#704 = B_SPLINE_CURVE_WITH_KNOTS('',1,(#705,#706),.UNSPECIFIED.,.F.,.F.,
  (2,2),(-24.8,-3.2),.PIECEWISE_BEZIER_KNOTS.);
#705 = CARTESIAN_POINT('',(19.8,16.776930949424));
#706 = CARTESIAN_POINT('',(-1.8,16.776930949424));
#707 = ( GEOMETRIC_REPRESENTATION_CONTEXT(2) 
PARAMETRIC_REPRESENTATION_CONTEXT() REPRESENTATION_CONTEXT('2D SPACE',''
  ) );
#708 = ORIENTED_EDGE('',*,*,#709,.F.);
#709 = EDGE_CURVE('',#710,#684,#712,.T.);
#710 = VERTEX_POINT('',#711);
#711 = CARTESIAN_POINT('',(-47.,-34.5,5.894913061276));
#712 = SURFACE_CURVE('',#713,(#721,#732),.PCURVE_S1.);
#713 = B_SPLINE_CURVE_WITH_KNOTS('',6,(#714,#715,#716,#717,#718,#719,
    #720),.UNSPECIFIED.,.F.,.F.,(7,7),(0.,1.),.PIECEWISE_BEZIER_KNOTS.);
#714 = CARTESIAN_POINT('',(-47.,-34.5,5.894913061276));
#715 = CARTESIAN_POINT('',(-47.,-34.41102866705,6.415618108956));
#716 = CARTESIAN_POINT('',(-46.99683355069,-34.31260588567,
    6.934833099041));
#717 = CARTESIAN_POINT('',(-46.98923985732,-34.20462404043,
    7.453137191749));
#718 = CARTESIAN_POINT('',(-46.97568200813,-34.08697255019,7.97059296436
    ));
#719 = CARTESIAN_POINT('',(-46.95426861463,-33.95966901869,
    8.486641130642));
#720 = CARTESIAN_POINT('',(-46.92262968464,-33.82306889092,9.0000006));
#721 = PCURVE('',#33,#722);
#722 = DEFINITIONAL_REPRESENTATION('',(#723),#731);
#723 = B_SPLINE_CURVE_WITH_KNOTS('',6,(#724,#725,#726,#727,#728,#729,
    #730),.UNSPECIFIED.,.F.,.F.,(7,7),(0.,1.),.PIECEWISE_BEZIER_KNOTS.);
#724 = CARTESIAN_POINT('',(-2.972359925875,-5.));
#725 = CARTESIAN_POINT('',(-2.957267025943,-5.));
#726 = CARTESIAN_POINT('',(-2.94217060957,-5.003166449303));
#727 = CARTESIAN_POINT('',(-2.927047654575,-5.010760142672));
#728 = CARTESIAN_POINT('',(-2.911889679595,-5.024317991864));
#729 = CARTESIAN_POINT('',(-2.896705954099,-5.045731385361));
#730 = CARTESIAN_POINT('',(-2.881528163136,-5.077370315356));
#731 = ( GEOMETRIC_REPRESENTATION_CONTEXT(2) 
PARAMETRIC_REPRESENTATION_CONTEXT() REPRESENTATION_CONTEXT('2D SPACE',''
  ) );
#732 = PCURVE('',#733,#738);
#733 = CYLINDRICAL_SURFACE('',#734,3.);
#734 = AXIS2_PLACEMENT_3D('',#735,#736,#737);
#735 = CARTESIAN_POINT('',(-44.,-34.5,0.8));
#736 = DIRECTION('',(0.,0.,1.));
#737 = DIRECTION('',(-1.,-0.,0.));
#738 = DEFINITIONAL_REPRESENTATION('',(#739),#747);
#739 = B_SPLINE_CURVE_WITH_KNOTS('',6,(#740,#741,#742,#743,#744,#745,
    #746),.UNSPECIFIED.,.F.,.F.,(7,7),(0.,1.),.PIECEWISE_BEZIER_KNOTS.);
#740 = CARTESIAN_POINT('',(8.881784197001E-16,5.094913061276));
#741 = CARTESIAN_POINT('',(-2.965711098207E-02,5.615618108956));
#742 = CARTESIAN_POINT('',(-6.246478445353E-02,6.134833099041));
#743 = CARTESIAN_POINT('',(-9.850530985887E-02,6.653137191749));
#744 = CARTESIAN_POINT('',(-0.137914151007,7.17059296436));
#745 = CARTESIAN_POINT('',(-0.180864955535,7.686641130642));
#746 = CARTESIAN_POINT('',(-0.227603729349,8.2000006));
#747 = ( GEOMETRIC_REPRESENTATION_CONTEXT(2) 
PARAMETRIC_REPRESENTATION_CONTEXT() REPRESENTATION_CONTEXT('2D SPACE',''
  ) );
#748 = ORIENTED_EDGE('',*,*,#749,.F.);
#749 = EDGE_CURVE('',#750,#710,#752,.T.);
#750 = VERTEX_POINT('',#751);
#751 = CARTESIAN_POINT('',(-47.,-34.99085594837,0.8));
#752 = SURFACE_CURVE('',#753,(#758,#765),.PCURVE_S1.);
#753 = CIRCLE('',#754,35.);
#754 = AXIS2_PLACEMENT_3D('',#755,#756,#757);
#755 = CARTESIAN_POINT('',(-47.,0.,0.));
#756 = DIRECTION('',(-1.,0.,0.));
#757 = DIRECTION('',(0.,1.,0.));
#758 = PCURVE('',#33,#759);
#759 = DEFINITIONAL_REPRESENTATION('',(#760),#764);
#760 = LINE('',#761,#762);
#761 = CARTESIAN_POINT('',(-6.28318530718,-5.));
#762 = VECTOR('',#763,1.);
#763 = DIRECTION('',(1.,-0.));
#764 = ( GEOMETRIC_REPRESENTATION_CONTEXT(2) 
PARAMETRIC_REPRESENTATION_CONTEXT() REPRESENTATION_CONTEXT('2D SPACE',''
  ) );
#765 = PCURVE('',#766,#771);
#766 = PLANE('',#767);
#767 = AXIS2_PLACEMENT_3D('',#768,#769,#770);
#768 = CARTESIAN_POINT('',(-47.,-50.6,0.8));
#769 = DIRECTION('',(1.,0.,0.));
#770 = DIRECTION('',(0.,0.,1.));
#771 = DEFINITIONAL_REPRESENTATION('',(#772),#780);
#772 = ( BOUNDED_CURVE() B_SPLINE_CURVE(2,(#773,#774,#775,#776,#777,#778
,#779),.UNSPECIFIED.,.T.,.F.) B_SPLINE_CURVE_WITH_KNOTS((1,2,2,2,2,1),(
    -2.094395102393,0.,2.094395102393,4.188790204786,6.28318530718,
8.377580409573),.UNSPECIFIED.) CURVE() GEOMETRIC_REPRESENTATION_ITEM() 
RATIONAL_B_SPLINE_CURVE((1.,0.5,1.,0.5,1.,0.5,1.)) REPRESENTATION_ITEM(
  '') );
#773 = CARTESIAN_POINT('',(-0.8,-85.6));
#774 = CARTESIAN_POINT('',(-61.42177826491,-85.6));
#775 = CARTESIAN_POINT('',(-31.11088913245,-33.1));
#776 = CARTESIAN_POINT('',(-0.8,19.4));
#777 = CARTESIAN_POINT('',(29.510889132455,-33.1));
#778 = CARTESIAN_POINT('',(59.821778264911,-85.6));
#779 = CARTESIAN_POINT('',(-0.8,-85.6));
#780 = ( GEOMETRIC_REPRESENTATION_CONTEXT(2) 
PARAMETRIC_REPRESENTATION_CONTEXT() REPRESENTATION_CONTEXT('2D SPACE',''
  ) );
#781 = ORIENTED_EDGE('',*,*,#782,.T.);
#782 = EDGE_CURVE('',#750,#24,#783,.T.);
#783 = SURFACE_CURVE('',#784,(#788,#794),.PCURVE_S1.);
#784 = LINE('',#785,#786);
#785 = CARTESIAN_POINT('',(-52.,-34.99085594837,0.8));
#786 = VECTOR('',#787,1.);
#787 = DIRECTION('',(-1.,-0.,-0.));
#788 = PCURVE('',#33,#789);
#789 = DEFINITIONAL_REPRESENTATION('',(#790),#793);
#790 = B_SPLINE_CURVE_WITH_KNOTS('',1,(#791,#792),.UNSPECIFIED.,.F.,.F.,
  (2,2),(-28.0000006,5.999999999062E-07),.PIECEWISE_BEZIER_KNOTS.);
#791 = CARTESIAN_POINT('',(-3.118733519983,-28.0000006));
#792 = CARTESIAN_POINT('',(-3.118733519983,5.999999999062E-07));
#793 = ( GEOMETRIC_REPRESENTATION_CONTEXT(2) 
PARAMETRIC_REPRESENTATION_CONTEXT() REPRESENTATION_CONTEXT('2D SPACE',''
  ) );
#794 = PCURVE('',#598,#795);
#795 = DEFINITIONAL_REPRESENTATION('',(#796),#800);
#796 = LINE('',#797,#798);
#797 = CARTESIAN_POINT('',(68.,85.009144051624));
#798 = VECTOR('',#799,1.);
#799 = DIRECTION('',(-1.,0.));
#800 = ( GEOMETRIC_REPRESENTATION_CONTEXT(2) 
PARAMETRIC_REPRESENTATION_CONTEXT() REPRESENTATION_CONTEXT('2D SPACE',''
  ) );
#801 = ADVANCED_FACE('',(#802),#45,.F.);
#802 = FACE_BOUND('',#803,.F.);
#803 = EDGE_LOOP('',(#804,#826,#827,#849,#878,#904,#937,#963));
#804 = ORIENTED_EDGE('',*,*,#805,.F.);
#805 = EDGE_CURVE('',#22,#806,#808,.T.);
#806 = VERTEX_POINT('',#807);
#807 = CARTESIAN_POINT('',(-52.,30.789608636681,0.8));
#808 = SURFACE_CURVE('',#809,(#813,#819),.PCURVE_S1.);
#809 = LINE('',#810,#811);
#810 = CARTESIAN_POINT('',(-52.,-60.,0.8));
#811 = VECTOR('',#812,1.);
#812 = DIRECTION('',(0.,-1.,0.));
#813 = PCURVE('',#45,#814);
#814 = DEFINITIONAL_REPRESENTATION('',(#815),#818);
#815 = B_SPLINE_CURVE_WITH_KNOTS('',1,(#816,#817),.UNSPECIFIED.,.F.,.F.,
  (2,2),(-95.,-25.),.PIECEWISE_BEZIER_KNOTS.);
#816 = CARTESIAN_POINT('',(0.8,-35.));
#817 = CARTESIAN_POINT('',(0.8,35.));
#818 = ( GEOMETRIC_REPRESENTATION_CONTEXT(2) 
PARAMETRIC_REPRESENTATION_CONTEXT() REPRESENTATION_CONTEXT('2D SPACE',''
  ) );
#819 = PCURVE('',#72,#820);
#820 = DEFINITIONAL_REPRESENTATION('',(#821),#825);
#821 = LINE('',#822,#823);
#822 = CARTESIAN_POINT('',(68.,60.));
#823 = VECTOR('',#824,1.);
#824 = DIRECTION('',(0.,-1.));
#825 = ( GEOMETRIC_REPRESENTATION_CONTEXT(2) 
PARAMETRIC_REPRESENTATION_CONTEXT() REPRESENTATION_CONTEXT('2D SPACE',''
  ) );
#826 = ORIENTED_EDGE('',*,*,#21,.T.);
#827 = ORIENTED_EDGE('',*,*,#828,.F.);
#828 = EDGE_CURVE('',#829,#24,#831,.T.);
#829 = VERTEX_POINT('',#830);
#830 = CARTESIAN_POINT('',(-52.,-30.78960863668,0.8));
#831 = SURFACE_CURVE('',#832,(#836,#842),.PCURVE_S1.);
#832 = LINE('',#833,#834);
#833 = CARTESIAN_POINT('',(-52.,-60.,0.8));
#834 = VECTOR('',#835,1.);
#835 = DIRECTION('',(0.,-1.,0.));
#836 = PCURVE('',#45,#837);
#837 = DEFINITIONAL_REPRESENTATION('',(#838),#841);
#838 = B_SPLINE_CURVE_WITH_KNOTS('',1,(#839,#840),.UNSPECIFIED.,.F.,.F.,
  (2,2),(-95.,-25.),.PIECEWISE_BEZIER_KNOTS.);
#839 = CARTESIAN_POINT('',(0.8,-35.));
#840 = CARTESIAN_POINT('',(0.8,35.));
#841 = ( GEOMETRIC_REPRESENTATION_CONTEXT(2) 
PARAMETRIC_REPRESENTATION_CONTEXT() REPRESENTATION_CONTEXT('2D SPACE',''
  ) );
#842 = PCURVE('',#598,#843);
#843 = DEFINITIONAL_REPRESENTATION('',(#844),#848);
#844 = LINE('',#845,#846);
#845 = CARTESIAN_POINT('',(68.,60.));
#846 = VECTOR('',#847,1.);
#847 = DIRECTION('',(0.,-1.));
#848 = ( GEOMETRIC_REPRESENTATION_CONTEXT(2) 
PARAMETRIC_REPRESENTATION_CONTEXT() REPRESENTATION_CONTEXT('2D SPACE',''
  ) );
#849 = ORIENTED_EDGE('',*,*,#850,.F.);
#850 = EDGE_CURVE('',#851,#829,#853,.T.);
#851 = VERTEX_POINT('',#852);
#852 = CARTESIAN_POINT('',(-52.,-13.18568976631,27.834826843123));
#853 = SURFACE_CURVE('',#854,(#859,#866),.PCURVE_S1.);
#854 = CIRCLE('',#855,30.8);
#855 = AXIS2_PLACEMENT_3D('',#856,#857,#858);
#856 = CARTESIAN_POINT('',(-52.,1.671608690878E-13,1.085324868355E-16));
#857 = DIRECTION('',(1.,0.,0.));
#858 = DIRECTION('',(0.,1.,0.));
#859 = PCURVE('',#45,#860);
#860 = DEFINITIONAL_REPRESENTATION('',(#861),#865);
#861 = CIRCLE('',#862,30.8);
#862 = AXIS2_PLACEMENT_2D('',#863,#864);
#863 = CARTESIAN_POINT('',(-2.213405849125E-15,-1.684111000661E-13));
#864 = DIRECTION('',(0.,-1.));
#865 = ( GEOMETRIC_REPRESENTATION_CONTEXT(2) 
PARAMETRIC_REPRESENTATION_CONTEXT() REPRESENTATION_CONTEXT('2D SPACE',''
  ) );
#866 = PCURVE('',#867,#872);
#867 = CYLINDRICAL_SURFACE('',#868,30.8);
#868 = AXIS2_PLACEMENT_3D('',#869,#870,#871);
#869 = CARTESIAN_POINT('',(-52.,1.671608690878E-13,1.085324868355E-16));
#870 = DIRECTION('',(-1.,-0.,-0.));
#871 = DIRECTION('',(0.,1.,0.));
#872 = DEFINITIONAL_REPRESENTATION('',(#873),#877);
#873 = LINE('',#874,#875);
#874 = CARTESIAN_POINT('',(-0.,0.));
#875 = VECTOR('',#876,1.);
#876 = DIRECTION('',(-1.,0.));
#877 = ( GEOMETRIC_REPRESENTATION_CONTEXT(2) 
PARAMETRIC_REPRESENTATION_CONTEXT() REPRESENTATION_CONTEXT('2D SPACE',''
  ) );
#878 = ORIENTED_EDGE('',*,*,#879,.T.);
#879 = EDGE_CURVE('',#851,#880,#882,.T.);
#880 = VERTEX_POINT('',#881);
#881 = CARTESIAN_POINT('',(-52.,-13.18568976631,28.276802955543));
#882 = SURFACE_CURVE('',#883,(#887,#893),.PCURVE_S1.);
#883 = LINE('',#884,#885);
#884 = CARTESIAN_POINT('',(-52.,-13.18568976631,1.16096916798E-15));
#885 = VECTOR('',#886,1.);
#886 = DIRECTION('',(0.,0.,1.));
#887 = PCURVE('',#45,#888);
#888 = DEFINITIONAL_REPRESENTATION('',(#889),#892);
#889 = B_SPLINE_CURVE_WITH_KNOTS('',1,(#890,#891),.UNSPECIFIED.,.F.,.F.,
  (2,2),(27.834826843123,28.276802955543),.PIECEWISE_BEZIER_KNOTS.);
#890 = CARTESIAN_POINT('',(27.834826843123,13.18568976631));
#891 = CARTESIAN_POINT('',(28.276802955543,13.18568976631));
#892 = ( GEOMETRIC_REPRESENTATION_CONTEXT(2) 
PARAMETRIC_REPRESENTATION_CONTEXT() REPRESENTATION_CONTEXT('2D SPACE',''
  ) );
#893 = PCURVE('',#894,#899);
#894 = PLANE('',#895);
#895 = AXIS2_PLACEMENT_3D('',#896,#897,#898);
#896 = CARTESIAN_POINT('',(-55.,-13.18568976631,0.));
#897 = DIRECTION('',(0.,1.,0.));
#898 = DIRECTION('',(0.,0.,1.));
#899 = DEFINITIONAL_REPRESENTATION('',(#900),#903);
#900 = B_SPLINE_CURVE_WITH_KNOTS('',1,(#901,#902),.UNSPECIFIED.,.F.,.F.,
  (2,2),(27.834826843123,28.276802955543),.PIECEWISE_BEZIER_KNOTS.);
#901 = CARTESIAN_POINT('',(27.834826843123,3.));
#902 = CARTESIAN_POINT('',(28.276802955543,3.));
#903 = ( GEOMETRIC_REPRESENTATION_CONTEXT(2) 
PARAMETRIC_REPRESENTATION_CONTEXT() REPRESENTATION_CONTEXT('2D SPACE',''
  ) );
#904 = ORIENTED_EDGE('',*,*,#905,.T.);
#905 = EDGE_CURVE('',#880,#906,#908,.T.);
#906 = VERTEX_POINT('',#907);
#907 = CARTESIAN_POINT('',(-52.,13.18568976631,28.276802955543));
#908 = SURFACE_CURVE('',#909,(#914,#925),.PCURVE_S1.);
#909 = CIRCLE('',#910,31.2);
#910 = AXIS2_PLACEMENT_3D('',#911,#912,#913);
#911 = CARTESIAN_POINT('',(-52.,0.,0.));
#912 = DIRECTION('',(-1.,0.,0.));
#913 = DIRECTION('',(0.,1.,0.));
#914 = PCURVE('',#45,#915);
#915 = DEFINITIONAL_REPRESENTATION('',(#916),#924);
#916 = ( BOUNDED_CURVE() B_SPLINE_CURVE(2,(#917,#918,#919,#920,#921,#922
,#923),.UNSPECIFIED.,.T.,.F.) B_SPLINE_CURVE_WITH_KNOTS((1,2,2,2,2,1),(
    -2.094395102393,0.,2.094395102393,4.188790204786,6.28318530718,
8.377580409573),.UNSPECIFIED.) CURVE() GEOMETRIC_REPRESENTATION_ITEM() 
RATIONAL_B_SPLINE_CURVE((1.,0.5,1.,0.5,1.,0.5,1.)) REPRESENTATION_ITEM(
  '') );
#917 = CARTESIAN_POINT('',(-2.32193833596E-15,-31.2));
#918 = CARTESIAN_POINT('',(-54.03998519614,-31.2));
#919 = CARTESIAN_POINT('',(-27.01999259807,15.6));
#920 = CARTESIAN_POINT('',(-9.96373436264E-15,62.4));
#921 = CARTESIAN_POINT('',(27.019992598074,15.6));
#922 = CARTESIAN_POINT('',(54.039985196149,-31.2));
#923 = CARTESIAN_POINT('',(-2.32193833596E-15,-31.2));
#924 = ( GEOMETRIC_REPRESENTATION_CONTEXT(2) 
PARAMETRIC_REPRESENTATION_CONTEXT() REPRESENTATION_CONTEXT('2D SPACE',''
  ) );
#925 = PCURVE('',#926,#931);
#926 = CYLINDRICAL_SURFACE('',#927,31.2);
#927 = AXIS2_PLACEMENT_3D('',#928,#929,#930);
#928 = CARTESIAN_POINT('',(-54.,0.,0.));
#929 = DIRECTION('',(-1.,-0.,-0.));
#930 = DIRECTION('',(0.,1.,0.));
#931 = DEFINITIONAL_REPRESENTATION('',(#932),#936);
#932 = LINE('',#933,#934);
#933 = CARTESIAN_POINT('',(-6.28318530718,-2.));
#934 = VECTOR('',#935,1.);
#935 = DIRECTION('',(1.,-0.));
#936 = ( GEOMETRIC_REPRESENTATION_CONTEXT(2) 
PARAMETRIC_REPRESENTATION_CONTEXT() REPRESENTATION_CONTEXT('2D SPACE',''
  ) );
#937 = ORIENTED_EDGE('',*,*,#938,.F.);
#938 = EDGE_CURVE('',#939,#906,#941,.T.);
#939 = VERTEX_POINT('',#940);
#940 = CARTESIAN_POINT('',(-52.,13.18568976631,27.834826843123));
#941 = SURFACE_CURVE('',#942,(#946,#952),.PCURVE_S1.);
#942 = LINE('',#943,#944);
#943 = CARTESIAN_POINT('',(-52.,13.18568976631,1.16096916798E-15));
#944 = VECTOR('',#945,1.);
#945 = DIRECTION('',(0.,0.,1.));
#946 = PCURVE('',#45,#947);
#947 = DEFINITIONAL_REPRESENTATION('',(#948),#951);
#948 = B_SPLINE_CURVE_WITH_KNOTS('',1,(#949,#950),.UNSPECIFIED.,.F.,.F.,
  (2,2),(27.834826843123,28.276802955543),.PIECEWISE_BEZIER_KNOTS.);
#949 = CARTESIAN_POINT('',(27.834826843123,-13.18568976631));
#950 = CARTESIAN_POINT('',(28.276802955543,-13.18568976631));
#951 = ( GEOMETRIC_REPRESENTATION_CONTEXT(2) 
PARAMETRIC_REPRESENTATION_CONTEXT() REPRESENTATION_CONTEXT('2D SPACE',''
  ) );
#952 = PCURVE('',#953,#958);
#953 = PLANE('',#954);
#954 = AXIS2_PLACEMENT_3D('',#955,#956,#957);
#955 = CARTESIAN_POINT('',(-55.,13.18568976631,0.));
#956 = DIRECTION('',(0.,1.,0.));
#957 = DIRECTION('',(0.,0.,1.));
#958 = DEFINITIONAL_REPRESENTATION('',(#959),#962);
#959 = B_SPLINE_CURVE_WITH_KNOTS('',1,(#960,#961),.UNSPECIFIED.,.F.,.F.,
  (2,2),(27.834826843123,28.276802955543),.PIECEWISE_BEZIER_KNOTS.);
#960 = CARTESIAN_POINT('',(27.834826843123,3.));
#961 = CARTESIAN_POINT('',(28.276802955543,3.));
#962 = ( GEOMETRIC_REPRESENTATION_CONTEXT(2) 
PARAMETRIC_REPRESENTATION_CONTEXT() REPRESENTATION_CONTEXT('2D SPACE',''
  ) );
#963 = ORIENTED_EDGE('',*,*,#964,.F.);
#964 = EDGE_CURVE('',#806,#939,#965,.T.);
#965 = SURFACE_CURVE('',#966,(#971,#978),.PCURVE_S1.);
#966 = CIRCLE('',#967,30.8);
#967 = AXIS2_PLACEMENT_3D('',#968,#969,#970);
#968 = CARTESIAN_POINT('',(-52.,1.671608690878E-13,1.085324868355E-16));
#969 = DIRECTION('',(1.,0.,0.));
#970 = DIRECTION('',(0.,1.,0.));
#971 = PCURVE('',#45,#972);
#972 = DEFINITIONAL_REPRESENTATION('',(#973),#977);
#973 = CIRCLE('',#974,30.8);
#974 = AXIS2_PLACEMENT_2D('',#975,#976);
#975 = CARTESIAN_POINT('',(-2.213405849125E-15,-1.684111000661E-13));
#976 = DIRECTION('',(0.,-1.));
#977 = ( GEOMETRIC_REPRESENTATION_CONTEXT(2) 
PARAMETRIC_REPRESENTATION_CONTEXT() REPRESENTATION_CONTEXT('2D SPACE',''
  ) );
#978 = PCURVE('',#979,#984);
#979 = CYLINDRICAL_SURFACE('',#980,30.8);
#980 = AXIS2_PLACEMENT_3D('',#981,#982,#983);
#981 = CARTESIAN_POINT('',(-52.,1.671608690878E-13,1.085324868355E-16));
#982 = DIRECTION('',(-1.,-0.,-0.));
#983 = DIRECTION('',(0.,1.,0.));
#984 = DEFINITIONAL_REPRESENTATION('',(#985),#988);
#985 = B_SPLINE_CURVE_WITH_KNOTS('',1,(#986,#987),.UNSPECIFIED.,.F.,.F.,
  (2,2),(2.597694742392E-02,1.128399457909),.PIECEWISE_BEZIER_KNOTS.);
#986 = CARTESIAN_POINT('',(-6.309162254604,0.));
#987 = CARTESIAN_POINT('',(-7.411584765088,0.));
#988 = ( GEOMETRIC_REPRESENTATION_CONTEXT(2) 
PARAMETRIC_REPRESENTATION_CONTEXT() REPRESENTATION_CONTEXT('2D SPACE',''
  ) );
#989 = ADVANCED_FACE('',(#990,#1392,#1427),#598,.F.);
#990 = FACE_BOUND('',#991,.F.);
#991 = EDGE_LOOP('',(#992,#993,#1016,#1044,#1072,#1100,#1123,#1151,#1179
    ,#1207,#1235,#1256,#1257,#1258,#1281,#1310,#1338,#1371));
#992 = ORIENTED_EDGE('',*,*,#583,.F.);
#993 = ORIENTED_EDGE('',*,*,#994,.T.);
#994 = EDGE_CURVE('',#551,#995,#997,.T.);
#995 = VERTEX_POINT('',#996);
#996 = CARTESIAN_POINT('',(-27.,-44.,0.8));
#997 = SURFACE_CURVE('',#998,(#1002,#1009),.PCURVE_S1.);
#998 = LINE('',#999,#1000);
#999 = CARTESIAN_POINT('',(-27.,-30.2,0.8));
#1000 = VECTOR('',#1001,1.);
#1001 = DIRECTION('',(0.,-1.,0.));
#1002 = PCURVE('',#598,#1003);
#1003 = DEFINITIONAL_REPRESENTATION('',(#1004),#1008);
#1004 = LINE('',#1005,#1006);
#1005 = CARTESIAN_POINT('',(93.,89.8));
#1006 = VECTOR('',#1007,1.);
#1007 = DIRECTION('',(0.,-1.));
#1008 = ( GEOMETRIC_REPRESENTATION_CONTEXT(2) 
PARAMETRIC_REPRESENTATION_CONTEXT() REPRESENTATION_CONTEXT('2D SPACE',''
  ) );
#1009 = PCURVE('',#567,#1010);
#1010 = DEFINITIONAL_REPRESENTATION('',(#1011),#1015);
#1011 = LINE('',#1012,#1013);
#1012 = CARTESIAN_POINT('',(0.,0.));
#1013 = VECTOR('',#1014,1.);
#1014 = DIRECTION('',(1.,0.));
#1015 = ( GEOMETRIC_REPRESENTATION_CONTEXT(2) 
PARAMETRIC_REPRESENTATION_CONTEXT() REPRESENTATION_CONTEXT('2D SPACE',''
  ) );
#1016 = ORIENTED_EDGE('',*,*,#1017,.T.);
#1017 = EDGE_CURVE('',#995,#1018,#1020,.T.);
#1018 = VERTEX_POINT('',#1019);
#1019 = CARTESIAN_POINT('',(-16.65,-57.40484581497,0.8));
#1020 = SURFACE_CURVE('',#1021,(#1025,#1032),.PCURVE_S1.);
#1021 = LINE('',#1022,#1023);
#1022 = CARTESIAN_POINT('',(-27.,-44.,0.8));
#1023 = VECTOR('',#1024,1.);
#1024 = DIRECTION('',(0.61114096351,-0.791521776529,0.));
#1025 = PCURVE('',#598,#1026);
#1026 = DEFINITIONAL_REPRESENTATION('',(#1027),#1031);
#1027 = LINE('',#1028,#1029);
#1028 = CARTESIAN_POINT('',(93.,76.));
#1029 = VECTOR('',#1030,1.);
#1030 = DIRECTION('',(0.61114096351,-0.791521776529));
#1031 = ( GEOMETRIC_REPRESENTATION_CONTEXT(2) 
PARAMETRIC_REPRESENTATION_CONTEXT() REPRESENTATION_CONTEXT('2D SPACE',''
  ) );
#1032 = PCURVE('',#1033,#1038);
#1033 = PLANE('',#1034);
#1034 = AXIS2_PLACEMENT_3D('',#1035,#1036,#1037);
#1035 = CARTESIAN_POINT('',(-27.,-44.,0.8));
#1036 = DIRECTION('',(0.791521776529,0.61114096351,-0.));
#1037 = DIRECTION('',(0.61114096351,-0.791521776529,0.));
#1038 = DEFINITIONAL_REPRESENTATION('',(#1039),#1043);
#1039 = LINE('',#1040,#1041);
#1040 = CARTESIAN_POINT('',(0.,0.));
#1041 = VECTOR('',#1042,1.);
#1042 = DIRECTION('',(1.,0.));
#1043 = ( GEOMETRIC_REPRESENTATION_CONTEXT(2) 
PARAMETRIC_REPRESENTATION_CONTEXT() REPRESENTATION_CONTEXT('2D SPACE',''
  ) );
#1044 = ORIENTED_EDGE('',*,*,#1045,.F.);
#1045 = EDGE_CURVE('',#1046,#1018,#1048,.T.);
#1046 = VERTEX_POINT('',#1047);
#1047 = CARTESIAN_POINT('',(-16.65,-58.7,0.8));
#1048 = SURFACE_CURVE('',#1049,(#1053,#1060),.PCURVE_S1.);
#1049 = LINE('',#1050,#1051);
#1050 = CARTESIAN_POINT('',(-16.65,-58.7,0.8));
#1051 = VECTOR('',#1052,1.);
#1052 = DIRECTION('',(0.,1.,0.));
#1053 = PCURVE('',#598,#1054);
#1054 = DEFINITIONAL_REPRESENTATION('',(#1055),#1059);
#1055 = LINE('',#1056,#1057);
#1056 = CARTESIAN_POINT('',(103.35,61.3));
#1057 = VECTOR('',#1058,1.);
#1058 = DIRECTION('',(0.,1.));
#1059 = ( GEOMETRIC_REPRESENTATION_CONTEXT(2) 
PARAMETRIC_REPRESENTATION_CONTEXT() REPRESENTATION_CONTEXT('2D SPACE',''
  ) );
#1060 = PCURVE('',#1061,#1066);
#1061 = PLANE('',#1062);
#1062 = AXIS2_PLACEMENT_3D('',#1063,#1064,#1065);
#1063 = CARTESIAN_POINT('',(-16.65,-58.7,0.8));
#1064 = DIRECTION('',(1.,0.,0.));
#1065 = DIRECTION('',(0.,0.,1.));
#1066 = DEFINITIONAL_REPRESENTATION('',(#1067),#1071);
#1067 = LINE('',#1068,#1069);
#1068 = CARTESIAN_POINT('',(0.,0.));
#1069 = VECTOR('',#1070,1.);
#1070 = DIRECTION('',(0.,-1.));
#1071 = ( GEOMETRIC_REPRESENTATION_CONTEXT(2) 
PARAMETRIC_REPRESENTATION_CONTEXT() REPRESENTATION_CONTEXT('2D SPACE',''
  ) );
#1072 = ORIENTED_EDGE('',*,*,#1073,.T.);
#1073 = EDGE_CURVE('',#1046,#1074,#1076,.T.);
#1074 = VERTEX_POINT('',#1075);
#1075 = CARTESIAN_POINT('',(-15.65,-58.7,0.8));
#1076 = SURFACE_CURVE('',#1077,(#1081,#1088),.PCURVE_S1.);
#1077 = LINE('',#1078,#1079);
#1078 = CARTESIAN_POINT('',(-16.65,-58.7,0.8));
#1079 = VECTOR('',#1080,1.);
#1080 = DIRECTION('',(1.,0.,0.));
#1081 = PCURVE('',#598,#1082);
#1082 = DEFINITIONAL_REPRESENTATION('',(#1083),#1087);
#1083 = LINE('',#1084,#1085);
#1084 = CARTESIAN_POINT('',(103.35,61.3));
#1085 = VECTOR('',#1086,1.);
#1086 = DIRECTION('',(1.,0.));
#1087 = ( GEOMETRIC_REPRESENTATION_CONTEXT(2) 
PARAMETRIC_REPRESENTATION_CONTEXT() REPRESENTATION_CONTEXT('2D SPACE',''
  ) );
#1088 = PCURVE('',#1089,#1094);
#1089 = PLANE('',#1090);
#1090 = AXIS2_PLACEMENT_3D('',#1091,#1092,#1093);
#1091 = CARTESIAN_POINT('',(-16.65,-58.7,0.8));
#1092 = DIRECTION('',(0.,1.,0.));
#1093 = DIRECTION('',(0.,0.,1.));
#1094 = DEFINITIONAL_REPRESENTATION('',(#1095),#1099);
#1095 = LINE('',#1096,#1097);
#1096 = CARTESIAN_POINT('',(0.,0.));
#1097 = VECTOR('',#1098,1.);
#1098 = DIRECTION('',(0.,1.));
#1099 = ( GEOMETRIC_REPRESENTATION_CONTEXT(2) 
PARAMETRIC_REPRESENTATION_CONTEXT() REPRESENTATION_CONTEXT('2D SPACE',''
  ) );
#1100 = ORIENTED_EDGE('',*,*,#1101,.T.);
#1101 = EDGE_CURVE('',#1074,#1102,#1104,.T.);
#1102 = VERTEX_POINT('',#1103);
#1103 = CARTESIAN_POINT('',(-5.,-58.7,0.8));
#1104 = SURFACE_CURVE('',#1105,(#1109,#1116),.PCURVE_S1.);
#1105 = LINE('',#1106,#1107);
#1106 = CARTESIAN_POINT('',(-16.65,-58.7,0.8));
#1107 = VECTOR('',#1108,1.);
#1108 = DIRECTION('',(1.,0.,0.));
#1109 = PCURVE('',#598,#1110);
#1110 = DEFINITIONAL_REPRESENTATION('',(#1111),#1115);
#1111 = LINE('',#1112,#1113);
#1112 = CARTESIAN_POINT('',(103.35,61.3));
#1113 = VECTOR('',#1114,1.);
#1114 = DIRECTION('',(1.,0.));
#1115 = ( GEOMETRIC_REPRESENTATION_CONTEXT(2) 
PARAMETRIC_REPRESENTATION_CONTEXT() REPRESENTATION_CONTEXT('2D SPACE',''
  ) );
#1116 = PCURVE('',#1089,#1117);
#1117 = DEFINITIONAL_REPRESENTATION('',(#1118),#1122);
#1118 = LINE('',#1119,#1120);
#1119 = CARTESIAN_POINT('',(0.,0.));
#1120 = VECTOR('',#1121,1.);
#1121 = DIRECTION('',(0.,1.));
#1122 = ( GEOMETRIC_REPRESENTATION_CONTEXT(2) 
PARAMETRIC_REPRESENTATION_CONTEXT() REPRESENTATION_CONTEXT('2D SPACE',''
  ) );
#1123 = ORIENTED_EDGE('',*,*,#1124,.T.);
#1124 = EDGE_CURVE('',#1102,#1125,#1127,.T.);
#1125 = VERTEX_POINT('',#1126);
#1126 = CARTESIAN_POINT('',(-5.,-55.51,0.8));
#1127 = SURFACE_CURVE('',#1128,(#1132,#1139),.PCURVE_S1.);
#1128 = LINE('',#1129,#1130);
#1129 = CARTESIAN_POINT('',(-5.,-58.7,0.8));
#1130 = VECTOR('',#1131,1.);
#1131 = DIRECTION('',(0.,1.,0.));
#1132 = PCURVE('',#598,#1133);
#1133 = DEFINITIONAL_REPRESENTATION('',(#1134),#1138);
#1134 = LINE('',#1135,#1136);
#1135 = CARTESIAN_POINT('',(115.,61.3));
#1136 = VECTOR('',#1137,1.);
#1137 = DIRECTION('',(0.,1.));
#1138 = ( GEOMETRIC_REPRESENTATION_CONTEXT(2) 
PARAMETRIC_REPRESENTATION_CONTEXT() REPRESENTATION_CONTEXT('2D SPACE',''
  ) );
#1139 = PCURVE('',#1140,#1145);
#1140 = PLANE('',#1141);
#1141 = AXIS2_PLACEMENT_3D('',#1142,#1143,#1144);
#1142 = CARTESIAN_POINT('',(-5.,-58.7,0.8));
#1143 = DIRECTION('',(1.,0.,0.));
#1144 = DIRECTION('',(0.,0.,1.));
#1145 = DEFINITIONAL_REPRESENTATION('',(#1146),#1150);
#1146 = LINE('',#1147,#1148);
#1147 = CARTESIAN_POINT('',(0.,0.));
#1148 = VECTOR('',#1149,1.);
#1149 = DIRECTION('',(0.,-1.));
#1150 = ( GEOMETRIC_REPRESENTATION_CONTEXT(2) 
PARAMETRIC_REPRESENTATION_CONTEXT() REPRESENTATION_CONTEXT('2D SPACE',''
  ) );
#1151 = ORIENTED_EDGE('',*,*,#1152,.T.);
#1152 = EDGE_CURVE('',#1125,#1153,#1155,.T.);
#1153 = VERTEX_POINT('',#1154);
#1154 = CARTESIAN_POINT('',(-6.2,-54.31,0.8));
#1155 = SURFACE_CURVE('',#1156,(#1160,#1167),.PCURVE_S1.);
#1156 = LINE('',#1157,#1158);
#1157 = CARTESIAN_POINT('',(-5.,-55.51,0.8));
#1158 = VECTOR('',#1159,1.);
#1159 = DIRECTION('',(-0.707106781187,0.707106781187,0.));
#1160 = PCURVE('',#598,#1161);
#1161 = DEFINITIONAL_REPRESENTATION('',(#1162),#1166);
#1162 = LINE('',#1163,#1164);
#1163 = CARTESIAN_POINT('',(115.,64.49));
#1164 = VECTOR('',#1165,1.);
#1165 = DIRECTION('',(-0.707106781187,0.707106781187));
#1166 = ( GEOMETRIC_REPRESENTATION_CONTEXT(2) 
PARAMETRIC_REPRESENTATION_CONTEXT() REPRESENTATION_CONTEXT('2D SPACE',''
  ) );
#1167 = PCURVE('',#1168,#1173);
#1168 = PLANE('',#1169);
#1169 = AXIS2_PLACEMENT_3D('',#1170,#1171,#1172);
#1170 = CARTESIAN_POINT('',(-5.,-55.51,0.8));
#1171 = DIRECTION('',(-0.707106781187,-0.707106781187,0.));
#1172 = DIRECTION('',(-0.707106781187,0.707106781187,0.));
#1173 = DEFINITIONAL_REPRESENTATION('',(#1174),#1178);
#1174 = LINE('',#1175,#1176);
#1175 = CARTESIAN_POINT('',(0.,0.));
#1176 = VECTOR('',#1177,1.);
#1177 = DIRECTION('',(1.,0.));
#1178 = ( GEOMETRIC_REPRESENTATION_CONTEXT(2) 
PARAMETRIC_REPRESENTATION_CONTEXT() REPRESENTATION_CONTEXT('2D SPACE',''
  ) );
#1179 = ORIENTED_EDGE('',*,*,#1180,.F.);
#1180 = EDGE_CURVE('',#1181,#1153,#1183,.T.);
#1181 = VERTEX_POINT('',#1182);
#1182 = CARTESIAN_POINT('',(-15.65,-54.31,0.8));
#1183 = SURFACE_CURVE('',#1184,(#1188,#1195),.PCURVE_S1.);
#1184 = LINE('',#1185,#1186);
#1185 = CARTESIAN_POINT('',(-16.65,-54.31,0.8));
#1186 = VECTOR('',#1187,1.);
#1187 = DIRECTION('',(1.,0.,0.));
#1188 = PCURVE('',#598,#1189);
#1189 = DEFINITIONAL_REPRESENTATION('',(#1190),#1194);
#1190 = LINE('',#1191,#1192);
#1191 = CARTESIAN_POINT('',(103.35,65.69));
#1192 = VECTOR('',#1193,1.);
#1193 = DIRECTION('',(1.,0.));
#1194 = ( GEOMETRIC_REPRESENTATION_CONTEXT(2) 
PARAMETRIC_REPRESENTATION_CONTEXT() REPRESENTATION_CONTEXT('2D SPACE',''
  ) );
#1195 = PCURVE('',#1196,#1201);
#1196 = PLANE('',#1197);
#1197 = AXIS2_PLACEMENT_3D('',#1198,#1199,#1200);
#1198 = CARTESIAN_POINT('',(-16.65,-54.31,0.8));
#1199 = DIRECTION('',(0.,1.,0.));
#1200 = DIRECTION('',(0.,0.,1.));
#1201 = DEFINITIONAL_REPRESENTATION('',(#1202),#1206);
#1202 = LINE('',#1203,#1204);
#1203 = CARTESIAN_POINT('',(0.,0.));
#1204 = VECTOR('',#1205,1.);
#1205 = DIRECTION('',(0.,1.));
#1206 = ( GEOMETRIC_REPRESENTATION_CONTEXT(2) 
PARAMETRIC_REPRESENTATION_CONTEXT() REPRESENTATION_CONTEXT('2D SPACE',''
  ) );
#1207 = ORIENTED_EDGE('',*,*,#1208,.T.);
#1208 = EDGE_CURVE('',#1181,#1209,#1211,.T.);
#1209 = VERTEX_POINT('',#1210);
#1210 = CARTESIAN_POINT('',(-15.65,-30.78960863668,0.800000000001));
#1211 = SURFACE_CURVE('',#1212,(#1216,#1223),.PCURVE_S1.);
#1212 = LINE('',#1213,#1214);
#1213 = CARTESIAN_POINT('',(-15.65,-58.7,0.8));
#1214 = VECTOR('',#1215,1.);
#1215 = DIRECTION('',(0.,1.,0.));
#1216 = PCURVE('',#598,#1217);
#1217 = DEFINITIONAL_REPRESENTATION('',(#1218),#1222);
#1218 = LINE('',#1219,#1220);
#1219 = CARTESIAN_POINT('',(104.35,61.3));
#1220 = VECTOR('',#1221,1.);
#1221 = DIRECTION('',(0.,1.));
#1222 = ( GEOMETRIC_REPRESENTATION_CONTEXT(2) 
PARAMETRIC_REPRESENTATION_CONTEXT() REPRESENTATION_CONTEXT('2D SPACE',''
  ) );
#1223 = PCURVE('',#1224,#1229);
#1224 = PLANE('',#1225);
#1225 = AXIS2_PLACEMENT_3D('',#1226,#1227,#1228);
#1226 = CARTESIAN_POINT('',(-15.65,-58.7,0.8));
#1227 = DIRECTION('',(-1.,0.,0.));
#1228 = DIRECTION('',(0.,1.,0.));
#1229 = DEFINITIONAL_REPRESENTATION('',(#1230),#1234);
#1230 = LINE('',#1231,#1232);
#1231 = CARTESIAN_POINT('',(0.,0.));
#1232 = VECTOR('',#1233,1.);
#1233 = DIRECTION('',(1.,0.));
#1234 = ( GEOMETRIC_REPRESENTATION_CONTEXT(2) 
PARAMETRIC_REPRESENTATION_CONTEXT() REPRESENTATION_CONTEXT('2D SPACE',''
  ) );
#1235 = ORIENTED_EDGE('',*,*,#1236,.F.);
#1236 = EDGE_CURVE('',#829,#1209,#1237,.T.);
#1237 = SURFACE_CURVE('',#1238,(#1242,#1249),.PCURVE_S1.);
#1238 = LINE('',#1239,#1240);
#1239 = CARTESIAN_POINT('',(-52.,-30.78960863668,0.8));
#1240 = VECTOR('',#1241,1.);
#1241 = DIRECTION('',(1.,-2.736615763588E-15,3.580812858516E-14));
#1242 = PCURVE('',#598,#1243);
#1243 = DEFINITIONAL_REPRESENTATION('',(#1244),#1248);
#1244 = LINE('',#1245,#1246);
#1245 = CARTESIAN_POINT('',(68.,89.210391363319));
#1246 = VECTOR('',#1247,1.);
#1247 = DIRECTION('',(1.,-2.736615763588E-15));
#1248 = ( GEOMETRIC_REPRESENTATION_CONTEXT(2) 
PARAMETRIC_REPRESENTATION_CONTEXT() REPRESENTATION_CONTEXT('2D SPACE',''
  ) );
#1249 = PCURVE('',#867,#1250);
#1250 = DEFINITIONAL_REPRESENTATION('',(#1251),#1255);
#1251 = LINE('',#1252,#1253);
#1252 = CARTESIAN_POINT('',(-3.115615706166,0.));
#1253 = VECTOR('',#1254,1.);
#1254 = DIRECTION('',(-0.,-1.));
#1255 = ( GEOMETRIC_REPRESENTATION_CONTEXT(2) 
PARAMETRIC_REPRESENTATION_CONTEXT() REPRESENTATION_CONTEXT('2D SPACE',''
  ) );
#1256 = ORIENTED_EDGE('',*,*,#828,.T.);
#1257 = ORIENTED_EDGE('',*,*,#782,.F.);
#1258 = ORIENTED_EDGE('',*,*,#1259,.F.);
#1259 = EDGE_CURVE('',#1260,#750,#1262,.T.);
#1260 = VERTEX_POINT('',#1261);
#1261 = CARTESIAN_POINT('',(-47.,-47.6,0.8));
#1262 = SURFACE_CURVE('',#1263,(#1267,#1274),.PCURVE_S1.);
#1263 = LINE('',#1264,#1265);
#1264 = CARTESIAN_POINT('',(-47.,-50.6,0.8));
#1265 = VECTOR('',#1266,1.);
#1266 = DIRECTION('',(0.,1.,0.));
#1267 = PCURVE('',#598,#1268);
#1268 = DEFINITIONAL_REPRESENTATION('',(#1269),#1273);
#1269 = LINE('',#1270,#1271);
#1270 = CARTESIAN_POINT('',(73.,69.4));
#1271 = VECTOR('',#1272,1.);
#1272 = DIRECTION('',(0.,1.));
#1273 = ( GEOMETRIC_REPRESENTATION_CONTEXT(2) 
PARAMETRIC_REPRESENTATION_CONTEXT() REPRESENTATION_CONTEXT('2D SPACE',''
  ) );
#1274 = PCURVE('',#766,#1275);
#1275 = DEFINITIONAL_REPRESENTATION('',(#1276),#1280);
#1276 = LINE('',#1277,#1278);
#1277 = CARTESIAN_POINT('',(0.,0.));
#1278 = VECTOR('',#1279,1.);
#1279 = DIRECTION('',(0.,-1.));
#1280 = ( GEOMETRIC_REPRESENTATION_CONTEXT(2) 
PARAMETRIC_REPRESENTATION_CONTEXT() REPRESENTATION_CONTEXT('2D SPACE',''
  ) );
#1281 = ORIENTED_EDGE('',*,*,#1282,.T.);
#1282 = EDGE_CURVE('',#1260,#1283,#1285,.T.);
#1283 = VERTEX_POINT('',#1284);
#1284 = CARTESIAN_POINT('',(-44.,-50.6,0.8));
#1285 = SURFACE_CURVE('',#1286,(#1291,#1298),.PCURVE_S1.);
#1286 = CIRCLE('',#1287,3.);
#1287 = AXIS2_PLACEMENT_3D('',#1288,#1289,#1290);
#1288 = CARTESIAN_POINT('',(-44.,-47.6,0.8));
#1289 = DIRECTION('',(0.,0.,1.));
#1290 = DIRECTION('',(0.,-1.,0.));
#1291 = PCURVE('',#598,#1292);
#1292 = DEFINITIONAL_REPRESENTATION('',(#1293),#1297);
#1293 = CIRCLE('',#1294,3.);
#1294 = AXIS2_PLACEMENT_2D('',#1295,#1296);
#1295 = CARTESIAN_POINT('',(76.,72.4));
#1296 = DIRECTION('',(0.,-1.));
#1297 = ( GEOMETRIC_REPRESENTATION_CONTEXT(2) 
PARAMETRIC_REPRESENTATION_CONTEXT() REPRESENTATION_CONTEXT('2D SPACE',''
  ) );
#1298 = PCURVE('',#1299,#1304);
#1299 = CYLINDRICAL_SURFACE('',#1300,3.);
#1300 = AXIS2_PLACEMENT_3D('',#1301,#1302,#1303);
#1301 = CARTESIAN_POINT('',(-44.,-47.6,0.8));
#1302 = DIRECTION('',(0.,0.,1.));
#1303 = DIRECTION('',(-1.,-0.,0.));
#1304 = DEFINITIONAL_REPRESENTATION('',(#1305),#1309);
#1305 = LINE('',#1306,#1307);
#1306 = CARTESIAN_POINT('',(-4.712388980385,0.));
#1307 = VECTOR('',#1308,1.);
#1308 = DIRECTION('',(1.,0.));
#1309 = ( GEOMETRIC_REPRESENTATION_CONTEXT(2) 
PARAMETRIC_REPRESENTATION_CONTEXT() REPRESENTATION_CONTEXT('2D SPACE',''
  ) );
#1310 = ORIENTED_EDGE('',*,*,#1311,.T.);
#1311 = EDGE_CURVE('',#1283,#1312,#1314,.T.);
#1312 = VERTEX_POINT('',#1313);
#1313 = CARTESIAN_POINT('',(-32.,-50.6,0.8));
#1314 = SURFACE_CURVE('',#1315,(#1319,#1326),.PCURVE_S1.);
#1315 = LINE('',#1316,#1317);
#1316 = CARTESIAN_POINT('',(-47.,-50.6,0.8));
#1317 = VECTOR('',#1318,1.);
#1318 = DIRECTION('',(1.,0.,0.));
#1319 = PCURVE('',#598,#1320);
#1320 = DEFINITIONAL_REPRESENTATION('',(#1321),#1325);
#1321 = LINE('',#1322,#1323);
#1322 = CARTESIAN_POINT('',(73.,69.4));
#1323 = VECTOR('',#1324,1.);
#1324 = DIRECTION('',(1.,0.));
#1325 = ( GEOMETRIC_REPRESENTATION_CONTEXT(2) 
PARAMETRIC_REPRESENTATION_CONTEXT() REPRESENTATION_CONTEXT('2D SPACE',''
  ) );
#1326 = PCURVE('',#1327,#1332);
#1327 = PLANE('',#1328);
#1328 = AXIS2_PLACEMENT_3D('',#1329,#1330,#1331);
#1329 = CARTESIAN_POINT('',(-47.,-50.6,0.8));
#1330 = DIRECTION('',(0.,1.,0.));
#1331 = DIRECTION('',(0.,0.,1.));
#1332 = DEFINITIONAL_REPRESENTATION('',(#1333),#1337);
#1333 = LINE('',#1334,#1335);
#1334 = CARTESIAN_POINT('',(0.,0.));
#1335 = VECTOR('',#1336,1.);
#1336 = DIRECTION('',(0.,1.));
#1337 = ( GEOMETRIC_REPRESENTATION_CONTEXT(2) 
PARAMETRIC_REPRESENTATION_CONTEXT() REPRESENTATION_CONTEXT('2D SPACE',''
  ) );
#1338 = ORIENTED_EDGE('',*,*,#1339,.F.);
#1339 = EDGE_CURVE('',#1340,#1312,#1342,.T.);
#1340 = VERTEX_POINT('',#1341);
#1341 = CARTESIAN_POINT('',(-29.,-47.6,0.8));
#1342 = SURFACE_CURVE('',#1343,(#1348,#1359),.PCURVE_S1.);
#1343 = CIRCLE('',#1344,3.);
#1344 = AXIS2_PLACEMENT_3D('',#1345,#1346,#1347);
#1345 = CARTESIAN_POINT('',(-32.,-47.6,0.8));
#1346 = DIRECTION('',(-0.,-0.,-1.));
#1347 = DIRECTION('',(0.,-1.,0.));
#1348 = PCURVE('',#598,#1349);
#1349 = DEFINITIONAL_REPRESENTATION('',(#1350),#1358);
#1350 = ( BOUNDED_CURVE() B_SPLINE_CURVE(2,(#1351,#1352,#1353,#1354,
#1355,#1356,#1357),.UNSPECIFIED.,.T.,.F.) B_SPLINE_CURVE_WITH_KNOTS((1,2
    ,2,2,2,1),(-2.094395102393,0.,2.094395102393,4.188790204786,
6.28318530718,8.377580409573),.UNSPECIFIED.) CURVE() 
GEOMETRIC_REPRESENTATION_ITEM() RATIONAL_B_SPLINE_CURVE((1.,0.5,1.,0.5,
1.,0.5,1.)) REPRESENTATION_ITEM('') );
#1351 = CARTESIAN_POINT('',(88.,69.4));
#1352 = CARTESIAN_POINT('',(82.803847577293,69.4));
#1353 = CARTESIAN_POINT('',(85.401923788647,73.9));
#1354 = CARTESIAN_POINT('',(88.,78.4));
#1355 = CARTESIAN_POINT('',(90.598076211353,73.9));
#1356 = CARTESIAN_POINT('',(93.196152422707,69.4));
#1357 = CARTESIAN_POINT('',(88.,69.4));
#1358 = ( GEOMETRIC_REPRESENTATION_CONTEXT(2) 
PARAMETRIC_REPRESENTATION_CONTEXT() REPRESENTATION_CONTEXT('2D SPACE',''
  ) );
#1359 = PCURVE('',#1360,#1365);
#1360 = CYLINDRICAL_SURFACE('',#1361,3.);
#1361 = AXIS2_PLACEMENT_3D('',#1362,#1363,#1364);
#1362 = CARTESIAN_POINT('',(-32.,-47.6,0.8));
#1363 = DIRECTION('',(0.,0.,1.));
#1364 = DIRECTION('',(1.,0.,-0.));
#1365 = DEFINITIONAL_REPRESENTATION('',(#1366),#1370);
#1366 = LINE('',#1367,#1368);
#1367 = CARTESIAN_POINT('',(4.712388980385,-0.));
#1368 = VECTOR('',#1369,1.);
#1369 = DIRECTION('',(-1.,0.));
#1370 = ( GEOMETRIC_REPRESENTATION_CONTEXT(2) 
PARAMETRIC_REPRESENTATION_CONTEXT() REPRESENTATION_CONTEXT('2D SPACE',''
  ) );
#1371 = ORIENTED_EDGE('',*,*,#1372,.T.);
#1372 = EDGE_CURVE('',#1340,#584,#1373,.T.);
#1373 = SURFACE_CURVE('',#1374,(#1378,#1385),.PCURVE_S1.);
#1374 = LINE('',#1375,#1376);
#1375 = CARTESIAN_POINT('',(-29.,-50.6,0.8));
#1376 = VECTOR('',#1377,1.);
#1377 = DIRECTION('',(0.,1.,0.));
#1378 = PCURVE('',#598,#1379);
#1379 = DEFINITIONAL_REPRESENTATION('',(#1380),#1384);
#1380 = LINE('',#1381,#1382);
#1381 = CARTESIAN_POINT('',(91.,69.4));
#1382 = VECTOR('',#1383,1.);
#1383 = DIRECTION('',(0.,1.));
#1384 = ( GEOMETRIC_REPRESENTATION_CONTEXT(2) 
PARAMETRIC_REPRESENTATION_CONTEXT() REPRESENTATION_CONTEXT('2D SPACE',''
  ) );
#1385 = PCURVE('',#627,#1386);
#1386 = DEFINITIONAL_REPRESENTATION('',(#1387),#1391);
#1387 = LINE('',#1388,#1389);
#1388 = CARTESIAN_POINT('',(0.,0.));
#1389 = VECTOR('',#1390,1.);
#1390 = DIRECTION('',(0.,-1.));
#1391 = ( GEOMETRIC_REPRESENTATION_CONTEXT(2) 
PARAMETRIC_REPRESENTATION_CONTEXT() REPRESENTATION_CONTEXT('2D SPACE',''
  ) );
#1392 = FACE_BOUND('',#1393,.F.);
#1393 = EDGE_LOOP('',(#1394));
#1394 = ORIENTED_EDGE('',*,*,#1395,.T.);
#1395 = EDGE_CURVE('',#1396,#1396,#1398,.T.);
#1396 = VERTEX_POINT('',#1397);
#1397 = CARTESIAN_POINT('',(-35.8,-43.,0.8));
#1398 = SURFACE_CURVE('',#1399,(#1404,#1415),.PCURVE_S1.);
#1399 = CIRCLE('',#1400,2.2);
#1400 = AXIS2_PLACEMENT_3D('',#1401,#1402,#1403);
#1401 = CARTESIAN_POINT('',(-38.,-43.,0.8));
#1402 = DIRECTION('',(0.,0.,-1.));
#1403 = DIRECTION('',(1.,0.,0.));
#1404 = PCURVE('',#598,#1405);
#1405 = DEFINITIONAL_REPRESENTATION('',(#1406),#1414);
#1406 = ( BOUNDED_CURVE() B_SPLINE_CURVE(2,(#1407,#1408,#1409,#1410,
#1411,#1412,#1413),.UNSPECIFIED.,.T.,.F.) B_SPLINE_CURVE_WITH_KNOTS((1,2
    ,2,2,2,1),(-2.094395102393,0.,2.094395102393,4.188790204786,
6.28318530718,8.377580409573),.UNSPECIFIED.) CURVE() 
GEOMETRIC_REPRESENTATION_ITEM() RATIONAL_B_SPLINE_CURVE((1.,0.5,1.,0.5,
1.,0.5,1.)) REPRESENTATION_ITEM('') );
#1407 = CARTESIAN_POINT('',(84.2,77.));
#1408 = CARTESIAN_POINT('',(84.2,73.189488223348));
#1409 = CARTESIAN_POINT('',(80.9,75.094744111674));
#1410 = CARTESIAN_POINT('',(77.6,77.));
#1411 = CARTESIAN_POINT('',(80.9,78.905255888326));
#1412 = CARTESIAN_POINT('',(84.2,80.810511776652));
#1413 = CARTESIAN_POINT('',(84.2,77.));
#1414 = ( GEOMETRIC_REPRESENTATION_CONTEXT(2) 
PARAMETRIC_REPRESENTATION_CONTEXT() REPRESENTATION_CONTEXT('2D SPACE',''
  ) );
#1415 = PCURVE('',#1416,#1421);
#1416 = CYLINDRICAL_SURFACE('',#1417,2.2);
#1417 = AXIS2_PLACEMENT_3D('',#1418,#1419,#1420);
#1418 = CARTESIAN_POINT('',(-38.,-43.,-13.));
#1419 = DIRECTION('',(-0.,-0.,-1.));
#1420 = DIRECTION('',(1.,0.,0.));
#1421 = DEFINITIONAL_REPRESENTATION('',(#1422),#1426);
#1422 = LINE('',#1423,#1424);
#1423 = CARTESIAN_POINT('',(-6.28318530718,-13.8));
#1424 = VECTOR('',#1425,1.);
#1425 = DIRECTION('',(1.,-0.));
#1426 = ( GEOMETRIC_REPRESENTATION_CONTEXT(2) 
PARAMETRIC_REPRESENTATION_CONTEXT() REPRESENTATION_CONTEXT('2D SPACE',''
  ) );
#1427 = FACE_BOUND('',#1428,.F.);
#1428 = EDGE_LOOP('',(#1429));
#1429 = ORIENTED_EDGE('',*,*,#1430,.T.);
#1430 = EDGE_CURVE('',#1431,#1431,#1433,.T.);
#1431 = VERTEX_POINT('',#1432);
#1432 = CARTESIAN_POINT('',(-40.9,-36.5,0.8));
#1433 = SURFACE_CURVE('',#1434,(#1439,#1450),.PCURVE_S1.);
#1434 = CIRCLE('',#1435,1.6);
#1435 = AXIS2_PLACEMENT_3D('',#1436,#1437,#1438);
#1436 = CARTESIAN_POINT('',(-42.5,-36.5,0.8));
#1437 = DIRECTION('',(0.,0.,-1.));
#1438 = DIRECTION('',(1.,0.,0.));
#1439 = PCURVE('',#598,#1440);
#1440 = DEFINITIONAL_REPRESENTATION('',(#1441),#1449);
#1441 = ( BOUNDED_CURVE() B_SPLINE_CURVE(2,(#1442,#1443,#1444,#1445,
#1446,#1447,#1448),.UNSPECIFIED.,.T.,.F.) B_SPLINE_CURVE_WITH_KNOTS((1,2
    ,2,2,2,1),(-2.094395102393,0.,2.094395102393,4.188790204786,
6.28318530718,8.377580409573),.UNSPECIFIED.) CURVE() 
GEOMETRIC_REPRESENTATION_ITEM() RATIONAL_B_SPLINE_CURVE((1.,0.5,1.,0.5,
1.,0.5,1.)) REPRESENTATION_ITEM('') );
#1442 = CARTESIAN_POINT('',(79.1,83.5));
#1443 = CARTESIAN_POINT('',(79.1,80.72871870789));
#1444 = CARTESIAN_POINT('',(76.7,82.114359353945));
#1445 = CARTESIAN_POINT('',(74.3,83.5));
#1446 = CARTESIAN_POINT('',(76.7,84.885640646055));
#1447 = CARTESIAN_POINT('',(79.1,86.27128129211));
#1448 = CARTESIAN_POINT('',(79.1,83.5));
#1449 = ( GEOMETRIC_REPRESENTATION_CONTEXT(2) 
PARAMETRIC_REPRESENTATION_CONTEXT() REPRESENTATION_CONTEXT('2D SPACE',''
  ) );
#1450 = PCURVE('',#1451,#1456);
#1451 = CYLINDRICAL_SURFACE('',#1452,1.6);
#1452 = AXIS2_PLACEMENT_3D('',#1453,#1454,#1455);
#1453 = CARTESIAN_POINT('',(-42.5,-36.5,-5.4));
#1454 = DIRECTION('',(-0.,-0.,-1.));
#1455 = DIRECTION('',(1.,0.,0.));
#1456 = DEFINITIONAL_REPRESENTATION('',(#1457),#1461);
#1457 = LINE('',#1458,#1459);
#1458 = CARTESIAN_POINT('',(-6.28318530718,-6.2));
#1459 = VECTOR('',#1460,1.);
#1460 = DIRECTION('',(1.,-0.));
#1461 = ( GEOMETRIC_REPRESENTATION_CONTEXT(2) 
PARAMETRIC_REPRESENTATION_CONTEXT() REPRESENTATION_CONTEXT('2D SPACE',''
  ) );
#1462 = ADVANCED_FACE('',(#1463),#766,.F.);
#1463 = FACE_BOUND('',#1464,.F.);
#1464 = EDGE_LOOP('',(#1465,#1490,#1511,#1512,#1513));
#1465 = ORIENTED_EDGE('',*,*,#1466,.F.);
#1466 = EDGE_CURVE('',#1467,#1469,#1471,.T.);
#1467 = VERTEX_POINT('',#1468);
#1468 = CARTESIAN_POINT('',(-47.,-47.6,9.));
#1469 = VERTEX_POINT('',#1470);
#1470 = CARTESIAN_POINT('',(-47.,-34.5,9.));
#1471 = SURFACE_CURVE('',#1472,(#1476,#1483),.PCURVE_S1.);
#1472 = LINE('',#1473,#1474);
#1473 = CARTESIAN_POINT('',(-47.,-50.6,9.));
#1474 = VECTOR('',#1475,1.);
#1475 = DIRECTION('',(0.,1.,0.));
#1476 = PCURVE('',#766,#1477);
#1477 = DEFINITIONAL_REPRESENTATION('',(#1478),#1482);
#1478 = LINE('',#1479,#1480);
#1479 = CARTESIAN_POINT('',(8.2,0.));
#1480 = VECTOR('',#1481,1.);
#1481 = DIRECTION('',(0.,-1.));
#1482 = ( GEOMETRIC_REPRESENTATION_CONTEXT(2) 
PARAMETRIC_REPRESENTATION_CONTEXT() REPRESENTATION_CONTEXT('2D SPACE',''
  ) );
#1483 = PCURVE('',#698,#1484);
#1484 = DEFINITIONAL_REPRESENTATION('',(#1485),#1489);
#1485 = LINE('',#1486,#1487);
#1486 = CARTESIAN_POINT('',(0.,0.));
#1487 = VECTOR('',#1488,1.);
#1488 = DIRECTION('',(0.,1.));
#1489 = ( GEOMETRIC_REPRESENTATION_CONTEXT(2) 
PARAMETRIC_REPRESENTATION_CONTEXT() REPRESENTATION_CONTEXT('2D SPACE',''
  ) );
#1490 = ORIENTED_EDGE('',*,*,#1491,.F.);
#1491 = EDGE_CURVE('',#1260,#1467,#1492,.T.);
#1492 = SURFACE_CURVE('',#1493,(#1497,#1504),.PCURVE_S1.);
#1493 = LINE('',#1494,#1495);
#1494 = CARTESIAN_POINT('',(-47.,-47.6,0.8));
#1495 = VECTOR('',#1496,1.);
#1496 = DIRECTION('',(0.,0.,1.));
#1497 = PCURVE('',#766,#1498);
#1498 = DEFINITIONAL_REPRESENTATION('',(#1499),#1503);
#1499 = LINE('',#1500,#1501);
#1500 = CARTESIAN_POINT('',(0.,-3.));
#1501 = VECTOR('',#1502,1.);
#1502 = DIRECTION('',(1.,0.));
#1503 = ( GEOMETRIC_REPRESENTATION_CONTEXT(2) 
PARAMETRIC_REPRESENTATION_CONTEXT() REPRESENTATION_CONTEXT('2D SPACE',''
  ) );
#1504 = PCURVE('',#1299,#1505);
#1505 = DEFINITIONAL_REPRESENTATION('',(#1506),#1510);
#1506 = LINE('',#1507,#1508);
#1507 = CARTESIAN_POINT('',(0.,0.));
#1508 = VECTOR('',#1509,1.);
#1509 = DIRECTION('',(0.,1.));
#1510 = ( GEOMETRIC_REPRESENTATION_CONTEXT(2) 
PARAMETRIC_REPRESENTATION_CONTEXT() REPRESENTATION_CONTEXT('2D SPACE',''
  ) );
#1511 = ORIENTED_EDGE('',*,*,#1259,.T.);
#1512 = ORIENTED_EDGE('',*,*,#749,.T.);
#1513 = ORIENTED_EDGE('',*,*,#1514,.T.);
#1514 = EDGE_CURVE('',#710,#1469,#1515,.T.);
#1515 = SURFACE_CURVE('',#1516,(#1520,#1527),.PCURVE_S1.);
#1516 = LINE('',#1517,#1518);
#1517 = CARTESIAN_POINT('',(-47.,-34.5,0.8));
#1518 = VECTOR('',#1519,1.);
#1519 = DIRECTION('',(0.,0.,1.));
#1520 = PCURVE('',#766,#1521);
#1521 = DEFINITIONAL_REPRESENTATION('',(#1522),#1526);
#1522 = LINE('',#1523,#1524);
#1523 = CARTESIAN_POINT('',(0.,-16.1));
#1524 = VECTOR('',#1525,1.);
#1525 = DIRECTION('',(1.,0.));
#1526 = ( GEOMETRIC_REPRESENTATION_CONTEXT(2) 
PARAMETRIC_REPRESENTATION_CONTEXT() REPRESENTATION_CONTEXT('2D SPACE',''
  ) );
#1527 = PCURVE('',#733,#1528);
#1528 = DEFINITIONAL_REPRESENTATION('',(#1529),#1533);
#1529 = LINE('',#1530,#1531);
#1530 = CARTESIAN_POINT('',(-0.,0.));
#1531 = VECTOR('',#1532,1.);
#1532 = DIRECTION('',(-0.,1.));
#1533 = ( GEOMETRIC_REPRESENTATION_CONTEXT(2) 
PARAMETRIC_REPRESENTATION_CONTEXT() REPRESENTATION_CONTEXT('2D SPACE',''
  ) );
#1534 = ADVANCED_FACE('',(#1535),#733,.T.);
#1535 = FACE_BOUND('',#1536,.F.);
#1536 = EDGE_LOOP('',(#1537,#1538,#1539));
#1537 = ORIENTED_EDGE('',*,*,#1514,.F.);
#1538 = ORIENTED_EDGE('',*,*,#709,.T.);
#1539 = ORIENTED_EDGE('',*,*,#1540,.F.);
#1540 = EDGE_CURVE('',#1469,#684,#1541,.T.);
#1541 = SURFACE_CURVE('',#1542,(#1547,#1554),.PCURVE_S1.);
#1542 = CIRCLE('',#1543,3.);
#1543 = AXIS2_PLACEMENT_3D('',#1544,#1545,#1546);
#1544 = CARTESIAN_POINT('',(-44.,-34.5,9.));
#1545 = DIRECTION('',(-0.,-0.,-1.));
#1546 = DIRECTION('',(0.,-1.,0.));
#1547 = PCURVE('',#733,#1548);
#1548 = DEFINITIONAL_REPRESENTATION('',(#1549),#1553);
#1549 = LINE('',#1550,#1551);
#1550 = CARTESIAN_POINT('',(1.570796326795,8.2));
#1551 = VECTOR('',#1552,1.);
#1552 = DIRECTION('',(-1.,0.));
#1553 = ( GEOMETRIC_REPRESENTATION_CONTEXT(2) 
PARAMETRIC_REPRESENTATION_CONTEXT() REPRESENTATION_CONTEXT('2D SPACE',''
  ) );
#1554 = PCURVE('',#698,#1555);
#1555 = DEFINITIONAL_REPRESENTATION('',(#1556),#1564);
#1556 = ( BOUNDED_CURVE() B_SPLINE_CURVE(2,(#1557,#1558,#1559,#1560,
#1561,#1562,#1563),.UNSPECIFIED.,.T.,.F.) B_SPLINE_CURVE_WITH_KNOTS((1,2
    ,2,2,2,1),(-2.094395102393,0.,2.094395102393,4.188790204786,
6.28318530718,8.377580409573),.UNSPECIFIED.) CURVE() 
GEOMETRIC_REPRESENTATION_ITEM() RATIONAL_B_SPLINE_CURVE((1.,0.5,1.,0.5,
1.,0.5,1.)) REPRESENTATION_ITEM('') );
#1557 = CARTESIAN_POINT('',(3.,13.1));
#1558 = CARTESIAN_POINT('',(-2.196152422707,13.1));
#1559 = CARTESIAN_POINT('',(0.401923788647,17.6));
#1560 = CARTESIAN_POINT('',(3.,22.1));
#1561 = CARTESIAN_POINT('',(5.598076211353,17.6));
#1562 = CARTESIAN_POINT('',(8.196152422707,13.1));
#1563 = CARTESIAN_POINT('',(3.,13.1));
#1564 = ( GEOMETRIC_REPRESENTATION_CONTEXT(2) 
PARAMETRIC_REPRESENTATION_CONTEXT() REPRESENTATION_CONTEXT('2D SPACE',''
  ) );
#1565 = ADVANCED_FACE('',(#1566,#1691),#698,.T.);
#1566 = FACE_BOUND('',#1567,.T.);
#1567 = EDGE_LOOP('',(#1568,#1569,#1593,#1616,#1644,#1667,#1689,#1690));
#1568 = ORIENTED_EDGE('',*,*,#1466,.F.);
#1569 = ORIENTED_EDGE('',*,*,#1570,.T.);
#1570 = EDGE_CURVE('',#1467,#1571,#1573,.T.);
#1571 = VERTEX_POINT('',#1572);
#1572 = CARTESIAN_POINT('',(-44.,-50.6,9.));
#1573 = SURFACE_CURVE('',#1574,(#1579,#1586),.PCURVE_S1.);
#1574 = CIRCLE('',#1575,3.);
#1575 = AXIS2_PLACEMENT_3D('',#1576,#1577,#1578);
#1576 = CARTESIAN_POINT('',(-44.,-47.6,9.));
#1577 = DIRECTION('',(0.,0.,1.));
#1578 = DIRECTION('',(0.,-1.,0.));
#1579 = PCURVE('',#698,#1580);
#1580 = DEFINITIONAL_REPRESENTATION('',(#1581),#1585);
#1581 = CIRCLE('',#1582,3.);
#1582 = AXIS2_PLACEMENT_2D('',#1583,#1584);
#1583 = CARTESIAN_POINT('',(3.,3.));
#1584 = DIRECTION('',(0.,-1.));
#1585 = ( GEOMETRIC_REPRESENTATION_CONTEXT(2) 
PARAMETRIC_REPRESENTATION_CONTEXT() REPRESENTATION_CONTEXT('2D SPACE',''
  ) );
#1586 = PCURVE('',#1299,#1587);
#1587 = DEFINITIONAL_REPRESENTATION('',(#1588),#1592);
#1588 = LINE('',#1589,#1590);
#1589 = CARTESIAN_POINT('',(-4.712388980385,8.2));
#1590 = VECTOR('',#1591,1.);
#1591 = DIRECTION('',(1.,0.));
#1592 = ( GEOMETRIC_REPRESENTATION_CONTEXT(2) 
PARAMETRIC_REPRESENTATION_CONTEXT() REPRESENTATION_CONTEXT('2D SPACE',''
  ) );
#1593 = ORIENTED_EDGE('',*,*,#1594,.T.);
#1594 = EDGE_CURVE('',#1571,#1595,#1597,.T.);
#1595 = VERTEX_POINT('',#1596);
#1596 = CARTESIAN_POINT('',(-32.,-50.6,9.));
#1597 = SURFACE_CURVE('',#1598,(#1602,#1609),.PCURVE_S1.);
#1598 = LINE('',#1599,#1600);
#1599 = CARTESIAN_POINT('',(-47.,-50.6,9.));
#1600 = VECTOR('',#1601,1.);
#1601 = DIRECTION('',(1.,0.,0.));
#1602 = PCURVE('',#698,#1603);
#1603 = DEFINITIONAL_REPRESENTATION('',(#1604),#1608);
#1604 = LINE('',#1605,#1606);
#1605 = CARTESIAN_POINT('',(0.,0.));
#1606 = VECTOR('',#1607,1.);
#1607 = DIRECTION('',(1.,0.));
#1608 = ( GEOMETRIC_REPRESENTATION_CONTEXT(2) 
PARAMETRIC_REPRESENTATION_CONTEXT() REPRESENTATION_CONTEXT('2D SPACE',''
  ) );
#1609 = PCURVE('',#1327,#1610);
#1610 = DEFINITIONAL_REPRESENTATION('',(#1611),#1615);
#1611 = LINE('',#1612,#1613);
#1612 = CARTESIAN_POINT('',(8.2,0.));
#1613 = VECTOR('',#1614,1.);
#1614 = DIRECTION('',(0.,1.));
#1615 = ( GEOMETRIC_REPRESENTATION_CONTEXT(2) 
PARAMETRIC_REPRESENTATION_CONTEXT() REPRESENTATION_CONTEXT('2D SPACE',''
  ) );
#1616 = ORIENTED_EDGE('',*,*,#1617,.F.);
#1617 = EDGE_CURVE('',#1618,#1595,#1620,.T.);
#1618 = VERTEX_POINT('',#1619);
#1619 = CARTESIAN_POINT('',(-29.,-47.6,9.));
#1620 = SURFACE_CURVE('',#1621,(#1626,#1637),.PCURVE_S1.);
#1621 = CIRCLE('',#1622,3.);
#1622 = AXIS2_PLACEMENT_3D('',#1623,#1624,#1625);
#1623 = CARTESIAN_POINT('',(-32.,-47.6,9.));
#1624 = DIRECTION('',(-0.,-0.,-1.));
#1625 = DIRECTION('',(0.,-1.,0.));
#1626 = PCURVE('',#698,#1627);
#1627 = DEFINITIONAL_REPRESENTATION('',(#1628),#1636);
#1628 = ( BOUNDED_CURVE() B_SPLINE_CURVE(2,(#1629,#1630,#1631,#1632,
#1633,#1634,#1635),.UNSPECIFIED.,.T.,.F.) B_SPLINE_CURVE_WITH_KNOTS((1,2
    ,2,2,2,1),(-2.094395102393,0.,2.094395102393,4.188790204786,
6.28318530718,8.377580409573),.UNSPECIFIED.) CURVE() 
GEOMETRIC_REPRESENTATION_ITEM() RATIONAL_B_SPLINE_CURVE((1.,0.5,1.,0.5,
1.,0.5,1.)) REPRESENTATION_ITEM('') );
#1629 = CARTESIAN_POINT('',(15.,0.));
#1630 = CARTESIAN_POINT('',(9.803847577293,0.));
#1631 = CARTESIAN_POINT('',(12.401923788647,4.5));
#1632 = CARTESIAN_POINT('',(15.,9.));
#1633 = CARTESIAN_POINT('',(17.598076211353,4.5));
#1634 = CARTESIAN_POINT('',(20.196152422707,4.440892098501E-15));
#1635 = CARTESIAN_POINT('',(15.,0.));
#1636 = ( GEOMETRIC_REPRESENTATION_CONTEXT(2) 
PARAMETRIC_REPRESENTATION_CONTEXT() REPRESENTATION_CONTEXT('2D SPACE',''
  ) );
#1637 = PCURVE('',#1360,#1638);
#1638 = DEFINITIONAL_REPRESENTATION('',(#1639),#1643);
#1639 = LINE('',#1640,#1641);
#1640 = CARTESIAN_POINT('',(4.712388980385,8.2));
#1641 = VECTOR('',#1642,1.);
#1642 = DIRECTION('',(-1.,0.));
#1643 = ( GEOMETRIC_REPRESENTATION_CONTEXT(2) 
PARAMETRIC_REPRESENTATION_CONTEXT() REPRESENTATION_CONTEXT('2D SPACE',''
  ) );
#1644 = ORIENTED_EDGE('',*,*,#1645,.T.);
#1645 = EDGE_CURVE('',#1618,#1646,#1648,.T.);
#1646 = VERTEX_POINT('',#1647);
#1647 = CARTESIAN_POINT('',(-29.,-34.5,9.));
#1648 = SURFACE_CURVE('',#1649,(#1653,#1660),.PCURVE_S1.);
#1649 = LINE('',#1650,#1651);
#1650 = CARTESIAN_POINT('',(-29.,-50.6,9.));
#1651 = VECTOR('',#1652,1.);
#1652 = DIRECTION('',(0.,1.,0.));
#1653 = PCURVE('',#698,#1654);
#1654 = DEFINITIONAL_REPRESENTATION('',(#1655),#1659);
#1655 = LINE('',#1656,#1657);
#1656 = CARTESIAN_POINT('',(18.,0.));
#1657 = VECTOR('',#1658,1.);
#1658 = DIRECTION('',(0.,1.));
#1659 = ( GEOMETRIC_REPRESENTATION_CONTEXT(2) 
PARAMETRIC_REPRESENTATION_CONTEXT() REPRESENTATION_CONTEXT('2D SPACE',''
  ) );
#1660 = PCURVE('',#627,#1661);
#1661 = DEFINITIONAL_REPRESENTATION('',(#1662),#1666);
#1662 = LINE('',#1663,#1664);
#1663 = CARTESIAN_POINT('',(8.2,0.));
#1664 = VECTOR('',#1665,1.);
#1665 = DIRECTION('',(0.,-1.));
#1666 = ( GEOMETRIC_REPRESENTATION_CONTEXT(2) 
PARAMETRIC_REPRESENTATION_CONTEXT() REPRESENTATION_CONTEXT('2D SPACE',''
  ) );
#1667 = ORIENTED_EDGE('',*,*,#1668,.T.);
#1668 = EDGE_CURVE('',#1646,#644,#1669,.T.);
#1669 = SURFACE_CURVE('',#1670,(#1675,#1682),.PCURVE_S1.);
#1670 = CIRCLE('',#1671,3.);
#1671 = AXIS2_PLACEMENT_3D('',#1672,#1673,#1674);
#1672 = CARTESIAN_POINT('',(-32.,-34.5,9.));
#1673 = DIRECTION('',(0.,0.,1.));
#1674 = DIRECTION('',(0.,-1.,0.));
#1675 = PCURVE('',#698,#1676);
#1676 = DEFINITIONAL_REPRESENTATION('',(#1677),#1681);
#1677 = CIRCLE('',#1678,3.);
#1678 = AXIS2_PLACEMENT_2D('',#1679,#1680);
#1679 = CARTESIAN_POINT('',(15.,16.1));
#1680 = DIRECTION('',(0.,-1.));
#1681 = ( GEOMETRIC_REPRESENTATION_CONTEXT(2) 
PARAMETRIC_REPRESENTATION_CONTEXT() REPRESENTATION_CONTEXT('2D SPACE',''
  ) );
#1682 = PCURVE('',#667,#1683);
#1683 = DEFINITIONAL_REPRESENTATION('',(#1684),#1688);
#1684 = LINE('',#1685,#1686);
#1685 = CARTESIAN_POINT('',(-1.570796326795,8.2));
#1686 = VECTOR('',#1687,1.);
#1687 = DIRECTION('',(1.,0.));
#1688 = ( GEOMETRIC_REPRESENTATION_CONTEXT(2) 
PARAMETRIC_REPRESENTATION_CONTEXT() REPRESENTATION_CONTEXT('2D SPACE',''
  ) );
#1689 = ORIENTED_EDGE('',*,*,#683,.T.);
#1690 = ORIENTED_EDGE('',*,*,#1540,.F.);
#1691 = FACE_BOUND('',#1692,.T.);
#1692 = EDGE_LOOP('',(#1693));
#1693 = ORIENTED_EDGE('',*,*,#1694,.T.);
#1694 = EDGE_CURVE('',#1695,#1695,#1697,.T.);
#1695 = VERTEX_POINT('',#1696);
#1696 = CARTESIAN_POINT('',(-34.3,-43.,9.));
#1697 = SURFACE_CURVE('',#1698,(#1703,#1714),.PCURVE_S1.);
#1698 = CIRCLE('',#1699,3.7);
#1699 = AXIS2_PLACEMENT_3D('',#1700,#1701,#1702);
#1700 = CARTESIAN_POINT('',(-38.,-43.,9.));
#1701 = DIRECTION('',(0.,0.,-1.));
#1702 = DIRECTION('',(1.,0.,0.));
#1703 = PCURVE('',#698,#1704);
#1704 = DEFINITIONAL_REPRESENTATION('',(#1705),#1713);
#1705 = ( BOUNDED_CURVE() B_SPLINE_CURVE(2,(#1706,#1707,#1708,#1709,
#1710,#1711,#1712),.UNSPECIFIED.,.T.,.F.) B_SPLINE_CURVE_WITH_KNOTS((1,2
    ,2,2,2,1),(-2.094395102393,0.,2.094395102393,4.188790204786,
6.28318530718,8.377580409573),.UNSPECIFIED.) CURVE() 
GEOMETRIC_REPRESENTATION_ITEM() RATIONAL_B_SPLINE_CURVE((1.,0.5,1.,0.5,
1.,0.5,1.)) REPRESENTATION_ITEM('') );
#1706 = CARTESIAN_POINT('',(12.7,7.6));
#1707 = CARTESIAN_POINT('',(12.7,1.191412011995));
#1708 = CARTESIAN_POINT('',(7.15,4.395706005998));
#1709 = CARTESIAN_POINT('',(1.6,7.6));
#1710 = CARTESIAN_POINT('',(7.15,10.804293994002));
#1711 = CARTESIAN_POINT('',(12.7,14.008587988005));
#1712 = CARTESIAN_POINT('',(12.7,7.6));
#1713 = ( GEOMETRIC_REPRESENTATION_CONTEXT(2) 
PARAMETRIC_REPRESENTATION_CONTEXT() REPRESENTATION_CONTEXT('2D SPACE',''
  ) );
#1714 = PCURVE('',#1715,#1720);
#1715 = CYLINDRICAL_SURFACE('',#1716,3.7);
#1716 = AXIS2_PLACEMENT_3D('',#1717,#1718,#1719);
#1717 = CARTESIAN_POINT('',(-38.,-43.,4.8));
#1718 = DIRECTION('',(-0.,-0.,-1.));
#1719 = DIRECTION('',(1.,0.,0.));
#1720 = DEFINITIONAL_REPRESENTATION('',(#1721),#1725);
#1721 = LINE('',#1722,#1723);
#1722 = CARTESIAN_POINT('',(-6.28318530718,-4.2));
#1723 = VECTOR('',#1724,1.);
#1724 = DIRECTION('',(1.,-0.));
#1725 = ( GEOMETRIC_REPRESENTATION_CONTEXT(2) 
PARAMETRIC_REPRESENTATION_CONTEXT() REPRESENTATION_CONTEXT('2D SPACE',''
  ) );
#1726 = ADVANCED_FACE('',(#1727),#667,.T.);
#1727 = FACE_BOUND('',#1728,.T.);
#1728 = EDGE_LOOP('',(#1729,#1750,#1751));
#1729 = ORIENTED_EDGE('',*,*,#1730,.F.);
#1730 = EDGE_CURVE('',#611,#1646,#1731,.T.);
#1731 = SURFACE_CURVE('',#1732,(#1736,#1743),.PCURVE_S1.);
#1732 = LINE('',#1733,#1734);
#1733 = CARTESIAN_POINT('',(-29.,-34.5,0.8));
#1734 = VECTOR('',#1735,1.);
#1735 = DIRECTION('',(0.,0.,1.));
#1736 = PCURVE('',#667,#1737);
#1737 = DEFINITIONAL_REPRESENTATION('',(#1738),#1742);
#1738 = LINE('',#1739,#1740);
#1739 = CARTESIAN_POINT('',(0.,0.));
#1740 = VECTOR('',#1741,1.);
#1741 = DIRECTION('',(0.,1.));
#1742 = ( GEOMETRIC_REPRESENTATION_CONTEXT(2) 
PARAMETRIC_REPRESENTATION_CONTEXT() REPRESENTATION_CONTEXT('2D SPACE',''
  ) );
#1743 = PCURVE('',#627,#1744);
#1744 = DEFINITIONAL_REPRESENTATION('',(#1745),#1749);
#1745 = LINE('',#1746,#1747);
#1746 = CARTESIAN_POINT('',(0.,-16.1));
#1747 = VECTOR('',#1748,1.);
#1748 = DIRECTION('',(1.,0.));
#1749 = ( GEOMETRIC_REPRESENTATION_CONTEXT(2) 
PARAMETRIC_REPRESENTATION_CONTEXT() REPRESENTATION_CONTEXT('2D SPACE',''
  ) );
#1750 = ORIENTED_EDGE('',*,*,#643,.T.);
#1751 = ORIENTED_EDGE('',*,*,#1668,.F.);
#1752 = ADVANCED_FACE('',(#1753),#627,.T.);
#1753 = FACE_BOUND('',#1754,.T.);
#1754 = EDGE_LOOP('',(#1755,#1756,#1777,#1778,#1779));
#1755 = ORIENTED_EDGE('',*,*,#1645,.F.);
#1756 = ORIENTED_EDGE('',*,*,#1757,.F.);
#1757 = EDGE_CURVE('',#1340,#1618,#1758,.T.);
#1758 = SURFACE_CURVE('',#1759,(#1763,#1770),.PCURVE_S1.);
#1759 = LINE('',#1760,#1761);
#1760 = CARTESIAN_POINT('',(-29.,-47.6,0.8));
#1761 = VECTOR('',#1762,1.);
#1762 = DIRECTION('',(0.,0.,1.));
#1763 = PCURVE('',#627,#1764);
#1764 = DEFINITIONAL_REPRESENTATION('',(#1765),#1769);
#1765 = LINE('',#1766,#1767);
#1766 = CARTESIAN_POINT('',(0.,-3.));
#1767 = VECTOR('',#1768,1.);
#1768 = DIRECTION('',(1.,0.));
#1769 = ( GEOMETRIC_REPRESENTATION_CONTEXT(2) 
PARAMETRIC_REPRESENTATION_CONTEXT() REPRESENTATION_CONTEXT('2D SPACE',''
  ) );
#1770 = PCURVE('',#1360,#1771);
#1771 = DEFINITIONAL_REPRESENTATION('',(#1772),#1776);
#1772 = LINE('',#1773,#1774);
#1773 = CARTESIAN_POINT('',(-0.,0.));
#1774 = VECTOR('',#1775,1.);
#1775 = DIRECTION('',(-0.,1.));
#1776 = ( GEOMETRIC_REPRESENTATION_CONTEXT(2) 
PARAMETRIC_REPRESENTATION_CONTEXT() REPRESENTATION_CONTEXT('2D SPACE',''
  ) );
#1777 = ORIENTED_EDGE('',*,*,#1372,.T.);
#1778 = ORIENTED_EDGE('',*,*,#610,.T.);
#1779 = ORIENTED_EDGE('',*,*,#1730,.T.);
#1780 = ADVANCED_FACE('',(#1781),#567,.F.);
#1781 = FACE_BOUND('',#1782,.F.);
#1782 = EDGE_LOOP('',(#1783,#1784,#1785,#1808));
#1783 = ORIENTED_EDGE('',*,*,#994,.F.);
#1784 = ORIENTED_EDGE('',*,*,#550,.T.);
#1785 = ORIENTED_EDGE('',*,*,#1786,.T.);
#1786 = EDGE_CURVE('',#525,#1787,#1789,.T.);
#1787 = VERTEX_POINT('',#1788);
#1788 = CARTESIAN_POINT('',(-27.,-44.,6.));
#1789 = SURFACE_CURVE('',#1790,(#1794,#1801),.PCURVE_S1.);
#1790 = LINE('',#1791,#1792);
#1791 = CARTESIAN_POINT('',(-27.,-30.2,6.));
#1792 = VECTOR('',#1793,1.);
#1793 = DIRECTION('',(0.,-1.,0.));
#1794 = PCURVE('',#567,#1795);
#1795 = DEFINITIONAL_REPRESENTATION('',(#1796),#1800);
#1796 = LINE('',#1797,#1798);
#1797 = CARTESIAN_POINT('',(0.,-5.2));
#1798 = VECTOR('',#1799,1.);
#1799 = DIRECTION('',(1.,0.));
#1800 = ( GEOMETRIC_REPRESENTATION_CONTEXT(2) 
PARAMETRIC_REPRESENTATION_CONTEXT() REPRESENTATION_CONTEXT('2D SPACE',''
  ) );
#1801 = PCURVE('',#539,#1802);
#1802 = DEFINITIONAL_REPRESENTATION('',(#1803),#1807);
#1803 = LINE('',#1804,#1805);
#1804 = CARTESIAN_POINT('',(-6.830087201365,12.380455012705));
#1805 = VECTOR('',#1806,1.);
#1806 = DIRECTION('',(0.,-1.));
#1807 = ( GEOMETRIC_REPRESENTATION_CONTEXT(2) 
PARAMETRIC_REPRESENTATION_CONTEXT() REPRESENTATION_CONTEXT('2D SPACE',''
  ) );
#1808 = ORIENTED_EDGE('',*,*,#1809,.F.);
#1809 = EDGE_CURVE('',#995,#1787,#1810,.T.);
#1810 = SURFACE_CURVE('',#1811,(#1815,#1822),.PCURVE_S1.);
#1811 = LINE('',#1812,#1813);
#1812 = CARTESIAN_POINT('',(-27.,-44.,0.8));
#1813 = VECTOR('',#1814,1.);
#1814 = DIRECTION('',(0.,0.,1.));
#1815 = PCURVE('',#567,#1816);
#1816 = DEFINITIONAL_REPRESENTATION('',(#1817),#1821);
#1817 = LINE('',#1818,#1819);
#1818 = CARTESIAN_POINT('',(13.8,0.));
#1819 = VECTOR('',#1820,1.);
#1820 = DIRECTION('',(0.,-1.));
#1821 = ( GEOMETRIC_REPRESENTATION_CONTEXT(2) 
PARAMETRIC_REPRESENTATION_CONTEXT() REPRESENTATION_CONTEXT('2D SPACE',''
  ) );
#1822 = PCURVE('',#1033,#1823);
#1823 = DEFINITIONAL_REPRESENTATION('',(#1824),#1828);
#1824 = LINE('',#1825,#1826);
#1825 = CARTESIAN_POINT('',(0.,0.));
#1826 = VECTOR('',#1827,1.);
#1827 = DIRECTION('',(0.,-1.));
#1828 = ( GEOMETRIC_REPRESENTATION_CONTEXT(2) 
PARAMETRIC_REPRESENTATION_CONTEXT() REPRESENTATION_CONTEXT('2D SPACE',''
  ) );
#1829 = ADVANCED_FACE('',(#1830),#539,.T.);
#1830 = FACE_BOUND('',#1831,.T.);
#1831 = EDGE_LOOP('',(#1832,#1855,#1878,#1899,#1918,#1919,#1920,#1943));
#1832 = ORIENTED_EDGE('',*,*,#1833,.F.);
#1833 = EDGE_CURVE('',#1834,#1836,#1838,.T.);
#1834 = VERTEX_POINT('',#1835);
#1835 = CARTESIAN_POINT('',(-15.65,-54.31,6.));
#1836 = VERTEX_POINT('',#1837);
#1837 = CARTESIAN_POINT('',(-16.65,-54.31,6.));
#1838 = SURFACE_CURVE('',#1839,(#1843,#1849),.PCURVE_S1.);
#1839 = LINE('',#1840,#1841);
#1840 = CARTESIAN_POINT('',(-18.40995639931,-54.31,6.));
#1841 = VECTOR('',#1842,1.);
#1842 = DIRECTION('',(-1.,0.,0.));
#1843 = PCURVE('',#539,#1844);
#1844 = DEFINITIONAL_REPRESENTATION('',(#1845),#1848);
#1845 = B_SPLINE_CURVE_WITH_KNOTS('',1,(#1846,#1847),.UNSPECIFIED.,.F.,
  .F.,(2,2),(-2.759956399317,-1.759956399317),.PIECEWISE_BEZIER_KNOTS.);
#1846 = CARTESIAN_POINT('',(4.519912798635,-11.72954498729));
#1847 = CARTESIAN_POINT('',(3.519912798635,-11.72954498729));
#1848 = ( GEOMETRIC_REPRESENTATION_CONTEXT(2) 
PARAMETRIC_REPRESENTATION_CONTEXT() REPRESENTATION_CONTEXT('2D SPACE',''
  ) );
#1849 = PCURVE('',#1196,#1850);
#1850 = DEFINITIONAL_REPRESENTATION('',(#1851),#1854);
#1851 = B_SPLINE_CURVE_WITH_KNOTS('',1,(#1852,#1853),.UNSPECIFIED.,.F.,
  .F.,(2,2),(-2.759956399317,-1.759956399317),.PIECEWISE_BEZIER_KNOTS.);
#1852 = CARTESIAN_POINT('',(5.2,1.));
#1853 = CARTESIAN_POINT('',(5.2,0.));
#1854 = ( GEOMETRIC_REPRESENTATION_CONTEXT(2) 
PARAMETRIC_REPRESENTATION_CONTEXT() REPRESENTATION_CONTEXT('2D SPACE',''
  ) );
#1855 = ORIENTED_EDGE('',*,*,#1856,.T.);
#1856 = EDGE_CURVE('',#1834,#1857,#1859,.T.);
#1857 = VERTEX_POINT('',#1858);
#1858 = CARTESIAN_POINT('',(-15.65,-30.20993214159,6.000000000001));
#1859 = SURFACE_CURVE('',#1860,(#1864,#1871),.PCURVE_S1.);
#1860 = LINE('',#1861,#1862);
#1861 = CARTESIAN_POINT('',(-15.65,-58.7,6.));
#1862 = VECTOR('',#1863,1.);
#1863 = DIRECTION('',(0.,1.,0.));
#1864 = PCURVE('',#539,#1865);
#1865 = DEFINITIONAL_REPRESENTATION('',(#1866),#1870);
#1866 = LINE('',#1867,#1868);
#1867 = CARTESIAN_POINT('',(4.519912798635,-16.11954498729));
#1868 = VECTOR('',#1869,1.);
#1869 = DIRECTION('',(0.,1.));
#1870 = ( GEOMETRIC_REPRESENTATION_CONTEXT(2) 
PARAMETRIC_REPRESENTATION_CONTEXT() REPRESENTATION_CONTEXT('2D SPACE',''
  ) );
#1871 = PCURVE('',#1224,#1872);
#1872 = DEFINITIONAL_REPRESENTATION('',(#1873),#1877);
#1873 = LINE('',#1874,#1875);
#1874 = CARTESIAN_POINT('',(0.,-5.2));
#1875 = VECTOR('',#1876,1.);
#1876 = DIRECTION('',(1.,0.));
#1877 = ( GEOMETRIC_REPRESENTATION_CONTEXT(2) 
PARAMETRIC_REPRESENTATION_CONTEXT() REPRESENTATION_CONTEXT('2D SPACE',''
  ) );
#1878 = ORIENTED_EDGE('',*,*,#1879,.T.);
#1879 = EDGE_CURVE('',#1857,#1880,#1882,.T.);
#1880 = VERTEX_POINT('',#1881);
#1881 = CARTESIAN_POINT('',(-24.,-30.20993214159,6.));
#1882 = SURFACE_CURVE('',#1883,(#1887,#1893),.PCURVE_S1.);
#1883 = LINE('',#1884,#1885);
#1884 = CARTESIAN_POINT('',(-54.,-30.20993214159,6.));
#1885 = VECTOR('',#1886,1.);
#1886 = DIRECTION('',(-1.,-0.,-0.));
#1887 = PCURVE('',#539,#1888);
#1888 = DEFINITIONAL_REPRESENTATION('',(#1889),#1892);
#1889 = B_SPLINE_CURVE_WITH_KNOTS('',1,(#1890,#1891),.UNSPECIFIED.,.F.,
  .F.,(2,2),(-38.3500006,-25.865),.PIECEWISE_BEZIER_KNOTS.);
#1890 = CARTESIAN_POINT('',(4.519913398635,12.370522871106));
#1891 = CARTESIAN_POINT('',(-7.965087201365,12.370522871106));
#1892 = ( GEOMETRIC_REPRESENTATION_CONTEXT(2) 
PARAMETRIC_REPRESENTATION_CONTEXT() REPRESENTATION_CONTEXT('2D SPACE',''
  ) );
#1893 = PCURVE('',#867,#1894);
#1894 = DEFINITIONAL_REPRESENTATION('',(#1895),#1898);
#1895 = B_SPLINE_CURVE_WITH_KNOTS('',1,(#1896,#1897),.UNSPECIFIED.,.F.,
  .F.,(2,2),(-38.3500006,-25.865),.PIECEWISE_BEZIER_KNOTS.);
#1896 = CARTESIAN_POINT('',(-2.945533817523,-36.3500006));
#1897 = CARTESIAN_POINT('',(-2.945533817523,-23.865));
#1898 = ( GEOMETRIC_REPRESENTATION_CONTEXT(2) 
PARAMETRIC_REPRESENTATION_CONTEXT() REPRESENTATION_CONTEXT('2D SPACE',''
  ) );
#1899 = ORIENTED_EDGE('',*,*,#1900,.T.);
#1900 = EDGE_CURVE('',#1880,#496,#1901,.T.);
#1901 = SURFACE_CURVE('',#1902,(#1906,#1912),.PCURVE_S1.);
#1902 = LINE('',#1903,#1904);
#1903 = CARTESIAN_POINT('',(-24.,-21.29022750635,6.));
#1904 = VECTOR('',#1905,1.);
#1905 = DIRECTION('',(0.,-1.,0.));
#1906 = PCURVE('',#539,#1907);
#1907 = DEFINITIONAL_REPRESENTATION('',(#1908),#1911);
#1908 = B_SPLINE_CURVE_WITH_KNOTS('',1,(#1909,#1910),.UNSPECIFIED.,.F.,
  .F.,(2,2),(8.909772493648,13.700628442024),.PIECEWISE_BEZIER_KNOTS.);
#1909 = CARTESIAN_POINT('',(-3.830087201365,12.380455012705));
#1910 = CARTESIAN_POINT('',(-3.830087201365,7.589599064329));
#1911 = ( GEOMETRIC_REPRESENTATION_CONTEXT(2) 
PARAMETRIC_REPRESENTATION_CONTEXT() REPRESENTATION_CONTEXT('2D SPACE',''
  ) );
#1912 = PCURVE('',#512,#1913);
#1913 = DEFINITIONAL_REPRESENTATION('',(#1914),#1917);
#1914 = B_SPLINE_CURVE_WITH_KNOTS('',1,(#1915,#1916),.UNSPECIFIED.,.F.,
  .F.,(2,2),(8.909772493648,13.700628442024),.PIECEWISE_BEZIER_KNOTS.);
#1915 = CARTESIAN_POINT('',(6.,30.2));
#1916 = CARTESIAN_POINT('',(6.,34.990855948376));
#1917 = ( GEOMETRIC_REPRESENTATION_CONTEXT(2) 
PARAMETRIC_REPRESENTATION_CONTEXT() REPRESENTATION_CONTEXT('2D SPACE',''
  ) );
#1918 = ORIENTED_EDGE('',*,*,#524,.T.);
#1919 = ORIENTED_EDGE('',*,*,#1786,.T.);
#1920 = ORIENTED_EDGE('',*,*,#1921,.T.);
#1921 = EDGE_CURVE('',#1787,#1922,#1924,.T.);
#1922 = VERTEX_POINT('',#1923);
#1923 = CARTESIAN_POINT('',(-16.65,-57.40484581497,6.));
#1924 = SURFACE_CURVE('',#1925,(#1929,#1936),.PCURVE_S1.);
#1925 = LINE('',#1926,#1927);
#1926 = CARTESIAN_POINT('',(-27.,-44.,6.));
#1927 = VECTOR('',#1928,1.);
#1928 = DIRECTION('',(0.61114096351,-0.791521776529,0.));
#1929 = PCURVE('',#539,#1930);
#1930 = DEFINITIONAL_REPRESENTATION('',(#1931),#1935);
#1931 = LINE('',#1932,#1933);
#1932 = CARTESIAN_POINT('',(-6.830087201365,-1.419544987295));
#1933 = VECTOR('',#1934,1.);
#1934 = DIRECTION('',(0.61114096351,-0.791521776529));
#1935 = ( GEOMETRIC_REPRESENTATION_CONTEXT(2) 
PARAMETRIC_REPRESENTATION_CONTEXT() REPRESENTATION_CONTEXT('2D SPACE',''
  ) );
#1936 = PCURVE('',#1033,#1937);
#1937 = DEFINITIONAL_REPRESENTATION('',(#1938),#1942);
#1938 = LINE('',#1939,#1940);
#1939 = CARTESIAN_POINT('',(0.,-5.2));
#1940 = VECTOR('',#1941,1.);
#1941 = DIRECTION('',(1.,0.));
#1942 = ( GEOMETRIC_REPRESENTATION_CONTEXT(2) 
PARAMETRIC_REPRESENTATION_CONTEXT() REPRESENTATION_CONTEXT('2D SPACE',''
  ) );
#1943 = ORIENTED_EDGE('',*,*,#1944,.T.);
#1944 = EDGE_CURVE('',#1922,#1836,#1945,.T.);
#1945 = SURFACE_CURVE('',#1946,(#1950,#1956),.PCURVE_S1.);
#1946 = LINE('',#1947,#1948);
#1947 = CARTESIAN_POINT('',(-16.65,-50.64022750635,6.));
#1948 = VECTOR('',#1949,1.);
#1949 = DIRECTION('',(0.,1.,0.));
#1950 = PCURVE('',#539,#1951);
#1951 = DEFINITIONAL_REPRESENTATION('',(#1952),#1955);
#1952 = B_SPLINE_CURVE_WITH_KNOTS('',1,(#1953,#1954),.UNSPECIFIED.,.F.,
  .F.,(2,2),(-8.059772493648,-3.669772493648),.PIECEWISE_BEZIER_KNOTS.);
#1953 = CARTESIAN_POINT('',(3.519912798635,-16.11954498729));
#1954 = CARTESIAN_POINT('',(3.519912798635,-11.72954498729));
#1955 = ( GEOMETRIC_REPRESENTATION_CONTEXT(2) 
PARAMETRIC_REPRESENTATION_CONTEXT() REPRESENTATION_CONTEXT('2D SPACE',''
  ) );
#1956 = PCURVE('',#1061,#1957);
#1957 = DEFINITIONAL_REPRESENTATION('',(#1958),#1961);
#1958 = B_SPLINE_CURVE_WITH_KNOTS('',1,(#1959,#1960),.UNSPECIFIED.,.F.,
  .F.,(2,2),(-8.059772493648,-3.669772493648),.PIECEWISE_BEZIER_KNOTS.);
#1959 = CARTESIAN_POINT('',(5.2,0.));
#1960 = CARTESIAN_POINT('',(5.2,-4.39));
#1961 = ( GEOMETRIC_REPRESENTATION_CONTEXT(2) 
PARAMETRIC_REPRESENTATION_CONTEXT() REPRESENTATION_CONTEXT('2D SPACE',''
  ) );
#1962 = ADVANCED_FACE('',(#1963),#512,.T.);
#1963 = FACE_BOUND('',#1964,.T.);
#1964 = EDGE_LOOP('',(#1965,#1990,#2009,#2010,#2011,#2035,#2056,#2084));
#1965 = ORIENTED_EDGE('',*,*,#1966,.F.);
#1966 = EDGE_CURVE('',#1967,#1969,#1971,.T.);
#1967 = VERTEX_POINT('',#1968);
#1968 = CARTESIAN_POINT('',(-24.,30.209932141599,6.));
#1969 = VERTEX_POINT('',#1970);
#1970 = CARTESIAN_POINT('',(-24.,13.18568976631,27.834826843123));
#1971 = SURFACE_CURVE('',#1972,(#1977,#1984),.PCURVE_S1.);
#1972 = CIRCLE('',#1973,30.8);
#1973 = AXIS2_PLACEMENT_3D('',#1974,#1975,#1976);
#1974 = CARTESIAN_POINT('',(-24.,1.671608690878E-13,1.085324868355E-16)
  );
#1975 = DIRECTION('',(1.,0.,0.));
#1976 = DIRECTION('',(0.,1.,0.));
#1977 = PCURVE('',#512,#1978);
#1978 = DEFINITIONAL_REPRESENTATION('',(#1979),#1983);
#1979 = CIRCLE('',#1980,30.8);
#1980 = AXIS2_PLACEMENT_2D('',#1981,#1982);
#1981 = CARTESIAN_POINT('',(-2.213405849125E-15,-1.684111000661E-13));
#1982 = DIRECTION('',(0.,-1.));
#1983 = ( GEOMETRIC_REPRESENTATION_CONTEXT(2) 
PARAMETRIC_REPRESENTATION_CONTEXT() REPRESENTATION_CONTEXT('2D SPACE',''
  ) );
#1984 = PCURVE('',#979,#1985);
#1985 = DEFINITIONAL_REPRESENTATION('',(#1986),#1989);
#1986 = B_SPLINE_CURVE_WITH_KNOTS('',1,(#1987,#1988),.UNSPECIFIED.,.F.,
  .F.,(2,2),(0.196058836067,1.128399457909),.PIECEWISE_BEZIER_KNOTS.);
#1987 = CARTESIAN_POINT('',(-6.479244143247,-28.));
#1988 = CARTESIAN_POINT('',(-7.411584765088,-28.));
#1989 = ( GEOMETRIC_REPRESENTATION_CONTEXT(2) 
PARAMETRIC_REPRESENTATION_CONTEXT() REPRESENTATION_CONTEXT('2D SPACE',''
  ) );
#1990 = ORIENTED_EDGE('',*,*,#1991,.T.);
#1991 = EDGE_CURVE('',#1967,#470,#1992,.T.);
#1992 = SURFACE_CURVE('',#1993,(#1997,#2003),.PCURVE_S1.);
#1993 = LINE('',#1994,#1995);
#1994 = CARTESIAN_POINT('',(-24.,21.290227506352,6.));
#1995 = VECTOR('',#1996,1.);
#1996 = DIRECTION('',(0.,1.,0.));
#1997 = PCURVE('',#512,#1998);
#1998 = DEFINITIONAL_REPRESENTATION('',(#1999),#2002);
#1999 = B_SPLINE_CURVE_WITH_KNOTS('',1,(#2000,#2001),.UNSPECIFIED.,.F.,
  .F.,(2,2),(8.909772493648,13.700628442024),.PIECEWISE_BEZIER_KNOTS.);
#2000 = CARTESIAN_POINT('',(6.,-30.2));
#2001 = CARTESIAN_POINT('',(6.,-34.99085594837));
#2002 = ( GEOMETRIC_REPRESENTATION_CONTEXT(2) 
PARAMETRIC_REPRESENTATION_CONTEXT() REPRESENTATION_CONTEXT('2D SPACE',''
  ) );
#2003 = PCURVE('',#484,#2004);
#2004 = DEFINITIONAL_REPRESENTATION('',(#2005),#2008);
#2005 = B_SPLINE_CURVE_WITH_KNOTS('',1,(#2006,#2007),.UNSPECIFIED.,.F.,
  .F.,(2,2),(8.909772493648,13.700628442024),.PIECEWISE_BEZIER_KNOTS.);
#2006 = CARTESIAN_POINT('',(3.830087201365,-12.3804550127));
#2007 = CARTESIAN_POINT('',(3.830087201365,-7.589599064329));
#2008 = ( GEOMETRIC_REPRESENTATION_CONTEXT(2) 
PARAMETRIC_REPRESENTATION_CONTEXT() REPRESENTATION_CONTEXT('2D SPACE',''
  ) );
#2009 = ORIENTED_EDGE('',*,*,#495,.T.);
#2010 = ORIENTED_EDGE('',*,*,#1900,.F.);
#2011 = ORIENTED_EDGE('',*,*,#2012,.F.);
#2012 = EDGE_CURVE('',#2013,#1880,#2015,.T.);
#2013 = VERTEX_POINT('',#2014);
#2014 = CARTESIAN_POINT('',(-24.,-13.18568976631,27.834826843123));
#2015 = SURFACE_CURVE('',#2016,(#2021,#2028),.PCURVE_S1.);
#2016 = CIRCLE('',#2017,30.8);
#2017 = AXIS2_PLACEMENT_3D('',#2018,#2019,#2020);
#2018 = CARTESIAN_POINT('',(-24.,1.671608690878E-13,1.085324868355E-16)
  );
#2019 = DIRECTION('',(1.,0.,0.));
#2020 = DIRECTION('',(0.,1.,0.));
#2021 = PCURVE('',#512,#2022);
#2022 = DEFINITIONAL_REPRESENTATION('',(#2023),#2027);
#2023 = CIRCLE('',#2024,30.8);
#2024 = AXIS2_PLACEMENT_2D('',#2025,#2026);
#2025 = CARTESIAN_POINT('',(-2.213405849125E-15,-1.684111000661E-13));
#2026 = DIRECTION('',(0.,-1.));
#2027 = ( GEOMETRIC_REPRESENTATION_CONTEXT(2) 
PARAMETRIC_REPRESENTATION_CONTEXT() REPRESENTATION_CONTEXT('2D SPACE',''
  ) );
#2028 = PCURVE('',#867,#2029);
#2029 = DEFINITIONAL_REPRESENTATION('',(#2030),#2034);
#2030 = LINE('',#2031,#2032);
#2031 = CARTESIAN_POINT('',(-0.,-28.));
#2032 = VECTOR('',#2033,1.);
#2033 = DIRECTION('',(-1.,0.));
#2034 = ( GEOMETRIC_REPRESENTATION_CONTEXT(2) 
PARAMETRIC_REPRESENTATION_CONTEXT() REPRESENTATION_CONTEXT('2D SPACE',''
  ) );
#2035 = ORIENTED_EDGE('',*,*,#2036,.T.);
#2036 = EDGE_CURVE('',#2013,#2037,#2039,.T.);
#2037 = VERTEX_POINT('',#2038);
#2038 = CARTESIAN_POINT('',(-24.,-13.18568976631,28.276802955543));
#2039 = SURFACE_CURVE('',#2040,(#2044,#2050),.PCURVE_S1.);
#2040 = LINE('',#2041,#2042);
#2041 = CARTESIAN_POINT('',(-24.,-13.18568976631,1.16096916798E-15));
#2042 = VECTOR('',#2043,1.);
#2043 = DIRECTION('',(0.,0.,1.));
#2044 = PCURVE('',#512,#2045);
#2045 = DEFINITIONAL_REPRESENTATION('',(#2046),#2049);
#2046 = B_SPLINE_CURVE_WITH_KNOTS('',1,(#2047,#2048),.UNSPECIFIED.,.F.,
  .F.,(2,2),(27.834826843123,28.276802955543),.PIECEWISE_BEZIER_KNOTS.);
#2047 = CARTESIAN_POINT('',(27.834826843123,13.18568976631));
#2048 = CARTESIAN_POINT('',(28.276802955543,13.18568976631));
#2049 = ( GEOMETRIC_REPRESENTATION_CONTEXT(2) 
PARAMETRIC_REPRESENTATION_CONTEXT() REPRESENTATION_CONTEXT('2D SPACE',''
  ) );
#2050 = PCURVE('',#894,#2051);
#2051 = DEFINITIONAL_REPRESENTATION('',(#2052),#2055);
#2052 = B_SPLINE_CURVE_WITH_KNOTS('',1,(#2053,#2054),.UNSPECIFIED.,.F.,
  .F.,(2,2),(27.834826843123,28.276802955543),.PIECEWISE_BEZIER_KNOTS.);
#2053 = CARTESIAN_POINT('',(27.834826843123,31.));
#2054 = CARTESIAN_POINT('',(28.276802955543,31.));
#2055 = ( GEOMETRIC_REPRESENTATION_CONTEXT(2) 
PARAMETRIC_REPRESENTATION_CONTEXT() REPRESENTATION_CONTEXT('2D SPACE',''
  ) );
#2056 = ORIENTED_EDGE('',*,*,#2057,.T.);
#2057 = EDGE_CURVE('',#2037,#2058,#2060,.T.);
#2058 = VERTEX_POINT('',#2059);
#2059 = CARTESIAN_POINT('',(-24.,13.18568976631,28.276802955543));
#2060 = SURFACE_CURVE('',#2061,(#2066,#2077),.PCURVE_S1.);
#2061 = CIRCLE('',#2062,31.2);
#2062 = AXIS2_PLACEMENT_3D('',#2063,#2064,#2065);
#2063 = CARTESIAN_POINT('',(-24.,0.,0.));
#2064 = DIRECTION('',(-1.,0.,0.));
#2065 = DIRECTION('',(0.,1.,0.));
#2066 = PCURVE('',#512,#2067);
#2067 = DEFINITIONAL_REPRESENTATION('',(#2068),#2076);
#2068 = ( BOUNDED_CURVE() B_SPLINE_CURVE(2,(#2069,#2070,#2071,#2072,
#2073,#2074,#2075),.UNSPECIFIED.,.T.,.F.) B_SPLINE_CURVE_WITH_KNOTS((1,2
    ,2,2,2,1),(-2.094395102393,0.,2.094395102393,4.188790204786,
6.28318530718,8.377580409573),.UNSPECIFIED.) CURVE() 
GEOMETRIC_REPRESENTATION_ITEM() RATIONAL_B_SPLINE_CURVE((1.,0.5,1.,0.5,
1.,0.5,1.)) REPRESENTATION_ITEM('') );
#2069 = CARTESIAN_POINT('',(-2.32193833596E-15,-31.2));
#2070 = CARTESIAN_POINT('',(-54.03998519614,-31.2));
#2071 = CARTESIAN_POINT('',(-27.01999259807,15.6));
#2072 = CARTESIAN_POINT('',(-9.96373436264E-15,62.4));
#2073 = CARTESIAN_POINT('',(27.019992598074,15.6));
#2074 = CARTESIAN_POINT('',(54.039985196149,-31.2));
#2075 = CARTESIAN_POINT('',(-2.32193833596E-15,-31.2));
#2076 = ( GEOMETRIC_REPRESENTATION_CONTEXT(2) 
PARAMETRIC_REPRESENTATION_CONTEXT() REPRESENTATION_CONTEXT('2D SPACE',''
  ) );
#2077 = PCURVE('',#926,#2078);
#2078 = DEFINITIONAL_REPRESENTATION('',(#2079),#2083);
#2079 = LINE('',#2080,#2081);
#2080 = CARTESIAN_POINT('',(-6.28318530718,-30.));
#2081 = VECTOR('',#2082,1.);
#2082 = DIRECTION('',(1.,-0.));
#2083 = ( GEOMETRIC_REPRESENTATION_CONTEXT(2) 
PARAMETRIC_REPRESENTATION_CONTEXT() REPRESENTATION_CONTEXT('2D SPACE',''
  ) );
#2084 = ORIENTED_EDGE('',*,*,#2085,.F.);
#2085 = EDGE_CURVE('',#1969,#2058,#2086,.T.);
#2086 = SURFACE_CURVE('',#2087,(#2091,#2097),.PCURVE_S1.);
#2087 = LINE('',#2088,#2089);
#2088 = CARTESIAN_POINT('',(-24.,13.18568976631,1.16096916798E-15));
#2089 = VECTOR('',#2090,1.);
#2090 = DIRECTION('',(0.,0.,1.));
#2091 = PCURVE('',#512,#2092);
#2092 = DEFINITIONAL_REPRESENTATION('',(#2093),#2096);
#2093 = B_SPLINE_CURVE_WITH_KNOTS('',1,(#2094,#2095),.UNSPECIFIED.,.F.,
  .F.,(2,2),(27.834826843123,28.276802955543),.PIECEWISE_BEZIER_KNOTS.);
#2094 = CARTESIAN_POINT('',(27.834826843123,-13.18568976631));
#2095 = CARTESIAN_POINT('',(28.276802955543,-13.18568976631));
#2096 = ( GEOMETRIC_REPRESENTATION_CONTEXT(2) 
PARAMETRIC_REPRESENTATION_CONTEXT() REPRESENTATION_CONTEXT('2D SPACE',''
  ) );
#2097 = PCURVE('',#953,#2098);
#2098 = DEFINITIONAL_REPRESENTATION('',(#2099),#2102);
#2099 = B_SPLINE_CURVE_WITH_KNOTS('',1,(#2100,#2101),.UNSPECIFIED.,.F.,
  .F.,(2,2),(27.834826843123,28.276802955543),.PIECEWISE_BEZIER_KNOTS.);
#2100 = CARTESIAN_POINT('',(27.834826843123,31.));
#2101 = CARTESIAN_POINT('',(28.276802955543,31.));
#2102 = ( GEOMETRIC_REPRESENTATION_CONTEXT(2) 
PARAMETRIC_REPRESENTATION_CONTEXT() REPRESENTATION_CONTEXT('2D SPACE',''
  ) );
#2103 = ADVANCED_FACE('',(#2104),#484,.F.);
#2104 = FACE_BOUND('',#2105,.F.);
#2105 = EDGE_LOOP('',(#2106,#2134,#2162,#2181,#2182,#2183,#2206,#2234));
#2106 = ORIENTED_EDGE('',*,*,#2107,.T.);
#2107 = EDGE_CURVE('',#2108,#2110,#2112,.T.);
#2108 = VERTEX_POINT('',#2109);
#2109 = CARTESIAN_POINT('',(-16.65,54.31,6.));
#2110 = VERTEX_POINT('',#2111);
#2111 = CARTESIAN_POINT('',(-15.65,54.31,6.));
#2112 = SURFACE_CURVE('',#2113,(#2117,#2123),.PCURVE_S1.);
#2113 = LINE('',#2114,#2115);
#2114 = CARTESIAN_POINT('',(-18.40995639931,54.31,6.));
#2115 = VECTOR('',#2116,1.);
#2116 = DIRECTION('',(1.,0.,0.));
#2117 = PCURVE('',#484,#2118);
#2118 = DEFINITIONAL_REPRESENTATION('',(#2119),#2122);
#2119 = B_SPLINE_CURVE_WITH_KNOTS('',1,(#2120,#2121),.UNSPECIFIED.,.F.,
  .F.,(2,2),(1.759956399317,2.759956399317),.PIECEWISE_BEZIER_KNOTS.);
#2120 = CARTESIAN_POINT('',(-3.519912798635,11.729544987295));
#2121 = CARTESIAN_POINT('',(-4.519912798635,11.729544987295));
#2122 = ( GEOMETRIC_REPRESENTATION_CONTEXT(2) 
PARAMETRIC_REPRESENTATION_CONTEXT() REPRESENTATION_CONTEXT('2D SPACE',''
  ) );
#2123 = PCURVE('',#2124,#2129);
#2124 = PLANE('',#2125);
#2125 = AXIS2_PLACEMENT_3D('',#2126,#2127,#2128);
#2126 = CARTESIAN_POINT('',(-16.65,54.31,0.8));
#2127 = DIRECTION('',(0.,1.,0.));
#2128 = DIRECTION('',(0.,0.,1.));
#2129 = DEFINITIONAL_REPRESENTATION('',(#2130),#2133);
#2130 = B_SPLINE_CURVE_WITH_KNOTS('',1,(#2131,#2132),.UNSPECIFIED.,.F.,
  .F.,(2,2),(1.759956399317,2.759956399317),.PIECEWISE_BEZIER_KNOTS.);
#2131 = CARTESIAN_POINT('',(5.2,0.));
#2132 = CARTESIAN_POINT('',(5.2,1.));
#2133 = ( GEOMETRIC_REPRESENTATION_CONTEXT(2) 
PARAMETRIC_REPRESENTATION_CONTEXT() REPRESENTATION_CONTEXT('2D SPACE',''
  ) );
#2134 = ORIENTED_EDGE('',*,*,#2135,.T.);
#2135 = EDGE_CURVE('',#2110,#2136,#2138,.T.);
#2136 = VERTEX_POINT('',#2137);
#2137 = CARTESIAN_POINT('',(-15.65,30.209932141598,6.000000000001));
#2138 = SURFACE_CURVE('',#2139,(#2143,#2150),.PCURVE_S1.);
#2139 = LINE('',#2140,#2141);
#2140 = CARTESIAN_POINT('',(-15.65,58.7,6.));
#2141 = VECTOR('',#2142,1.);
#2142 = DIRECTION('',(0.,-1.,0.));
#2143 = PCURVE('',#484,#2144);
#2144 = DEFINITIONAL_REPRESENTATION('',(#2145),#2149);
#2145 = LINE('',#2146,#2147);
#2146 = CARTESIAN_POINT('',(-4.519912798635,16.119544987295));
#2147 = VECTOR('',#2148,1.);
#2148 = DIRECTION('',(0.,-1.));
#2149 = ( GEOMETRIC_REPRESENTATION_CONTEXT(2) 
PARAMETRIC_REPRESENTATION_CONTEXT() REPRESENTATION_CONTEXT('2D SPACE',''
  ) );
#2150 = PCURVE('',#2151,#2156);
#2151 = PLANE('',#2152);
#2152 = AXIS2_PLACEMENT_3D('',#2153,#2154,#2155);
#2153 = CARTESIAN_POINT('',(-15.65,58.7,0.8));
#2154 = DIRECTION('',(1.,0.,-0.));
#2155 = DIRECTION('',(0.,-1.,0.));
#2156 = DEFINITIONAL_REPRESENTATION('',(#2157),#2161);
#2157 = LINE('',#2158,#2159);
#2158 = CARTESIAN_POINT('',(0.,-5.2));
#2159 = VECTOR('',#2160,1.);
#2160 = DIRECTION('',(1.,0.));
#2161 = ( GEOMETRIC_REPRESENTATION_CONTEXT(2) 
PARAMETRIC_REPRESENTATION_CONTEXT() REPRESENTATION_CONTEXT('2D SPACE',''
  ) );
#2162 = ORIENTED_EDGE('',*,*,#2163,.T.);
#2163 = EDGE_CURVE('',#2136,#1967,#2164,.T.);
#2164 = SURFACE_CURVE('',#2165,(#2169,#2175),.PCURVE_S1.);
#2165 = LINE('',#2166,#2167);
#2166 = CARTESIAN_POINT('',(-54.,30.209932141599,6.));
#2167 = VECTOR('',#2168,1.);
#2168 = DIRECTION('',(-1.,-0.,-0.));
#2169 = PCURVE('',#484,#2170);
#2170 = DEFINITIONAL_REPRESENTATION('',(#2171),#2174);
#2171 = B_SPLINE_CURVE_WITH_KNOTS('',1,(#2172,#2173),.UNSPECIFIED.,.F.,
  .F.,(2,2),(-38.3500006,-25.865),.PIECEWISE_BEZIER_KNOTS.);
#2172 = CARTESIAN_POINT('',(-4.519913398635,-12.3705228711));
#2173 = CARTESIAN_POINT('',(7.965087201365,-12.3705228711));
#2174 = ( GEOMETRIC_REPRESENTATION_CONTEXT(2) 
PARAMETRIC_REPRESENTATION_CONTEXT() REPRESENTATION_CONTEXT('2D SPACE',''
  ) );
#2175 = PCURVE('',#979,#2176);
#2176 = DEFINITIONAL_REPRESENTATION('',(#2177),#2180);
#2177 = B_SPLINE_CURVE_WITH_KNOTS('',1,(#2178,#2179),.UNSPECIFIED.,.F.,
  .F.,(2,2),(-38.35,-30.),.PIECEWISE_BEZIER_KNOTS.);
#2178 = CARTESIAN_POINT('',(-6.479244143247,-36.35));
#2179 = CARTESIAN_POINT('',(-6.479244143247,-28.));
#2180 = ( GEOMETRIC_REPRESENTATION_CONTEXT(2) 
PARAMETRIC_REPRESENTATION_CONTEXT() REPRESENTATION_CONTEXT('2D SPACE',''
  ) );
#2181 = ORIENTED_EDGE('',*,*,#1991,.T.);
#2182 = ORIENTED_EDGE('',*,*,#469,.T.);
#2183 = ORIENTED_EDGE('',*,*,#2184,.T.);
#2184 = EDGE_CURVE('',#441,#2185,#2187,.T.);
#2185 = VERTEX_POINT('',#2186);
#2186 = CARTESIAN_POINT('',(-27.,44.,6.));
#2187 = SURFACE_CURVE('',#2188,(#2192,#2199),.PCURVE_S1.);
#2188 = LINE('',#2189,#2190);
#2189 = CARTESIAN_POINT('',(-27.,30.2,6.));
#2190 = VECTOR('',#2191,1.);
#2191 = DIRECTION('',(0.,1.,0.));
#2192 = PCURVE('',#484,#2193);
#2193 = DEFINITIONAL_REPRESENTATION('',(#2194),#2198);
#2194 = LINE('',#2195,#2196);
#2195 = CARTESIAN_POINT('',(6.830087201365,-12.3804550127));
#2196 = VECTOR('',#2197,1.);
#2197 = DIRECTION('',(0.,1.));
#2198 = ( GEOMETRIC_REPRESENTATION_CONTEXT(2) 
PARAMETRIC_REPRESENTATION_CONTEXT() REPRESENTATION_CONTEXT('2D SPACE',''
  ) );
#2199 = PCURVE('',#457,#2200);
#2200 = DEFINITIONAL_REPRESENTATION('',(#2201),#2205);
#2201 = LINE('',#2202,#2203);
#2202 = CARTESIAN_POINT('',(0.,-5.2));
#2203 = VECTOR('',#2204,1.);
#2204 = DIRECTION('',(1.,0.));
#2205 = ( GEOMETRIC_REPRESENTATION_CONTEXT(2) 
PARAMETRIC_REPRESENTATION_CONTEXT() REPRESENTATION_CONTEXT('2D SPACE',''
  ) );
#2206 = ORIENTED_EDGE('',*,*,#2207,.T.);
#2207 = EDGE_CURVE('',#2185,#2208,#2210,.T.);
#2208 = VERTEX_POINT('',#2209);
#2209 = CARTESIAN_POINT('',(-16.65,57.404845814978,6.));
#2210 = SURFACE_CURVE('',#2211,(#2215,#2222),.PCURVE_S1.);
#2211 = LINE('',#2212,#2213);
#2212 = CARTESIAN_POINT('',(-27.,44.,6.));
#2213 = VECTOR('',#2214,1.);
#2214 = DIRECTION('',(0.61114096351,0.791521776529,0.));
#2215 = PCURVE('',#484,#2216);
#2216 = DEFINITIONAL_REPRESENTATION('',(#2217),#2221);
#2217 = LINE('',#2218,#2219);
#2218 = CARTESIAN_POINT('',(6.830087201365,1.419544987295));
#2219 = VECTOR('',#2220,1.);
#2220 = DIRECTION('',(-0.61114096351,0.791521776529));
#2221 = ( GEOMETRIC_REPRESENTATION_CONTEXT(2) 
PARAMETRIC_REPRESENTATION_CONTEXT() REPRESENTATION_CONTEXT('2D SPACE',''
  ) );
#2222 = PCURVE('',#2223,#2228);
#2223 = PLANE('',#2224);
#2224 = AXIS2_PLACEMENT_3D('',#2225,#2226,#2227);
#2225 = CARTESIAN_POINT('',(-27.,44.,0.8));
#2226 = DIRECTION('',(-0.791521776529,0.61114096351,0.));
#2227 = DIRECTION('',(0.61114096351,0.791521776529,0.));
#2228 = DEFINITIONAL_REPRESENTATION('',(#2229),#2233);
#2229 = LINE('',#2230,#2231);
#2230 = CARTESIAN_POINT('',(0.,-5.2));
#2231 = VECTOR('',#2232,1.);
#2232 = DIRECTION('',(1.,0.));
#2233 = ( GEOMETRIC_REPRESENTATION_CONTEXT(2) 
PARAMETRIC_REPRESENTATION_CONTEXT() REPRESENTATION_CONTEXT('2D SPACE',''
  ) );
#2234 = ORIENTED_EDGE('',*,*,#2235,.T.);
#2235 = EDGE_CURVE('',#2208,#2108,#2236,.T.);
#2236 = SURFACE_CURVE('',#2237,(#2241,#2247),.PCURVE_S1.);
#2237 = LINE('',#2238,#2239);
#2238 = CARTESIAN_POINT('',(-16.65,48.445227506352,6.));
#2239 = VECTOR('',#2240,1.);
#2240 = DIRECTION('',(0.,-1.,0.));
#2241 = PCURVE('',#484,#2242);
#2242 = DEFINITIONAL_REPRESENTATION('',(#2243),#2246);
#2243 = B_SPLINE_CURVE_WITH_KNOTS('',1,(#2244,#2245),.UNSPECIFIED.,.F.,
  .F.,(2,2),(-10.25477249364,-5.864772493648),.PIECEWISE_BEZIER_KNOTS.);
#2244 = CARTESIAN_POINT('',(-3.519912798635,16.119544987295));
#2245 = CARTESIAN_POINT('',(-3.519912798635,11.729544987295));
#2246 = ( GEOMETRIC_REPRESENTATION_CONTEXT(2) 
PARAMETRIC_REPRESENTATION_CONTEXT() REPRESENTATION_CONTEXT('2D SPACE',''
  ) );
#2247 = PCURVE('',#2248,#2253);
#2248 = PLANE('',#2249);
#2249 = AXIS2_PLACEMENT_3D('',#2250,#2251,#2252);
#2250 = CARTESIAN_POINT('',(-16.65,54.31,0.8));
#2251 = DIRECTION('',(1.,0.,0.));
#2252 = DIRECTION('',(0.,0.,1.));
#2253 = DEFINITIONAL_REPRESENTATION('',(#2254),#2257);
#2254 = B_SPLINE_CURVE_WITH_KNOTS('',1,(#2255,#2256),.UNSPECIFIED.,.F.,
  .F.,(2,2),(-10.25477249364,-5.864772493648),.PIECEWISE_BEZIER_KNOTS.);
#2255 = CARTESIAN_POINT('',(5.2,-4.39));
#2256 = CARTESIAN_POINT('',(5.2,0.));
#2257 = ( GEOMETRIC_REPRESENTATION_CONTEXT(2) 
PARAMETRIC_REPRESENTATION_CONTEXT() REPRESENTATION_CONTEXT('2D SPACE',''
  ) );
#2258 = ADVANCED_FACE('',(#2259),#457,.T.);
#2259 = FACE_BOUND('',#2260,.T.);
#2260 = EDGE_LOOP('',(#2261,#2284,#2285,#2286));
#2261 = ORIENTED_EDGE('',*,*,#2262,.F.);
#2262 = EDGE_CURVE('',#419,#2263,#2265,.T.);
#2263 = VERTEX_POINT('',#2264);
#2264 = CARTESIAN_POINT('',(-27.,44.,0.8));
#2265 = SURFACE_CURVE('',#2266,(#2270,#2277),.PCURVE_S1.);
#2266 = LINE('',#2267,#2268);
#2267 = CARTESIAN_POINT('',(-27.,30.2,0.8));
#2268 = VECTOR('',#2269,1.);
#2269 = DIRECTION('',(0.,1.,0.));
#2270 = PCURVE('',#457,#2271);
#2271 = DEFINITIONAL_REPRESENTATION('',(#2272),#2276);
#2272 = LINE('',#2273,#2274);
#2273 = CARTESIAN_POINT('',(0.,0.));
#2274 = VECTOR('',#2275,1.);
#2275 = DIRECTION('',(1.,0.));
#2276 = ( GEOMETRIC_REPRESENTATION_CONTEXT(2) 
PARAMETRIC_REPRESENTATION_CONTEXT() REPRESENTATION_CONTEXT('2D SPACE',''
  ) );
#2277 = PCURVE('',#72,#2278);
#2278 = DEFINITIONAL_REPRESENTATION('',(#2279),#2283);
#2279 = LINE('',#2280,#2281);
#2280 = CARTESIAN_POINT('',(93.,150.2));
#2281 = VECTOR('',#2282,1.);
#2282 = DIRECTION('',(0.,1.));
#2283 = ( GEOMETRIC_REPRESENTATION_CONTEXT(2) 
PARAMETRIC_REPRESENTATION_CONTEXT() REPRESENTATION_CONTEXT('2D SPACE',''
  ) );
#2284 = ORIENTED_EDGE('',*,*,#440,.F.);
#2285 = ORIENTED_EDGE('',*,*,#2184,.T.);
#2286 = ORIENTED_EDGE('',*,*,#2287,.F.);
#2287 = EDGE_CURVE('',#2263,#2185,#2288,.T.);
#2288 = SURFACE_CURVE('',#2289,(#2293,#2300),.PCURVE_S1.);
#2289 = LINE('',#2290,#2291);
#2290 = CARTESIAN_POINT('',(-27.,44.,0.8));
#2291 = VECTOR('',#2292,1.);
#2292 = DIRECTION('',(0.,0.,1.));
#2293 = PCURVE('',#457,#2294);
#2294 = DEFINITIONAL_REPRESENTATION('',(#2295),#2299);
#2295 = LINE('',#2296,#2297);
#2296 = CARTESIAN_POINT('',(13.8,0.));
#2297 = VECTOR('',#2298,1.);
#2298 = DIRECTION('',(0.,-1.));
#2299 = ( GEOMETRIC_REPRESENTATION_CONTEXT(2) 
PARAMETRIC_REPRESENTATION_CONTEXT() REPRESENTATION_CONTEXT('2D SPACE',''
  ) );
#2300 = PCURVE('',#2223,#2301);
#2301 = DEFINITIONAL_REPRESENTATION('',(#2302),#2306);
#2302 = LINE('',#2303,#2304);
#2303 = CARTESIAN_POINT('',(0.,0.));
#2304 = VECTOR('',#2305,1.);
#2305 = DIRECTION('',(0.,-1.));
#2306 = ( GEOMETRIC_REPRESENTATION_CONTEXT(2) 
PARAMETRIC_REPRESENTATION_CONTEXT() REPRESENTATION_CONTEXT('2D SPACE',''
  ) );
#2307 = ADVANCED_FACE('',(#2308,#2668,#2703),#72,.F.);
#2308 = FACE_BOUND('',#2309,.F.);
#2309 = EDGE_LOOP('',(#2310,#2311,#2334,#2357,#2380,#2408,#2436,#2464,
    #2487,#2510,#2531,#2532,#2533,#2556,#2585,#2613,#2646,#2667));
#2310 = ORIENTED_EDGE('',*,*,#805,.T.);
#2311 = ORIENTED_EDGE('',*,*,#2312,.F.);
#2312 = EDGE_CURVE('',#2313,#806,#2315,.T.);
#2313 = VERTEX_POINT('',#2314);
#2314 = CARTESIAN_POINT('',(-15.65,30.789608636681,0.800000000001));
#2315 = SURFACE_CURVE('',#2316,(#2320,#2327),.PCURVE_S1.);
#2316 = LINE('',#2317,#2318);
#2317 = CARTESIAN_POINT('',(-15.65,30.789608636681,0.800000000001));
#2318 = VECTOR('',#2319,1.);
#2319 = DIRECTION('',(-1.,6.450594299885E-15,-3.659612732066E-14));
#2320 = PCURVE('',#72,#2321);
#2321 = DEFINITIONAL_REPRESENTATION('',(#2322),#2326);
#2322 = LINE('',#2323,#2324);
#2323 = CARTESIAN_POINT('',(104.35,150.78960863668));
#2324 = VECTOR('',#2325,1.);
#2325 = DIRECTION('',(-1.,6.450594299885E-15));
#2326 = ( GEOMETRIC_REPRESENTATION_CONTEXT(2) 
PARAMETRIC_REPRESENTATION_CONTEXT() REPRESENTATION_CONTEXT('2D SPACE',''
  ) );
#2327 = PCURVE('',#979,#2328);
#2328 = DEFINITIONAL_REPRESENTATION('',(#2329),#2333);
#2329 = LINE('',#2330,#2331);
#2330 = CARTESIAN_POINT('',(-6.309162254604,-36.35));
#2331 = VECTOR('',#2332,1.);
#2332 = DIRECTION('',(-0.,1.));
#2333 = ( GEOMETRIC_REPRESENTATION_CONTEXT(2) 
PARAMETRIC_REPRESENTATION_CONTEXT() REPRESENTATION_CONTEXT('2D SPACE',''
  ) );
#2334 = ORIENTED_EDGE('',*,*,#2335,.F.);
#2335 = EDGE_CURVE('',#2336,#2313,#2338,.T.);
#2336 = VERTEX_POINT('',#2337);
#2337 = CARTESIAN_POINT('',(-15.65,54.31,0.8));
#2338 = SURFACE_CURVE('',#2339,(#2343,#2350),.PCURVE_S1.);
#2339 = LINE('',#2340,#2341);
#2340 = CARTESIAN_POINT('',(-15.65,58.7,0.8));
#2341 = VECTOR('',#2342,1.);
#2342 = DIRECTION('',(0.,-1.,0.));
#2343 = PCURVE('',#72,#2344);
#2344 = DEFINITIONAL_REPRESENTATION('',(#2345),#2349);
#2345 = LINE('',#2346,#2347);
#2346 = CARTESIAN_POINT('',(104.35,178.7));
#2347 = VECTOR('',#2348,1.);
#2348 = DIRECTION('',(0.,-1.));
#2349 = ( GEOMETRIC_REPRESENTATION_CONTEXT(2) 
PARAMETRIC_REPRESENTATION_CONTEXT() REPRESENTATION_CONTEXT('2D SPACE',''
  ) );
#2350 = PCURVE('',#2151,#2351);
#2351 = DEFINITIONAL_REPRESENTATION('',(#2352),#2356);
#2352 = LINE('',#2353,#2354);
#2353 = CARTESIAN_POINT('',(0.,0.));
#2354 = VECTOR('',#2355,1.);
#2355 = DIRECTION('',(1.,0.));
#2356 = ( GEOMETRIC_REPRESENTATION_CONTEXT(2) 
PARAMETRIC_REPRESENTATION_CONTEXT() REPRESENTATION_CONTEXT('2D SPACE',''
  ) );
#2357 = ORIENTED_EDGE('',*,*,#2358,.T.);
#2358 = EDGE_CURVE('',#2336,#2359,#2361,.T.);
#2359 = VERTEX_POINT('',#2360);
#2360 = CARTESIAN_POINT('',(-6.2,54.31,0.8));
#2361 = SURFACE_CURVE('',#2362,(#2366,#2373),.PCURVE_S1.);
#2362 = LINE('',#2363,#2364);
#2363 = CARTESIAN_POINT('',(-16.65,54.31,0.8));
#2364 = VECTOR('',#2365,1.);
#2365 = DIRECTION('',(1.,0.,0.));
#2366 = PCURVE('',#72,#2367);
#2367 = DEFINITIONAL_REPRESENTATION('',(#2368),#2372);
#2368 = LINE('',#2369,#2370);
#2369 = CARTESIAN_POINT('',(103.35,174.31));
#2370 = VECTOR('',#2371,1.);
#2371 = DIRECTION('',(1.,0.));
#2372 = ( GEOMETRIC_REPRESENTATION_CONTEXT(2) 
PARAMETRIC_REPRESENTATION_CONTEXT() REPRESENTATION_CONTEXT('2D SPACE',''
  ) );
#2373 = PCURVE('',#2124,#2374);
#2374 = DEFINITIONAL_REPRESENTATION('',(#2375),#2379);
#2375 = LINE('',#2376,#2377);
#2376 = CARTESIAN_POINT('',(0.,0.));
#2377 = VECTOR('',#2378,1.);
#2378 = DIRECTION('',(0.,1.));
#2379 = ( GEOMETRIC_REPRESENTATION_CONTEXT(2) 
PARAMETRIC_REPRESENTATION_CONTEXT() REPRESENTATION_CONTEXT('2D SPACE',''
  ) );
#2380 = ORIENTED_EDGE('',*,*,#2381,.F.);
#2381 = EDGE_CURVE('',#2382,#2359,#2384,.T.);
#2382 = VERTEX_POINT('',#2383);
#2383 = CARTESIAN_POINT('',(-5.,55.51,0.8));
#2384 = SURFACE_CURVE('',#2385,(#2389,#2396),.PCURVE_S1.);
#2385 = LINE('',#2386,#2387);
#2386 = CARTESIAN_POINT('',(-5.,55.51,0.8));
#2387 = VECTOR('',#2388,1.);
#2388 = DIRECTION('',(-0.707106781187,-0.707106781187,0.));
#2389 = PCURVE('',#72,#2390);
#2390 = DEFINITIONAL_REPRESENTATION('',(#2391),#2395);
#2391 = LINE('',#2392,#2393);
#2392 = CARTESIAN_POINT('',(115.,175.51));
#2393 = VECTOR('',#2394,1.);
#2394 = DIRECTION('',(-0.707106781187,-0.707106781187));
#2395 = ( GEOMETRIC_REPRESENTATION_CONTEXT(2) 
PARAMETRIC_REPRESENTATION_CONTEXT() REPRESENTATION_CONTEXT('2D SPACE',''
  ) );
#2396 = PCURVE('',#2397,#2402);
#2397 = PLANE('',#2398);
#2398 = AXIS2_PLACEMENT_3D('',#2399,#2400,#2401);
#2399 = CARTESIAN_POINT('',(-5.,55.51,0.8));
#2400 = DIRECTION('',(0.707106781187,-0.707106781187,0.));
#2401 = DIRECTION('',(-0.707106781187,-0.707106781187,0.));
#2402 = DEFINITIONAL_REPRESENTATION('',(#2403),#2407);
#2403 = LINE('',#2404,#2405);
#2404 = CARTESIAN_POINT('',(0.,0.));
#2405 = VECTOR('',#2406,1.);
#2406 = DIRECTION('',(1.,0.));
#2407 = ( GEOMETRIC_REPRESENTATION_CONTEXT(2) 
PARAMETRIC_REPRESENTATION_CONTEXT() REPRESENTATION_CONTEXT('2D SPACE',''
  ) );
#2408 = ORIENTED_EDGE('',*,*,#2409,.T.);
#2409 = EDGE_CURVE('',#2382,#2410,#2412,.T.);
#2410 = VERTEX_POINT('',#2411);
#2411 = CARTESIAN_POINT('',(-5.,58.7,0.8));
#2412 = SURFACE_CURVE('',#2413,(#2417,#2424),.PCURVE_S1.);
#2413 = LINE('',#2414,#2415);
#2414 = CARTESIAN_POINT('',(-5.,54.31,0.8));
#2415 = VECTOR('',#2416,1.);
#2416 = DIRECTION('',(0.,1.,0.));
#2417 = PCURVE('',#72,#2418);
#2418 = DEFINITIONAL_REPRESENTATION('',(#2419),#2423);
#2419 = LINE('',#2420,#2421);
#2420 = CARTESIAN_POINT('',(115.,174.31));
#2421 = VECTOR('',#2422,1.);
#2422 = DIRECTION('',(0.,1.));
#2423 = ( GEOMETRIC_REPRESENTATION_CONTEXT(2) 
PARAMETRIC_REPRESENTATION_CONTEXT() REPRESENTATION_CONTEXT('2D SPACE',''
  ) );
#2424 = PCURVE('',#2425,#2430);
#2425 = PLANE('',#2426);
#2426 = AXIS2_PLACEMENT_3D('',#2427,#2428,#2429);
#2427 = CARTESIAN_POINT('',(-5.,54.31,0.8));
#2428 = DIRECTION('',(1.,0.,0.));
#2429 = DIRECTION('',(0.,0.,1.));
#2430 = DEFINITIONAL_REPRESENTATION('',(#2431),#2435);
#2431 = LINE('',#2432,#2433);
#2432 = CARTESIAN_POINT('',(0.,0.));
#2433 = VECTOR('',#2434,1.);
#2434 = DIRECTION('',(0.,-1.));
#2435 = ( GEOMETRIC_REPRESENTATION_CONTEXT(2) 
PARAMETRIC_REPRESENTATION_CONTEXT() REPRESENTATION_CONTEXT('2D SPACE',''
  ) );
#2436 = ORIENTED_EDGE('',*,*,#2437,.F.);
#2437 = EDGE_CURVE('',#2438,#2410,#2440,.T.);
#2438 = VERTEX_POINT('',#2439);
#2439 = CARTESIAN_POINT('',(-15.65,58.7,0.8));
#2440 = SURFACE_CURVE('',#2441,(#2445,#2452),.PCURVE_S1.);
#2441 = LINE('',#2442,#2443);
#2442 = CARTESIAN_POINT('',(-16.65,58.7,0.8));
#2443 = VECTOR('',#2444,1.);
#2444 = DIRECTION('',(1.,0.,0.));
#2445 = PCURVE('',#72,#2446);
#2446 = DEFINITIONAL_REPRESENTATION('',(#2447),#2451);
#2447 = LINE('',#2448,#2449);
#2448 = CARTESIAN_POINT('',(103.35,178.7));
#2449 = VECTOR('',#2450,1.);
#2450 = DIRECTION('',(1.,0.));
#2451 = ( GEOMETRIC_REPRESENTATION_CONTEXT(2) 
PARAMETRIC_REPRESENTATION_CONTEXT() REPRESENTATION_CONTEXT('2D SPACE',''
  ) );
#2452 = PCURVE('',#2453,#2458);
#2453 = PLANE('',#2454);
#2454 = AXIS2_PLACEMENT_3D('',#2455,#2456,#2457);
#2455 = CARTESIAN_POINT('',(-16.65,58.7,0.8));
#2456 = DIRECTION('',(0.,1.,0.));
#2457 = DIRECTION('',(0.,0.,1.));
#2458 = DEFINITIONAL_REPRESENTATION('',(#2459),#2463);
#2459 = LINE('',#2460,#2461);
#2460 = CARTESIAN_POINT('',(0.,0.));
#2461 = VECTOR('',#2462,1.);
#2462 = DIRECTION('',(0.,1.));
#2463 = ( GEOMETRIC_REPRESENTATION_CONTEXT(2) 
PARAMETRIC_REPRESENTATION_CONTEXT() REPRESENTATION_CONTEXT('2D SPACE',''
  ) );
#2464 = ORIENTED_EDGE('',*,*,#2465,.F.);
#2465 = EDGE_CURVE('',#2466,#2438,#2468,.T.);
#2466 = VERTEX_POINT('',#2467);
#2467 = CARTESIAN_POINT('',(-16.65,58.7,0.8));
#2468 = SURFACE_CURVE('',#2469,(#2473,#2480),.PCURVE_S1.);
#2469 = LINE('',#2470,#2471);
#2470 = CARTESIAN_POINT('',(-16.65,58.7,0.8));
#2471 = VECTOR('',#2472,1.);
#2472 = DIRECTION('',(1.,0.,0.));
#2473 = PCURVE('',#72,#2474);
#2474 = DEFINITIONAL_REPRESENTATION('',(#2475),#2479);
#2475 = LINE('',#2476,#2477);
#2476 = CARTESIAN_POINT('',(103.35,178.7));
#2477 = VECTOR('',#2478,1.);
#2478 = DIRECTION('',(1.,0.));
#2479 = ( GEOMETRIC_REPRESENTATION_CONTEXT(2) 
PARAMETRIC_REPRESENTATION_CONTEXT() REPRESENTATION_CONTEXT('2D SPACE',''
  ) );
#2480 = PCURVE('',#2453,#2481);
#2481 = DEFINITIONAL_REPRESENTATION('',(#2482),#2486);
#2482 = LINE('',#2483,#2484);
#2483 = CARTESIAN_POINT('',(0.,0.));
#2484 = VECTOR('',#2485,1.);
#2485 = DIRECTION('',(0.,1.));
#2486 = ( GEOMETRIC_REPRESENTATION_CONTEXT(2) 
PARAMETRIC_REPRESENTATION_CONTEXT() REPRESENTATION_CONTEXT('2D SPACE',''
  ) );
#2487 = ORIENTED_EDGE('',*,*,#2488,.F.);
#2488 = EDGE_CURVE('',#2489,#2466,#2491,.T.);
#2489 = VERTEX_POINT('',#2490);
#2490 = CARTESIAN_POINT('',(-16.65,57.404845814978,0.8));
#2491 = SURFACE_CURVE('',#2492,(#2496,#2503),.PCURVE_S1.);
#2492 = LINE('',#2493,#2494);
#2493 = CARTESIAN_POINT('',(-16.65,54.31,0.8));
#2494 = VECTOR('',#2495,1.);
#2495 = DIRECTION('',(0.,1.,0.));
#2496 = PCURVE('',#72,#2497);
#2497 = DEFINITIONAL_REPRESENTATION('',(#2498),#2502);
#2498 = LINE('',#2499,#2500);
#2499 = CARTESIAN_POINT('',(103.35,174.31));
#2500 = VECTOR('',#2501,1.);
#2501 = DIRECTION('',(0.,1.));
#2502 = ( GEOMETRIC_REPRESENTATION_CONTEXT(2) 
PARAMETRIC_REPRESENTATION_CONTEXT() REPRESENTATION_CONTEXT('2D SPACE',''
  ) );
#2503 = PCURVE('',#2248,#2504);
#2504 = DEFINITIONAL_REPRESENTATION('',(#2505),#2509);
#2505 = LINE('',#2506,#2507);
#2506 = CARTESIAN_POINT('',(0.,0.));
#2507 = VECTOR('',#2508,1.);
#2508 = DIRECTION('',(0.,-1.));
#2509 = ( GEOMETRIC_REPRESENTATION_CONTEXT(2) 
PARAMETRIC_REPRESENTATION_CONTEXT() REPRESENTATION_CONTEXT('2D SPACE',''
  ) );
#2510 = ORIENTED_EDGE('',*,*,#2511,.F.);
#2511 = EDGE_CURVE('',#2263,#2489,#2512,.T.);
#2512 = SURFACE_CURVE('',#2513,(#2517,#2524),.PCURVE_S1.);
#2513 = LINE('',#2514,#2515);
#2514 = CARTESIAN_POINT('',(-27.,44.,0.8));
#2515 = VECTOR('',#2516,1.);
#2516 = DIRECTION('',(0.61114096351,0.791521776529,0.));
#2517 = PCURVE('',#72,#2518);
#2518 = DEFINITIONAL_REPRESENTATION('',(#2519),#2523);
#2519 = LINE('',#2520,#2521);
#2520 = CARTESIAN_POINT('',(93.,164.));
#2521 = VECTOR('',#2522,1.);
#2522 = DIRECTION('',(0.61114096351,0.791521776529));
#2523 = ( GEOMETRIC_REPRESENTATION_CONTEXT(2) 
PARAMETRIC_REPRESENTATION_CONTEXT() REPRESENTATION_CONTEXT('2D SPACE',''
  ) );
#2524 = PCURVE('',#2223,#2525);
#2525 = DEFINITIONAL_REPRESENTATION('',(#2526),#2530);
#2526 = LINE('',#2527,#2528);
#2527 = CARTESIAN_POINT('',(0.,0.));
#2528 = VECTOR('',#2529,1.);
#2529 = DIRECTION('',(1.,0.));
#2530 = ( GEOMETRIC_REPRESENTATION_CONTEXT(2) 
PARAMETRIC_REPRESENTATION_CONTEXT() REPRESENTATION_CONTEXT('2D SPACE',''
  ) );
#2531 = ORIENTED_EDGE('',*,*,#2262,.F.);
#2532 = ORIENTED_EDGE('',*,*,#418,.T.);
#2533 = ORIENTED_EDGE('',*,*,#2534,.T.);
#2534 = EDGE_CURVE('',#386,#2535,#2537,.T.);
#2535 = VERTEX_POINT('',#2536);
#2536 = CARTESIAN_POINT('',(-29.,47.6,0.8));
#2537 = SURFACE_CURVE('',#2538,(#2542,#2549),.PCURVE_S1.);
#2538 = LINE('',#2539,#2540);
#2539 = CARTESIAN_POINT('',(-29.,31.5,0.8));
#2540 = VECTOR('',#2541,1.);
#2541 = DIRECTION('',(0.,1.,0.));
#2542 = PCURVE('',#72,#2543);
#2543 = DEFINITIONAL_REPRESENTATION('',(#2544),#2548);
#2544 = LINE('',#2545,#2546);
#2545 = CARTESIAN_POINT('',(91.,151.5));
#2546 = VECTOR('',#2547,1.);
#2547 = DIRECTION('',(0.,1.));
#2548 = ( GEOMETRIC_REPRESENTATION_CONTEXT(2) 
PARAMETRIC_REPRESENTATION_CONTEXT() REPRESENTATION_CONTEXT('2D SPACE',''
  ) );
#2549 = PCURVE('',#402,#2550);
#2550 = DEFINITIONAL_REPRESENTATION('',(#2551),#2555);
#2551 = LINE('',#2552,#2553);
#2552 = CARTESIAN_POINT('',(0.,0.));
#2553 = VECTOR('',#2554,1.);
#2554 = DIRECTION('',(0.,-1.));
#2555 = ( GEOMETRIC_REPRESENTATION_CONTEXT(2) 
PARAMETRIC_REPRESENTATION_CONTEXT() REPRESENTATION_CONTEXT('2D SPACE',''
  ) );
#2556 = ORIENTED_EDGE('',*,*,#2557,.T.);
#2557 = EDGE_CURVE('',#2535,#2558,#2560,.T.);
#2558 = VERTEX_POINT('',#2559);
#2559 = CARTESIAN_POINT('',(-32.,50.6,0.8));
#2560 = SURFACE_CURVE('',#2561,(#2566,#2573),.PCURVE_S1.);
#2561 = CIRCLE('',#2562,3.);
#2562 = AXIS2_PLACEMENT_3D('',#2563,#2564,#2565);
#2563 = CARTESIAN_POINT('',(-32.,47.6,0.8));
#2564 = DIRECTION('',(0.,0.,1.));
#2565 = DIRECTION('',(0.,-1.,0.));
#2566 = PCURVE('',#72,#2567);
#2567 = DEFINITIONAL_REPRESENTATION('',(#2568),#2572);
#2568 = CIRCLE('',#2569,3.);
#2569 = AXIS2_PLACEMENT_2D('',#2570,#2571);
#2570 = CARTESIAN_POINT('',(88.,167.6));
#2571 = DIRECTION('',(0.,-1.));
#2572 = ( GEOMETRIC_REPRESENTATION_CONTEXT(2) 
PARAMETRIC_REPRESENTATION_CONTEXT() REPRESENTATION_CONTEXT('2D SPACE',''
  ) );
#2573 = PCURVE('',#2574,#2579);
#2574 = CYLINDRICAL_SURFACE('',#2575,3.);
#2575 = AXIS2_PLACEMENT_3D('',#2576,#2577,#2578);
#2576 = CARTESIAN_POINT('',(-32.,47.6,0.8));
#2577 = DIRECTION('',(0.,0.,1.));
#2578 = DIRECTION('',(1.,0.,-0.));
#2579 = DEFINITIONAL_REPRESENTATION('',(#2580),#2584);
#2580 = LINE('',#2581,#2582);
#2581 = CARTESIAN_POINT('',(-1.570796326795,0.));
#2582 = VECTOR('',#2583,1.);
#2583 = DIRECTION('',(1.,0.));
#2584 = ( GEOMETRIC_REPRESENTATION_CONTEXT(2) 
PARAMETRIC_REPRESENTATION_CONTEXT() REPRESENTATION_CONTEXT('2D SPACE',''
  ) );
#2585 = ORIENTED_EDGE('',*,*,#2586,.F.);
#2586 = EDGE_CURVE('',#2587,#2558,#2589,.T.);
#2587 = VERTEX_POINT('',#2588);
#2588 = CARTESIAN_POINT('',(-44.,50.6,0.8));
#2589 = SURFACE_CURVE('',#2590,(#2594,#2601),.PCURVE_S1.);
#2590 = LINE('',#2591,#2592);
#2591 = CARTESIAN_POINT('',(-44.,50.6,0.8));
#2592 = VECTOR('',#2593,1.);
#2593 = DIRECTION('',(1.,0.,0.));
#2594 = PCURVE('',#72,#2595);
#2595 = DEFINITIONAL_REPRESENTATION('',(#2596),#2600);
#2596 = LINE('',#2597,#2598);
#2597 = CARTESIAN_POINT('',(76.,170.6));
#2598 = VECTOR('',#2599,1.);
#2599 = DIRECTION('',(1.,0.));
#2600 = ( GEOMETRIC_REPRESENTATION_CONTEXT(2) 
PARAMETRIC_REPRESENTATION_CONTEXT() REPRESENTATION_CONTEXT('2D SPACE',''
  ) );
#2601 = PCURVE('',#2602,#2607);
#2602 = PLANE('',#2603);
#2603 = AXIS2_PLACEMENT_3D('',#2604,#2605,#2606);
#2604 = CARTESIAN_POINT('',(-47.,50.6,0.8));
#2605 = DIRECTION('',(0.,1.,0.));
#2606 = DIRECTION('',(0.,0.,1.));
#2607 = DEFINITIONAL_REPRESENTATION('',(#2608),#2612);
#2608 = LINE('',#2609,#2610);
#2609 = CARTESIAN_POINT('',(0.,3.));
#2610 = VECTOR('',#2611,1.);
#2611 = DIRECTION('',(0.,1.));
#2612 = ( GEOMETRIC_REPRESENTATION_CONTEXT(2) 
PARAMETRIC_REPRESENTATION_CONTEXT() REPRESENTATION_CONTEXT('2D SPACE',''
  ) );
#2613 = ORIENTED_EDGE('',*,*,#2614,.F.);
#2614 = EDGE_CURVE('',#2615,#2587,#2617,.T.);
#2615 = VERTEX_POINT('',#2616);
#2616 = CARTESIAN_POINT('',(-47.,47.6,0.8));
#2617 = SURFACE_CURVE('',#2618,(#2623,#2634),.PCURVE_S1.);
#2618 = CIRCLE('',#2619,3.);
#2619 = AXIS2_PLACEMENT_3D('',#2620,#2621,#2622);
#2620 = CARTESIAN_POINT('',(-44.,47.6,0.8));
#2621 = DIRECTION('',(-0.,-0.,-1.));
#2622 = DIRECTION('',(0.,-1.,0.));
#2623 = PCURVE('',#72,#2624);
#2624 = DEFINITIONAL_REPRESENTATION('',(#2625),#2633);
#2625 = ( BOUNDED_CURVE() B_SPLINE_CURVE(2,(#2626,#2627,#2628,#2629,
#2630,#2631,#2632),.UNSPECIFIED.,.T.,.F.) B_SPLINE_CURVE_WITH_KNOTS((1,2
    ,2,2,2,1),(-2.094395102393,0.,2.094395102393,4.188790204786,
6.28318530718,8.377580409573),.UNSPECIFIED.) CURVE() 
GEOMETRIC_REPRESENTATION_ITEM() RATIONAL_B_SPLINE_CURVE((1.,0.5,1.,0.5,
1.,0.5,1.)) REPRESENTATION_ITEM('') );
#2626 = CARTESIAN_POINT('',(76.,164.6));
#2627 = CARTESIAN_POINT('',(70.803847577293,164.6));
#2628 = CARTESIAN_POINT('',(73.401923788647,169.1));
#2629 = CARTESIAN_POINT('',(76.,173.6));
#2630 = CARTESIAN_POINT('',(78.598076211353,169.1));
#2631 = CARTESIAN_POINT('',(81.196152422707,164.6));
#2632 = CARTESIAN_POINT('',(76.,164.6));
#2633 = ( GEOMETRIC_REPRESENTATION_CONTEXT(2) 
PARAMETRIC_REPRESENTATION_CONTEXT() REPRESENTATION_CONTEXT('2D SPACE',''
  ) );
#2634 = PCURVE('',#2635,#2640);
#2635 = CYLINDRICAL_SURFACE('',#2636,3.);
#2636 = AXIS2_PLACEMENT_3D('',#2637,#2638,#2639);
#2637 = CARTESIAN_POINT('',(-44.,47.6,0.8));
#2638 = DIRECTION('',(0.,0.,1.));
#2639 = DIRECTION('',(-1.,-0.,0.));
#2640 = DEFINITIONAL_REPRESENTATION('',(#2641),#2645);
#2641 = LINE('',#2642,#2643);
#2642 = CARTESIAN_POINT('',(1.570796326795,-0.));
#2643 = VECTOR('',#2644,1.);
#2644 = DIRECTION('',(-1.,0.));
#2645 = ( GEOMETRIC_REPRESENTATION_CONTEXT(2) 
PARAMETRIC_REPRESENTATION_CONTEXT() REPRESENTATION_CONTEXT('2D SPACE',''
  ) );
#2646 = ORIENTED_EDGE('',*,*,#2647,.F.);
#2647 = EDGE_CURVE('',#58,#2615,#2648,.T.);
#2648 = SURFACE_CURVE('',#2649,(#2653,#2660),.PCURVE_S1.);
#2649 = LINE('',#2650,#2651);
#2650 = CARTESIAN_POINT('',(-47.,31.5,0.8));
#2651 = VECTOR('',#2652,1.);
#2652 = DIRECTION('',(0.,1.,0.));
#2653 = PCURVE('',#72,#2654);
#2654 = DEFINITIONAL_REPRESENTATION('',(#2655),#2659);
#2655 = LINE('',#2656,#2657);
#2656 = CARTESIAN_POINT('',(73.,151.5));
#2657 = VECTOR('',#2658,1.);
#2658 = DIRECTION('',(0.,1.));
#2659 = ( GEOMETRIC_REPRESENTATION_CONTEXT(2) 
PARAMETRIC_REPRESENTATION_CONTEXT() REPRESENTATION_CONTEXT('2D SPACE',''
  ) );
#2660 = PCURVE('',#101,#2661);
#2661 = DEFINITIONAL_REPRESENTATION('',(#2662),#2666);
#2662 = LINE('',#2663,#2664);
#2663 = CARTESIAN_POINT('',(0.,0.));
#2664 = VECTOR('',#2665,1.);
#2665 = DIRECTION('',(0.,-1.));
#2666 = ( GEOMETRIC_REPRESENTATION_CONTEXT(2) 
PARAMETRIC_REPRESENTATION_CONTEXT() REPRESENTATION_CONTEXT('2D SPACE',''
  ) );
#2667 = ORIENTED_EDGE('',*,*,#57,.T.);
#2668 = FACE_BOUND('',#2669,.F.);
#2669 = EDGE_LOOP('',(#2670));
#2670 = ORIENTED_EDGE('',*,*,#2671,.T.);
#2671 = EDGE_CURVE('',#2672,#2672,#2674,.T.);
#2672 = VERTEX_POINT('',#2673);
#2673 = CARTESIAN_POINT('',(-40.9,36.5,0.8));
#2674 = SURFACE_CURVE('',#2675,(#2680,#2691),.PCURVE_S1.);
#2675 = CIRCLE('',#2676,1.6);
#2676 = AXIS2_PLACEMENT_3D('',#2677,#2678,#2679);
#2677 = CARTESIAN_POINT('',(-42.5,36.5,0.8));
#2678 = DIRECTION('',(0.,0.,-1.));
#2679 = DIRECTION('',(1.,0.,0.));
#2680 = PCURVE('',#72,#2681);
#2681 = DEFINITIONAL_REPRESENTATION('',(#2682),#2690);
#2682 = ( BOUNDED_CURVE() B_SPLINE_CURVE(2,(#2683,#2684,#2685,#2686,
#2687,#2688,#2689),.UNSPECIFIED.,.T.,.F.) B_SPLINE_CURVE_WITH_KNOTS((1,2
    ,2,2,2,1),(-2.094395102393,0.,2.094395102393,4.188790204786,
6.28318530718,8.377580409573),.UNSPECIFIED.) CURVE() 
GEOMETRIC_REPRESENTATION_ITEM() RATIONAL_B_SPLINE_CURVE((1.,0.5,1.,0.5,
1.,0.5,1.)) REPRESENTATION_ITEM('') );
#2683 = CARTESIAN_POINT('',(79.1,156.5));
#2684 = CARTESIAN_POINT('',(79.1,153.72871870789));
#2685 = CARTESIAN_POINT('',(76.7,155.11435935394));
#2686 = CARTESIAN_POINT('',(74.3,156.5));
#2687 = CARTESIAN_POINT('',(76.7,157.88564064605));
#2688 = CARTESIAN_POINT('',(79.1,159.27128129211));
#2689 = CARTESIAN_POINT('',(79.1,156.5));
#2690 = ( GEOMETRIC_REPRESENTATION_CONTEXT(2) 
PARAMETRIC_REPRESENTATION_CONTEXT() REPRESENTATION_CONTEXT('2D SPACE',''
  ) );
#2691 = PCURVE('',#2692,#2697);
#2692 = CYLINDRICAL_SURFACE('',#2693,1.6);
#2693 = AXIS2_PLACEMENT_3D('',#2694,#2695,#2696);
#2694 = CARTESIAN_POINT('',(-42.5,36.5,-5.4));
#2695 = DIRECTION('',(-0.,-0.,-1.));
#2696 = DIRECTION('',(1.,0.,0.));
#2697 = DEFINITIONAL_REPRESENTATION('',(#2698),#2702);
#2698 = LINE('',#2699,#2700);
#2699 = CARTESIAN_POINT('',(-6.28318530718,-6.2));
#2700 = VECTOR('',#2701,1.);
#2701 = DIRECTION('',(1.,-0.));
#2702 = ( GEOMETRIC_REPRESENTATION_CONTEXT(2) 
PARAMETRIC_REPRESENTATION_CONTEXT() REPRESENTATION_CONTEXT('2D SPACE',''
  ) );
#2703 = FACE_BOUND('',#2704,.F.);
#2704 = EDGE_LOOP('',(#2705));
#2705 = ORIENTED_EDGE('',*,*,#2706,.T.);
#2706 = EDGE_CURVE('',#2707,#2707,#2709,.T.);
#2707 = VERTEX_POINT('',#2708);
#2708 = CARTESIAN_POINT('',(-36.35,43.,0.8));
#2709 = SURFACE_CURVE('',#2710,(#2715,#2726),.PCURVE_S1.);
#2710 = CIRCLE('',#2711,1.65);
#2711 = AXIS2_PLACEMENT_3D('',#2712,#2713,#2714);
#2712 = CARTESIAN_POINT('',(-38.,43.,0.8));
#2713 = DIRECTION('',(0.,0.,-1.));
#2714 = DIRECTION('',(1.,0.,0.));
#2715 = PCURVE('',#72,#2716);
#2716 = DEFINITIONAL_REPRESENTATION('',(#2717),#2725);
#2717 = ( BOUNDED_CURVE() B_SPLINE_CURVE(2,(#2718,#2719,#2720,#2721,
#2722,#2723,#2724),.UNSPECIFIED.,.T.,.F.) B_SPLINE_CURVE_WITH_KNOTS((1,2
    ,2,2,2,1),(-2.094395102393,0.,2.094395102393,4.188790204786,
6.28318530718,8.377580409573),.UNSPECIFIED.) CURVE() 
GEOMETRIC_REPRESENTATION_ITEM() RATIONAL_B_SPLINE_CURVE((1.,0.5,1.,0.5,
1.,0.5,1.)) REPRESENTATION_ITEM('') );
#2718 = CARTESIAN_POINT('',(83.65,163.));
#2719 = CARTESIAN_POINT('',(83.65,160.14211616751));
#2720 = CARTESIAN_POINT('',(81.175,161.57105808375));
#2721 = CARTESIAN_POINT('',(78.7,163.));
#2722 = CARTESIAN_POINT('',(81.175,164.42894191624));
#2723 = CARTESIAN_POINT('',(83.65,165.85788383248));
#2724 = CARTESIAN_POINT('',(83.65,163.));
#2725 = ( GEOMETRIC_REPRESENTATION_CONTEXT(2) 
PARAMETRIC_REPRESENTATION_CONTEXT() REPRESENTATION_CONTEXT('2D SPACE',''
  ) );
#2726 = PCURVE('',#2727,#2732);
#2727 = CYLINDRICAL_SURFACE('',#2728,1.65);
#2728 = AXIS2_PLACEMENT_3D('',#2729,#2730,#2731);
#2729 = CARTESIAN_POINT('',(-38.,43.,0.3));
#2730 = DIRECTION('',(-0.,-0.,-1.));
#2731 = DIRECTION('',(1.,0.,0.));
#2732 = DEFINITIONAL_REPRESENTATION('',(#2733),#2737);
#2733 = LINE('',#2734,#2735);
#2734 = CARTESIAN_POINT('',(-6.28318530718,-0.5));
#2735 = VECTOR('',#2736,1.);
#2736 = DIRECTION('',(1.,-0.));
#2737 = ( GEOMETRIC_REPRESENTATION_CONTEXT(2) 
PARAMETRIC_REPRESENTATION_CONTEXT() REPRESENTATION_CONTEXT('2D SPACE',''
  ) );
#2738 = ADVANCED_FACE('',(#2739),#402,.T.);
#2739 = FACE_BOUND('',#2740,.T.);
#2740 = EDGE_LOOP('',(#2741,#2771,#2791,#2818,#2819,#2820));
#2741 = ORIENTED_EDGE('',*,*,#2742,.F.);
#2742 = EDGE_CURVE('',#2743,#2745,#2747,.T.);
#2743 = VERTEX_POINT('',#2744);
#2744 = CARTESIAN_POINT('',(-29.,38.815389252535,9.));
#2745 = VERTEX_POINT('',#2746);
#2746 = CARTESIAN_POINT('',(-29.,47.6,9.));
#2747 = SURFACE_CURVE('',#2748,(#2752,#2759),.PCURVE_S1.);
#2748 = LINE('',#2749,#2750);
#2749 = CARTESIAN_POINT('',(-29.,31.5,9.));
#2750 = VECTOR('',#2751,1.);
#2751 = DIRECTION('',(0.,1.,0.));
#2752 = PCURVE('',#402,#2753);
#2753 = DEFINITIONAL_REPRESENTATION('',(#2754),#2758);
#2754 = LINE('',#2755,#2756);
#2755 = CARTESIAN_POINT('',(8.2,0.));
#2756 = VECTOR('',#2757,1.);
#2757 = DIRECTION('',(0.,-1.));
#2758 = ( GEOMETRIC_REPRESENTATION_CONTEXT(2) 
PARAMETRIC_REPRESENTATION_CONTEXT() REPRESENTATION_CONTEXT('2D SPACE',''
  ) );
#2759 = PCURVE('',#2760,#2765);
#2760 = PLANE('',#2761);
#2761 = AXIS2_PLACEMENT_3D('',#2762,#2763,#2764);
#2762 = CARTESIAN_POINT('',(-47.,31.5,9.));
#2763 = DIRECTION('',(0.,0.,1.));
#2764 = DIRECTION('',(1.,0.,0.));
#2765 = DEFINITIONAL_REPRESENTATION('',(#2766),#2770);
#2766 = LINE('',#2767,#2768);
#2767 = CARTESIAN_POINT('',(18.,0.));
#2768 = VECTOR('',#2769,1.);
#2769 = DIRECTION('',(0.,1.));
#2770 = ( GEOMETRIC_REPRESENTATION_CONTEXT(2) 
PARAMETRIC_REPRESENTATION_CONTEXT() REPRESENTATION_CONTEXT('2D SPACE',''
  ) );
#2771 = ORIENTED_EDGE('',*,*,#2772,.F.);
#2772 = EDGE_CURVE('',#2773,#2743,#2775,.T.);
#2773 = VERTEX_POINT('',#2774);
#2774 = CARTESIAN_POINT('',(-29.,39.772168569895,6.367074731177));
#2775 = SURFACE_CURVE('',#2776,(#2779,#2785),.PCURVE_S1.);
#2776 = B_SPLINE_CURVE_WITH_KNOTS('',1,(#2777,#2778),.UNSPECIFIED.,.F.,
  .F.,(2,2),(0.,1.),.PIECEWISE_BEZIER_KNOTS.);
#2777 = CARTESIAN_POINT('',(-29.,39.772168569895,6.367074731177));
#2778 = CARTESIAN_POINT('',(-29.,38.815389252535,9.));
#2779 = PCURVE('',#402,#2780);
#2780 = DEFINITIONAL_REPRESENTATION('',(#2781),#2784);
#2781 = B_SPLINE_CURVE_WITH_KNOTS('',1,(#2782,#2783),.UNSPECIFIED.,.F.,
  .F.,(2,2),(0.,1.),.PIECEWISE_BEZIER_KNOTS.);
#2782 = CARTESIAN_POINT('',(5.567074731177,-8.272168569895));
#2783 = CARTESIAN_POINT('',(8.2,-7.315389252535));
#2784 = ( GEOMETRIC_REPRESENTATION_CONTEXT(2) 
PARAMETRIC_REPRESENTATION_CONTEXT() REPRESENTATION_CONTEXT('2D SPACE',''
  ) );
#2785 = PCURVE('',#328,#2786);
#2786 = DEFINITIONAL_REPRESENTATION('',(#2787),#2790);
#2787 = B_SPLINE_CURVE_WITH_KNOTS('',1,(#2788,#2789),.UNSPECIFIED.,.F.,
  .F.,(2,2),(0.,1.),.PIECEWISE_BEZIER_KNOTS.);
#2788 = CARTESIAN_POINT('',(16.,0.133490531258));
#2789 = CARTESIAN_POINT('',(13.05099741642,0.133490531258));
#2790 = ( GEOMETRIC_REPRESENTATION_CONTEXT(2) 
PARAMETRIC_REPRESENTATION_CONTEXT() REPRESENTATION_CONTEXT('2D SPACE',''
  ) );
#2791 = ORIENTED_EDGE('',*,*,#2792,.F.);
#2792 = EDGE_CURVE('',#352,#2773,#2793,.T.);
#2793 = SURFACE_CURVE('',#2794,(#2800,#2809),.PCURVE_S1.);
#2794 = B_SPLINE_CURVE_WITH_KNOTS('',4,(#2795,#2796,#2797,#2798,#2799),
  .UNSPECIFIED.,.F.,.F.,(5,5),(0.,1.),.PIECEWISE_BEZIER_KNOTS.);
#2795 = CARTESIAN_POINT('',(-29.,34.5,4.026529266203));
#2796 = CARTESIAN_POINT('',(-29.,35.819593127208,4.612354182184));
#2797 = CARTESIAN_POINT('',(-29.,37.13822492039,5.197752320083));
#2798 = CARTESIAN_POINT('',(-29.,38.45579373734,5.782678556491));
#2799 = CARTESIAN_POINT('',(-29.,39.772168569895,6.367074731177));
#2800 = PCURVE('',#402,#2801);
#2801 = DEFINITIONAL_REPRESENTATION('',(#2802),#2808);
#2802 = B_SPLINE_CURVE_WITH_KNOTS('',4,(#2803,#2804,#2805,#2806,#2807),
  .UNSPECIFIED.,.F.,.F.,(5,5),(0.,1.),.PIECEWISE_BEZIER_KNOTS.);
#2803 = CARTESIAN_POINT('',(3.226529266203,-3.));
#2804 = CARTESIAN_POINT('',(3.812354182184,-4.319593127208));
#2805 = CARTESIAN_POINT('',(4.397752320083,-5.63822492039));
#2806 = CARTESIAN_POINT('',(4.982678556491,-6.95579373734));
#2807 = CARTESIAN_POINT('',(5.567074731177,-8.272168569895));
#2808 = ( GEOMETRIC_REPRESENTATION_CONTEXT(2) 
PARAMETRIC_REPRESENTATION_CONTEXT() REPRESENTATION_CONTEXT('2D SPACE',''
  ) );
#2809 = PCURVE('',#371,#2810);
#2810 = DEFINITIONAL_REPRESENTATION('',(#2811),#2817);
#2811 = B_SPLINE_CURVE_WITH_KNOTS('',4,(#2812,#2813,#2814,#2815,#2816),
  .UNSPECIFIED.,.F.,.F.,(5,5),(0.,1.),.PIECEWISE_BEZIER_KNOTS.);
#2812 = CARTESIAN_POINT('',(0.958879059928,4.394390730227E-04));
#2813 = CARTESIAN_POINT('',(0.729522937462,3.374135354849E-02));
#2814 = CARTESIAN_POINT('',(0.493543360544,6.7019007316E-02));
#2815 = CARTESIAN_POINT('',(0.250529211433,0.100269835282));
#2816 = CARTESIAN_POINT('',(0.,0.133490531258));
#2817 = ( GEOMETRIC_REPRESENTATION_CONTEXT(2) 
PARAMETRIC_REPRESENTATION_CONTEXT() REPRESENTATION_CONTEXT('2D SPACE',''
  ) );
#2818 = ORIENTED_EDGE('',*,*,#385,.T.);
#2819 = ORIENTED_EDGE('',*,*,#2534,.T.);
#2820 = ORIENTED_EDGE('',*,*,#2821,.T.);
#2821 = EDGE_CURVE('',#2535,#2745,#2822,.T.);
#2822 = SURFACE_CURVE('',#2823,(#2827,#2834),.PCURVE_S1.);
#2823 = LINE('',#2824,#2825);
#2824 = CARTESIAN_POINT('',(-29.,47.6,0.8));
#2825 = VECTOR('',#2826,1.);
#2826 = DIRECTION('',(0.,0.,1.));
#2827 = PCURVE('',#402,#2828);
#2828 = DEFINITIONAL_REPRESENTATION('',(#2829),#2833);
#2829 = LINE('',#2830,#2831);
#2830 = CARTESIAN_POINT('',(0.,-16.1));
#2831 = VECTOR('',#2832,1.);
#2832 = DIRECTION('',(1.,0.));
#2833 = ( GEOMETRIC_REPRESENTATION_CONTEXT(2) 
PARAMETRIC_REPRESENTATION_CONTEXT() REPRESENTATION_CONTEXT('2D SPACE',''
  ) );
#2834 = PCURVE('',#2574,#2835);
#2835 = DEFINITIONAL_REPRESENTATION('',(#2836),#2840);
#2836 = LINE('',#2837,#2838);
#2837 = CARTESIAN_POINT('',(0.,0.));
#2838 = VECTOR('',#2839,1.);
#2839 = DIRECTION('',(0.,1.));
#2840 = ( GEOMETRIC_REPRESENTATION_CONTEXT(2) 
PARAMETRIC_REPRESENTATION_CONTEXT() REPRESENTATION_CONTEXT('2D SPACE',''
  ) );
#2841 = ADVANCED_FACE('',(#2842),#371,.T.);
#2842 = FACE_BOUND('',#2843,.T.);
#2843 = EDGE_LOOP('',(#2844,#2864,#2865));
#2844 = ORIENTED_EDGE('',*,*,#2845,.F.);
#2845 = EDGE_CURVE('',#291,#2773,#2846,.T.);
#2846 = SURFACE_CURVE('',#2847,(#2850,#2857),.PCURVE_S1.);
#2847 = B_SPLINE_CURVE_WITH_KNOTS('',1,(#2848,#2849),.UNSPECIFIED.,.F.,
  .F.,(2,2),(0.,1.),.PIECEWISE_BEZIER_KNOTS.);
#2848 = CARTESIAN_POINT('',(-28.04265363993,34.570500664849,
    4.050745856427));
#2849 = CARTESIAN_POINT('',(-35.21429608558,73.537068975149,
    21.402754668738));
#2850 = PCURVE('',#371,#2851);
#2851 = DEFINITIONAL_REPRESENTATION('',(#2852),#2856);
#2852 = LINE('',#2853,#2854);
#2853 = CARTESIAN_POINT('',(0.,0.));
#2854 = VECTOR('',#2855,1.);
#2855 = DIRECTION('',(0.,1.));
#2856 = ( GEOMETRIC_REPRESENTATION_CONTEXT(2) 
PARAMETRIC_REPRESENTATION_CONTEXT() REPRESENTATION_CONTEXT('2D SPACE',''
  ) );
#2857 = PCURVE('',#328,#2858);
#2858 = DEFINITIONAL_REPRESENTATION('',(#2859),#2863);
#2859 = LINE('',#2860,#2861);
#2860 = CARTESIAN_POINT('',(16.,0.));
#2861 = VECTOR('',#2862,1.);
#2862 = DIRECTION('',(0.,1.));
#2863 = ( GEOMETRIC_REPRESENTATION_CONTEXT(2) 
PARAMETRIC_REPRESENTATION_CONTEXT() REPRESENTATION_CONTEXT('2D SPACE',''
  ) );
#2864 = ORIENTED_EDGE('',*,*,#351,.F.);
#2865 = ORIENTED_EDGE('',*,*,#2792,.T.);
#2866 = ADVANCED_FACE('',(#2867),#328,.T.);
#2867 = FACE_BOUND('',#2868,.T.);
#2868 = EDGE_LOOP('',(#2869,#2891,#2892,#2893,#2894,#2926,#2953,#3023));
#2869 = ORIENTED_EDGE('',*,*,#2870,.F.);
#2870 = EDGE_CURVE('',#257,#2871,#2873,.T.);
#2871 = VERTEX_POINT('',#2872);
#2872 = CARTESIAN_POINT('',(-33.1488787667,58.309220799548,
    27.428170145791));
#2873 = SURFACE_CURVE('',#2874,(#2877,#2884),.PCURVE_S1.);
#2874 = B_SPLINE_CURVE_WITH_KNOTS('',1,(#2875,#2876),.UNSPECIFIED.,.F.,
  .F.,(2,2),(0.,1.),.PIECEWISE_BEZIER_KNOTS.);
#2875 = CARTESIAN_POINT('',(-28.04265363993,29.105880849891,
    19.08862902787));
#2876 = CARTESIAN_POINT('',(-35.21429608558,70.121681590801,
    30.801431650889));
#2877 = PCURVE('',#328,#2878);
#2878 = DEFINITIONAL_REPRESENTATION('',(#2879),#2883);
#2879 = LINE('',#2880,#2881);
#2880 = CARTESIAN_POINT('',(0.,0.));
#2881 = VECTOR('',#2882,1.);
#2882 = DIRECTION('',(0.,1.));
#2883 = ( GEOMETRIC_REPRESENTATION_CONTEXT(2) 
PARAMETRIC_REPRESENTATION_CONTEXT() REPRESENTATION_CONTEXT('2D SPACE',''
  ) );
#2884 = PCURVE('',#276,#2885);
#2885 = DEFINITIONAL_REPRESENTATION('',(#2886),#2890);
#2886 = LINE('',#2887,#2888);
#2887 = CARTESIAN_POINT('',(18.,0.));
#2888 = VECTOR('',#2889,1.);
#2889 = DIRECTION('',(0.,1.));
#2890 = ( GEOMETRIC_REPRESENTATION_CONTEXT(2) 
PARAMETRIC_REPRESENTATION_CONTEXT() REPRESENTATION_CONTEXT('2D SPACE',''
  ) );
#2891 = ORIENTED_EDGE('',*,*,#290,.F.);
#2892 = ORIENTED_EDGE('',*,*,#2845,.T.);
#2893 = ORIENTED_EDGE('',*,*,#2772,.T.);
#2894 = ORIENTED_EDGE('',*,*,#2895,.T.);
#2895 = EDGE_CURVE('',#2743,#2896,#2898,.T.);
#2896 = VERTEX_POINT('',#2897);
#2897 = CARTESIAN_POINT('',(-30.08819669344,45.684801709565,9.));
#2898 = SURFACE_CURVE('',#2899,(#2906,#2916),.PCURVE_S1.);
#2899 = B_SPLINE_CURVE_WITH_KNOTS('',5,(#2900,#2901,#2902,#2903,#2904,
    #2905),.UNSPECIFIED.,.F.,.F.,(6,6),(0.,1.),
  .PIECEWISE_BEZIER_KNOTS.);
#2900 = CARTESIAN_POINT('',(-29.,38.815389252535,9.));
#2901 = CARTESIAN_POINT('',(-29.21960965524,40.201709676502,9.));
#2902 = CARTESIAN_POINT('',(-29.43830962889,41.582287592618,9.));
#2903 = CARTESIAN_POINT('',(-29.65602873827,42.956673649039,9.));
#2904 = CARTESIAN_POINT('',(-29.87268702744,44.324363111353,9.));
#2905 = CARTESIAN_POINT('',(-30.08819669344,45.684801709565,9.));
#2906 = PCURVE('',#328,#2907);
#2907 = DEFINITIONAL_REPRESENTATION('',(#2908),#2915);
#2908 = B_SPLINE_CURVE_WITH_KNOTS('',5,(#2909,#2910,#2911,#2912,#2913,
    #2914),.UNSPECIFIED.,.F.,.F.,(6,6),(0.,1.),
  .PIECEWISE_BEZIER_KNOTS.);
#2909 = CARTESIAN_POINT('',(13.05099741642,0.133490531258));
#2910 = CARTESIAN_POINT('',(13.610488864889,0.16411247831));
#2911 = CARTESIAN_POINT('',(14.184571116583,0.194607581113));
#2912 = CARTESIAN_POINT('',(14.773804450901,0.224965914094));
#2913 = CARTESIAN_POINT('',(15.378758823896,0.255176328348));
#2914 = CARTESIAN_POINT('',(16.,0.285226580802));
#2915 = ( GEOMETRIC_REPRESENTATION_CONTEXT(2) 
PARAMETRIC_REPRESENTATION_CONTEXT() REPRESENTATION_CONTEXT('2D SPACE',''
  ) );
#2916 = PCURVE('',#2760,#2917);
#2917 = DEFINITIONAL_REPRESENTATION('',(#2918),#2925);
#2918 = B_SPLINE_CURVE_WITH_KNOTS('',5,(#2919,#2920,#2921,#2922,#2923,
    #2924),.UNSPECIFIED.,.F.,.F.,(6,6),(0.,1.),
  .PIECEWISE_BEZIER_KNOTS.);
#2919 = CARTESIAN_POINT('',(18.,7.315389252535));
#2920 = CARTESIAN_POINT('',(17.780390344757,8.701709676502));
#2921 = CARTESIAN_POINT('',(17.561690371105,10.082287592618));
#2922 = CARTESIAN_POINT('',(17.343971261725,11.456673649039));
#2923 = CARTESIAN_POINT('',(17.127312972555,12.824363111353));
#2924 = CARTESIAN_POINT('',(16.911803306559,14.184801709565));
#2925 = ( GEOMETRIC_REPRESENTATION_CONTEXT(2) 
PARAMETRIC_REPRESENTATION_CONTEXT() REPRESENTATION_CONTEXT('2D SPACE',''
  ) );
#2926 = ORIENTED_EDGE('',*,*,#2927,.T.);
#2927 = EDGE_CURVE('',#2896,#2928,#2930,.T.);
#2928 = VERTEX_POINT('',#2929);
#2929 = CARTESIAN_POINT('',(-32.63293142582,59.511422394109,
    15.157063718112));
#2930 = SURFACE_CURVE('',#2931,(#2934,#2941),.PCURVE_S1.);
#2931 = B_SPLINE_CURVE_WITH_KNOTS('',1,(#2932,#2933),.UNSPECIFIED.,.F.,
  .F.,(2,2),(0.,1.),.PIECEWISE_BEZIER_KNOTS.);
#2932 = CARTESIAN_POINT('',(-28.04265363993,34.570500664849,
    4.050745856427));
#2933 = CARTESIAN_POINT('',(-35.21429608558,73.537068975149,
    21.402754668738));
#2934 = PCURVE('',#328,#2935);
#2935 = DEFINITIONAL_REPRESENTATION('',(#2936),#2940);
#2936 = LINE('',#2937,#2938);
#2937 = CARTESIAN_POINT('',(16.,0.));
#2938 = VECTOR('',#2939,1.);
#2939 = DIRECTION('',(0.,1.));
#2940 = ( GEOMETRIC_REPRESENTATION_CONTEXT(2) 
PARAMETRIC_REPRESENTATION_CONTEXT() REPRESENTATION_CONTEXT('2D SPACE',''
  ) );
#2941 = PCURVE('',#2942,#2947);
#2942 = B_SPLINE_SURFACE_WITH_KNOTS('',1,1,(
    (#2943,#2944)
    ,(#2945,#2946
    )),.UNSPECIFIED.,.F.,.F.,.F.,(2,2),(2,2),(0.,18.),(0.,1.),
  .PIECEWISE_BEZIER_KNOTS.);
#2943 = CARTESIAN_POINT('',(-28.04265363993,34.570500664849,
    4.050745856427));
#2944 = CARTESIAN_POINT('',(-35.21429608558,73.537068975149,
    21.402754668738));
#2945 = CARTESIAN_POINT('',(-45.95734636006,32.925387232312,
    3.452927708832));
#2946 = CARTESIAN_POINT('',(-47.15742456566,72.440326686791,
    21.004209237008));
#2947 = DEFINITIONAL_REPRESENTATION('',(#2948),#2952);
#2948 = LINE('',#2949,#2950);
#2949 = CARTESIAN_POINT('',(0.,0.));
#2950 = VECTOR('',#2951,1.);
#2951 = DIRECTION('',(0.,1.));
#2952 = ( GEOMETRIC_REPRESENTATION_CONTEXT(2) 
PARAMETRIC_REPRESENTATION_CONTEXT() REPRESENTATION_CONTEXT('2D SPACE',''
  ) );
#2953 = ORIENTED_EDGE('',*,*,#2954,.T.);
#2954 = EDGE_CURVE('',#2928,#2955,#2957,.T.);
#2955 = VERTEX_POINT('',#2956);
#2956 = CARTESIAN_POINT('',(-32.49746338997,57.902171295268,
    17.232209925205));
#2957 = SURFACE_CURVE('',#2958,(#2976,#2997),.PCURVE_S1.);
#2958 = B_SPLINE_CURVE_WITH_KNOTS('',4,(#2959,#2960,#2961,#2962,#2963,
    #2964,#2965,#2966,#2967,#2968,#2969,#2970,#2971,#2972,#2973,#2974,
    #2975),.UNSPECIFIED.,.F.,.F.,(5,3,3,3,3,5),(0.,0.498375265507,
    0.748226054427,0.873319142756,0.9407072064,1.),.UNSPECIFIED.);
#2959 = CARTESIAN_POINT('',(-32.63293142582,59.511422394109,
    15.157063718112));
#2960 = CARTESIAN_POINT('',(-32.61615022835,59.312075291333,
    15.414123902516));
#2961 = CARTESIAN_POINT('',(-32.59933695813,59.112347190111,
    15.671675388421));
#2962 = CARTESIAN_POINT('',(-32.58249161768,58.912238120407,
    15.929718137188));
#2963 = CARTESIAN_POINT('',(-32.55715305164,58.611236374976,
    16.317863051806));
#2964 = CARTESIAN_POINT('',(-32.54868383217,58.510628872553,
    16.447597483686));
#2965 = CARTESIAN_POINT('',(-32.54020655434,58.409925643315,
    16.577455356299));
#2966 = CARTESIAN_POINT('',(-32.52747285611,58.258659569801,
    16.772514548081));
#2967 = CARTESIAN_POINT('',(-32.52322247346,58.208168449147,
    16.837623378885));
#2968 = CARTESIAN_POINT('',(-32.51897007112,58.15765333611,
    16.902763148121));
#2969 = CARTESIAN_POINT('',(-32.51242377791,58.079888648185,
    17.003041530599));
#2970 = CARTESIAN_POINT('',(-32.51013095067,58.052651708237,
    17.038163850954));
#2971 = CARTESIAN_POINT('',(-32.50783716657,58.025403401516,
    17.073300828884));
#2972 = CARTESIAN_POINT('',(-32.50352334819,57.974158715537,
    17.139381390095));
#2973 = CARTESIAN_POINT('',(-32.50150382235,57.950168375996,
    17.1703171851));
#2974 = CARTESIAN_POINT('',(-32.49948382887,57.926172481282,
    17.201260143559));
#2975 = CARTESIAN_POINT('',(-32.49746338997,57.902171295268,
    17.232209925205));
#2976 = PCURVE('',#328,#2977);
#2977 = DEFINITIONAL_REPRESENTATION('',(#2978),#2996);
#2978 = B_SPLINE_CURVE_WITH_KNOTS('',4,(#2979,#2980,#2981,#2982,#2983,
    #2984,#2985,#2986,#2987,#2988,#2989,#2990,#2991,#2992,#2993,#2994,
    #2995),.UNSPECIFIED.,.F.,.F.,(5,3,3,3,3,5),(0.,0.498375265507,
    0.748226054427,0.873319142756,0.9407072064,1.),.UNSPECIFIED.);
#2979 = CARTESIAN_POINT('',(16.,0.640059487165));
#2980 = CARTESIAN_POINT('',(15.583267853113,0.637719549334));
#2981 = CARTESIAN_POINT('',(15.167022334545,0.63537513934));
#2982 = CARTESIAN_POINT('',(14.751265653588,0.633026257536));
#2983 = CARTESIAN_POINT('',(14.12781460923,0.629493096725));
#2984 = CARTESIAN_POINT('',(13.919752627782,0.628312165085));
#2985 = CARTESIAN_POINT('',(13.711814334204,0.627130109803));
#2986 = CARTESIAN_POINT('',(13.399953358218,0.625354547464));
#2987 = CARTESIAN_POINT('',(13.295937786874,0.6247618823));
#2988 = CARTESIAN_POINT('',(13.191953324037,0.624168935514));
#2989 = CARTESIAN_POINT('',(13.032000004235,0.623256133007));
#2990 = CARTESIAN_POINT('',(12.976000004316,0.622936425595));
#2991 = CARTESIAN_POINT('',(12.920000004398,0.622616584761));
#2992 = CARTESIAN_POINT('',(12.814727236318,0.622015074241));
#2993 = CARTESIAN_POINT('',(12.765461405311,0.62173347545));
#2994 = CARTESIAN_POINT('',(12.716202799151,0.621451811453));
#2995 = CARTESIAN_POINT('',(12.666951077547,0.621170085346));
#2996 = ( GEOMETRIC_REPRESENTATION_CONTEXT(2) 
PARAMETRIC_REPRESENTATION_CONTEXT() REPRESENTATION_CONTEXT('2D SPACE',''
  ) );
#2997 = PCURVE('',#2998,#3003);
#2998 = PLANE('',#2999);
#2999 = AXIS2_PLACEMENT_3D('',#3000,#3001,#3002);
#3000 = CARTESIAN_POINT('',(-28.53507665407,62.501267683762,
    19.211900237271));
#3001 = DIRECTION('',(0.768592593328,-0.480269955675,-0.422618261741));
#3002 = DIRECTION('',(0.529919264233,0.848048096156,-1.497208212511E-17)
  );
#3003 = DEFINITIONAL_REPRESENTATION('',(#3004),#3022);
#3004 = B_SPLINE_CURVE_WITH_KNOTS('',4,(#3005,#3006,#3007,#3008,#3009,
    #3010,#3011,#3012,#3013,#3014,#3015,#3016,#3017,#3018,#3019,#3020,
    #3021),.UNSPECIFIED.,.F.,.F.,(5,3,3,3,3,5),(0.,0.498375265507,
    0.748226054427,0.873319142756,0.9407072064,1.),.UNSPECIFIED.);
#3005 = CARTESIAN_POINT('',(-4.707064791277,-4.474017080242));
#3006 = CARTESIAN_POINT('',(-4.867228042445,-4.190382548927));
#3007 = CARTESIAN_POINT('',(-5.027697402651,-3.906205926383));
#3008 = CARTESIAN_POINT('',(-5.18847284782,-3.621487255245));
#3009 = CARTESIAN_POINT('',(-5.4303094107,-3.193216727097));
#3010 = CARTESIAN_POINT('',(-5.511141409037,-3.050070619633));
#3011 = CARTESIAN_POINT('',(-5.592050318036,-2.906788310388));
#3012 = CARTESIAN_POINT('',(-5.713583391696,-2.691564305285));
#3013 = CARTESIAN_POINT('',(-5.754149930795,-2.619724659046));
#3014 = CARTESIAN_POINT('',(-5.794735746312,-2.547850876025));
#3015 = CARTESIAN_POINT('',(-5.857214934976,-2.43720592305));
#3016 = CARTESIAN_POINT('',(-5.87909815672,-2.398452730307));
#3017 = CARTESIAN_POINT('',(-5.900990510973,-2.35968336472));
#3018 = CARTESIAN_POINT('',(-5.942162493897,-2.286771532607));
#3019 = CARTESIAN_POINT('',(-5.961437270024,-2.252637659493));
#3020 = CARTESIAN_POINT('',(-5.980716509393,-2.218495882382));
#3021 = CARTESIAN_POINT('',(-6.,-2.184346576717));
#3022 = ( GEOMETRIC_REPRESENTATION_CONTEXT(2) 
PARAMETRIC_REPRESENTATION_CONTEXT() REPRESENTATION_CONTEXT('2D SPACE',''
  ) );
#3023 = ORIENTED_EDGE('',*,*,#3024,.T.);
#3024 = EDGE_CURVE('',#2955,#2871,#3025,.T.);
#3025 = SURFACE_CURVE('',#3026,(#3047,#3071),.PCURVE_S1.);
#3026 = B_SPLINE_CURVE_WITH_KNOTS('',7,(#3027,#3028,#3029,#3030,#3031,
    #3032,#3033,#3034,#3035,#3036,#3037,#3038,#3039,#3040,#3041,#3042,
    #3043,#3044,#3045,#3046),.UNSPECIFIED.,.F.,.F.,(8,6,6,8),(0.,
    1.628735864497E-02,0.506175031503,1.),.UNSPECIFIED.);
#3027 = CARTESIAN_POINT('',(-32.49746338997,57.902171295268,
    17.232209925205));
#3028 = CARTESIAN_POINT('',(-32.49851375681,57.902827637315,
    17.248650277869));
#3029 = CARTESIAN_POINT('',(-32.50002868416,57.903774268988,
    17.272361936481));
#3030 = CARTESIAN_POINT('',(-32.50165620958,57.904791259739,
    17.297835981097));
#3031 = CARTESIAN_POINT('',(-32.50319664285,57.905753829279,
    17.321946858624));
#3032 = CARTESIAN_POINT('',(-32.50459903391,57.90663014047,
    17.343897097964));
#3033 = CARTESIAN_POINT('',(-32.50595941572,57.907480201375,
    17.365189808258));
#3034 = CARTESIAN_POINT('',(-32.55438029507,57.937736924873,
    18.123073913136));
#3035 = CARTESIAN_POINT('',(-32.6010388997,57.966892456905,
    18.85337487575));
#3036 = CARTESIAN_POINT('',(-32.647492986,57.995920191705,
    19.580474715467));
#3037 = CARTESIAN_POINT('',(-32.6937422953,58.024819967638,
    20.304369383563));
#3038 = CARTESIAN_POINT('',(-32.73978660826,58.053591647633,
    21.025055446603));
#3039 = CARTESIAN_POINT('',(-32.78562574481,58.082235119181,
    21.742530086443));
#3040 = CARTESIAN_POINT('',(-32.877260149,58.13949464994,23.17679272952)
  );
#3041 = CARTESIAN_POINT('',(-32.92305210307,58.168108638604,
    23.893528868752));
#3042 = CARTESIAN_POINT('',(-32.96863528255,58.196592170424,
    24.606997265889));
#3043 = CARTESIAN_POINT('',(-33.01400958327,58.224945180304,
    25.31719629041));
#3044 = CARTESIAN_POINT('',(-33.05917494075,58.253167627962,
    26.02412493331));
#3045 = CARTESIAN_POINT('',(-33.10413133024,58.28125949793,
    26.727782807096));
#3046 = CARTESIAN_POINT('',(-33.1488787667,58.309220799548,
    27.428170145791));
#3047 = PCURVE('',#328,#3048);
#3048 = DEFINITIONAL_REPRESENTATION('',(#3049),#3070);
#3049 = B_SPLINE_CURVE_WITH_KNOTS('',7,(#3050,#3051,#3052,#3053,#3054,
    #3055,#3056,#3057,#3058,#3059,#3060,#3061,#3062,#3063,#3064,#3065,
    #3066,#3067,#3068,#3069),.UNSPECIFIED.,.F.,.F.,(8,6,6,8),(0.,
    1.628735864497E-02,0.506175031503,1.),.UNSPECIFIED.);
#3050 = CARTESIAN_POINT('',(12.666950720084,0.621170085346));
#3051 = CARTESIAN_POINT('',(12.647433024161,0.621316546474));
#3052 = CARTESIAN_POINT('',(12.619281082897,0.621527785024));
#3053 = CARTESIAN_POINT('',(12.589023928642,0.621754724031));
#3054 = CARTESIAN_POINT('',(12.560381482188,0.621969519078));
#3055 = CARTESIAN_POINT('',(12.534296675027,0.622165065784));
#3056 = CARTESIAN_POINT('',(12.50899115293,0.622354754802));
#3057 = CARTESIAN_POINT('',(11.60800996069,0.629106468892));
#3058 = CARTESIAN_POINT('',(10.733315658289,0.635612454791));
#3059 = CARTESIAN_POINT('',(9.855937367616,0.64208992305));
#3060 = CARTESIAN_POINT('',(8.97589565863,0.648538837598));
#3061 = CARTESIAN_POINT('',(8.093211384453,0.654959167851));
#3062 = CARTESIAN_POINT('',(7.20790568137,0.661350888701));
#3063 = CARTESIAN_POINT('',(5.424958034082,0.674128213405));
#3064 = CARTESIAN_POINT('',(4.527274098769,0.680513355222));
#3065 = CARTESIAN_POINT('',(3.626970102331,0.686869385912));
#3066 = CARTESIAN_POINT('',(2.724068204377,0.693196290949));
#3067 = CARTESIAN_POINT('',(1.818590784682,0.699494061344));
#3068 = CARTESIAN_POINT('',(0.910560443187,0.705762693646));
#3069 = CARTESIAN_POINT('',(0.,0.71200218994));
#3070 = ( GEOMETRIC_REPRESENTATION_CONTEXT(2) 
PARAMETRIC_REPRESENTATION_CONTEXT() REPRESENTATION_CONTEXT('2D SPACE',''
  ) );
#3071 = PCURVE('',#3072,#3077);
#3072 = PLANE('',#3073);
#3073 = AXIS2_PLACEMENT_3D('',#3074,#3075,#3076);
#3074 = CARTESIAN_POINT('',(-33.38332533271,58.455719273311,
    33.921693669154));
#3075 = DIRECTION('',(0.529919264233,0.848048096156,2.333429268397E-17)
  );
#3076 = DIRECTION('',(-0.35840061227,0.223953558313,-0.906307787037));
#3077 = DEFINITIONAL_REPRESENTATION('',(#3078),#3099);
#3078 = B_SPLINE_CURVE_WITH_KNOTS('',7,(#3079,#3080,#3081,#3082,#3083,
    #3084,#3085,#3086,#3087,#3088,#3089,#3090,#3091,#3092,#3093,#3094,
    #3095,#3096,#3097,#3098),.UNSPECIFIED.,.F.,.F.,(8,6,6,8),(0.,
    1.628735864497E-02,0.506175031503,1.),.UNSPECIFIED.);
#3079 = CARTESIAN_POINT('',(14.684346576717,-8.));
#3080 = CARTESIAN_POINT('',(14.669969999331,-7.991929481195));
#3081 = CARTESIAN_POINT('',(14.649234890911,-7.980289500555));
#3082 = CARTESIAN_POINT('',(14.626958630709,-7.967784370019));
#3083 = CARTESIAN_POINT('',(14.605874417756,-7.955948414036));
#3084 = CARTESIAN_POINT('',(14.586679615738,-7.945173108725));
#3085 = CARTESIAN_POINT('',(14.568059802432,-7.934720582411));
#3086 = CARTESIAN_POINT('',(13.905313710206,-7.562677594922));
#3087 = CARTESIAN_POINT('',(13.266688218516,-7.204175087549));
#3088 = CARTESIAN_POINT('',(12.630862009299,-6.84724400161));
#3089 = CARTESIAN_POINT('',(11.997838623037,-6.491886324609));
#3090 = CARTESIAN_POINT('',(11.367621062162,-6.138103742009));
#3091 = CARTESIAN_POINT('',(10.740211791054,-5.78589763723));
#3092 = CARTESIAN_POINT('',(9.485993691206,-5.081822495479));
#3093 = CARTESIAN_POINT('',(8.859230215925,-4.729978918387));
#3094 = CARTESIAN_POINT('',(8.235324279534,-4.379739465889));
#3095 = CARTESIAN_POINT('',(7.614277307874,-4.031104938402));
#3096 = CARTESIAN_POINT('',(6.996090183287,-3.684075831244));
#3097 = CARTESIAN_POINT('',(6.380763244624,-3.338652334632));
#3098 = CARTESIAN_POINT('',(5.768296287239,-2.994834333687));
#3099 = ( GEOMETRIC_REPRESENTATION_CONTEXT(2) 
PARAMETRIC_REPRESENTATION_CONTEXT() REPRESENTATION_CONTEXT('2D SPACE',''
  ) );
#3100 = ADVANCED_FACE('',(#3101),#276,.T.);
#3101 = FACE_BOUND('',#3102,.T.);
#3102 = EDGE_LOOP('',(#3103,#3125,#3126,#3127,#3156,#3190,#3217,#3278,
    #3321,#3370));
#3103 = ORIENTED_EDGE('',*,*,#3104,.F.);
#3104 = EDGE_CURVE('',#184,#3105,#3107,.T.);
#3105 = VERTEX_POINT('',#3106);
#3106 = CARTESIAN_POINT('',(-47.05877172397,65.608142255463,
    29.423649968433));
#3107 = SURFACE_CURVE('',#3108,(#3111,#3118),.PCURVE_S1.);
#3108 = B_SPLINE_CURVE_WITH_KNOTS('',1,(#3109,#3110),.UNSPECIFIED.,.F.,
  .F.,(2,2),(0.,1.),.PIECEWISE_BEZIER_KNOTS.);
#3109 = CARTESIAN_POINT('',(-45.95734636006,27.460767417354,
    18.490810880275));
#3110 = CARTESIAN_POINT('',(-47.15742456566,69.024939302443,
    30.40288621916));
#3111 = PCURVE('',#276,#3112);
#3112 = DEFINITIONAL_REPRESENTATION('',(#3113),#3117);
#3113 = LINE('',#3114,#3115);
#3114 = CARTESIAN_POINT('',(0.,0.));
#3115 = VECTOR('',#3116,1.);
#3116 = DIRECTION('',(0.,1.));
#3117 = ( GEOMETRIC_REPRESENTATION_CONTEXT(2) 
PARAMETRIC_REPRESENTATION_CONTEXT() REPRESENTATION_CONTEXT('2D SPACE',''
  ) );
#3118 = PCURVE('',#229,#3119);
#3119 = DEFINITIONAL_REPRESENTATION('',(#3120),#3124);
#3120 = LINE('',#3121,#3122);
#3121 = CARTESIAN_POINT('',(16.,0.));
#3122 = VECTOR('',#3123,1.);
#3123 = DIRECTION('',(0.,1.));
#3124 = ( GEOMETRIC_REPRESENTATION_CONTEXT(2) 
PARAMETRIC_REPRESENTATION_CONTEXT() REPRESENTATION_CONTEXT('2D SPACE',''
  ) );
#3125 = ORIENTED_EDGE('',*,*,#256,.F.);
#3126 = ORIENTED_EDGE('',*,*,#2870,.T.);
#3127 = ORIENTED_EDGE('',*,*,#3128,.T.);
#3128 = EDGE_CURVE('',#2871,#3129,#3131,.T.);
#3129 = VERTEX_POINT('',#3130);
#3130 = CARTESIAN_POINT('',(-35.77255705611,59.94867695187,
    27.879909024224));
#3131 = SURFACE_CURVE('',#3132,(#3138,#3147),.PCURVE_S1.);
#3132 = B_SPLINE_CURVE_WITH_KNOTS('',4,(#3133,#3134,#3135,#3136,#3137),
  .UNSPECIFIED.,.F.,.F.,(5,5),(0.,1.),.PIECEWISE_BEZIER_KNOTS.);
#3133 = CARTESIAN_POINT('',(-33.1488787667,58.309220799548,
    27.428170145791));
#3134 = CARTESIAN_POINT('',(-33.81123263439,58.723105431588,
    27.542212707535));
#3135 = CARTESIAN_POINT('',(-34.46932784488,59.134328959262,
    27.655522023502));
#3136 = CARTESIAN_POINT('',(-35.1231166173,59.542861525768,
    27.76808986689));
#3137 = CARTESIAN_POINT('',(-35.77255705611,59.94867695187,
    27.879909024224));
#3138 = PCURVE('',#276,#3139);
#3139 = DEFINITIONAL_REPRESENTATION('',(#3140),#3146);
#3140 = B_SPLINE_CURVE_WITH_KNOTS('',4,(#3141,#3142,#3143,#3144,#3145),
  .UNSPECIFIED.,.F.,.F.,(5,5),(0.,1.),.PIECEWISE_BEZIER_KNOTS.);
#3141 = CARTESIAN_POINT('',(18.,0.71200218994));
#3142 = CARTESIAN_POINT('',(17.235015784441,0.723393094966));
#3143 = CARTESIAN_POINT('',(16.464794070485,0.734710761257));
#3144 = CARTESIAN_POINT('',(15.689380507821,0.745954367096));
#3145 = CARTESIAN_POINT('',(14.908828054026,0.757123191978));
#3146 = ( GEOMETRIC_REPRESENTATION_CONTEXT(2) 
PARAMETRIC_REPRESENTATION_CONTEXT() REPRESENTATION_CONTEXT('2D SPACE',''
  ) );
#3147 = PCURVE('',#3072,#3148);
#3148 = DEFINITIONAL_REPRESENTATION('',(#3149),#3155);
#3149 = B_SPLINE_CURVE_WITH_KNOTS('',4,(#3150,#3151,#3152,#3153,#3154),
  .UNSPECIFIED.,.F.,.F.,(5,5),(0.,1.),.PIECEWISE_BEZIER_KNOTS.);
#3150 = CARTESIAN_POINT('',(5.768296287239,-2.994834333687));
#3151 = CARTESIAN_POINT('',(5.995017593274,-2.238781233722));
#3152 = CARTESIAN_POINT('',(6.220281176526,-1.487589237674));
#3153 = CARTESIAN_POINT('',(6.444070681779,-0.741312885684));
#3154 = CARTESIAN_POINT('',(6.666371768343,4.440892098501E-15));
#3155 = ( GEOMETRIC_REPRESENTATION_CONTEXT(2) 
PARAMETRIC_REPRESENTATION_CONTEXT() REPRESENTATION_CONTEXT('2D SPACE',''
  ) );
#3156 = ORIENTED_EDGE('',*,*,#3157,.F.);
#3157 = EDGE_CURVE('',#3158,#3129,#3160,.T.);
#3158 = VERTEX_POINT('',#3159);
#3159 = CARTESIAN_POINT('',(-33.86099186423,62.381912534362,
    28.591200821106));
#3160 = SURFACE_CURVE('',#3161,(#3167,#3176),.PCURVE_S1.);
#3161 = B_SPLINE_CURVE_WITH_KNOTS('',4,(#3162,#3163,#3164,#3165,#3166),
  .UNSPECIFIED.,.F.,.F.,(5,5),(0.,1.),.PIECEWISE_BEZIER_KNOTS.);
#3162 = CARTESIAN_POINT('',(-33.86099186423,62.381912534362,
    28.591200821106));
#3163 = CARTESIAN_POINT('',(-34.33317283035,61.780872332843,
    28.415502681553));
#3164 = CARTESIAN_POINT('',(-34.80919362146,61.174944409562,
    28.238375746359));
#3165 = CARTESIAN_POINT('',(-35.28900674022,60.564189223983,
    28.059837689243));
#3166 = CARTESIAN_POINT('',(-35.77255705611,59.94867695187,
    27.879909024224));
#3167 = PCURVE('',#276,#3168);
#3168 = DEFINITIONAL_REPRESENTATION('',(#3169),#3175);
#3169 = B_SPLINE_CURVE_WITH_KNOTS('',4,(#3170,#3171,#3172,#3173,#3174),
  .UNSPECIFIED.,.F.,.F.,(5,5),(0.,1.),.PIECEWISE_BEZIER_KNOTS.);
#3170 = CARTESIAN_POINT('',(18.,0.811297867733));
#3171 = CARTESIAN_POINT('',(17.2175415496,0.797916032342));
#3172 = CARTESIAN_POINT('',(16.441477377904,0.784425374466));
#3173 = CARTESIAN_POINT('',(15.671885020471,0.770827240203));
#3174 = CARTESIAN_POINT('',(14.908828054026,0.757123191978));
#3175 = ( GEOMETRIC_REPRESENTATION_CONTEXT(2) 
PARAMETRIC_REPRESENTATION_CONTEXT() REPRESENTATION_CONTEXT('2D SPACE',''
  ) );
#3176 = PCURVE('',#3177,#3182);
#3177 = PLANE('',#3178);
#3178 = AXIS2_PLACEMENT_3D('',#3179,#3180,#3181);
#3179 = CARTESIAN_POINT('',(-34.68381740069,66.343427329164,
    22.592846331196));
#3180 = DIRECTION('',(0.768592593328,-0.480269955675,-0.422618261741));
#3181 = DIRECTION('',(0.529919264233,0.848048096156,-1.497208212511E-17)
  );
#3182 = DEFINITIONAL_REPRESENTATION('',(#3183),#3189);
#3183 = B_SPLINE_CURVE_WITH_KNOTS('',4,(#3184,#3185,#3186,#3187,#3188),
  .UNSPECIFIED.,.F.,.F.,(5,5),(0.,1.),.PIECEWISE_BEZIER_KNOTS.);
#3184 = CARTESIAN_POINT('',(-2.923523976755,6.618451894276));
#3185 = CARTESIAN_POINT('',(-3.683452765518,6.424590446691));
#3186 = CARTESIAN_POINT('',(-4.449561374648,6.229152497544));
#3187 = CARTESIAN_POINT('',(-5.221773361859,6.032157547627));
#3188 = CARTESIAN_POINT('',(-6.,5.833628231657));
#3189 = ( GEOMETRIC_REPRESENTATION_CONTEXT(2) 
PARAMETRIC_REPRESENTATION_CONTEXT() REPRESENTATION_CONTEXT('2D SPACE',''
  ) );
#3190 = ORIENTED_EDGE('',*,*,#3191,.T.);
#3191 = EDGE_CURVE('',#3158,#3192,#3194,.T.);
#3192 = VERTEX_POINT('',#3193);
#3193 = CARTESIAN_POINT('',(-34.71700153471,67.277572397884,
    29.989244907898));
#3194 = SURFACE_CURVE('',#3195,(#3198,#3205),.PCURVE_S1.);
#3195 = B_SPLINE_CURVE_WITH_KNOTS('',1,(#3196,#3197),.UNSPECIFIED.,.F.,
  .F.,(2,2),(0.,1.),.PIECEWISE_BEZIER_KNOTS.);
#3196 = CARTESIAN_POINT('',(-28.04265363993,29.105880849891,
    19.08862902787));
#3197 = CARTESIAN_POINT('',(-35.21429608558,70.121681590801,
    30.801431650889));
#3198 = PCURVE('',#276,#3199);
#3199 = DEFINITIONAL_REPRESENTATION('',(#3200),#3204);
#3200 = LINE('',#3201,#3202);
#3201 = CARTESIAN_POINT('',(18.,0.));
#3202 = VECTOR('',#3203,1.);
#3203 = DIRECTION('',(0.,1.));
#3204 = ( GEOMETRIC_REPRESENTATION_CONTEXT(2) 
PARAMETRIC_REPRESENTATION_CONTEXT() REPRESENTATION_CONTEXT('2D SPACE',''
  ) );
#3205 = PCURVE('',#3206,#3211);
#3206 = B_SPLINE_SURFACE_WITH_KNOTS('',1,1,(
    (#3207,#3208)
    ,(#3209,#3210
    )),.UNSPECIFIED.,.F.,.F.,.F.,(2,2),(2,2),(0.,16.),(0.,1.),
  .PIECEWISE_BEZIER_KNOTS.);
#3207 = CARTESIAN_POINT('',(-28.04265363993,29.105880849891,
    19.08862902787));
#3208 = CARTESIAN_POINT('',(-35.21429608558,70.121681590801,
    30.801431650889));
#3209 = CARTESIAN_POINT('',(-28.04265363993,34.570500664849,
    4.050745856427));
#3210 = CARTESIAN_POINT('',(-35.21429608558,73.537068975149,
    21.402754668738));
#3211 = DEFINITIONAL_REPRESENTATION('',(#3212),#3216);
#3212 = LINE('',#3213,#3214);
#3213 = CARTESIAN_POINT('',(0.,0.));
#3214 = VECTOR('',#3215,1.);
#3215 = DIRECTION('',(0.,1.));
#3216 = ( GEOMETRIC_REPRESENTATION_CONTEXT(2) 
PARAMETRIC_REPRESENTATION_CONTEXT() REPRESENTATION_CONTEXT('2D SPACE',''
  ) );
#3217 = ORIENTED_EDGE('',*,*,#3218,.T.);
#3218 = EDGE_CURVE('',#3192,#3219,#3221,.T.);
#3219 = VERTEX_POINT('',#3220);
#3220 = CARTESIAN_POINT('',(-42.5755588079,57.274397373856,
    27.065082369522));
#3221 = SURFACE_CURVE('',#3222,(#3237,#3255),.PCURVE_S1.);
#3222 = B_SPLINE_CURVE_WITH_KNOTS('',4,(#3223,#3224,#3225,#3226,#3227,
    #3228,#3229,#3230,#3231,#3232,#3233,#3234,#3235,#3236),
  .UNSPECIFIED.,.F.,.F.,(5,3,3,3,5),(0.,0.235182409916,0.479264441948,
    0.733650566681,1.),.UNSPECIFIED.);
#3223 = CARTESIAN_POINT('',(-34.71700153471,67.277572397884,
    29.989244907898));
#3224 = CARTESIAN_POINT('',(-35.3700776427,66.446270368121,
    29.74623583851));
#3225 = CARTESIAN_POINT('',(-36.03135937265,65.604523383917,
    29.500173464105));
#3226 = CARTESIAN_POINT('',(-36.70073096882,64.752478791019,
    29.251100857299));
#3227 = CARTESIAN_POINT('',(-38.08097865663,62.995558440669,
    28.7375118559));
#3228 = CARTESIAN_POINT('',(-38.79246709021,62.089903231798,
    28.472767609388));
#3229 = CARTESIAN_POINT('',(-39.51233402794,61.17358300637,
    28.204905728544));
#3230 = CARTESIAN_POINT('',(-40.99914357698,59.281019825948,
    27.651665148387));
#3231 = CARTESIAN_POINT('',(-41.76679099649,58.303879719031,
    27.366024190539));
#3232 = CARTESIAN_POINT('',(-42.54307815924,57.315742063742,
    27.077168391513));
#3233 = CARTESIAN_POINT('',(-44.14929294168,55.271187696273,
    26.479497224642));
#3234 = CARTESIAN_POINT('',(-44.98002682986,54.21374468314,
    26.170381844971));
#3235 = CARTESIAN_POINT('',(-45.81962672768,53.145016106619,
    25.857967430582));
#3236 = CARTESIAN_POINT('',(-46.66775441043,52.065432493705,
    25.54237983461));
#3237 = PCURVE('',#276,#3238);
#3238 = DEFINITIONAL_REPRESENTATION('',(#3239),#3254);
#3239 = B_SPLINE_CURVE_WITH_KNOTS('',4,(#3240,#3241,#3242,#3243,#3244,
    #3245,#3246,#3247,#3248,#3249,#3250,#3251,#3252,#3253),
  .UNSPECIFIED.,.F.,.F.,(5,3,3,3,5),(0.,0.235182409916,0.479264441948,
    0.733650566681,1.),.UNSPECIFIED.);
#3240 = CARTESIAN_POINT('',(18.,0.930658206312));
#3241 = CARTESIAN_POINT('',(16.855354417461,0.912149715708));
#3242 = CARTESIAN_POINT('',(15.723627826461,0.893408673835));
#3243 = CARTESIAN_POINT('',(14.605101788037,0.874438361269));
#3244 = CARTESIAN_POINT('',(12.353080026958,0.835321478797));
#3245 = CARTESIAN_POINT('',(11.220619132835,0.815157554827));
#3246 = CARTESIAN_POINT('',(10.102867556044,0.794756180025));
#3247 = CARTESIAN_POINT('',(7.850574936789,0.752619283218));
#3248 = CARTESIAN_POINT('',(6.717316826848,0.730863786611));
#3249 = CARTESIAN_POINT('',(5.600423911196,0.708863435531));
#3250 = CARTESIAN_POINT('',(3.347826542074,0.663342537054));
#3251 = CARTESIAN_POINT('',(2.213707452293,0.639799139622));
#3252 = CARTESIAN_POINT('',(1.097762715964,0.616004475217));
#3253 = CARTESIAN_POINT('',(0.,0.591968129291));
#3254 = ( GEOMETRIC_REPRESENTATION_CONTEXT(2) 
PARAMETRIC_REPRESENTATION_CONTEXT() REPRESENTATION_CONTEXT('2D SPACE',''
  ) );
#3255 = PCURVE('',#3256,#3261);
#3256 = PLANE('',#3257);
#3257 = AXIS2_PLACEMENT_3D('',#3258,#3259,#3260);
#3258 = CARTESIAN_POINT('',(-32.53552592931,53.209241796106,
    49.944044004007));
#3259 = DIRECTION('',(0.768592593328,-0.480269955675,-0.422618261741));
#3260 = DIRECTION('',(0.529919264233,0.848048096156,2.567128376493E-17)
  );
#3261 = DEFINITIONAL_REPRESENTATION('',(#3262),#3277);
#3262 = B_SPLINE_CURVE_WITH_KNOTS('',4,(#3263,#3264,#3265,#3266,#3267,
    #3268,#3269,#3270,#3271,#3272,#3273,#3274,#3275,#3276),
  .UNSPECIFIED.,.F.,.F.,(5,3,3,3,5),(0.,0.235182409916,0.479264441948,
    0.733650566681,1.),.UNSPECIFIED.);
#3263 = CARTESIAN_POINT('',(10.774615035177,-22.01768469998));
#3264 = CARTESIAN_POINT('',(9.723553320873,-22.28581554124));
#3265 = CARTESIAN_POINT('',(8.659285465685,-22.55731533185));
#3266 = CARTESIAN_POINT('',(7.581997767097,-22.83213654642));
#3267 = CARTESIAN_POINT('',(5.360624969701,-23.39881930999));
#3268 = CARTESIAN_POINT('',(4.215554366812,-23.69093226576));
#3269 = CARTESIAN_POINT('',(3.056999386181,-23.98648515041));
#3270 = CARTESIAN_POINT('',(0.664125761884,-24.59691859043));
#3271 = CARTESIAN_POINT('',(-0.571327201203,-24.91208851607));
#3272 = CARTESIAN_POINT('',(-1.82068498063,-25.23080562648));
#3273 = CARTESIAN_POINT('',(-4.40572957516,-25.89026279481));
#3274 = CARTESIAN_POINT('',(-5.742714000039,-26.23133387915));
#3275 = CARTESIAN_POINT('',(-7.09396739477,-26.57604504555));
#3276 = CARTESIAN_POINT('',(-8.458945419963,-26.92425743045));
#3277 = ( GEOMETRIC_REPRESENTATION_CONTEXT(2) 
PARAMETRIC_REPRESENTATION_CONTEXT() REPRESENTATION_CONTEXT('2D SPACE',''
  ) );
#3278 = ORIENTED_EDGE('',*,*,#3279,.T.);
#3279 = EDGE_CURVE('',#3219,#3280,#3282,.T.);
#3280 = VERTEX_POINT('',#3281);
#3281 = CARTESIAN_POINT('',(-46.25211379745,60.076097949186,
    27.842745061104));
#3282 = SURFACE_CURVE('',#3283,(#3292,#3304),.PCURVE_S1.);
#3283 = B_SPLINE_CURVE_WITH_KNOTS('',4,(#3284,#3285,#3286,#3287,#3288,
    #3289,#3290,#3291),.UNSPECIFIED.,.F.,.F.,(5,3,5),(0.,
    2.790920592323E-02,1.),.UNSPECIFIED.);
#3284 = CARTESIAN_POINT('',(-42.5755588079,57.274397373856,
    27.065082369522));
#3285 = CARTESIAN_POINT('',(-42.60163733686,57.294270388077,
    27.070598484222));
#3286 = CARTESIAN_POINT('',(-42.6277082934,57.314137631774,
    27.076112997208));
#3287 = CARTESIAN_POINT('',(-42.65377100507,57.333998592506,
    27.081625766245));
#3288 = CARTESIAN_POINT('',(-43.58733443613,58.045415995304,
    27.279092539522));
#3289 = CARTESIAN_POINT('',(-44.48532894505,58.729728276615,
    27.469035795862));
#3290 = CARTESIAN_POINT('',(-45.37363499161,59.406657513037,
    27.656929754496));
#3291 = CARTESIAN_POINT('',(-46.25211379745,60.076097949186,
    27.842745061104));
#3292 = PCURVE('',#276,#3293);
#3293 = DEFINITIONAL_REPRESENTATION('',(#3294),#3303);
#3294 = B_SPLINE_CURVE_WITH_KNOTS('',4,(#3295,#3296,#3297,#3298,#3299,
    #3300,#3301,#3302),.UNSPECIFIED.,.F.,.F.,(5,3,5),(0.,
    2.790920592323E-02,1.),.UNSPECIFIED.);
#3295 = CARTESIAN_POINT('',(5.564682629297,0.707942918346));
#3296 = CARTESIAN_POINT('',(5.532527280515,0.708477247072));
#3297 = CARTESIAN_POINT('',(5.500361947941,0.709011420646));
#3298 = CARTESIAN_POINT('',(5.468185751052,0.709545425289));
#3299 = CARTESIAN_POINT('',(4.314934519772,0.728673412148));
#3300 = CARTESIAN_POINT('',(3.181347582991,0.747072619524));
#3301 = CARTESIAN_POINT('',(2.035416750489,0.765273317859));
#3302 = CARTESIAN_POINT('',(0.877365643002,0.783272663694));
#3303 = ( GEOMETRIC_REPRESENTATION_CONTEXT(2) 
PARAMETRIC_REPRESENTATION_CONTEXT() REPRESENTATION_CONTEXT('2D SPACE',''
  ) );
#3304 = PCURVE('',#3305,#3310);
#3305 = PLANE('',#3306);
#3306 = AXIS2_PLACEMENT_3D('',#3307,#3308,#3309);
#3307 = CARTESIAN_POINT('',(-47.10061035385,62.570265490573,
    23.465220304742));
#3308 = DIRECTION('',(-0.617806615345,-0.72871498372,-0.295447894794));
#3309 = DIRECTION('',(0.166073512387,-0.488175421522,0.856798894902));
#3310 = DEFINITIONAL_REPRESENTATION('',(#3311),#3320);
#3311 = B_SPLINE_CURVE_WITH_KNOTS('',4,(#3312,#3313,#3314,#3315,#3316,
    #3317,#3318,#3319),.UNSPECIFIED.,.F.,.F.,(5,3,5),(0.,
    2.790920592323E-02,1.),.UNSPECIFIED.);
#3312 = CARTESIAN_POINT('',(6.421161693075,-4.5));
#3313 = CARTESIAN_POINT('',(6.411855424058,-4.468080613332));
#3314 = CARTESIAN_POINT('',(6.4025518573,-4.43617049509));
#3315 = CARTESIAN_POINT('',(6.393251232772,-4.404270468342));
#3316 = CARTESIAN_POINT('',(6.060103897374,-3.261615060843));
#3317 = CARTESIAN_POINT('',(5.739649530918,-2.162495014605));
#3318 = CARTESIAN_POINT('',(5.422652546476,-1.075233374044));
#3319 = CARTESIAN_POINT('',(5.10916246789,0.));
#3320 = ( GEOMETRIC_REPRESENTATION_CONTEXT(2) 
PARAMETRIC_REPRESENTATION_CONTEXT() REPRESENTATION_CONTEXT('2D SPACE',''
  ) );
#3321 = ORIENTED_EDGE('',*,*,#3322,.F.);
#3322 = EDGE_CURVE('',#3323,#3280,#3325,.T.);
#3323 = VERTEX_POINT('',#3324);
#3324 = CARTESIAN_POINT('',(-43.83567055485,63.151993924883,
    28.741901555165));
#3325 = SURFACE_CURVE('',#3326,(#3337,#3351),.PCURVE_S1.);
#3326 = B_SPLINE_CURVE_WITH_KNOTS('',5,(#3327,#3328,#3329,#3330,#3331,
    #3332,#3333,#3334,#3335,#3336),.UNSPECIFIED.,.F.,.F.,(6,4,6),(0.,
    0.485209746342,1.),.UNSPECIFIED.);
#3327 = CARTESIAN_POINT('',(-38.6048426982,69.810326332678,
    30.688288192224));
#3328 = CARTESIAN_POINT('',(-39.36497525881,68.842751906367,
    30.40544350704));
#3329 = CARTESIAN_POINT('',(-40.1358230556,67.861538032103,
    30.118611691505));
#3330 = CARTESIAN_POINT('',(-40.91722842935,66.866885394649,
    29.827851410478));
#3331 = CARTESIAN_POINT('',(-41.70899867961,65.859039282854,
    29.533234367642));
#3332 = CARTESIAN_POINT('',(-43.36170122955,63.755310532775,
    28.91826514166));
#3333 = CARTESIAN_POINT('',(-44.22390846141,62.657805030503,
    28.597438557331));
#3334 = CARTESIAN_POINT('',(-45.09725592178,61.546119106584,
    28.272466703359));
#3335 = CARTESIAN_POINT('',(-45.9814364398,60.420643759508,
    27.943463877768));
#3336 = CARTESIAN_POINT('',(-46.87611213465,59.281809078508,
    27.610555805722));
#3337 = PCURVE('',#276,#3338);
#3338 = DEFINITIONAL_REPRESENTATION('',(#3339),#3350);
#3339 = B_SPLINE_CURVE_WITH_KNOTS('',5,(#3340,#3341,#3342,#3343,#3344,
    #3345,#3346,#3347,#3348,#3349),.UNSPECIFIED.,.F.,.F.,(6,4,6),(0.,
    0.485209746342,1.),.UNSPECIFIED.);
#3340 = CARTESIAN_POINT('',(12.889962112606,1.));
#3341 = CARTESIAN_POINT('',(11.566528930502,0.978457478104));
#3342 = CARTESIAN_POINT('',(10.260077551268,0.956611281268));
#3343 = CARTESIAN_POINT('',(8.970972611924,0.934465877629));
#3344 = CARTESIAN_POINT('',(7.699519109144,0.912026728411));
#3345 = CARTESIAN_POINT('',(5.11598339221,0.865188344273));
#3346 = CARTESIAN_POINT('',(3.806147916902,0.840752977162));
#3347 = CARTESIAN_POINT('',(2.516749473466,0.816001890625));
#3348 = CARTESIAN_POINT('',(1.247992287039,0.790943790029));
#3349 = CARTESIAN_POINT('',(0.,0.765588251081));
#3350 = ( GEOMETRIC_REPRESENTATION_CONTEXT(2) 
PARAMETRIC_REPRESENTATION_CONTEXT() REPRESENTATION_CONTEXT('2D SPACE',''
  ) );
#3351 = PCURVE('',#3352,#3357);
#3352 = PLANE('',#3353);
#3353 = AXIS2_PLACEMENT_3D('',#3354,#3355,#3356);
#3354 = CARTESIAN_POINT('',(-35.99419259928,55.370456596645,
    51.84582618184));
#3355 = DIRECTION('',(0.768592593328,-0.480269955675,-0.422618261741));
#3356 = DIRECTION('',(0.529919264233,0.848048096156,2.567128376493E-17)
  );
#3357 = DEFINITIONAL_REPRESENTATION('',(#3358),#3369);
#3358 = B_SPLINE_CURVE_WITH_KNOTS('',5,(#3359,#3360,#3361,#3362,#3363,
    #3364,#3365,#3366,#3367,#3368),.UNSPECIFIED.,.F.,.F.,(6,4,6),(0.,
    0.485209746342,1.),.UNSPECIFIED.);
#3359 = CARTESIAN_POINT('',(10.862270258798,-23.34476023735));
#3360 = CARTESIAN_POINT('',(9.638911721437,-23.65684481748));
#3361 = CARTESIAN_POINT('',(8.398308066136,-23.97332870919));
#3362 = CARTESIAN_POINT('',(7.14071302988,-24.29414718299));
#3363 = CARTESIAN_POINT('',(5.866436745098,-24.61922112261));
#3364 = CARTESIAN_POINT('',(3.206574664501,-25.2977645874));
#3365 = CARTESIAN_POINT('',(1.818936990856,-25.65175755636));
#3366 = CARTESIAN_POINT('',(0.413370215931,-26.01032432432));
#3367 = CARTESIAN_POINT('',(-1.009631298984,-26.37333877735));
#3368 = CARTESIAN_POINT('',(-2.449523767986,-26.74066219309));
#3369 = ( GEOMETRIC_REPRESENTATION_CONTEXT(2) 
PARAMETRIC_REPRESENTATION_CONTEXT() REPRESENTATION_CONTEXT('2D SPACE',''
  ) );
#3370 = ORIENTED_EDGE('',*,*,#3371,.T.);
#3371 = EDGE_CURVE('',#3323,#3105,#3372,.T.);
#3372 = SURFACE_CURVE('',#3373,(#3382,#3394),.PCURVE_S1.);
#3373 = B_SPLINE_CURVE_WITH_KNOTS('',4,(#3374,#3375,#3376,#3377,#3378,
    #3379,#3380,#3381),.UNSPECIFIED.,.F.,.F.,(5,3,5),(0.,
    2.512574325896E-02,1.),.UNSPECIFIED.);
#3374 = CARTESIAN_POINT('',(-43.83567055485,63.151993924883,
    28.741901555165));
#3375 = CARTESIAN_POINT('',(-43.85625334153,63.167678935835,
    28.746255213775));
#3376 = CARTESIAN_POINT('',(-43.87683066059,63.183359780217,
    28.750607715879));
#3377 = CARTESIAN_POINT('',(-43.89740217055,63.199036197805,
    28.754958989246));
#3378 = CARTESIAN_POINT('',(-44.71592439341,63.822787015954,
    28.928092315623));
#3379 = CARTESIAN_POINT('',(-45.50544385528,64.424436423301,
    29.095090995506));
#3380 = CARTESIAN_POINT('',(-46.28641894725,65.019574635764,
    29.260282375428));
#3381 = CARTESIAN_POINT('',(-47.05877172397,65.608142255463,
    29.423649968433));
#3382 = PCURVE('',#276,#3383);
#3383 = DEFINITIONAL_REPRESENTATION('',(#3384),#3393);
#3384 = B_SPLINE_CURVE_WITH_KNOTS('',4,(#3385,#3386,#3387,#3388,#3389,
    #3390,#3391,#3392),.UNSPECIFIED.,.F.,.F.,(5,3,5),(0.,
    2.512574325896E-02,1.),.UNSPECIFIED.);
#3385 = CARTESIAN_POINT('',(4.411258150929,0.851755825924));
#3386 = CARTESIAN_POINT('',(4.383953750864,0.852177551176));
#3387 = CARTESIAN_POINT('',(4.356642650079,0.8525991644));
#3388 = CARTESIAN_POINT('',(4.329324433992,0.853020658601));
#3389 = CARTESIAN_POINT('',(3.241795084423,0.869791540795));
#3390 = CARTESIAN_POINT('',(2.171266427405,0.885968179028));
#3391 = CARTESIAN_POINT('',(1.090597126886,0.901969749784));
#3392 = CARTESIAN_POINT('',(0.,0.917794656022));
#3393 = ( GEOMETRIC_REPRESENTATION_CONTEXT(2) 
PARAMETRIC_REPRESENTATION_CONTEXT() REPRESENTATION_CONTEXT('2D SPACE',''
  ) );
#3394 = PCURVE('',#3395,#3400);
#3395 = PLANE('',#3396);
#3396 = AXIS2_PLACEMENT_3D('',#3397,#3398,#3399);
#3397 = CARTESIAN_POINT('',(-44.74330813297,66.70951671218,
    21.865306068341));
#3398 = DIRECTION('',(0.617806615345,0.72871498372,0.295447894794));
#3399 = DIRECTION('',(0.166073512387,-0.488175421522,0.856798894902));
#3400 = DEFINITIONAL_REPRESENTATION('',(#3401),#3410);
#3401 = B_SPLINE_CURVE_WITH_KNOTS('',4,(#3402,#3403,#3404,#3405,#3406,
    #3407,#3408,#3409),.UNSPECIFIED.,.F.,.F.,(5,3,5),(0.,
    2.512574325896E-02,1.),.UNSPECIFIED.);
#3402 = CARTESIAN_POINT('',(7.779289160634,-0.5));
#3403 = CARTESIAN_POINT('',(7.771944078009,-0.525192752539));
#3404 = CARTESIAN_POINT('',(7.764600946533,-0.550378812871));
#3405 = CARTESIAN_POINT('',(7.757259888067,-0.57555776303));
#3406 = CARTESIAN_POINT('',(7.465165651686,-1.57740596422));
#3407 = CARTESIAN_POINT('',(7.183421212889,-2.543755600902));
#3408 = CARTESIAN_POINT('',(6.90472588031,-3.499647168926));
#3409 = CARTESIAN_POINT('',(6.629107469187,-4.444985265354));
#3410 = ( GEOMETRIC_REPRESENTATION_CONTEXT(2) 
PARAMETRIC_REPRESENTATION_CONTEXT() REPRESENTATION_CONTEXT('2D SPACE',''
  ) );
#3411 = ADVANCED_FACE('',(#3412,#3552),#229,.T.);
#3412 = FACE_BOUND('',#3413,.T.);
#3413 = EDGE_LOOP('',(#3414,#3438,#3468,#3469,#3470,#3499));
#3414 = ORIENTED_EDGE('',*,*,#3415,.F.);
#3415 = EDGE_CURVE('',#3416,#3418,#3420,.T.);
#3416 = VERTEX_POINT('',#3417);
#3417 = CARTESIAN_POINT('',(-46.33663037706,45.414060802002,9.));
#3418 = VERTEX_POINT('',#3419);
#3419 = CARTESIAN_POINT('',(-47.11841937792,71.156004027604,
    20.433753888332));
#3420 = SURFACE_CURVE('',#3421,(#3424,#3431),.PCURVE_S1.);
#3421 = B_SPLINE_CURVE_WITH_KNOTS('',1,(#3422,#3423),.UNSPECIFIED.,.F.,
  .F.,(2,2),(0.,1.),.PIECEWISE_BEZIER_KNOTS.);
#3422 = CARTESIAN_POINT('',(-45.95734636006,32.925387232312,
    3.452927708832));
#3423 = CARTESIAN_POINT('',(-47.15742456566,72.440326686791,
    21.004209237008));
#3424 = PCURVE('',#229,#3425);
#3425 = DEFINITIONAL_REPRESENTATION('',(#3426),#3430);
#3426 = LINE('',#3427,#3428);
#3427 = CARTESIAN_POINT('',(0.,0.));
#3428 = VECTOR('',#3429,1.);
#3429 = DIRECTION('',(0.,1.));
#3430 = ( GEOMETRIC_REPRESENTATION_CONTEXT(2) 
PARAMETRIC_REPRESENTATION_CONTEXT() REPRESENTATION_CONTEXT('2D SPACE',''
  ) );
#3431 = PCURVE('',#2942,#3432);
#3432 = DEFINITIONAL_REPRESENTATION('',(#3433),#3437);
#3433 = LINE('',#3434,#3435);
#3434 = CARTESIAN_POINT('',(18.,0.));
#3435 = VECTOR('',#3436,1.);
#3436 = DIRECTION('',(0.,1.));
#3437 = ( GEOMETRIC_REPRESENTATION_CONTEXT(2) 
PARAMETRIC_REPRESENTATION_CONTEXT() REPRESENTATION_CONTEXT('2D SPACE',''
  ) );
#3438 = ORIENTED_EDGE('',*,*,#3439,.F.);
#3439 = EDGE_CURVE('',#158,#3416,#3440,.T.);
#3440 = SURFACE_CURVE('',#3441,(#3448,#3458),.PCURVE_S1.);
#3441 = B_SPLINE_CURVE_WITH_KNOTS('',5,(#3442,#3443,#3444,#3445,#3446,
    #3447),.UNSPECIFIED.,.F.,.F.,(6,6),(0.,1.),
  .PIECEWISE_BEZIER_KNOTS.);
#3442 = CARTESIAN_POINT('',(-46.0335313036,33.823069050576,9.));
#3443 = CARTESIAN_POINT('',(-46.09500952792,36.174094353513,9.));
#3444 = CARTESIAN_POINT('',(-46.15611256448,38.51077187842,9.));
#3445 = CARTESIAN_POINT('',(-46.21679188392,40.83124578496,9.));
#3446 = CARTESIAN_POINT('',(-46.27698762485,43.133226878677,9.));
#3447 = CARTESIAN_POINT('',(-46.33663037706,45.414060802002,9.));
#3448 = PCURVE('',#229,#3449);
#3449 = DEFINITIONAL_REPRESENTATION('',(#3450),#3457);
#3450 = B_SPLINE_CURVE_WITH_KNOTS('',5,(#3451,#3452,#3453,#3454,#3455,
    #3456),.UNSPECIFIED.,.F.,.F.,(6,6),(0.,1.),
  .PIECEWISE_BEZIER_KNOTS.);
#3451 = CARTESIAN_POINT('',(4.831490645589,6.348331565913E-02));
#3452 = CARTESIAN_POINT('',(3.946588984454,0.114711830629));
#3453 = CARTESIAN_POINT('',(3.023551750779,0.165627709508));
#3454 = CARTESIAN_POINT('',(2.059860133736,0.216190513793));
#3455 = CARTESIAN_POINT('',(1.052875570693,0.266350362253));
#3456 = CARTESIAN_POINT('',(0.,0.316049416805));
#3457 = ( GEOMETRIC_REPRESENTATION_CONTEXT(2) 
PARAMETRIC_REPRESENTATION_CONTEXT() REPRESENTATION_CONTEXT('2D SPACE',''
  ) );
#3458 = PCURVE('',#172,#3459);
#3459 = DEFINITIONAL_REPRESENTATION('',(#3460),#3467);
#3460 = B_SPLINE_CURVE_WITH_KNOTS('',5,(#3461,#3462,#3463,#3464,#3465,
    #3466),.UNSPECIFIED.,.F.,.F.,(6,6),(0.,1.),
  .PIECEWISE_BEZIER_KNOTS.);
#3461 = CARTESIAN_POINT('',(0.966468696395,2.323069050576));
#3462 = CARTESIAN_POINT('',(0.904990472074,4.674094353513));
#3463 = CARTESIAN_POINT('',(0.843887435512,7.01077187842));
#3464 = CARTESIAN_POINT('',(0.783208116076,9.33124578496));
#3465 = CARTESIAN_POINT('',(0.723012375143,11.633226878677));
#3466 = CARTESIAN_POINT('',(0.663369622935,13.914060802002));
#3467 = ( GEOMETRIC_REPRESENTATION_CONTEXT(2) 
PARAMETRIC_REPRESENTATION_CONTEXT() REPRESENTATION_CONTEXT('2D SPACE',''
  ) );
#3468 = ORIENTED_EDGE('',*,*,#183,.F.);
#3469 = ORIENTED_EDGE('',*,*,#3104,.T.);
#3470 = ORIENTED_EDGE('',*,*,#3471,.T.);
#3471 = EDGE_CURVE('',#3105,#3472,#3474,.T.);
#3472 = VERTEX_POINT('',#3473);
#3473 = CARTESIAN_POINT('',(-47.0658345669,68.160792299746,
    23.142370267082));
#3474 = SURFACE_CURVE('',#3475,(#3481,#3490),.PCURVE_S1.);
#3475 = B_SPLINE_CURVE_WITH_KNOTS('',4,(#3476,#3477,#3478,#3479,#3480),
  .UNSPECIFIED.,.F.,.F.,(5,5),(0.,1.),.PIECEWISE_BEZIER_KNOTS.);
#3476 = CARTESIAN_POINT('',(-47.05877172397,65.608142255463,
    29.423649968433));
#3477 = CARTESIAN_POINT('',(-47.06054159816,66.247809520884,
    27.849627309546));
#3478 = CARTESIAN_POINT('',(-47.06230869488,66.886472956136,
    26.278074765231));
#3479 = CARTESIAN_POINT('',(-47.06407301684,67.524133537671,
    24.708989932737));
#3480 = CARTESIAN_POINT('',(-47.0658345669,68.160792299746,
    23.142370267082));
#3481 = PCURVE('',#229,#3482);
#3482 = DEFINITIONAL_REPRESENTATION('',(#3483),#3489);
#3483 = B_SPLINE_CURVE_WITH_KNOTS('',4,(#3484,#3485,#3486,#3487,#3488),
  .UNSPECIFIED.,.F.,.F.,(5,5),(0.,1.),.PIECEWISE_BEZIER_KNOTS.);
#3484 = CARTESIAN_POINT('',(16.,0.917794656022));
#3485 = CARTESIAN_POINT('',(13.41788642925,0.919269455064));
#3486 = CARTESIAN_POINT('',(10.83401842654,0.920741939703));
#3487 = CARTESIAN_POINT('',(8.248403617038,0.92221211219));
#3488 = CARTESIAN_POINT('',(5.661049654546,0.923679974911));
#3489 = ( GEOMETRIC_REPRESENTATION_CONTEXT(2) 
PARAMETRIC_REPRESENTATION_CONTEXT() REPRESENTATION_CONTEXT('2D SPACE',''
  ) );
#3490 = PCURVE('',#3395,#3491);
#3491 = DEFINITIONAL_REPRESENTATION('',(#3492),#3498);
#3492 = B_SPLINE_CURVE_WITH_KNOTS('',4,(#3493,#3494,#3495,#3496,#3497),
  .UNSPECIFIED.,.F.,.F.,(5,5),(0.,1.),.PIECEWISE_BEZIER_KNOTS.);
#3493 = CARTESIAN_POINT('',(6.629107469187,-4.444985265354));
#3494 = CARTESIAN_POINT('',(4.967922828348,-4.088347826717));
#3495 = CARTESIAN_POINT('',(3.309345085424,-3.732270059397));
#3496 = CARTESIAN_POINT('',(1.653371704613,-3.376751418986));
#3497 = CARTESIAN_POINT('',(0.,-3.021791328848));
#3498 = ( GEOMETRIC_REPRESENTATION_CONTEXT(2) 
PARAMETRIC_REPRESENTATION_CONTEXT() REPRESENTATION_CONTEXT('2D SPACE',''
  ) );
#3499 = ORIENTED_EDGE('',*,*,#3500,.T.);
#3500 = EDGE_CURVE('',#3472,#3418,#3501,.T.);
#3501 = SURFACE_CURVE('',#3502,(#3515,#3531),.PCURVE_S1.);
#3502 = B_SPLINE_CURVE_WITH_KNOTS('',6,(#3503,#3504,#3505,#3506,#3507,
    #3508,#3509,#3510,#3511,#3512,#3513,#3514),.UNSPECIFIED.,.F.,.F.,(7,
    5,7),(0.,0.568973909726,1.),.UNSPECIFIED.);
#3503 = CARTESIAN_POINT('',(-47.0658345669,68.160792299746,
    23.142370267082));
#3504 = CARTESIAN_POINT('',(-47.06621549774,68.298468178544,
    22.803592648584));
#3505 = CARTESIAN_POINT('',(-47.06752214901,68.467496578516,
    22.475955957842));
#3506 = CARTESIAN_POINT('',(-47.06980990196,68.669092084042,
    22.161945903769));
#3507 = CARTESIAN_POINT('',(-47.07313834816,68.904395351279,
    21.864694712425));
#3508 = CARTESIAN_POINT('',(-47.07756155762,69.174157786846,
    21.587824707108));
#3509 = CARTESIAN_POINT('',(-47.08733562184,69.709228615024,
    21.143962934529));
#3510 = CARTESIAN_POINT('',(-47.09220085649,69.959721050922,
    20.966638115075));
#3511 = CARTESIAN_POINT('',(-47.09773611542,70.230119403351,
    20.805045363412));
#3512 = CARTESIAN_POINT('',(-47.10395279131,70.520166449539,
    20.661091438652));
#3513 = CARTESIAN_POINT('',(-47.11085202979,70.829197835333,
    20.536725111316));
#3514 = CARTESIAN_POINT('',(-47.11841937792,71.156004027604,
    20.433753888332));
#3515 = PCURVE('',#229,#3516);
#3516 = DEFINITIONAL_REPRESENTATION('',(#3517),#3530);
#3517 = B_SPLINE_CURVE_WITH_KNOTS('',6,(#3518,#3519,#3520,#3521,#3522,
    #3523,#3524,#3525,#3526,#3527,#3528,#3529),.UNSPECIFIED.,.F.,.F.,(7,
    5,7),(0.,0.568973909726,1.),.UNSPECIFIED.);
#3518 = CARTESIAN_POINT('',(5.661049667078,0.923679974911));
#3519 = CARTESIAN_POINT('',(5.10154078765,0.923997396584));
#3520 = CARTESIAN_POINT('',(4.5403894611,0.925086201689));
#3521 = CARTESIAN_POINT('',(3.97935785625,0.926992538245));
#3522 = CARTESIAN_POINT('',(3.4210445434,0.929766062656));
#3523 = CARTESIAN_POINT('',(2.868858492726,0.93345183033));
#3524 = CARTESIAN_POINT('',(1.916639979405,0.941596353054));
#3525 = CARTESIAN_POINT('',(1.512245072694,0.945650451055));
#3526 = CARTESIAN_POINT('',(1.115814065773,0.95026286623));
#3527 = CARTESIAN_POINT('',(0.729721383259,0.955443091873));
#3528 = CARTESIAN_POINT('',(0.356744511545,0.961192082599));
#3529 = CARTESIAN_POINT('',(0.,0.967497795089));
#3530 = ( GEOMETRIC_REPRESENTATION_CONTEXT(2) 
PARAMETRIC_REPRESENTATION_CONTEXT() REPRESENTATION_CONTEXT('2D SPACE',''
  ) );
#3531 = PCURVE('',#3532,#3537);
#3532 = CYLINDRICAL_SURFACE('',#3533,6.);
#3533 = AXIS2_PLACEMENT_3D('',#3534,#3535,#3536);
#3534 = CARTESIAN_POINT('',(-41.03646844089,71.081806614497,
    23.637993437103));
#3535 = DIRECTION('',(0.768592593328,-0.480269955675,-0.422618261741));
#3536 = DIRECTION('',(0.617806615345,0.72871498372,0.295447894794));
#3537 = DEFINITIONAL_REPRESENTATION('',(#3538),#3551);
#3538 = B_SPLINE_CURVE_WITH_KNOTS('',6,(#3539,#3540,#3541,#3542,#3543,
    #3544,#3545,#3546,#3547,#3548,#3549,#3550),.UNSPECIFIED.,.F.,.F.,(7,
    5,7),(0.,0.568973909726,1.),.UNSPECIFIED.);
#3539 = CARTESIAN_POINT('',(-3.14159265359,-3.021791328848));
#3540 = CARTESIAN_POINT('',(-3.082003064951,-2.945032089427));
#3541 = CARTESIAN_POINT('',(-3.021427823267,-2.888750385358));
#3542 = CARTESIAN_POINT('',(-2.959740866113,-2.854622616616));
#3543 = CARTESIAN_POINT('',(-2.896850432754,-2.844566143651));
#3544 = CARTESIAN_POINT('',(-2.832680880995,-2.860514262276));
#3545 = CARTESIAN_POINT('',(-2.717512529873,-2.93742088779));
#3546 = CARTESIAN_POINT('',(-2.667100802011,-2.986523555235));
#3547 = CARTESIAN_POINT('',(-2.61589270674,-3.052350071167));
#3548 = CARTESIAN_POINT('',(-2.563884255855,-3.135591486778));
#3549 = CARTESIAN_POINT('',(-2.511086188428,-3.236753199248));
#3550 = CARTESIAN_POINT('',(-2.457534257247,-3.356007083182));
#3551 = ( GEOMETRIC_REPRESENTATION_CONTEXT(2) 
PARAMETRIC_REPRESENTATION_CONTEXT() REPRESENTATION_CONTEXT('2D SPACE',''
  ) );
#3552 = FACE_BOUND('',#3553,.T.);
#3553 = EDGE_LOOP('',(#3554,#3599,#3633));
#3554 = ORIENTED_EDGE('',*,*,#3555,.F.);
#3555 = EDGE_CURVE('',#3556,#3558,#3560,.T.);
#3556 = VERTEX_POINT('',#3557);
#3557 = CARTESIAN_POINT('',(-46.91761785211,62.032356462293,
    24.409306878276));
#3558 = VERTEX_POINT('',#3559);
#3559 = CARTESIAN_POINT('',(-46.98501751443,66.498872792845,
    19.210912298018));
#3560 = SURFACE_CURVE('',#3561,(#3570,#3582),.PCURVE_S1.);
#3561 = B_SPLINE_CURVE_WITH_KNOTS('',4,(#3562,#3563,#3564,#3565,#3566,
    #3567,#3568,#3569),.UNSPECIFIED.,.F.,.F.,(5,3,5),(0.,0.504670669739,
    1.),.UNSPECIFIED.);
#3562 = CARTESIAN_POINT('',(-46.87611213465,59.281809078508,
    27.610555805722));
#3563 = CARTESIAN_POINT('',(-46.89135369967,60.291854184665,
    26.435005865438));
#3564 = CARTESIAN_POINT('',(-46.90642689085,61.290741303839,
    25.272442247102));
#3565 = CARTESIAN_POINT('',(-46.92133162204,62.278464728634,
    24.122871593319));
#3566 = CARTESIAN_POINT('',(-46.95053210562,64.213555087691,
    21.870699544597));
#3567 = CARTESIAN_POINT('',(-46.96483402292,65.161330565524,
    20.767622662607));
#3568 = CARTESIAN_POINT('',(-46.97897433927,66.098396890795,
    19.677009722649));
#3569 = CARTESIAN_POINT('',(-46.99295377637,67.024801889528,
    18.598805061985));
#3570 = PCURVE('',#229,#3571);
#3571 = DEFINITIONAL_REPRESENTATION('',(#3572),#3581);
#3572 = B_SPLINE_CURVE_WITH_KNOTS('',4,(#3573,#3574,#3575,#3576,#3577,
    #3578,#3579,#3580),.UNSPECIFIED.,.F.,.F.,(5,3,5),(0.,0.504670669739,
    1.),.UNSPECIFIED.);
#3573 = CARTESIAN_POINT('',(16.,0.765588251081));
#3574 = CARTESIAN_POINT('',(14.019749202253,0.778288727561));
#3575 = CARTESIAN_POINT('',(12.02609571297,0.790848901643));
#3576 = CARTESIAN_POINT('',(10.019391294266,0.803268701559));
#3577 = CARTESIAN_POINT('',(6.017987147011,0.827600852116));
#3578 = CARTESIAN_POINT('',(4.023752503743,0.839518339851));
#3579 = CARTESIAN_POINT('',(2.017640165236,0.851301168906));
#3580 = CARTESIAN_POINT('',(0.,0.862949940655));
#3581 = ( GEOMETRIC_REPRESENTATION_CONTEXT(2) 
PARAMETRIC_REPRESENTATION_CONTEXT() REPRESENTATION_CONTEXT('2D SPACE',''
  ) );
#3582 = PCURVE('',#3583,#3588);
#3583 = PLANE('',#3584);
#3584 = AXIS2_PLACEMENT_3D('',#3585,#3586,#3587);
#3585 = CARTESIAN_POINT('',(-35.99419259928,55.370456596645,
    51.84582618184));
#3586 = DIRECTION('',(0.768592593328,-0.480269955675,-0.422618261741));
#3587 = DIRECTION('',(0.529919264233,0.848048096156,2.567128376493E-17)
  );
#3588 = DEFINITIONAL_REPRESENTATION('',(#3589),#3598);
#3589 = B_SPLINE_CURVE_WITH_KNOTS('',4,(#3590,#3591,#3592,#3593,#3594,
    #3595,#3596,#3597),.UNSPECIFIED.,.F.,.F.,(5,3,5),(0.,0.504670669739,
    1.),.UNSPECIFIED.);
#3590 = CARTESIAN_POINT('',(-2.449523767986,-26.74066219309));
#3591 = CARTESIAN_POINT('',(-1.601033737601,-28.03773803984));
#3592 = CARTESIAN_POINT('',(-0.761916992286,-29.3204850657));
#3593 = CARTESIAN_POINT('',(6.782167344987E-02,-30.58889594137));
#3594 = CARTESIAN_POINT('',(1.693397469566,-33.07389284963));
#3595 = CARTESIAN_POINT('',(2.489577797635,-34.29100352414));
#3596 = CARTESIAN_POINT('',(3.276761884717,-35.49436176022));
#3597 = CARTESIAN_POINT('',(4.054989907141,-36.68402897492));
#3598 = ( GEOMETRIC_REPRESENTATION_CONTEXT(2) 
PARAMETRIC_REPRESENTATION_CONTEXT() REPRESENTATION_CONTEXT('2D SPACE',''
  ) );
#3599 = ORIENTED_EDGE('',*,*,#3600,.T.);
#3600 = EDGE_CURVE('',#3556,#3601,#3603,.T.);
#3601 = VERTEX_POINT('',#3602);
#3602 = CARTESIAN_POINT('',(-46.91879182323,62.456652663179,
    23.365245582073));
#3603 = SURFACE_CURVE('',#3604,(#3610,#3619),.PCURVE_S1.);
#3604 = B_SPLINE_CURVE_WITH_KNOTS('',4,(#3605,#3606,#3607,#3608,#3609),
  .UNSPECIFIED.,.F.,.F.,(5,5),(0.,1.),.PIECEWISE_BEZIER_KNOTS.);
#3605 = CARTESIAN_POINT('',(-46.91761785211,62.032356462293,
    24.409306878276));
#3606 = CARTESIAN_POINT('',(-46.9179114481,62.1384678128,24.148199769794
    ));
#3607 = CARTESIAN_POINT('',(-46.9182049753,62.244554304251,
    23.88715383174));
#3608 = CARTESIAN_POINT('',(-46.91849843365,62.350615911259,
    23.626169126577));
#3609 = CARTESIAN_POINT('',(-46.91879182323,62.456652663179,
    23.365245582073));
#3610 = PCURVE('',#229,#3611);
#3611 = DEFINITIONAL_REPRESENTATION('',(#3612),#3618);
#3612 = B_SPLINE_CURVE_WITH_KNOTS('',4,(#3613,#3614,#3615,#3616,#3617),
  .UNSPECIFIED.,.F.,.F.,(5,5),(0.,1.),.PIECEWISE_BEZIER_KNOTS.);
#3613 = CARTESIAN_POINT('',(10.507471417699,0.800174094963));
#3614 = CARTESIAN_POINT('',(10.105409302943,0.800418742339));
#3615 = CARTESIAN_POINT('',(9.70330090213,0.800663332401));
#3616 = CARTESIAN_POINT('',(9.301146192062,0.80090786509));
#3617 = CARTESIAN_POINT('',(8.898945251954,0.801152340473));
#3618 = ( GEOMETRIC_REPRESENTATION_CONTEXT(2) 
PARAMETRIC_REPRESENTATION_CONTEXT() REPRESENTATION_CONTEXT('2D SPACE',''
  ) );
#3619 = PCURVE('',#3620,#3625);
#3620 = PLANE('',#3621);
#3621 = AXIS2_PLACEMENT_3D('',#3622,#3623,#3624);
#3622 = CARTESIAN_POINT('',(-47.10061035385,62.570265490573,
    23.465220304742));
#3623 = DIRECTION('',(-0.617806615345,-0.72871498372,-0.295447894794));
#3624 = DIRECTION('',(0.166073512387,-0.488175421522,0.856798894902));
#3625 = DEFINITIONAL_REPRESENTATION('',(#3626),#3632);
#3626 = B_SPLINE_CURVE_WITH_KNOTS('',4,(#3627,#3628,#3629,#3630,#3631),
  .UNSPECIFIED.,.F.,.F.,(5,5),(0.,1.),.PIECEWISE_BEZIER_KNOTS.);
#3627 = CARTESIAN_POINT('',(1.101876507021,1.387778780781E-16));
#3628 = CARTESIAN_POINT('',(0.826310513245,-5.916088301066E-02));
#3629 = CARTESIAN_POINT('',(0.550809077226,-0.118307906205));
#3630 = CARTESIAN_POINT('',(0.275372264888,-0.177441055431));
#3631 = CARTESIAN_POINT('',(-2.586859918948E-16,-0.236560347054));
#3632 = ( GEOMETRIC_REPRESENTATION_CONTEXT(2) 
PARAMETRIC_REPRESENTATION_CONTEXT() REPRESENTATION_CONTEXT('2D SPACE',''
  ) );
#3633 = ORIENTED_EDGE('',*,*,#3634,.T.);
#3634 = EDGE_CURVE('',#3601,#3558,#3635,.T.);
#3635 = SURFACE_CURVE('',#3636,(#3649,#3665),.PCURVE_S1.);
#3636 = B_SPLINE_CURVE_WITH_KNOTS('',6,(#3637,#3638,#3639,#3640,#3641,
    #3642,#3643,#3644,#3645,#3646,#3647,#3648),.UNSPECIFIED.,.F.,.F.,(7,
    5,7),(0.,0.485896492992,1.),.UNSPECIFIED.);
#3637 = CARTESIAN_POINT('',(-46.91879182323,62.456652663179,
    23.365245582073));
#3638 = CARTESIAN_POINT('',(-46.91926382285,62.627242587928,
    22.945476709382));
#3639 = CARTESIAN_POINT('',(-46.92058927674,62.826969117185,
    22.535341688111));
#3640 = CARTESIAN_POINT('',(-46.9228106263,63.056720194378,
    22.136863366175));
#3641 = CARTESIAN_POINT('',(-46.92596942271,63.317238335657,
    21.752371105271));
#3642 = CARTESIAN_POINT('',(-46.93010218234,63.608987064586,
    21.384432174291));
#3643 = CARTESIAN_POINT('',(-46.94066747564,64.273801110868,
    20.66680036466));
#3644 = CARTESIAN_POINT('',(-46.94721964846,64.650607867914,
    20.319401857214));
#3645 = CARTESIAN_POINT('',(-46.95492350764,65.062451636351,
    19.996784727932));
#3646 = CARTESIAN_POINT('',(-46.96379670119,65.508777197058,
    19.702334063964));
#3647 = CARTESIAN_POINT('',(-46.97383751589,65.988309136246,
    19.439379337631));
#3648 = CARTESIAN_POINT('',(-46.98501755709,66.498874740981,
    19.210911426266));
#3649 = PCURVE('',#229,#3650);
#3650 = DEFINITIONAL_REPRESENTATION('',(#3651),#3664);
#3651 = B_SPLINE_CURVE_WITH_KNOTS('',6,(#3652,#3653,#3654,#3655,#3656,
    #3657,#3658,#3659,#3660,#3661,#3662,#3663),.UNSPECIFIED.,.F.,.F.,(7,
    5,7),(0.,0.485896492992,1.),.UNSPECIFIED.);
#3652 = CARTESIAN_POINT('',(8.898945286384,0.80115234249));
#3653 = CARTESIAN_POINT('',(8.251892005976,0.801545649872));
#3654 = CARTESIAN_POINT('',(7.603572081649,0.802650112782));
#3655 = CARTESIAN_POINT('',(6.955175832756,0.80450113313));
#3656 = CARTESIAN_POINT('',(6.308272097345,0.807133280288));
#3657 = CARTESIAN_POINT('',(5.664806447072,0.810577025515));
#3658 = CARTESIAN_POINT('',(4.352429132642,0.819380862842));
#3659 = CARTESIAN_POINT('',(3.684200178336,0.824840651037));
#3660 = CARTESIAN_POINT('',(3.02532144845,0.831260115317));
#3661 = CARTESIAN_POINT('',(2.379192356283,0.838653961407));
#3662 = CARTESIAN_POINT('',(1.74970929447,0.84702076172));
#3663 = CARTESIAN_POINT('',(1.1412472946,0.856336855578));
#3664 = ( GEOMETRIC_REPRESENTATION_CONTEXT(2) 
PARAMETRIC_REPRESENTATION_CONTEXT() REPRESENTATION_CONTEXT('2D SPACE',''
  ) );
#3665 = PCURVE('',#3666,#3671);
#3666 = CYLINDRICAL_SURFACE('',#3667,10.);
#3667 = AXIS2_PLACEMENT_3D('',#3668,#3669,#3670);
#3668 = CARTESIAN_POINT('',(-40.9225442004,69.857415327769,
    26.419699252679));
#3669 = DIRECTION('',(-0.768592593328,0.480269955675,0.422618261741));
#3670 = DIRECTION('',(0.617806615345,0.72871498372,0.295447894794));
#3671 = DEFINITIONAL_REPRESENTATION('',(#3672),#3685);
#3672 = B_SPLINE_CURVE_WITH_KNOTS('',6,(#3673,#3674,#3675,#3676,#3677,
    #3678,#3679,#3680,#3681,#3682,#3683,#3684),.UNSPECIFIED.,.F.,.F.,(7,
    5,7),(0.,0.485896492992,1.),.UNSPECIFIED.);
#3673 = CARTESIAN_POINT('',(3.14159265359,-0.236560347054));
#3674 = CARTESIAN_POINT('',(3.097291283461,-0.331670347355));
#3675 = CARTESIAN_POINT('',(3.052378792036,-0.408059511726));
#3676 = CARTESIAN_POINT('',(3.006827925147,-0.464413875003));
#3677 = CARTESIAN_POINT('',(2.960623283505,-0.499360462268));
#3678 = CARTESIAN_POINT('',(2.913758567924,-0.511563616154));
#3679 = CARTESIAN_POINT('',(2.815957613078,-0.487437305392));
#3680 = CARTESIAN_POINT('',(2.764942334605,-0.448249342736));
#3681 = CARTESIAN_POINT('',(2.713203171101,-0.380875915607));
#3682 = CARTESIAN_POINT('',(2.660767118812,-0.284139515284));
#3683 = CARTESIAN_POINT('',(2.60767301561,-0.15724690565));
#3684 = CARTESIAN_POINT('',(2.553981951312,6.000000000173E-07));
#3685 = ( GEOMETRIC_REPRESENTATION_CONTEXT(2) 
PARAMETRIC_REPRESENTATION_CONTEXT() REPRESENTATION_CONTEXT('2D SPACE',''
  ) );
#3686 = ADVANCED_FACE('',(#3687),#172,.T.);
#3687 = FACE_BOUND('',#3688,.T.);
#3688 = EDGE_LOOP('',(#3689,#3714,#3736,#3737,#3738,#3767,#3793,#3819,
    #3845));
#3689 = ORIENTED_EDGE('',*,*,#3690,.F.);
#3690 = EDGE_CURVE('',#3691,#3693,#3695,.T.);
#3691 = VERTEX_POINT('',#3692);
#3692 = CARTESIAN_POINT('',(-47.,34.5,9.));
#3693 = VERTEX_POINT('',#3694);
#3694 = CARTESIAN_POINT('',(-47.,47.6,9.));
#3695 = SURFACE_CURVE('',#3696,(#3700,#3707),.PCURVE_S1.);
#3696 = LINE('',#3697,#3698);
#3697 = CARTESIAN_POINT('',(-47.,31.5,9.));
#3698 = VECTOR('',#3699,1.);
#3699 = DIRECTION('',(0.,1.,0.));
#3700 = PCURVE('',#172,#3701);
#3701 = DEFINITIONAL_REPRESENTATION('',(#3702),#3706);
#3702 = LINE('',#3703,#3704);
#3703 = CARTESIAN_POINT('',(0.,0.));
#3704 = VECTOR('',#3705,1.);
#3705 = DIRECTION('',(0.,1.));
#3706 = ( GEOMETRIC_REPRESENTATION_CONTEXT(2) 
PARAMETRIC_REPRESENTATION_CONTEXT() REPRESENTATION_CONTEXT('2D SPACE',''
  ) );
#3707 = PCURVE('',#101,#3708);
#3708 = DEFINITIONAL_REPRESENTATION('',(#3709),#3713);
#3709 = LINE('',#3710,#3711);
#3710 = CARTESIAN_POINT('',(8.2,0.));
#3711 = VECTOR('',#3712,1.);
#3712 = DIRECTION('',(0.,-1.));
#3713 = ( GEOMETRIC_REPRESENTATION_CONTEXT(2) 
PARAMETRIC_REPRESENTATION_CONTEXT() REPRESENTATION_CONTEXT('2D SPACE',''
  ) );
#3714 = ORIENTED_EDGE('',*,*,#3715,.T.);
#3715 = EDGE_CURVE('',#3691,#118,#3716,.T.);
#3716 = SURFACE_CURVE('',#3717,(#3722,#3729),.PCURVE_S1.);
#3717 = CIRCLE('',#3718,3.);
#3718 = AXIS2_PLACEMENT_3D('',#3719,#3720,#3721);
#3719 = CARTESIAN_POINT('',(-44.,34.5,9.));
#3720 = DIRECTION('',(0.,0.,1.));
#3721 = DIRECTION('',(0.,-1.,0.));
#3722 = PCURVE('',#172,#3723);
#3723 = DEFINITIONAL_REPRESENTATION('',(#3724),#3728);
#3724 = CIRCLE('',#3725,3.);
#3725 = AXIS2_PLACEMENT_2D('',#3726,#3727);
#3726 = CARTESIAN_POINT('',(3.,3.));
#3727 = DIRECTION('',(0.,-1.));
#3728 = ( GEOMETRIC_REPRESENTATION_CONTEXT(2) 
PARAMETRIC_REPRESENTATION_CONTEXT() REPRESENTATION_CONTEXT('2D SPACE',''
  ) );
#3729 = PCURVE('',#141,#3730);
#3730 = DEFINITIONAL_REPRESENTATION('',(#3731),#3735);
#3731 = LINE('',#3732,#3733);
#3732 = CARTESIAN_POINT('',(-4.712388980385,8.2));
#3733 = VECTOR('',#3734,1.);
#3734 = DIRECTION('',(1.,0.));
#3735 = ( GEOMETRIC_REPRESENTATION_CONTEXT(2) 
PARAMETRIC_REPRESENTATION_CONTEXT() REPRESENTATION_CONTEXT('2D SPACE',''
  ) );
#3736 = ORIENTED_EDGE('',*,*,#157,.F.);
#3737 = ORIENTED_EDGE('',*,*,#3439,.T.);
#3738 = ORIENTED_EDGE('',*,*,#3739,.T.);
#3739 = EDGE_CURVE('',#3416,#3740,#3742,.T.);
#3740 = VERTEX_POINT('',#3741);
#3741 = CARTESIAN_POINT('',(-44.,45.452995104301,9.));
#3742 = SURFACE_CURVE('',#3743,(#3749,#3758),.PCURVE_S1.);
#3743 = B_SPLINE_CURVE_WITH_KNOTS('',4,(#3744,#3745,#3746,#3747,#3748),
  .UNSPECIFIED.,.F.,.F.,(5,5),(0.,1.),.PIECEWISE_BEZIER_KNOTS.);
#3744 = CARTESIAN_POINT('',(-46.33663037706,45.414060802002,9.));
#3745 = CARTESIAN_POINT('',(-42.30010492048,45.481319750575,9.));
#3746 = CARTESIAN_POINT('',(-38.24648714693,45.548863501332,9.));
#3747 = CARTESIAN_POINT('',(-34.17583045011,45.616691164597,9.));
#3748 = CARTESIAN_POINT('',(-30.08819669344,45.684801709565,9.));
#3749 = PCURVE('',#172,#3750);
#3750 = DEFINITIONAL_REPRESENTATION('',(#3751),#3757);
#3751 = B_SPLINE_CURVE_WITH_KNOTS('',4,(#3752,#3753,#3754,#3755,#3756),
  .UNSPECIFIED.,.F.,.F.,(5,5),(0.,1.),.PIECEWISE_BEZIER_KNOTS.);
#3752 = CARTESIAN_POINT('',(0.663369622935,13.914060802002));
#3753 = CARTESIAN_POINT('',(4.699895079514,13.981319750575));
#3754 = CARTESIAN_POINT('',(8.753512853064,14.048863501332));
#3755 = CARTESIAN_POINT('',(12.824169549888,14.116691164597));
#3756 = CARTESIAN_POINT('',(16.911803306559,14.184801709565));
#3757 = ( GEOMETRIC_REPRESENTATION_CONTEXT(2) 
PARAMETRIC_REPRESENTATION_CONTEXT() REPRESENTATION_CONTEXT('2D SPACE',''
  ) );
#3758 = PCURVE('',#2942,#3759);
#3759 = DEFINITIONAL_REPRESENTATION('',(#3760),#3766);
#3760 = B_SPLINE_CURVE_WITH_KNOTS('',4,(#3761,#3762,#3763,#3764,#3765),
  .UNSPECIFIED.,.F.,.F.,(5,5),(0.,1.),.PIECEWISE_BEZIER_KNOTS.);
#3761 = CARTESIAN_POINT('',(18.,0.316049416805));
#3762 = CARTESIAN_POINT('',(13.476987671122,0.308392237991));
#3763 = CARTESIAN_POINT('',(8.969233517333,0.300702635516));
#3764 = CARTESIAN_POINT('',(4.476864057178,0.292980710669));
#3765 = CARTESIAN_POINT('',(0.,0.285226580802));
#3766 = ( GEOMETRIC_REPRESENTATION_CONTEXT(2) 
PARAMETRIC_REPRESENTATION_CONTEXT() REPRESENTATION_CONTEXT('2D SPACE',''
  ) );
#3767 = ORIENTED_EDGE('',*,*,#3768,.T.);
#3768 = EDGE_CURVE('',#3740,#3769,#3771,.T.);
#3769 = VERTEX_POINT('',#3770);
#3770 = CARTESIAN_POINT('',(-44.,46.186132079987,9.));
#3771 = SURFACE_CURVE('',#3772,(#3776,#3782),.PCURVE_S1.);
#3772 = LINE('',#3773,#3774);
#3773 = CARTESIAN_POINT('',(-44.,37.75,9.));
#3774 = VECTOR('',#3775,1.);
#3775 = DIRECTION('',(0.,1.,0.));
#3776 = PCURVE('',#172,#3777);
#3777 = DEFINITIONAL_REPRESENTATION('',(#3778),#3781);
#3778 = B_SPLINE_CURVE_WITH_KNOTS('',1,(#3779,#3780),.UNSPECIFIED.,.F.,
  .F.,(2,2),(6.25,12.833718970333),.PIECEWISE_BEZIER_KNOTS.);
#3779 = CARTESIAN_POINT('',(3.,12.5));
#3780 = CARTESIAN_POINT('',(3.,19.083718970333));
#3781 = ( GEOMETRIC_REPRESENTATION_CONTEXT(2) 
PARAMETRIC_REPRESENTATION_CONTEXT() REPRESENTATION_CONTEXT('2D SPACE',''
  ) );
#3782 = PCURVE('',#3783,#3788);
#3783 = PLANE('',#3784);
#3784 = AXIS2_PLACEMENT_3D('',#3785,#3786,#3787);
#3785 = CARTESIAN_POINT('',(-44.,44.,0.8));
#3786 = DIRECTION('',(1.,0.,0.));
#3787 = DIRECTION('',(0.,0.,1.));
#3788 = DEFINITIONAL_REPRESENTATION('',(#3789),#3792);
#3789 = B_SPLINE_CURVE_WITH_KNOTS('',1,(#3790,#3791),.UNSPECIFIED.,.F.,
  .F.,(2,2),(6.25,12.833718970333),.PIECEWISE_BEZIER_KNOTS.);
#3790 = CARTESIAN_POINT('',(8.2,0.));
#3791 = CARTESIAN_POINT('',(8.2,-6.583718970333));
#3792 = ( GEOMETRIC_REPRESENTATION_CONTEXT(2) 
PARAMETRIC_REPRESENTATION_CONTEXT() REPRESENTATION_CONTEXT('2D SPACE',''
  ) );
#3793 = ORIENTED_EDGE('',*,*,#3794,.T.);
#3794 = EDGE_CURVE('',#3769,#3795,#3797,.T.);
#3795 = VERTEX_POINT('',#3796);
#3796 = CARTESIAN_POINT('',(-45.33793074122,46.047045038329,9.));
#3797 = SURFACE_CURVE('',#3798,(#3802,#3808),.PCURVE_S1.);
#3798 = LINE('',#3799,#3800);
#3799 = CARTESIAN_POINT('',(-43.37151204454,46.251467696957,9.));
#3800 = VECTOR('',#3801,1.);
#3801 = DIRECTION('',(-0.994639894682,-0.103399612703,0.));
#3802 = PCURVE('',#172,#3803);
#3803 = DEFINITIONAL_REPRESENTATION('',(#3804),#3807);
#3804 = B_SPLINE_CURVE_WITH_KNOTS('',1,(#3805,#3806),.UNSPECIFIED.,.F.,
  .F.,(2,2),(-12.03172365383,1.97705345559),.PIECEWISE_BEZIER_KNOTS.);
#3805 = CARTESIAN_POINT('',(15.595720303346,15.99554326291));
#3806 = CARTESIAN_POINT('',(1.662031714606,14.547041135357));
#3807 = ( GEOMETRIC_REPRESENTATION_CONTEXT(2) 
PARAMETRIC_REPRESENTATION_CONTEXT() REPRESENTATION_CONTEXT('2D SPACE',''
  ) );
#3808 = PCURVE('',#3809,#3814);
#3809 = PLANE('',#3810);
#3810 = AXIS2_PLACEMENT_3D('',#3811,#3812,#3813);
#3811 = CARTESIAN_POINT('',(-38.37112084101,47.806080333126,
    6.152406083363));
#3812 = DIRECTION('',(-9.724261283803E-02,0.935413389505,0.339920086171)
  );
#3813 = DIRECTION('',(-5.946103617021E-19,-0.341538738435,0.939867698215
    ));
#3814 = DEFINITIONAL_REPRESENTATION('',(#3815),#3818);
#3815 = B_SPLINE_CURVE_WITH_KNOTS('',1,(#3816,#3817),.UNSPECIFIED.,.F.,
  .F.,(2,2),(-12.03172365383,1.97705345559),.PIECEWISE_BEZIER_KNOTS.);
#3816 = CARTESIAN_POINT('',(2.78242197908,7.000016274778));
#3817 = CARTESIAN_POINT('',(3.277141568345,-7.000022604793));
#3818 = ( GEOMETRIC_REPRESENTATION_CONTEXT(2) 
PARAMETRIC_REPRESENTATION_CONTEXT() REPRESENTATION_CONTEXT('2D SPACE',''
  ) );
#3819 = ORIENTED_EDGE('',*,*,#3820,.T.);
#3820 = EDGE_CURVE('',#3795,#3821,#3823,.T.);
#3821 = VERTEX_POINT('',#3822);
#3822 = CARTESIAN_POINT('',(-45.70708682196,50.066952488857,9.));
#3823 = SURFACE_CURVE('',#3824,(#3828,#3834),.PCURVE_S1.);
#3824 = LINE('',#3825,#3826);
#3825 = CARTESIAN_POINT('',(-44.80968583281,40.294747422715,9.));
#3826 = VECTOR('',#3827,1.);
#3827 = DIRECTION('',(-9.144720221948E-02,0.995809926244,0.));
#3828 = PCURVE('',#172,#3829);
#3829 = DEFINITIONAL_REPRESENTATION('',(#3830),#3833);
#3830 = B_SPLINE_CURVE_WITH_KNOTS('',1,(#3831,#3832),.UNSPECIFIED.,.F.,
  .F.,(2,2),(5.776501583299,10.348614033356),.PIECEWISE_BEZIER_KNOTS.);
#3831 = CARTESIAN_POINT('',(1.662069258774,14.547045038329));
#3832 = CARTESIAN_POINT('',(1.243962366983,19.1));
#3833 = ( GEOMETRIC_REPRESENTATION_CONTEXT(2) 
PARAMETRIC_REPRESENTATION_CONTEXT() REPRESENTATION_CONTEXT('2D SPACE',''
  ) );
#3834 = PCURVE('',#3835,#3840);
#3835 = PLANE('',#3836);
#3836 = AXIS2_PLACEMENT_3D('',#3837,#3838,#3839);
#3837 = CARTESIAN_POINT('',(-45.33796828539,48.839840721397,
    1.314599127065));
#3838 = DIRECTION('',(0.995260706663,9.139676629514E-02,
    3.320778347674E-02));
#3839 = DIRECTION('',(4.591374864887E-06,-0.341538316803,0.939867851421)
  );
#3840 = DEFINITIONAL_REPRESENTATION('',(#3841),#3844);
#3841 = B_SPLINE_CURVE_WITH_KNOTS('',1,(#3842,#3843),.UNSPECIFIED.,.F.,
  .F.,(2,2),(5.776501583299,10.348614033356),.PIECEWISE_BEZIER_KNOTS.);
#3842 = CARTESIAN_POINT('',(8.177107942695,2.346774705622E-15));
#3843 = CARTESIAN_POINT('',(6.622097448918,-4.299552839565));
#3844 = ( GEOMETRIC_REPRESENTATION_CONTEXT(2) 
PARAMETRIC_REPRESENTATION_CONTEXT() REPRESENTATION_CONTEXT('2D SPACE',''
  ) );
#3845 = ORIENTED_EDGE('',*,*,#3846,.F.);
#3846 = EDGE_CURVE('',#3693,#3821,#3847,.T.);
#3847 = SURFACE_CURVE('',#3848,(#3853,#3864),.PCURVE_S1.);
#3848 = CIRCLE('',#3849,3.);
#3849 = AXIS2_PLACEMENT_3D('',#3850,#3851,#3852);
#3850 = CARTESIAN_POINT('',(-44.,47.6,9.));
#3851 = DIRECTION('',(-0.,-0.,-1.));
#3852 = DIRECTION('',(0.,-1.,0.));
#3853 = PCURVE('',#172,#3854);
#3854 = DEFINITIONAL_REPRESENTATION('',(#3855),#3863);
#3855 = ( BOUNDED_CURVE() B_SPLINE_CURVE(2,(#3856,#3857,#3858,#3859,
#3860,#3861,#3862),.UNSPECIFIED.,.T.,.F.) B_SPLINE_CURVE_WITH_KNOTS((1,2
    ,2,2,2,1),(-2.094395102393,0.,2.094395102393,4.188790204786,
6.28318530718,8.377580409573),.UNSPECIFIED.) CURVE() 
GEOMETRIC_REPRESENTATION_ITEM() RATIONAL_B_SPLINE_CURVE((1.,0.5,1.,0.5,
1.,0.5,1.)) REPRESENTATION_ITEM('') );
#3856 = CARTESIAN_POINT('',(3.,13.1));
#3857 = CARTESIAN_POINT('',(-2.196152422707,13.1));
#3858 = CARTESIAN_POINT('',(0.401923788647,17.6));
#3859 = CARTESIAN_POINT('',(3.,22.1));
#3860 = CARTESIAN_POINT('',(5.598076211353,17.6));
#3861 = CARTESIAN_POINT('',(8.196152422707,13.1));
#3862 = CARTESIAN_POINT('',(3.,13.1));
#3863 = ( GEOMETRIC_REPRESENTATION_CONTEXT(2) 
PARAMETRIC_REPRESENTATION_CONTEXT() REPRESENTATION_CONTEXT('2D SPACE',''
  ) );
#3864 = PCURVE('',#2635,#3865);
#3865 = DEFINITIONAL_REPRESENTATION('',(#3866),#3870);
#3866 = LINE('',#3867,#3868);
#3867 = CARTESIAN_POINT('',(1.570796326795,8.2));
#3868 = VECTOR('',#3869,1.);
#3869 = DIRECTION('',(-1.,0.));
#3870 = ( GEOMETRIC_REPRESENTATION_CONTEXT(2) 
PARAMETRIC_REPRESENTATION_CONTEXT() REPRESENTATION_CONTEXT('2D SPACE',''
  ) );
#3871 = ADVANCED_FACE('',(#3872),#141,.T.);
#3872 = FACE_BOUND('',#3873,.T.);
#3873 = EDGE_LOOP('',(#3874,#3895,#3896));
#3874 = ORIENTED_EDGE('',*,*,#3875,.F.);
#3875 = EDGE_CURVE('',#85,#3691,#3876,.T.);
#3876 = SURFACE_CURVE('',#3877,(#3881,#3888),.PCURVE_S1.);
#3877 = LINE('',#3878,#3879);
#3878 = CARTESIAN_POINT('',(-47.,34.5,0.8));
#3879 = VECTOR('',#3880,1.);
#3880 = DIRECTION('',(0.,0.,1.));
#3881 = PCURVE('',#141,#3882);
#3882 = DEFINITIONAL_REPRESENTATION('',(#3883),#3887);
#3883 = LINE('',#3884,#3885);
#3884 = CARTESIAN_POINT('',(0.,0.));
#3885 = VECTOR('',#3886,1.);
#3886 = DIRECTION('',(0.,1.));
#3887 = ( GEOMETRIC_REPRESENTATION_CONTEXT(2) 
PARAMETRIC_REPRESENTATION_CONTEXT() REPRESENTATION_CONTEXT('2D SPACE',''
  ) );
#3888 = PCURVE('',#101,#3889);
#3889 = DEFINITIONAL_REPRESENTATION('',(#3890),#3894);
#3890 = LINE('',#3891,#3892);
#3891 = CARTESIAN_POINT('',(0.,-3.));
#3892 = VECTOR('',#3893,1.);
#3893 = DIRECTION('',(1.,0.));
#3894 = ( GEOMETRIC_REPRESENTATION_CONTEXT(2) 
PARAMETRIC_REPRESENTATION_CONTEXT() REPRESENTATION_CONTEXT('2D SPACE',''
  ) );
#3895 = ORIENTED_EDGE('',*,*,#117,.T.);
#3896 = ORIENTED_EDGE('',*,*,#3715,.F.);
#3897 = ADVANCED_FACE('',(#3898),#101,.F.);
#3898 = FACE_BOUND('',#3899,.F.);
#3899 = EDGE_LOOP('',(#3900,#3901,#3902,#3903,#3904));
#3900 = ORIENTED_EDGE('',*,*,#3690,.F.);
#3901 = ORIENTED_EDGE('',*,*,#3875,.F.);
#3902 = ORIENTED_EDGE('',*,*,#84,.T.);
#3903 = ORIENTED_EDGE('',*,*,#2647,.T.);
#3904 = ORIENTED_EDGE('',*,*,#3905,.T.);
#3905 = EDGE_CURVE('',#2615,#3693,#3906,.T.);
#3906 = SURFACE_CURVE('',#3907,(#3911,#3918),.PCURVE_S1.);
#3907 = LINE('',#3908,#3909);
#3908 = CARTESIAN_POINT('',(-47.,47.6,0.8));
#3909 = VECTOR('',#3910,1.);
#3910 = DIRECTION('',(0.,0.,1.));
#3911 = PCURVE('',#101,#3912);
#3912 = DEFINITIONAL_REPRESENTATION('',(#3913),#3917);
#3913 = LINE('',#3914,#3915);
#3914 = CARTESIAN_POINT('',(0.,-16.1));
#3915 = VECTOR('',#3916,1.);
#3916 = DIRECTION('',(1.,0.));
#3917 = ( GEOMETRIC_REPRESENTATION_CONTEXT(2) 
PARAMETRIC_REPRESENTATION_CONTEXT() REPRESENTATION_CONTEXT('2D SPACE',''
  ) );
#3918 = PCURVE('',#2635,#3919);
#3919 = DEFINITIONAL_REPRESENTATION('',(#3920),#3924);
#3920 = LINE('',#3921,#3922);
#3921 = CARTESIAN_POINT('',(-0.,0.));
#3922 = VECTOR('',#3923,1.);
#3923 = DIRECTION('',(-0.,1.));
#3924 = ( GEOMETRIC_REPRESENTATION_CONTEXT(2) 
PARAMETRIC_REPRESENTATION_CONTEXT() REPRESENTATION_CONTEXT('2D SPACE',''
  ) );
#3925 = ADVANCED_FACE('',(#3926),#979,.F.);
#3926 = FACE_BOUND('',#3927,.T.);
#3927 = EDGE_LOOP('',(#3928,#3929,#3930,#3955,#3956,#3957));
#3928 = ORIENTED_EDGE('',*,*,#964,.F.);
#3929 = ORIENTED_EDGE('',*,*,#2312,.F.);
#3930 = ORIENTED_EDGE('',*,*,#3931,.F.);
#3931 = EDGE_CURVE('',#2136,#2313,#3932,.T.);
#3932 = SURFACE_CURVE('',#3933,(#3938,#3944),.PCURVE_S1.);
#3933 = CIRCLE('',#3934,30.8);
#3934 = AXIS2_PLACEMENT_3D('',#3935,#3936,#3937);
#3935 = CARTESIAN_POINT('',(-15.65,0.,0.));
#3936 = DIRECTION('',(-1.,-6.894330150523E-34,-6.381777941037E-17));
#3937 = DIRECTION('',(-5.767392335715E-17,0.428106810594,0.903728144257)
  );
#3938 = PCURVE('',#979,#3939);
#3939 = DEFINITIONAL_REPRESENTATION('',(#3940),#3943);
#3940 = B_SPLINE_CURVE_WITH_KNOTS('',1,(#3941,#3942),.UNSPECIFIED.,.F.,
  .F.,(2,2),(0.932340621842,1.102422510485),.PIECEWISE_BEZIER_KNOTS.);
#3941 = CARTESIAN_POINT('',(-6.479244143247,-36.35));
#3942 = CARTESIAN_POINT('',(-6.309162254604,-36.35));
#3943 = ( GEOMETRIC_REPRESENTATION_CONTEXT(2) 
PARAMETRIC_REPRESENTATION_CONTEXT() REPRESENTATION_CONTEXT('2D SPACE',''
  ) );
#3944 = PCURVE('',#2151,#3945);
#3945 = DEFINITIONAL_REPRESENTATION('',(#3946),#3954);
#3946 = ( BOUNDED_CURVE() B_SPLINE_CURVE(2,(#3947,#3948,#3949,#3950,
#3951,#3952,#3953),.UNSPECIFIED.,.T.,.F.) B_SPLINE_CURVE_WITH_KNOTS((1,2
    ,2,2,2,1),(-2.094395102393,0.,2.094395102393,4.188790204786,
6.28318530718,8.377580409573),.UNSPECIFIED.) CURVE() 
GEOMETRIC_REPRESENTATION_ITEM() RATIONAL_B_SPLINE_CURVE((1.,0.5,1.,0.5,
1.,0.5,1.)) REPRESENTATION_ITEM('') );
#3947 = CARTESIAN_POINT('',(45.514310233691,-27.03482684312));
#3948 = CARTESIAN_POINT('',(-2.697024078481,-4.196542235034));
#3949 = CARTESIAN_POINT('',(41.187177727069,26.136555725606));
#3950 = CARTESIAN_POINT('',(85.071379532619,56.469653686246));
#3951 = CARTESIAN_POINT('',(89.39851203924,3.298271117517));
#3952 = CARTESIAN_POINT('',(93.725644545862,-49.87311145121));
#3953 = CARTESIAN_POINT('',(45.514310233691,-27.03482684312));
#3954 = ( GEOMETRIC_REPRESENTATION_CONTEXT(2) 
PARAMETRIC_REPRESENTATION_CONTEXT() REPRESENTATION_CONTEXT('2D SPACE',''
  ) );
#3955 = ORIENTED_EDGE('',*,*,#2163,.T.);
#3956 = ORIENTED_EDGE('',*,*,#1966,.T.);
#3957 = ORIENTED_EDGE('',*,*,#3958,.T.);
#3958 = EDGE_CURVE('',#1969,#939,#3959,.T.);
#3959 = SURFACE_CURVE('',#3960,(#3964,#3970),.PCURVE_S1.);
#3960 = LINE('',#3961,#3962);
#3961 = CARTESIAN_POINT('',(-54.,13.18568976631,27.834826843123));
#3962 = VECTOR('',#3963,1.);
#3963 = DIRECTION('',(-1.,-0.,-0.));
#3964 = PCURVE('',#979,#3965);
#3965 = DEFINITIONAL_REPRESENTATION('',(#3966),#3969);
#3966 = B_SPLINE_CURVE_WITH_KNOTS('',1,(#3967,#3968),.UNSPECIFIED.,.F.,
  .F.,(2,2),(-30.,-2.),.PIECEWISE_BEZIER_KNOTS.);
#3967 = CARTESIAN_POINT('',(-7.411584765088,-28.));
#3968 = CARTESIAN_POINT('',(-7.411584765088,0.));
#3969 = ( GEOMETRIC_REPRESENTATION_CONTEXT(2) 
PARAMETRIC_REPRESENTATION_CONTEXT() REPRESENTATION_CONTEXT('2D SPACE',''
  ) );
#3970 = PCURVE('',#953,#3971);
#3971 = DEFINITIONAL_REPRESENTATION('',(#3972),#3975);
#3972 = B_SPLINE_CURVE_WITH_KNOTS('',1,(#3973,#3974),.UNSPECIFIED.,.F.,
  .F.,(2,2),(-38.3500006,5.999999999062E-07),.PIECEWISE_BEZIER_KNOTS.);
#3973 = CARTESIAN_POINT('',(27.834826843123,39.3500006));
#3974 = CARTESIAN_POINT('',(27.834826843123,0.9999994));
#3975 = ( GEOMETRIC_REPRESENTATION_CONTEXT(2) 
PARAMETRIC_REPRESENTATION_CONTEXT() REPRESENTATION_CONTEXT('2D SPACE',''
  ) );
#3976 = ADVANCED_FACE('',(#3977),#953,.F.);
#3977 = FACE_BOUND('',#3978,.F.);
#3978 = EDGE_LOOP('',(#3979,#3980,#3981,#3982));
#3979 = ORIENTED_EDGE('',*,*,#2085,.F.);
#3980 = ORIENTED_EDGE('',*,*,#3958,.T.);
#3981 = ORIENTED_EDGE('',*,*,#938,.T.);
#3982 = ORIENTED_EDGE('',*,*,#3983,.F.);
#3983 = EDGE_CURVE('',#2058,#906,#3984,.T.);
#3984 = SURFACE_CURVE('',#3985,(#3989,#3995),.PCURVE_S1.);
#3985 = LINE('',#3986,#3987);
#3986 = CARTESIAN_POINT('',(-54.,13.18568976631,28.276802955543));
#3987 = VECTOR('',#3988,1.);
#3988 = DIRECTION('',(-1.,-0.,-0.));
#3989 = PCURVE('',#953,#3990);
#3990 = DEFINITIONAL_REPRESENTATION('',(#3991),#3994);
#3991 = B_SPLINE_CURVE_WITH_KNOTS('',1,(#3992,#3993),.UNSPECIFIED.,.F.,
  .F.,(2,2),(-38.3500006,5.999999999062E-07),.PIECEWISE_BEZIER_KNOTS.);
#3992 = CARTESIAN_POINT('',(28.276802955543,39.3500006));
#3993 = CARTESIAN_POINT('',(28.276802955543,0.9999994));
#3994 = ( GEOMETRIC_REPRESENTATION_CONTEXT(2) 
PARAMETRIC_REPRESENTATION_CONTEXT() REPRESENTATION_CONTEXT('2D SPACE',''
  ) );
#3995 = PCURVE('',#926,#3996);
#3996 = DEFINITIONAL_REPRESENTATION('',(#3997),#4000);
#3997 = B_SPLINE_CURVE_WITH_KNOTS('',1,(#3998,#3999),.UNSPECIFIED.,.F.,
  .F.,(2,2),(-38.3500006,5.999999999062E-07),.PIECEWISE_BEZIER_KNOTS.);
#3998 = CARTESIAN_POINT('',(-1.134464013796,-38.3500006));
#3999 = CARTESIAN_POINT('',(-1.134464013796,5.999999999062E-07));
#4000 = ( GEOMETRIC_REPRESENTATION_CONTEXT(2) 
PARAMETRIC_REPRESENTATION_CONTEXT() REPRESENTATION_CONTEXT('2D SPACE',''
  ) );
#4001 = ADVANCED_FACE('',(#4002),#926,.F.);
#4002 = FACE_BOUND('',#4003,.T.);
#4003 = EDGE_LOOP('',(#4004,#4005,#4006,#4007));
#4004 = ORIENTED_EDGE('',*,*,#905,.T.);
#4005 = ORIENTED_EDGE('',*,*,#3983,.F.);
#4006 = ORIENTED_EDGE('',*,*,#2057,.F.);
#4007 = ORIENTED_EDGE('',*,*,#4008,.T.);
#4008 = EDGE_CURVE('',#2037,#880,#4009,.T.);
#4009 = SURFACE_CURVE('',#4010,(#4014,#4020),.PCURVE_S1.);
#4010 = LINE('',#4011,#4012);
#4011 = CARTESIAN_POINT('',(-54.,-13.18568976631,28.276802955543));
#4012 = VECTOR('',#4013,1.);
#4013 = DIRECTION('',(-1.,-0.,-0.));
#4014 = PCURVE('',#926,#4015);
#4015 = DEFINITIONAL_REPRESENTATION('',(#4016),#4019);
#4016 = B_SPLINE_CURVE_WITH_KNOTS('',1,(#4017,#4018),.UNSPECIFIED.,.F.,
  .F.,(2,2),(-38.3500006,5.999999999062E-07),.PIECEWISE_BEZIER_KNOTS.);
#4017 = CARTESIAN_POINT('',(-2.007128639793,-38.3500006));
#4018 = CARTESIAN_POINT('',(-2.007128639793,5.999999999062E-07));
#4019 = ( GEOMETRIC_REPRESENTATION_CONTEXT(2) 
PARAMETRIC_REPRESENTATION_CONTEXT() REPRESENTATION_CONTEXT('2D SPACE',''
  ) );
#4020 = PCURVE('',#894,#4021);
#4021 = DEFINITIONAL_REPRESENTATION('',(#4022),#4025);
#4022 = B_SPLINE_CURVE_WITH_KNOTS('',1,(#4023,#4024),.UNSPECIFIED.,.F.,
  .F.,(2,2),(-38.3500006,5.999999999062E-07),.PIECEWISE_BEZIER_KNOTS.);
#4023 = CARTESIAN_POINT('',(28.276802955543,39.3500006));
#4024 = CARTESIAN_POINT('',(28.276802955543,0.9999994));
#4025 = ( GEOMETRIC_REPRESENTATION_CONTEXT(2) 
PARAMETRIC_REPRESENTATION_CONTEXT() REPRESENTATION_CONTEXT('2D SPACE',''
  ) );
#4026 = ADVANCED_FACE('',(#4027),#894,.T.);
#4027 = FACE_BOUND('',#4028,.T.);
#4028 = EDGE_LOOP('',(#4029,#4030,#4050,#4051));
#4029 = ORIENTED_EDGE('',*,*,#2036,.F.);
#4030 = ORIENTED_EDGE('',*,*,#4031,.T.);
#4031 = EDGE_CURVE('',#2013,#851,#4032,.T.);
#4032 = SURFACE_CURVE('',#4033,(#4037,#4043),.PCURVE_S1.);
#4033 = LINE('',#4034,#4035);
#4034 = CARTESIAN_POINT('',(-54.,-13.18568976631,27.834826843123));
#4035 = VECTOR('',#4036,1.);
#4036 = DIRECTION('',(-1.,-0.,-0.));
#4037 = PCURVE('',#894,#4038);
#4038 = DEFINITIONAL_REPRESENTATION('',(#4039),#4042);
#4039 = B_SPLINE_CURVE_WITH_KNOTS('',1,(#4040,#4041),.UNSPECIFIED.,.F.,
  .F.,(2,2),(-38.3500006,5.999999999062E-07),.PIECEWISE_BEZIER_KNOTS.);
#4040 = CARTESIAN_POINT('',(27.834826843123,39.3500006));
#4041 = CARTESIAN_POINT('',(27.834826843123,0.9999994));
#4042 = ( GEOMETRIC_REPRESENTATION_CONTEXT(2) 
PARAMETRIC_REPRESENTATION_CONTEXT() REPRESENTATION_CONTEXT('2D SPACE',''
  ) );
#4043 = PCURVE('',#867,#4044);
#4044 = DEFINITIONAL_REPRESENTATION('',(#4045),#4049);
#4045 = LINE('',#4046,#4047);
#4046 = CARTESIAN_POINT('',(-2.013193195681,2.));
#4047 = VECTOR('',#4048,1.);
#4048 = DIRECTION('',(-0.,1.));
#4049 = ( GEOMETRIC_REPRESENTATION_CONTEXT(2) 
PARAMETRIC_REPRESENTATION_CONTEXT() REPRESENTATION_CONTEXT('2D SPACE',''
  ) );
#4050 = ORIENTED_EDGE('',*,*,#879,.T.);
#4051 = ORIENTED_EDGE('',*,*,#4008,.F.);
#4052 = ADVANCED_FACE('',(#4053),#867,.F.);
#4053 = FACE_BOUND('',#4054,.T.);
#4054 = EDGE_LOOP('',(#4055,#4056,#4057,#4058,#4059,#4081));
#4055 = ORIENTED_EDGE('',*,*,#850,.F.);
#4056 = ORIENTED_EDGE('',*,*,#4031,.F.);
#4057 = ORIENTED_EDGE('',*,*,#2012,.T.);
#4058 = ORIENTED_EDGE('',*,*,#1879,.F.);
#4059 = ORIENTED_EDGE('',*,*,#4060,.F.);
#4060 = EDGE_CURVE('',#1209,#1857,#4061,.T.);
#4061 = SURFACE_CURVE('',#4062,(#4067,#4074),.PCURVE_S1.);
#4062 = CIRCLE('',#4063,30.8);
#4063 = AXIS2_PLACEMENT_3D('',#4064,#4065,#4066);
#4064 = CARTESIAN_POINT('',(-15.65,0.,0.));
#4065 = DIRECTION('',(-1.,-6.894330150523E-34,-6.381777941037E-17));
#4066 = DIRECTION('',(-5.767392335715E-17,0.428106810594,0.903728144257)
  );
#4067 = PCURVE('',#867,#4068);
#4068 = DEFINITIONAL_REPRESENTATION('',(#4069),#4073);
#4069 = LINE('',#4070,#4071);
#4070 = CARTESIAN_POINT('',(-7.411584765088,-36.35));
#4071 = VECTOR('',#4072,1.);
#4072 = DIRECTION('',(1.,-0.));
#4073 = ( GEOMETRIC_REPRESENTATION_CONTEXT(2) 
PARAMETRIC_REPRESENTATION_CONTEXT() REPRESENTATION_CONTEXT('2D SPACE',''
  ) );
#4074 = PCURVE('',#1224,#4075);
#4075 = DEFINITIONAL_REPRESENTATION('',(#4076),#4080);
#4076 = CIRCLE('',#4077,30.8);
#4077 = AXIS2_PLACEMENT_2D('',#4078,#4079);
#4078 = CARTESIAN_POINT('',(58.7,0.8));
#4079 = DIRECTION('',(0.428106810594,-0.903728144257));
#4080 = ( GEOMETRIC_REPRESENTATION_CONTEXT(2) 
PARAMETRIC_REPRESENTATION_CONTEXT() REPRESENTATION_CONTEXT('2D SPACE',''
  ) );
#4081 = ORIENTED_EDGE('',*,*,#1236,.F.);
#4082 = ADVANCED_FACE('',(#4083),#1033,.F.);
#4083 = FACE_BOUND('',#4084,.F.);
#4084 = EDGE_LOOP('',(#4085,#4086,#4087,#4088));
#4085 = ORIENTED_EDGE('',*,*,#1017,.F.);
#4086 = ORIENTED_EDGE('',*,*,#1809,.T.);
#4087 = ORIENTED_EDGE('',*,*,#1921,.T.);
#4088 = ORIENTED_EDGE('',*,*,#4089,.T.);
#4089 = EDGE_CURVE('',#1922,#1018,#4090,.T.);
#4090 = SURFACE_CURVE('',#4091,(#4095,#4101),.PCURVE_S1.);
#4091 = LINE('',#4092,#4093);
#4092 = CARTESIAN_POINT('',(-16.65,-57.40484581497,0.8));
#4093 = VECTOR('',#4094,1.);
#4094 = DIRECTION('',(0.,-0.,-1.));
#4095 = PCURVE('',#1033,#4096);
#4096 = DEFINITIONAL_REPRESENTATION('',(#4097),#4100);
#4097 = B_SPLINE_CURVE_WITH_KNOTS('',1,(#4098,#4099),.UNSPECIFIED.,.F.,
  .F.,(2,2),(-5.2,-1.110223024625E-16),.PIECEWISE_BEZIER_KNOTS.);
#4098 = CARTESIAN_POINT('',(16.935536345901,-5.2));
#4099 = CARTESIAN_POINT('',(16.935536345901,0.));
#4100 = ( GEOMETRIC_REPRESENTATION_CONTEXT(2) 
PARAMETRIC_REPRESENTATION_CONTEXT() REPRESENTATION_CONTEXT('2D SPACE',''
  ) );
#4101 = PCURVE('',#1061,#4102);
#4102 = DEFINITIONAL_REPRESENTATION('',(#4103),#4106);
#4103 = B_SPLINE_CURVE_WITH_KNOTS('',1,(#4104,#4105),.UNSPECIFIED.,.F.,
  .F.,(2,2),(-5.2,-1.110223024625E-16),.PIECEWISE_BEZIER_KNOTS.);
#4104 = CARTESIAN_POINT('',(5.2,-1.295154185022));
#4105 = CARTESIAN_POINT('',(2.22044604925E-16,-1.295154185022));
#4106 = ( GEOMETRIC_REPRESENTATION_CONTEXT(2) 
PARAMETRIC_REPRESENTATION_CONTEXT() REPRESENTATION_CONTEXT('2D SPACE',''
  ) );
#4107 = ADVANCED_FACE('',(#4108),#1360,.T.);
#4108 = FACE_BOUND('',#4109,.F.);
#4109 = EDGE_LOOP('',(#4110,#4111,#4132,#4133));
#4110 = ORIENTED_EDGE('',*,*,#1339,.T.);
#4111 = ORIENTED_EDGE('',*,*,#4112,.T.);
#4112 = EDGE_CURVE('',#1312,#1595,#4113,.T.);
#4113 = SURFACE_CURVE('',#4114,(#4118,#4125),.PCURVE_S1.);
#4114 = LINE('',#4115,#4116);
#4115 = CARTESIAN_POINT('',(-32.,-50.6,0.8));
#4116 = VECTOR('',#4117,1.);
#4117 = DIRECTION('',(0.,0.,1.));
#4118 = PCURVE('',#1360,#4119);
#4119 = DEFINITIONAL_REPRESENTATION('',(#4120),#4124);
#4120 = LINE('',#4121,#4122);
#4121 = CARTESIAN_POINT('',(-1.570796326795,0.));
#4122 = VECTOR('',#4123,1.);
#4123 = DIRECTION('',(-0.,1.));
#4124 = ( GEOMETRIC_REPRESENTATION_CONTEXT(2) 
PARAMETRIC_REPRESENTATION_CONTEXT() REPRESENTATION_CONTEXT('2D SPACE',''
  ) );
#4125 = PCURVE('',#1327,#4126);
#4126 = DEFINITIONAL_REPRESENTATION('',(#4127),#4131);
#4127 = LINE('',#4128,#4129);
#4128 = CARTESIAN_POINT('',(0.,15.));
#4129 = VECTOR('',#4130,1.);
#4130 = DIRECTION('',(1.,0.));
#4131 = ( GEOMETRIC_REPRESENTATION_CONTEXT(2) 
PARAMETRIC_REPRESENTATION_CONTEXT() REPRESENTATION_CONTEXT('2D SPACE',''
  ) );
#4132 = ORIENTED_EDGE('',*,*,#1617,.F.);
#4133 = ORIENTED_EDGE('',*,*,#1757,.F.);
#4134 = ADVANCED_FACE('',(#4135),#1061,.F.);
#4135 = FACE_BOUND('',#4136,.F.);
#4136 = EDGE_LOOP('',(#4137,#4167,#4188,#4189,#4190,#4191));
#4137 = ORIENTED_EDGE('',*,*,#4138,.F.);
#4138 = EDGE_CURVE('',#4139,#4141,#4143,.T.);
#4139 = VERTEX_POINT('',#4140);
#4140 = CARTESIAN_POINT('',(-16.65,-58.7,7.));
#4141 = VERTEX_POINT('',#4142);
#4142 = CARTESIAN_POINT('',(-16.65,-54.31,7.));
#4143 = SURFACE_CURVE('',#4144,(#4148,#4155),.PCURVE_S1.);
#4144 = LINE('',#4145,#4146);
#4145 = CARTESIAN_POINT('',(-16.65,-58.7,7.));
#4146 = VECTOR('',#4147,1.);
#4147 = DIRECTION('',(0.,1.,0.));
#4148 = PCURVE('',#1061,#4149);
#4149 = DEFINITIONAL_REPRESENTATION('',(#4150),#4154);
#4150 = LINE('',#4151,#4152);
#4151 = CARTESIAN_POINT('',(6.2,0.));
#4152 = VECTOR('',#4153,1.);
#4153 = DIRECTION('',(0.,-1.));
#4154 = ( GEOMETRIC_REPRESENTATION_CONTEXT(2) 
PARAMETRIC_REPRESENTATION_CONTEXT() REPRESENTATION_CONTEXT('2D SPACE',''
  ) );
#4155 = PCURVE('',#4156,#4161);
#4156 = PLANE('',#4157);
#4157 = AXIS2_PLACEMENT_3D('',#4158,#4159,#4160);
#4158 = CARTESIAN_POINT('',(-16.65,-58.7,7.));
#4159 = DIRECTION('',(0.,0.,1.));
#4160 = DIRECTION('',(1.,0.,0.));
#4161 = DEFINITIONAL_REPRESENTATION('',(#4162),#4166);
#4162 = LINE('',#4163,#4164);
#4163 = CARTESIAN_POINT('',(0.,0.));
#4164 = VECTOR('',#4165,1.);
#4165 = DIRECTION('',(0.,1.));
#4166 = ( GEOMETRIC_REPRESENTATION_CONTEXT(2) 
PARAMETRIC_REPRESENTATION_CONTEXT() REPRESENTATION_CONTEXT('2D SPACE',''
  ) );
#4167 = ORIENTED_EDGE('',*,*,#4168,.F.);
#4168 = EDGE_CURVE('',#1046,#4139,#4169,.T.);
#4169 = SURFACE_CURVE('',#4170,(#4174,#4181),.PCURVE_S1.);
#4170 = LINE('',#4171,#4172);
#4171 = CARTESIAN_POINT('',(-16.65,-58.7,0.8));
#4172 = VECTOR('',#4173,1.);
#4173 = DIRECTION('',(0.,0.,1.));
#4174 = PCURVE('',#1061,#4175);
#4175 = DEFINITIONAL_REPRESENTATION('',(#4176),#4180);
#4176 = LINE('',#4177,#4178);
#4177 = CARTESIAN_POINT('',(0.,0.));
#4178 = VECTOR('',#4179,1.);
#4179 = DIRECTION('',(1.,0.));
#4180 = ( GEOMETRIC_REPRESENTATION_CONTEXT(2) 
PARAMETRIC_REPRESENTATION_CONTEXT() REPRESENTATION_CONTEXT('2D SPACE',''
  ) );
#4181 = PCURVE('',#1089,#4182);
#4182 = DEFINITIONAL_REPRESENTATION('',(#4183),#4187);
#4183 = LINE('',#4184,#4185);
#4184 = CARTESIAN_POINT('',(0.,0.));
#4185 = VECTOR('',#4186,1.);
#4186 = DIRECTION('',(1.,0.));
#4187 = ( GEOMETRIC_REPRESENTATION_CONTEXT(2) 
PARAMETRIC_REPRESENTATION_CONTEXT() REPRESENTATION_CONTEXT('2D SPACE',''
  ) );
#4188 = ORIENTED_EDGE('',*,*,#1045,.T.);
#4189 = ORIENTED_EDGE('',*,*,#4089,.F.);
#4190 = ORIENTED_EDGE('',*,*,#1944,.T.);
#4191 = ORIENTED_EDGE('',*,*,#4192,.T.);
#4192 = EDGE_CURVE('',#1836,#4141,#4193,.T.);
#4193 = SURFACE_CURVE('',#4194,(#4198,#4205),.PCURVE_S1.);
#4194 = LINE('',#4195,#4196);
#4195 = CARTESIAN_POINT('',(-16.65,-54.31,0.8));
#4196 = VECTOR('',#4197,1.);
#4197 = DIRECTION('',(0.,0.,1.));
#4198 = PCURVE('',#1061,#4199);
#4199 = DEFINITIONAL_REPRESENTATION('',(#4200),#4204);
#4200 = LINE('',#4201,#4202);
#4201 = CARTESIAN_POINT('',(0.,-4.39));
#4202 = VECTOR('',#4203,1.);
#4203 = DIRECTION('',(1.,0.));
#4204 = ( GEOMETRIC_REPRESENTATION_CONTEXT(2) 
PARAMETRIC_REPRESENTATION_CONTEXT() REPRESENTATION_CONTEXT('2D SPACE',''
  ) );
#4205 = PCURVE('',#1196,#4206);
#4206 = DEFINITIONAL_REPRESENTATION('',(#4207),#4211);
#4207 = LINE('',#4208,#4209);
#4208 = CARTESIAN_POINT('',(0.,0.));
#4209 = VECTOR('',#4210,1.);
#4210 = DIRECTION('',(1.,0.));
#4211 = ( GEOMETRIC_REPRESENTATION_CONTEXT(2) 
PARAMETRIC_REPRESENTATION_CONTEXT() REPRESENTATION_CONTEXT('2D SPACE',''
  ) );
#4212 = ADVANCED_FACE('',(#4213),#1327,.F.);
#4213 = FACE_BOUND('',#4214,.F.);
#4214 = EDGE_LOOP('',(#4215,#4216,#4237,#4238));
#4215 = ORIENTED_EDGE('',*,*,#1311,.F.);
#4216 = ORIENTED_EDGE('',*,*,#4217,.T.);
#4217 = EDGE_CURVE('',#1283,#1571,#4218,.T.);
#4218 = SURFACE_CURVE('',#4219,(#4223,#4230),.PCURVE_S1.);
#4219 = LINE('',#4220,#4221);
#4220 = CARTESIAN_POINT('',(-44.,-50.6,0.8));
#4221 = VECTOR('',#4222,1.);
#4222 = DIRECTION('',(0.,0.,1.));
#4223 = PCURVE('',#1327,#4224);
#4224 = DEFINITIONAL_REPRESENTATION('',(#4225),#4229);
#4225 = LINE('',#4226,#4227);
#4226 = CARTESIAN_POINT('',(0.,3.));
#4227 = VECTOR('',#4228,1.);
#4228 = DIRECTION('',(1.,0.));
#4229 = ( GEOMETRIC_REPRESENTATION_CONTEXT(2) 
PARAMETRIC_REPRESENTATION_CONTEXT() REPRESENTATION_CONTEXT('2D SPACE',''
  ) );
#4230 = PCURVE('',#1299,#4231);
#4231 = DEFINITIONAL_REPRESENTATION('',(#4232),#4236);
#4232 = LINE('',#4233,#4234);
#4233 = CARTESIAN_POINT('',(1.570796326795,0.));
#4234 = VECTOR('',#4235,1.);
#4235 = DIRECTION('',(0.,1.));
#4236 = ( GEOMETRIC_REPRESENTATION_CONTEXT(2) 
PARAMETRIC_REPRESENTATION_CONTEXT() REPRESENTATION_CONTEXT('2D SPACE',''
  ) );
#4237 = ORIENTED_EDGE('',*,*,#1594,.T.);
#4238 = ORIENTED_EDGE('',*,*,#4112,.F.);
#4239 = ADVANCED_FACE('',(#4240),#1089,.F.);
#4240 = FACE_BOUND('',#4241,.F.);
#4241 = EDGE_LOOP('',(#4242,#4243,#4244,#4267,#4288));
#4242 = ORIENTED_EDGE('',*,*,#1073,.F.);
#4243 = ORIENTED_EDGE('',*,*,#4168,.T.);
#4244 = ORIENTED_EDGE('',*,*,#4245,.T.);
#4245 = EDGE_CURVE('',#4139,#4246,#4248,.T.);
#4246 = VERTEX_POINT('',#4247);
#4247 = CARTESIAN_POINT('',(-5.,-58.7,7.));
#4248 = SURFACE_CURVE('',#4249,(#4253,#4260),.PCURVE_S1.);
#4249 = LINE('',#4250,#4251);
#4250 = CARTESIAN_POINT('',(-16.65,-58.7,7.));
#4251 = VECTOR('',#4252,1.);
#4252 = DIRECTION('',(1.,0.,0.));
#4253 = PCURVE('',#1089,#4254);
#4254 = DEFINITIONAL_REPRESENTATION('',(#4255),#4259);
#4255 = LINE('',#4256,#4257);
#4256 = CARTESIAN_POINT('',(6.2,0.));
#4257 = VECTOR('',#4258,1.);
#4258 = DIRECTION('',(0.,1.));
#4259 = ( GEOMETRIC_REPRESENTATION_CONTEXT(2) 
PARAMETRIC_REPRESENTATION_CONTEXT() REPRESENTATION_CONTEXT('2D SPACE',''
  ) );
#4260 = PCURVE('',#4156,#4261);
#4261 = DEFINITIONAL_REPRESENTATION('',(#4262),#4266);
#4262 = LINE('',#4263,#4264);
#4263 = CARTESIAN_POINT('',(0.,0.));
#4264 = VECTOR('',#4265,1.);
#4265 = DIRECTION('',(1.,0.));
#4266 = ( GEOMETRIC_REPRESENTATION_CONTEXT(2) 
PARAMETRIC_REPRESENTATION_CONTEXT() REPRESENTATION_CONTEXT('2D SPACE',''
  ) );
#4267 = ORIENTED_EDGE('',*,*,#4268,.F.);
#4268 = EDGE_CURVE('',#1102,#4246,#4269,.T.);
#4269 = SURFACE_CURVE('',#4270,(#4274,#4281),.PCURVE_S1.);
#4270 = LINE('',#4271,#4272);
#4271 = CARTESIAN_POINT('',(-5.,-58.7,0.8));
#4272 = VECTOR('',#4273,1.);
#4273 = DIRECTION('',(0.,0.,1.));
#4274 = PCURVE('',#1089,#4275);
#4275 = DEFINITIONAL_REPRESENTATION('',(#4276),#4280);
#4276 = LINE('',#4277,#4278);
#4277 = CARTESIAN_POINT('',(0.,11.65));
#4278 = VECTOR('',#4279,1.);
#4279 = DIRECTION('',(1.,0.));
#4280 = ( GEOMETRIC_REPRESENTATION_CONTEXT(2) 
PARAMETRIC_REPRESENTATION_CONTEXT() REPRESENTATION_CONTEXT('2D SPACE',''
  ) );
#4281 = PCURVE('',#1140,#4282);
#4282 = DEFINITIONAL_REPRESENTATION('',(#4283),#4287);
#4283 = LINE('',#4284,#4285);
#4284 = CARTESIAN_POINT('',(0.,0.));
#4285 = VECTOR('',#4286,1.);
#4286 = DIRECTION('',(1.,0.));
#4287 = ( GEOMETRIC_REPRESENTATION_CONTEXT(2) 
PARAMETRIC_REPRESENTATION_CONTEXT() REPRESENTATION_CONTEXT('2D SPACE',''
  ) );
#4288 = ORIENTED_EDGE('',*,*,#1101,.F.);
#4289 = ADVANCED_FACE('',(#4290),#1299,.T.);
#4290 = FACE_BOUND('',#4291,.T.);
#4291 = EDGE_LOOP('',(#4292,#4293,#4294,#4295));
#4292 = ORIENTED_EDGE('',*,*,#1282,.T.);
#4293 = ORIENTED_EDGE('',*,*,#4217,.T.);
#4294 = ORIENTED_EDGE('',*,*,#1570,.F.);
#4295 = ORIENTED_EDGE('',*,*,#1491,.F.);
#4296 = ADVANCED_FACE('',(#4297),#1140,.T.);
#4297 = FACE_BOUND('',#4298,.T.);
#4298 = EDGE_LOOP('',(#4299,#4322,#4323,#4324));
#4299 = ORIENTED_EDGE('',*,*,#4300,.F.);
#4300 = EDGE_CURVE('',#4246,#4301,#4303,.T.);
#4301 = VERTEX_POINT('',#4302);
#4302 = CARTESIAN_POINT('',(-5.,-55.51,7.));
#4303 = SURFACE_CURVE('',#4304,(#4308,#4315),.PCURVE_S1.);
#4304 = LINE('',#4305,#4306);
#4305 = CARTESIAN_POINT('',(-5.,-58.7,7.));
#4306 = VECTOR('',#4307,1.);
#4307 = DIRECTION('',(0.,1.,0.));
#4308 = PCURVE('',#1140,#4309);
#4309 = DEFINITIONAL_REPRESENTATION('',(#4310),#4314);
#4310 = LINE('',#4311,#4312);
#4311 = CARTESIAN_POINT('',(6.2,0.));
#4312 = VECTOR('',#4313,1.);
#4313 = DIRECTION('',(0.,-1.));
#4314 = ( GEOMETRIC_REPRESENTATION_CONTEXT(2) 
PARAMETRIC_REPRESENTATION_CONTEXT() REPRESENTATION_CONTEXT('2D SPACE',''
  ) );
#4315 = PCURVE('',#4156,#4316);
#4316 = DEFINITIONAL_REPRESENTATION('',(#4317),#4321);
#4317 = LINE('',#4318,#4319);
#4318 = CARTESIAN_POINT('',(11.65,0.));
#4319 = VECTOR('',#4320,1.);
#4320 = DIRECTION('',(0.,1.));
#4321 = ( GEOMETRIC_REPRESENTATION_CONTEXT(2) 
PARAMETRIC_REPRESENTATION_CONTEXT() REPRESENTATION_CONTEXT('2D SPACE',''
  ) );
#4322 = ORIENTED_EDGE('',*,*,#4268,.F.);
#4323 = ORIENTED_EDGE('',*,*,#1124,.T.);
#4324 = ORIENTED_EDGE('',*,*,#4325,.T.);
#4325 = EDGE_CURVE('',#1125,#4301,#4326,.T.);
#4326 = SURFACE_CURVE('',#4327,(#4331,#4338),.PCURVE_S1.);
#4327 = LINE('',#4328,#4329);
#4328 = CARTESIAN_POINT('',(-5.,-55.51,0.8));
#4329 = VECTOR('',#4330,1.);
#4330 = DIRECTION('',(0.,0.,1.));
#4331 = PCURVE('',#1140,#4332);
#4332 = DEFINITIONAL_REPRESENTATION('',(#4333),#4337);
#4333 = LINE('',#4334,#4335);
#4334 = CARTESIAN_POINT('',(2.22044604925E-16,-3.19));
#4335 = VECTOR('',#4336,1.);
#4336 = DIRECTION('',(1.,0.));
#4337 = ( GEOMETRIC_REPRESENTATION_CONTEXT(2) 
PARAMETRIC_REPRESENTATION_CONTEXT() REPRESENTATION_CONTEXT('2D SPACE',''
  ) );
#4338 = PCURVE('',#1168,#4339);
#4339 = DEFINITIONAL_REPRESENTATION('',(#4340),#4344);
#4340 = LINE('',#4341,#4342);
#4341 = CARTESIAN_POINT('',(0.,0.));
#4342 = VECTOR('',#4343,1.);
#4343 = DIRECTION('',(0.,-1.));
#4344 = ( GEOMETRIC_REPRESENTATION_CONTEXT(2) 
PARAMETRIC_REPRESENTATION_CONTEXT() REPRESENTATION_CONTEXT('2D SPACE',''
  ) );
#4345 = ADVANCED_FACE('',(#4346),#1168,.F.);
#4346 = FACE_BOUND('',#4347,.F.);
#4347 = EDGE_LOOP('',(#4348,#4349,#4372,#4393));
#4348 = ORIENTED_EDGE('',*,*,#4325,.T.);
#4349 = ORIENTED_EDGE('',*,*,#4350,.T.);
#4350 = EDGE_CURVE('',#4301,#4351,#4353,.T.);
#4351 = VERTEX_POINT('',#4352);
#4352 = CARTESIAN_POINT('',(-6.2,-54.31,7.));
#4353 = SURFACE_CURVE('',#4354,(#4358,#4365),.PCURVE_S1.);
#4354 = LINE('',#4355,#4356);
#4355 = CARTESIAN_POINT('',(-5.,-55.51,7.));
#4356 = VECTOR('',#4357,1.);
#4357 = DIRECTION('',(-0.707106781187,0.707106781187,0.));
#4358 = PCURVE('',#1168,#4359);
#4359 = DEFINITIONAL_REPRESENTATION('',(#4360),#4364);
#4360 = LINE('',#4361,#4362);
#4361 = CARTESIAN_POINT('',(0.,-6.2));
#4362 = VECTOR('',#4363,1.);
#4363 = DIRECTION('',(1.,0.));
#4364 = ( GEOMETRIC_REPRESENTATION_CONTEXT(2) 
PARAMETRIC_REPRESENTATION_CONTEXT() REPRESENTATION_CONTEXT('2D SPACE',''
  ) );
#4365 = PCURVE('',#4156,#4366);
#4366 = DEFINITIONAL_REPRESENTATION('',(#4367),#4371);
#4367 = LINE('',#4368,#4369);
#4368 = CARTESIAN_POINT('',(11.65,3.19));
#4369 = VECTOR('',#4370,1.);
#4370 = DIRECTION('',(-0.707106781187,0.707106781187));
#4371 = ( GEOMETRIC_REPRESENTATION_CONTEXT(2) 
PARAMETRIC_REPRESENTATION_CONTEXT() REPRESENTATION_CONTEXT('2D SPACE',''
  ) );
#4372 = ORIENTED_EDGE('',*,*,#4373,.F.);
#4373 = EDGE_CURVE('',#1153,#4351,#4374,.T.);
#4374 = SURFACE_CURVE('',#4375,(#4379,#4386),.PCURVE_S1.);
#4375 = LINE('',#4376,#4377);
#4376 = CARTESIAN_POINT('',(-6.2,-54.31,0.8));
#4377 = VECTOR('',#4378,1.);
#4378 = DIRECTION('',(0.,0.,1.));
#4379 = PCURVE('',#1168,#4380);
#4380 = DEFINITIONAL_REPRESENTATION('',(#4381),#4385);
#4381 = LINE('',#4382,#4383);
#4382 = CARTESIAN_POINT('',(1.697056274848,0.));
#4383 = VECTOR('',#4384,1.);
#4384 = DIRECTION('',(0.,-1.));
#4385 = ( GEOMETRIC_REPRESENTATION_CONTEXT(2) 
PARAMETRIC_REPRESENTATION_CONTEXT() REPRESENTATION_CONTEXT('2D SPACE',''
  ) );
#4386 = PCURVE('',#1196,#4387);
#4387 = DEFINITIONAL_REPRESENTATION('',(#4388),#4392);
#4388 = LINE('',#4389,#4390);
#4389 = CARTESIAN_POINT('',(2.22044604925E-16,10.45));
#4390 = VECTOR('',#4391,1.);
#4391 = DIRECTION('',(1.,0.));
#4392 = ( GEOMETRIC_REPRESENTATION_CONTEXT(2) 
PARAMETRIC_REPRESENTATION_CONTEXT() REPRESENTATION_CONTEXT('2D SPACE',''
  ) );
#4393 = ORIENTED_EDGE('',*,*,#1152,.F.);
#4394 = ADVANCED_FACE('',(#4395),#1196,.T.);
#4395 = FACE_BOUND('',#4396,.T.);
#4396 = EDGE_LOOP('',(#4397,#4398,#4417,#4418,#4419,#4440));
#4397 = ORIENTED_EDGE('',*,*,#1180,.F.);
#4398 = ORIENTED_EDGE('',*,*,#4399,.F.);
#4399 = EDGE_CURVE('',#1834,#1181,#4400,.T.);
#4400 = SURFACE_CURVE('',#4401,(#4405,#4411),.PCURVE_S1.);
#4401 = LINE('',#4402,#4403);
#4402 = CARTESIAN_POINT('',(-15.65,-54.31,0.8));
#4403 = VECTOR('',#4404,1.);
#4404 = DIRECTION('',(0.,0.,-1.));
#4405 = PCURVE('',#1196,#4406);
#4406 = DEFINITIONAL_REPRESENTATION('',(#4407),#4410);
#4407 = B_SPLINE_CURVE_WITH_KNOTS('',1,(#4408,#4409),.UNSPECIFIED.,.F.,
  .F.,(2,2),(-5.2,-1.110223024625E-16),.PIECEWISE_BEZIER_KNOTS.);
#4408 = CARTESIAN_POINT('',(5.2,1.));
#4409 = CARTESIAN_POINT('',(2.22044604925E-16,1.));
#4410 = ( GEOMETRIC_REPRESENTATION_CONTEXT(2) 
PARAMETRIC_REPRESENTATION_CONTEXT() REPRESENTATION_CONTEXT('2D SPACE',''
  ) );
#4411 = PCURVE('',#1224,#4412);
#4412 = DEFINITIONAL_REPRESENTATION('',(#4413),#4416);
#4413 = B_SPLINE_CURVE_WITH_KNOTS('',1,(#4414,#4415),.UNSPECIFIED.,.F.,
  .F.,(2,2),(-5.2,-1.110223024625E-16),.PIECEWISE_BEZIER_KNOTS.);
#4414 = CARTESIAN_POINT('',(4.39,-5.2));
#4415 = CARTESIAN_POINT('',(4.39,0.));
#4416 = ( GEOMETRIC_REPRESENTATION_CONTEXT(2) 
PARAMETRIC_REPRESENTATION_CONTEXT() REPRESENTATION_CONTEXT('2D SPACE',''
  ) );
#4417 = ORIENTED_EDGE('',*,*,#1833,.T.);
#4418 = ORIENTED_EDGE('',*,*,#4192,.T.);
#4419 = ORIENTED_EDGE('',*,*,#4420,.T.);
#4420 = EDGE_CURVE('',#4141,#4351,#4421,.T.);
#4421 = SURFACE_CURVE('',#4422,(#4426,#4433),.PCURVE_S1.);
#4422 = LINE('',#4423,#4424);
#4423 = CARTESIAN_POINT('',(-16.65,-54.31,7.));
#4424 = VECTOR('',#4425,1.);
#4425 = DIRECTION('',(1.,0.,0.));
#4426 = PCURVE('',#1196,#4427);
#4427 = DEFINITIONAL_REPRESENTATION('',(#4428),#4432);
#4428 = LINE('',#4429,#4430);
#4429 = CARTESIAN_POINT('',(6.2,0.));
#4430 = VECTOR('',#4431,1.);
#4431 = DIRECTION('',(0.,1.));
#4432 = ( GEOMETRIC_REPRESENTATION_CONTEXT(2) 
PARAMETRIC_REPRESENTATION_CONTEXT() REPRESENTATION_CONTEXT('2D SPACE',''
  ) );
#4433 = PCURVE('',#4156,#4434);
#4434 = DEFINITIONAL_REPRESENTATION('',(#4435),#4439);
#4435 = LINE('',#4436,#4437);
#4436 = CARTESIAN_POINT('',(0.,4.39));
#4437 = VECTOR('',#4438,1.);
#4438 = DIRECTION('',(1.,0.));
#4439 = ( GEOMETRIC_REPRESENTATION_CONTEXT(2) 
PARAMETRIC_REPRESENTATION_CONTEXT() REPRESENTATION_CONTEXT('2D SPACE',''
  ) );
#4440 = ORIENTED_EDGE('',*,*,#4373,.F.);
#4441 = ADVANCED_FACE('',(#4442),#1224,.F.);
#4442 = FACE_BOUND('',#4443,.F.);
#4443 = EDGE_LOOP('',(#4444,#4445,#4446,#4447));
#4444 = ORIENTED_EDGE('',*,*,#1208,.F.);
#4445 = ORIENTED_EDGE('',*,*,#4399,.F.);
#4446 = ORIENTED_EDGE('',*,*,#1856,.T.);
#4447 = ORIENTED_EDGE('',*,*,#4060,.F.);
#4448 = ADVANCED_FACE('',(#4449),#1416,.F.);
#4449 = FACE_BOUND('',#4450,.T.);
#4450 = EDGE_LOOP('',(#4451,#4474,#4475,#4476));
#4451 = ORIENTED_EDGE('',*,*,#4452,.F.);
#4452 = EDGE_CURVE('',#1396,#4453,#4455,.T.);
#4453 = VERTEX_POINT('',#4454);
#4454 = CARTESIAN_POINT('',(-35.8,-43.,4.8));
#4455 = SEAM_CURVE('',#4456,(#4460,#4467),.PCURVE_S1.);
#4456 = LINE('',#4457,#4458);
#4457 = CARTESIAN_POINT('',(-35.8,-43.,-13.));
#4458 = VECTOR('',#4459,1.);
#4459 = DIRECTION('',(0.,0.,1.));
#4460 = PCURVE('',#1416,#4461);
#4461 = DEFINITIONAL_REPRESENTATION('',(#4462),#4466);
#4462 = LINE('',#4463,#4464);
#4463 = CARTESIAN_POINT('',(-6.28318530718,0.));
#4464 = VECTOR('',#4465,1.);
#4465 = DIRECTION('',(-0.,-1.));
#4466 = ( GEOMETRIC_REPRESENTATION_CONTEXT(2) 
PARAMETRIC_REPRESENTATION_CONTEXT() REPRESENTATION_CONTEXT('2D SPACE',''
  ) );
#4467 = PCURVE('',#1416,#4468);
#4468 = DEFINITIONAL_REPRESENTATION('',(#4469),#4473);
#4469 = LINE('',#4470,#4471);
#4470 = CARTESIAN_POINT('',(-0.,0.));
#4471 = VECTOR('',#4472,1.);
#4472 = DIRECTION('',(-0.,-1.));
#4473 = ( GEOMETRIC_REPRESENTATION_CONTEXT(2) 
PARAMETRIC_REPRESENTATION_CONTEXT() REPRESENTATION_CONTEXT('2D SPACE',''
  ) );
#4474 = ORIENTED_EDGE('',*,*,#1395,.T.);
#4475 = ORIENTED_EDGE('',*,*,#4452,.T.);
#4476 = ORIENTED_EDGE('',*,*,#4477,.F.);
#4477 = EDGE_CURVE('',#4453,#4453,#4478,.T.);
#4478 = SURFACE_CURVE('',#4479,(#4484,#4491),.PCURVE_S1.);
#4479 = CIRCLE('',#4480,2.2);
#4480 = AXIS2_PLACEMENT_3D('',#4481,#4482,#4483);
#4481 = CARTESIAN_POINT('',(-38.,-43.,4.8));
#4482 = DIRECTION('',(0.,0.,-1.));
#4483 = DIRECTION('',(1.,0.,0.));
#4484 = PCURVE('',#1416,#4485);
#4485 = DEFINITIONAL_REPRESENTATION('',(#4486),#4490);
#4486 = LINE('',#4487,#4488);
#4487 = CARTESIAN_POINT('',(-6.28318530718,-17.8));
#4488 = VECTOR('',#4489,1.);
#4489 = DIRECTION('',(1.,-0.));
#4490 = ( GEOMETRIC_REPRESENTATION_CONTEXT(2) 
PARAMETRIC_REPRESENTATION_CONTEXT() REPRESENTATION_CONTEXT('2D SPACE',''
  ) );
#4491 = PCURVE('',#4492,#4497);
#4492 = PLANE('',#4493);
#4493 = AXIS2_PLACEMENT_3D('',#4494,#4495,#4496);
#4494 = CARTESIAN_POINT('',(-38.,-43.,4.8));
#4495 = DIRECTION('',(0.,0.,1.));
#4496 = DIRECTION('',(1.,0.,-0.));
#4497 = DEFINITIONAL_REPRESENTATION('',(#4498),#4506);
#4498 = ( BOUNDED_CURVE() B_SPLINE_CURVE(2,(#4499,#4500,#4501,#4502,
#4503,#4504,#4505),.UNSPECIFIED.,.T.,.F.) B_SPLINE_CURVE_WITH_KNOTS((1,2
    ,2,2,2,1),(-2.094395102393,0.,2.094395102393,4.188790204786,
6.28318530718,8.377580409573),.UNSPECIFIED.) CURVE() 
GEOMETRIC_REPRESENTATION_ITEM() RATIONAL_B_SPLINE_CURVE((1.,0.5,1.,0.5,
1.,0.5,1.)) REPRESENTATION_ITEM('') );
#4499 = CARTESIAN_POINT('',(2.2,0.));
#4500 = CARTESIAN_POINT('',(2.2,-3.810511776652));
#4501 = CARTESIAN_POINT('',(-1.1,-1.905255888326));
#4502 = CARTESIAN_POINT('',(-4.4,-5.388445916248E-16));
#4503 = CARTESIAN_POINT('',(-1.1,1.905255888326));
#4504 = CARTESIAN_POINT('',(2.2,3.810511776652));
#4505 = CARTESIAN_POINT('',(2.2,0.));
#4506 = ( GEOMETRIC_REPRESENTATION_CONTEXT(2) 
PARAMETRIC_REPRESENTATION_CONTEXT() REPRESENTATION_CONTEXT('2D SPACE',''
  ) );
#4507 = ADVANCED_FACE('',(#4508),#1451,.F.);
#4508 = FACE_BOUND('',#4509,.T.);
#4509 = EDGE_LOOP('',(#4510,#4511,#4534,#4561));
#4510 = ORIENTED_EDGE('',*,*,#1430,.T.);
#4511 = ORIENTED_EDGE('',*,*,#4512,.T.);
#4512 = EDGE_CURVE('',#1431,#4513,#4515,.T.);
#4513 = VERTEX_POINT('',#4514);
#4514 = CARTESIAN_POINT('',(-40.9,-36.5,5.4));
#4515 = SEAM_CURVE('',#4516,(#4520,#4527),.PCURVE_S1.);
#4516 = LINE('',#4517,#4518);
#4517 = CARTESIAN_POINT('',(-40.9,-36.5,-5.4));
#4518 = VECTOR('',#4519,1.);
#4519 = DIRECTION('',(0.,0.,1.));
#4520 = PCURVE('',#1451,#4521);
#4521 = DEFINITIONAL_REPRESENTATION('',(#4522),#4526);
#4522 = LINE('',#4523,#4524);
#4523 = CARTESIAN_POINT('',(-6.28318530718,0.));
#4524 = VECTOR('',#4525,1.);
#4525 = DIRECTION('',(-0.,-1.));
#4526 = ( GEOMETRIC_REPRESENTATION_CONTEXT(2) 
PARAMETRIC_REPRESENTATION_CONTEXT() REPRESENTATION_CONTEXT('2D SPACE',''
  ) );
#4527 = PCURVE('',#1451,#4528);
#4528 = DEFINITIONAL_REPRESENTATION('',(#4529),#4533);
#4529 = LINE('',#4530,#4531);
#4530 = CARTESIAN_POINT('',(-0.,0.));
#4531 = VECTOR('',#4532,1.);
#4532 = DIRECTION('',(-0.,-1.));
#4533 = ( GEOMETRIC_REPRESENTATION_CONTEXT(2) 
PARAMETRIC_REPRESENTATION_CONTEXT() REPRESENTATION_CONTEXT('2D SPACE',''
  ) );
#4534 = ORIENTED_EDGE('',*,*,#4535,.T.);
#4535 = EDGE_CURVE('',#4513,#4513,#4536,.T.);
#4536 = SURFACE_CURVE('',#4537,(#4542,#4549),.PCURVE_S1.);
#4537 = CIRCLE('',#4538,1.6);
#4538 = AXIS2_PLACEMENT_3D('',#4539,#4540,#4541);
#4539 = CARTESIAN_POINT('',(-42.5,-36.5,5.4));
#4540 = DIRECTION('',(0.,0.,1.));
#4541 = DIRECTION('',(1.,0.,0.));
#4542 = PCURVE('',#1451,#4543);
#4543 = DEFINITIONAL_REPRESENTATION('',(#4544),#4548);
#4544 = LINE('',#4545,#4546);
#4545 = CARTESIAN_POINT('',(-0.,-10.8));
#4546 = VECTOR('',#4547,1.);
#4547 = DIRECTION('',(-1.,0.));
#4548 = ( GEOMETRIC_REPRESENTATION_CONTEXT(2) 
PARAMETRIC_REPRESENTATION_CONTEXT() REPRESENTATION_CONTEXT('2D SPACE',''
  ) );
#4549 = PCURVE('',#4550,#4555);
#4550 = PLANE('',#4551);
#4551 = AXIS2_PLACEMENT_3D('',#4552,#4553,#4554);
#4552 = CARTESIAN_POINT('',(-42.5,-36.5,5.4));
#4553 = DIRECTION('',(0.,0.,1.));
#4554 = DIRECTION('',(1.,0.,-0.));
#4555 = DEFINITIONAL_REPRESENTATION('',(#4556),#4560);
#4556 = CIRCLE('',#4557,1.6);
#4557 = AXIS2_PLACEMENT_2D('',#4558,#4559);
#4558 = CARTESIAN_POINT('',(-7.105427357601E-15,0.));
#4559 = DIRECTION('',(1.,0.));
#4560 = ( GEOMETRIC_REPRESENTATION_CONTEXT(2) 
PARAMETRIC_REPRESENTATION_CONTEXT() REPRESENTATION_CONTEXT('2D SPACE',''
  ) );
#4561 = ORIENTED_EDGE('',*,*,#4512,.F.);
#4562 = ADVANCED_FACE('',(#4563),#1715,.F.);
#4563 = FACE_BOUND('',#4564,.T.);
#4564 = EDGE_LOOP('',(#4565,#4589,#4610,#4611));
#4565 = ORIENTED_EDGE('',*,*,#4566,.F.);
#4566 = EDGE_CURVE('',#4567,#4567,#4569,.T.);
#4567 = VERTEX_POINT('',#4568);
#4568 = CARTESIAN_POINT('',(-34.3,-43.,4.8));
#4569 = SURFACE_CURVE('',#4570,(#4575,#4582),.PCURVE_S1.);
#4570 = CIRCLE('',#4571,3.7);
#4571 = AXIS2_PLACEMENT_3D('',#4572,#4573,#4574);
#4572 = CARTESIAN_POINT('',(-38.,-43.,4.8));
#4573 = DIRECTION('',(0.,0.,1.));
#4574 = DIRECTION('',(1.,0.,0.));
#4575 = PCURVE('',#1715,#4576);
#4576 = DEFINITIONAL_REPRESENTATION('',(#4577),#4581);
#4577 = LINE('',#4578,#4579);
#4578 = CARTESIAN_POINT('',(-0.,0.));
#4579 = VECTOR('',#4580,1.);
#4580 = DIRECTION('',(-1.,0.));
#4581 = ( GEOMETRIC_REPRESENTATION_CONTEXT(2) 
PARAMETRIC_REPRESENTATION_CONTEXT() REPRESENTATION_CONTEXT('2D SPACE',''
  ) );
#4582 = PCURVE('',#4492,#4583);
#4583 = DEFINITIONAL_REPRESENTATION('',(#4584),#4588);
#4584 = CIRCLE('',#4585,3.7);
#4585 = AXIS2_PLACEMENT_2D('',#4586,#4587);
#4586 = CARTESIAN_POINT('',(7.105427357601E-15,0.));
#4587 = DIRECTION('',(1.,0.));
#4588 = ( GEOMETRIC_REPRESENTATION_CONTEXT(2) 
PARAMETRIC_REPRESENTATION_CONTEXT() REPRESENTATION_CONTEXT('2D SPACE',''
  ) );
#4589 = ORIENTED_EDGE('',*,*,#4590,.T.);
#4590 = EDGE_CURVE('',#4567,#1695,#4591,.T.);
#4591 = SEAM_CURVE('',#4592,(#4596,#4603),.PCURVE_S1.);
#4592 = LINE('',#4593,#4594);
#4593 = CARTESIAN_POINT('',(-34.3,-43.,4.8));
#4594 = VECTOR('',#4595,1.);
#4595 = DIRECTION('',(0.,0.,1.));
#4596 = PCURVE('',#1715,#4597);
#4597 = DEFINITIONAL_REPRESENTATION('',(#4598),#4602);
#4598 = LINE('',#4599,#4600);
#4599 = CARTESIAN_POINT('',(-6.28318530718,0.));
#4600 = VECTOR('',#4601,1.);
#4601 = DIRECTION('',(-0.,-1.));
#4602 = ( GEOMETRIC_REPRESENTATION_CONTEXT(2) 
PARAMETRIC_REPRESENTATION_CONTEXT() REPRESENTATION_CONTEXT('2D SPACE',''
  ) );
#4603 = PCURVE('',#1715,#4604);
#4604 = DEFINITIONAL_REPRESENTATION('',(#4605),#4609);
#4605 = LINE('',#4606,#4607);
#4606 = CARTESIAN_POINT('',(-0.,0.));
#4607 = VECTOR('',#4608,1.);
#4608 = DIRECTION('',(-0.,-1.));
#4609 = ( GEOMETRIC_REPRESENTATION_CONTEXT(2) 
PARAMETRIC_REPRESENTATION_CONTEXT() REPRESENTATION_CONTEXT('2D SPACE',''
  ) );
#4610 = ORIENTED_EDGE('',*,*,#1694,.F.);
#4611 = ORIENTED_EDGE('',*,*,#4590,.F.);
#4612 = ADVANCED_FACE('',(#4613,#4708),#2124,.F.);
#4613 = FACE_BOUND('',#4614,.F.);
#4614 = EDGE_LOOP('',(#4615,#4616,#4635,#4636,#4659,#4687));
#4615 = ORIENTED_EDGE('',*,*,#2358,.F.);
#4616 = ORIENTED_EDGE('',*,*,#4617,.T.);
#4617 = EDGE_CURVE('',#2336,#2110,#4618,.T.);
#4618 = SURFACE_CURVE('',#4619,(#4623,#4629),.PCURVE_S1.);
#4619 = LINE('',#4620,#4621);
#4620 = CARTESIAN_POINT('',(-15.65,54.31,0.8));
#4621 = VECTOR('',#4622,1.);
#4622 = DIRECTION('',(0.,-0.,1.));
#4623 = PCURVE('',#2124,#4624);
#4624 = DEFINITIONAL_REPRESENTATION('',(#4625),#4628);
#4625 = B_SPLINE_CURVE_WITH_KNOTS('',1,(#4626,#4627),.UNSPECIFIED.,.F.,
  .F.,(2,2),(1.110223024625E-16,5.2),.PIECEWISE_BEZIER_KNOTS.);
#4626 = CARTESIAN_POINT('',(2.22044604925E-16,1.));
#4627 = CARTESIAN_POINT('',(5.2,1.));
#4628 = ( GEOMETRIC_REPRESENTATION_CONTEXT(2) 
PARAMETRIC_REPRESENTATION_CONTEXT() REPRESENTATION_CONTEXT('2D SPACE',''
  ) );
#4629 = PCURVE('',#2151,#4630);
#4630 = DEFINITIONAL_REPRESENTATION('',(#4631),#4634);
#4631 = B_SPLINE_CURVE_WITH_KNOTS('',1,(#4632,#4633),.UNSPECIFIED.,.F.,
  .F.,(2,2),(1.110223024625E-16,5.2),.PIECEWISE_BEZIER_KNOTS.);
#4632 = CARTESIAN_POINT('',(4.39,0.));
#4633 = CARTESIAN_POINT('',(4.39,-5.2));
#4634 = ( GEOMETRIC_REPRESENTATION_CONTEXT(2) 
PARAMETRIC_REPRESENTATION_CONTEXT() REPRESENTATION_CONTEXT('2D SPACE',''
  ) );
#4635 = ORIENTED_EDGE('',*,*,#2107,.F.);
#4636 = ORIENTED_EDGE('',*,*,#4637,.T.);
#4637 = EDGE_CURVE('',#2108,#4638,#4640,.T.);
#4638 = VERTEX_POINT('',#4639);
#4639 = CARTESIAN_POINT('',(-16.65,54.31,7.));
#4640 = SURFACE_CURVE('',#4641,(#4645,#4652),.PCURVE_S1.);
#4641 = LINE('',#4642,#4643);
#4642 = CARTESIAN_POINT('',(-16.65,54.31,0.8));
#4643 = VECTOR('',#4644,1.);
#4644 = DIRECTION('',(0.,0.,1.));
#4645 = PCURVE('',#2124,#4646);
#4646 = DEFINITIONAL_REPRESENTATION('',(#4647),#4651);
#4647 = LINE('',#4648,#4649);
#4648 = CARTESIAN_POINT('',(0.,0.));
#4649 = VECTOR('',#4650,1.);
#4650 = DIRECTION('',(1.,0.));
#4651 = ( GEOMETRIC_REPRESENTATION_CONTEXT(2) 
PARAMETRIC_REPRESENTATION_CONTEXT() REPRESENTATION_CONTEXT('2D SPACE',''
  ) );
#4652 = PCURVE('',#2248,#4653);
#4653 = DEFINITIONAL_REPRESENTATION('',(#4654),#4658);
#4654 = LINE('',#4655,#4656);
#4655 = CARTESIAN_POINT('',(0.,0.));
#4656 = VECTOR('',#4657,1.);
#4657 = DIRECTION('',(1.,0.));
#4658 = ( GEOMETRIC_REPRESENTATION_CONTEXT(2) 
PARAMETRIC_REPRESENTATION_CONTEXT() REPRESENTATION_CONTEXT('2D SPACE',''
  ) );
#4659 = ORIENTED_EDGE('',*,*,#4660,.T.);
#4660 = EDGE_CURVE('',#4638,#4661,#4663,.T.);
#4661 = VERTEX_POINT('',#4662);
#4662 = CARTESIAN_POINT('',(-6.2,54.31,7.));
#4663 = SURFACE_CURVE('',#4664,(#4668,#4675),.PCURVE_S1.);
#4664 = LINE('',#4665,#4666);
#4665 = CARTESIAN_POINT('',(-16.65,54.31,7.));
#4666 = VECTOR('',#4667,1.);
#4667 = DIRECTION('',(1.,0.,0.));
#4668 = PCURVE('',#2124,#4669);
#4669 = DEFINITIONAL_REPRESENTATION('',(#4670),#4674);
#4670 = LINE('',#4671,#4672);
#4671 = CARTESIAN_POINT('',(6.2,0.));
#4672 = VECTOR('',#4673,1.);
#4673 = DIRECTION('',(0.,1.));
#4674 = ( GEOMETRIC_REPRESENTATION_CONTEXT(2) 
PARAMETRIC_REPRESENTATION_CONTEXT() REPRESENTATION_CONTEXT('2D SPACE',''
  ) );
#4675 = PCURVE('',#4676,#4681);
#4676 = PLANE('',#4677);
#4677 = AXIS2_PLACEMENT_3D('',#4678,#4679,#4680);
#4678 = CARTESIAN_POINT('',(-16.65,54.31,7.));
#4679 = DIRECTION('',(0.,0.,1.));
#4680 = DIRECTION('',(1.,0.,0.));
#4681 = DEFINITIONAL_REPRESENTATION('',(#4682),#4686);
#4682 = LINE('',#4683,#4684);
#4683 = CARTESIAN_POINT('',(0.,0.));
#4684 = VECTOR('',#4685,1.);
#4685 = DIRECTION('',(1.,0.));
#4686 = ( GEOMETRIC_REPRESENTATION_CONTEXT(2) 
PARAMETRIC_REPRESENTATION_CONTEXT() REPRESENTATION_CONTEXT('2D SPACE',''
  ) );
#4687 = ORIENTED_EDGE('',*,*,#4688,.F.);
#4688 = EDGE_CURVE('',#2359,#4661,#4689,.T.);
#4689 = SURFACE_CURVE('',#4690,(#4694,#4701),.PCURVE_S1.);
#4690 = LINE('',#4691,#4692);
#4691 = CARTESIAN_POINT('',(-6.2,54.31,0.8));
#4692 = VECTOR('',#4693,1.);
#4693 = DIRECTION('',(0.,0.,1.));
#4694 = PCURVE('',#2124,#4695);
#4695 = DEFINITIONAL_REPRESENTATION('',(#4696),#4700);
#4696 = LINE('',#4697,#4698);
#4697 = CARTESIAN_POINT('',(2.22044604925E-16,10.45));
#4698 = VECTOR('',#4699,1.);
#4699 = DIRECTION('',(1.,0.));
#4700 = ( GEOMETRIC_REPRESENTATION_CONTEXT(2) 
PARAMETRIC_REPRESENTATION_CONTEXT() REPRESENTATION_CONTEXT('2D SPACE',''
  ) );
#4701 = PCURVE('',#2397,#4702);
#4702 = DEFINITIONAL_REPRESENTATION('',(#4703),#4707);
#4703 = LINE('',#4704,#4705);
#4704 = CARTESIAN_POINT('',(1.697056274848,0.));
#4705 = VECTOR('',#4706,1.);
#4706 = DIRECTION('',(0.,-1.));
#4707 = ( GEOMETRIC_REPRESENTATION_CONTEXT(2) 
PARAMETRIC_REPRESENTATION_CONTEXT() REPRESENTATION_CONTEXT('2D SPACE',''
  ) );
#4708 = FACE_BOUND('',#4709,.F.);
#4709 = EDGE_LOOP('',(#4710));
#4710 = ORIENTED_EDGE('',*,*,#4711,.F.);
#4711 = EDGE_CURVE('',#4712,#4712,#4714,.T.);
#4712 = VERTEX_POINT('',#4713);
#4713 = CARTESIAN_POINT('',(-9.25,54.31,3.9));
#4714 = SURFACE_CURVE('',#4715,(#4720,#4727),.PCURVE_S1.);
#4715 = CIRCLE('',#4716,1.25);
#4716 = AXIS2_PLACEMENT_3D('',#4717,#4718,#4719);
#4717 = CARTESIAN_POINT('',(-10.5,54.31,3.9));
#4718 = DIRECTION('',(0.,1.,-1.110223024625E-16));
#4719 = DIRECTION('',(1.,0.,0.));
#4720 = PCURVE('',#2124,#4721);
#4721 = DEFINITIONAL_REPRESENTATION('',(#4722),#4726);
#4722 = CIRCLE('',#4723,1.25);
#4723 = AXIS2_PLACEMENT_2D('',#4724,#4725);
#4724 = CARTESIAN_POINT('',(3.1,6.15));
#4725 = DIRECTION('',(0.,1.));
#4726 = ( GEOMETRIC_REPRESENTATION_CONTEXT(2) 
PARAMETRIC_REPRESENTATION_CONTEXT() REPRESENTATION_CONTEXT('2D SPACE',''
  ) );
#4727 = PCURVE('',#4728,#4733);
#4728 = CYLINDRICAL_SURFACE('',#4729,1.25);
#4729 = AXIS2_PLACEMENT_3D('',#4730,#4731,#4732);
#4730 = CARTESIAN_POINT('',(-10.5,58.7,3.9));
#4731 = DIRECTION('',(-0.,1.,-1.110223024625E-16));
#4732 = DIRECTION('',(1.,0.,0.));
#4733 = DEFINITIONAL_REPRESENTATION('',(#4734),#4738);
#4734 = LINE('',#4735,#4736);
#4735 = CARTESIAN_POINT('',(-6.28318530718,-4.39));
#4736 = VECTOR('',#4737,1.);
#4737 = DIRECTION('',(1.,-0.));
#4738 = ( GEOMETRIC_REPRESENTATION_CONTEXT(2) 
PARAMETRIC_REPRESENTATION_CONTEXT() REPRESENTATION_CONTEXT('2D SPACE',''
  ) );
#4739 = ADVANCED_FACE('',(#4740),#2248,.F.);
#4740 = FACE_BOUND('',#4741,.F.);
#4741 = EDGE_LOOP('',(#4742,#4743,#4744,#4763,#4764,#4787));
#4742 = ORIENTED_EDGE('',*,*,#4637,.F.);
#4743 = ORIENTED_EDGE('',*,*,#2235,.F.);
#4744 = ORIENTED_EDGE('',*,*,#4745,.T.);
#4745 = EDGE_CURVE('',#2208,#2489,#4746,.T.);
#4746 = SURFACE_CURVE('',#4747,(#4751,#4757),.PCURVE_S1.);
#4747 = LINE('',#4748,#4749);
#4748 = CARTESIAN_POINT('',(-16.65,57.404845814978,0.8));
#4749 = VECTOR('',#4750,1.);
#4750 = DIRECTION('',(0.,0.,-1.));
#4751 = PCURVE('',#2248,#4752);
#4752 = DEFINITIONAL_REPRESENTATION('',(#4753),#4756);
#4753 = B_SPLINE_CURVE_WITH_KNOTS('',1,(#4754,#4755),.UNSPECIFIED.,.F.,
  .F.,(2,2),(-5.2,-1.110223024625E-16),.PIECEWISE_BEZIER_KNOTS.);
#4754 = CARTESIAN_POINT('',(5.2,-3.094845814978));
#4755 = CARTESIAN_POINT('',(2.22044604925E-16,-3.094845814978));
#4756 = ( GEOMETRIC_REPRESENTATION_CONTEXT(2) 
PARAMETRIC_REPRESENTATION_CONTEXT() REPRESENTATION_CONTEXT('2D SPACE',''
  ) );
#4757 = PCURVE('',#2223,#4758);
#4758 = DEFINITIONAL_REPRESENTATION('',(#4759),#4762);
#4759 = B_SPLINE_CURVE_WITH_KNOTS('',1,(#4760,#4761),.UNSPECIFIED.,.F.,
  .F.,(2,2),(-5.2,-1.110223024625E-16),.PIECEWISE_BEZIER_KNOTS.);
#4760 = CARTESIAN_POINT('',(16.935536345901,-5.2));
#4761 = CARTESIAN_POINT('',(16.935536345901,0.));
#4762 = ( GEOMETRIC_REPRESENTATION_CONTEXT(2) 
PARAMETRIC_REPRESENTATION_CONTEXT() REPRESENTATION_CONTEXT('2D SPACE',''
  ) );
#4763 = ORIENTED_EDGE('',*,*,#2488,.T.);
#4764 = ORIENTED_EDGE('',*,*,#4765,.T.);
#4765 = EDGE_CURVE('',#2466,#4766,#4768,.T.);
#4766 = VERTEX_POINT('',#4767);
#4767 = CARTESIAN_POINT('',(-16.65,58.7,7.));
#4768 = SURFACE_CURVE('',#4769,(#4773,#4780),.PCURVE_S1.);
#4769 = LINE('',#4770,#4771);
#4770 = CARTESIAN_POINT('',(-16.65,58.7,0.8));
#4771 = VECTOR('',#4772,1.);
#4772 = DIRECTION('',(0.,0.,1.));
#4773 = PCURVE('',#2248,#4774);
#4774 = DEFINITIONAL_REPRESENTATION('',(#4775),#4779);
#4775 = LINE('',#4776,#4777);
#4776 = CARTESIAN_POINT('',(0.,-4.39));
#4777 = VECTOR('',#4778,1.);
#4778 = DIRECTION('',(1.,0.));
#4779 = ( GEOMETRIC_REPRESENTATION_CONTEXT(2) 
PARAMETRIC_REPRESENTATION_CONTEXT() REPRESENTATION_CONTEXT('2D SPACE',''
  ) );
#4780 = PCURVE('',#2453,#4781);
#4781 = DEFINITIONAL_REPRESENTATION('',(#4782),#4786);
#4782 = LINE('',#4783,#4784);
#4783 = CARTESIAN_POINT('',(0.,0.));
#4784 = VECTOR('',#4785,1.);
#4785 = DIRECTION('',(1.,0.));
#4786 = ( GEOMETRIC_REPRESENTATION_CONTEXT(2) 
PARAMETRIC_REPRESENTATION_CONTEXT() REPRESENTATION_CONTEXT('2D SPACE',''
  ) );
#4787 = ORIENTED_EDGE('',*,*,#4788,.F.);
#4788 = EDGE_CURVE('',#4638,#4766,#4789,.T.);
#4789 = SURFACE_CURVE('',#4790,(#4794,#4801),.PCURVE_S1.);
#4790 = LINE('',#4791,#4792);
#4791 = CARTESIAN_POINT('',(-16.65,54.31,7.));
#4792 = VECTOR('',#4793,1.);
#4793 = DIRECTION('',(0.,1.,0.));
#4794 = PCURVE('',#2248,#4795);
#4795 = DEFINITIONAL_REPRESENTATION('',(#4796),#4800);
#4796 = LINE('',#4797,#4798);
#4797 = CARTESIAN_POINT('',(6.2,0.));
#4798 = VECTOR('',#4799,1.);
#4799 = DIRECTION('',(0.,-1.));
#4800 = ( GEOMETRIC_REPRESENTATION_CONTEXT(2) 
PARAMETRIC_REPRESENTATION_CONTEXT() REPRESENTATION_CONTEXT('2D SPACE',''
  ) );
#4801 = PCURVE('',#4676,#4802);
#4802 = DEFINITIONAL_REPRESENTATION('',(#4803),#4807);
#4803 = LINE('',#4804,#4805);
#4804 = CARTESIAN_POINT('',(0.,0.));
#4805 = VECTOR('',#4806,1.);
#4806 = DIRECTION('',(0.,1.));
#4807 = ( GEOMETRIC_REPRESENTATION_CONTEXT(2) 
PARAMETRIC_REPRESENTATION_CONTEXT() REPRESENTATION_CONTEXT('2D SPACE',''
  ) );
#4808 = ADVANCED_FACE('',(#4809),#2223,.T.);
#4809 = FACE_BOUND('',#4810,.T.);
#4810 = EDGE_LOOP('',(#4811,#4812,#4813,#4814));
#4811 = ORIENTED_EDGE('',*,*,#2511,.F.);
#4812 = ORIENTED_EDGE('',*,*,#2287,.T.);
#4813 = ORIENTED_EDGE('',*,*,#2207,.T.);
#4814 = ORIENTED_EDGE('',*,*,#4745,.T.);
#4815 = ADVANCED_FACE('',(#4816),#2151,.T.);
#4816 = FACE_BOUND('',#4817,.T.);
#4817 = EDGE_LOOP('',(#4818,#4819,#4820,#4821));
#4818 = ORIENTED_EDGE('',*,*,#2335,.F.);
#4819 = ORIENTED_EDGE('',*,*,#4617,.T.);
#4820 = ORIENTED_EDGE('',*,*,#2135,.T.);
#4821 = ORIENTED_EDGE('',*,*,#3931,.T.);
#4822 = ADVANCED_FACE('',(#4823),#2635,.T.);
#4823 = FACE_BOUND('',#4824,.F.);
#4824 = EDGE_LOOP('',(#4825,#4826,#4827,#4850,#4884,#4911,#4945,#4973,
    #5006,#5031));
#4825 = ORIENTED_EDGE('',*,*,#3905,.F.);
#4826 = ORIENTED_EDGE('',*,*,#2614,.T.);
#4827 = ORIENTED_EDGE('',*,*,#4828,.T.);
#4828 = EDGE_CURVE('',#2587,#4829,#4831,.T.);
#4829 = VERTEX_POINT('',#4830);
#4830 = CARTESIAN_POINT('',(-44.,50.6,1.95421638102));
#4831 = SURFACE_CURVE('',#4832,(#4836,#4843),.PCURVE_S1.);
#4832 = LINE('',#4833,#4834);
#4833 = CARTESIAN_POINT('',(-44.,50.6,0.8));
#4834 = VECTOR('',#4835,1.);
#4835 = DIRECTION('',(0.,0.,1.));
#4836 = PCURVE('',#2635,#4837);
#4837 = DEFINITIONAL_REPRESENTATION('',(#4838),#4842);
#4838 = LINE('',#4839,#4840);
#4839 = CARTESIAN_POINT('',(-1.570796326795,0.));
#4840 = VECTOR('',#4841,1.);
#4841 = DIRECTION('',(-0.,1.));
#4842 = ( GEOMETRIC_REPRESENTATION_CONTEXT(2) 
PARAMETRIC_REPRESENTATION_CONTEXT() REPRESENTATION_CONTEXT('2D SPACE',''
  ) );
#4843 = PCURVE('',#2602,#4844);
#4844 = DEFINITIONAL_REPRESENTATION('',(#4845),#4849);
#4845 = LINE('',#4846,#4847);
#4846 = CARTESIAN_POINT('',(0.,3.));
#4847 = VECTOR('',#4848,1.);
#4848 = DIRECTION('',(1.,0.));
#4849 = ( GEOMETRIC_REPRESENTATION_CONTEXT(2) 
PARAMETRIC_REPRESENTATION_CONTEXT() REPRESENTATION_CONTEXT('2D SPACE',''
  ) );
#4850 = ORIENTED_EDGE('',*,*,#4851,.T.);
#4851 = EDGE_CURVE('',#4829,#4852,#4854,.T.);
#4852 = VERTEX_POINT('',#4853);
#4853 = CARTESIAN_POINT('',(-45.48033609255,50.209330384042,
    1.812258289698));
#4854 = SURFACE_CURVE('',#4855,(#4860,#4872),.PCURVE_S1.);
#4855 = ELLIPSE('',#4856,3.191938095835,3.);
#4856 = AXIS2_PLACEMENT_3D('',#4857,#4858,#4859);
#4857 = CARTESIAN_POINT('',(-44.,47.6,0.864047216428));
#4858 = DIRECTION('',(4.591374864901E-06,-0.341538316803,0.939867851421)
  );
#4859 = DIRECTION('',(-1.263485066431E-05,0.939867851336,0.341538316834)
  );
#4860 = PCURVE('',#2635,#4861);
#4861 = DEFINITIONAL_REPRESENTATION('',(#4862),#4871);
#4862 = B_SPLINE_CURVE_WITH_KNOTS('',7,(#4863,#4864,#4865,#4866,#4867,
    #4868,#4869,#4870),.UNSPECIFIED.,.F.,.F.,(8,8),(6.283171863959,
    7.436391533243),.PIECEWISE_BEZIER_KNOTS.);
#4863 = CARTESIAN_POINT('',(-1.570796326795,1.15421638102));
#4864 = CARTESIAN_POINT('',(-1.406050659754,1.154218795431));
#4865 = CARTESIAN_POINT('',(-1.241304992714,1.119701266929));
#4866 = CARTESIAN_POINT('',(-1.076559325673,1.050664592565));
#4867 = CARTESIAN_POINT('',(-0.911813658632,0.949400489732));
#4868 = CARTESIAN_POINT('',(-0.747067991592,0.820509756655));
#4869 = CARTESIAN_POINT('',(-0.582322324551,0.670342309143));
#4870 = CARTESIAN_POINT('',(-0.417576657511,0.506174935111));
#4871 = ( GEOMETRIC_REPRESENTATION_CONTEXT(2) 
PARAMETRIC_REPRESENTATION_CONTEXT() REPRESENTATION_CONTEXT('2D SPACE',''
  ) );
#4872 = PCURVE('',#4873,#4878);
#4873 = PLANE('',#4874);
#4874 = AXIS2_PLACEMENT_3D('',#4875,#4876,#4877);
#4875 = CARTESIAN_POINT('',(-31.40431839211,50.119395449529,
    1.77950809574));
#4876 = DIRECTION('',(4.591374864901E-06,-0.341538316803,0.939867851421)
  );
#4877 = DIRECTION('',(-0.995260706663,-9.139676629514E-02,
    -3.320778347674E-02));
#4878 = DEFINITIONAL_REPRESENTATION('',(#4879),#4883);
#4879 = ELLIPSE('',#4880,3.191938095835,3.);
#4880 = AXIS2_PLACEMENT_2D('',#4881,#4882);
#4881 = CARTESIAN_POINT('',(12.796652001736,1.443022787904));
#4882 = DIRECTION('',(-9.723003786089E-02,-0.99526193524));
#4883 = ( GEOMETRIC_REPRESENTATION_CONTEXT(2) 
PARAMETRIC_REPRESENTATION_CONTEXT() REPRESENTATION_CONTEXT('2D SPACE',''
  ) );
#4884 = ORIENTED_EDGE('',*,*,#4885,.T.);
#4885 = EDGE_CURVE('',#4852,#4886,#4888,.T.);
#4886 = VERTEX_POINT('',#4887);
#4887 = CARTESIAN_POINT('',(-45.61995037682,50.125026886316,
    6.228622857057));
#4888 = SURFACE_CURVE('',#4889,(#4894,#4904),.PCURVE_S1.);
#4889 = ELLIPSE('',#4890,90.34026622406,3.);
#4890 = AXIS2_PLACEMENT_3D('',#4891,#4892,#4893);
#4891 = CARTESIAN_POINT('',(-44.,47.6,-35.37287895802));
#4892 = DIRECTION('',(0.995260706663,9.139676629514E-02,
    3.320778347674E-02));
#4893 = DIRECTION('',(-3.306864041471E-02,-3.036758890859E-03,
    0.999448469465));
#4894 = PCURVE('',#2635,#4895);
#4895 = DEFINITIONAL_REPRESENTATION('',(#4896),#4903);
#4896 = B_SPLINE_CURVE_WITH_KNOTS('',5,(#4897,#4898,#4899,#4900,#4901,
    #4902),.UNSPECIFIED.,.F.,.F.,(6,6),(5.125184782666,5.226138338611),
  .PIECEWISE_BEZIER_KNOTS.);
#4897 = CARTESIAN_POINT('',(-1.066425384333,4.910469405773E-02));
#4898 = CARTESIAN_POINT('',(-1.046234673144,1.71900365497));
#4899 = CARTESIAN_POINT('',(-1.026043961955,3.370444581685));
#4900 = CARTESIAN_POINT('',(-1.005853250766,5.002009217785));
#4901 = CARTESIAN_POINT('',(-0.985662539577,6.612310696913));
#4902 = CARTESIAN_POINT('',(-0.965471828388,8.2000006));
#4903 = ( GEOMETRIC_REPRESENTATION_CONTEXT(2) 
PARAMETRIC_REPRESENTATION_CONTEXT() REPRESENTATION_CONTEXT('2D SPACE',''
  ) );
#4904 = PCURVE('',#3835,#4905);
#4905 = DEFINITIONAL_REPRESENTATION('',(#4906),#4910);
#4906 = ELLIPSE('',#4907,90.34026622406,3.);
#4907 = AXIS2_PLACEMENT_2D('',#4908,#4909);
#4908 = CARTESIAN_POINT('',(-34.05792194566,13.760681855698));
#4909 = DIRECTION('',(0.940386503292,-0.340107665934));
#4910 = ( GEOMETRIC_REPRESENTATION_CONTEXT(2) 
PARAMETRIC_REPRESENTATION_CONTEXT() REPRESENTATION_CONTEXT('2D SPACE',''
  ) );
#4911 = ORIENTED_EDGE('',*,*,#4912,.F.);
#4912 = EDGE_CURVE('',#4913,#4886,#4915,.T.);
#4913 = VERTEX_POINT('',#4914);
#4914 = CARTESIAN_POINT('',(-44.,50.6,5.384989266248));
#4915 = SURFACE_CURVE('',#4916,(#4921,#4933),.PCURVE_S1.);
#4916 = ELLIPSE('',#4917,8.825603787621,3.);
#4917 = AXIS2_PLACEMENT_3D('',#4918,#4919,#4920);
#4918 = CARTESIAN_POINT('',(-44.,47.6,13.640577219657));
#4919 = DIRECTION('',(-9.724261283803E-02,0.935413389505,0.339920086171)
  );
#4920 = DIRECTION('',(3.514760525998E-02,-0.33809807871,0.940454323727)
  );
#4921 = PCURVE('',#2635,#4922);
#4922 = DEFINITIONAL_REPRESENTATION('',(#4923),#4932);
#4923 = B_SPLINE_CURVE_WITH_KNOTS('',7,(#4924,#4925,#4926,#4927,#4928,
    #4929,#4930,#4931),.UNSPECIFIED.,.F.,.F.,(8,8),(3.038007899604,
    3.98158548602),.PIECEWISE_BEZIER_KNOTS.);
#4924 = CARTESIAN_POINT('',(-1.570796326795,4.584989266248));
#4925 = CARTESIAN_POINT('',(-1.435999528735,4.469303314943));
#4926 = CARTESIAN_POINT('',(-1.301202730676,4.528623956701));
#4927 = CARTESIAN_POINT('',(-1.166405932617,4.766382997574));
#4928 = CARTESIAN_POINT('',(-1.031609134557,5.178229003783));
#4929 = CARTESIAN_POINT('',(-0.896812336498,5.751742551396));
#4930 = CARTESIAN_POINT('',(-0.762015538438,6.467420790367));
#4931 = CARTESIAN_POINT('',(-0.627218740379,7.300539909591));
#4932 = ( GEOMETRIC_REPRESENTATION_CONTEXT(2) 
PARAMETRIC_REPRESENTATION_CONTEXT() REPRESENTATION_CONTEXT('2D SPACE',''
  ) );
#4933 = PCURVE('',#4934,#4939);
#4934 = PLANE('',#4935);
#4935 = AXIS2_PLACEMENT_3D('',#4936,#4937,#4938);
#4936 = CARTESIAN_POINT('',(-38.65312441824,50.689529162692,
    6.66822433326));
#4937 = DIRECTION('',(-9.724261283803E-02,0.935413389505,0.339920086171)
  );
#4938 = DIRECTION('',(1.979856981797E-18,-0.341538738435,0.939867698215)
  );
#4939 = DEFINITIONAL_REPRESENTATION('',(#4940),#4944);
#4940 = ELLIPSE('',#4941,8.825603787621,3.);
#4941 = AXIS2_PLACEMENT_2D('',#4942,#4943);
#4942 = CARTESIAN_POINT('',(7.608283151066,-5.372336661038));
#4943 = DIRECTION('',(0.999376231788,3.531497327715E-02));
#4944 = ( GEOMETRIC_REPRESENTATION_CONTEXT(2) 
PARAMETRIC_REPRESENTATION_CONTEXT() REPRESENTATION_CONTEXT('2D SPACE',''
  ) );
#4945 = ORIENTED_EDGE('',*,*,#4946,.T.);
#4946 = EDGE_CURVE('',#4913,#4947,#4949,.T.);
#4947 = VERTEX_POINT('',#4948);
#4948 = CARTESIAN_POINT('',(-44.,50.6,8.23168552385));
#4949 = SURFACE_CURVE('',#4950,(#4954,#4961),.PCURVE_S1.);
#4950 = LINE('',#4951,#4952);
#4951 = CARTESIAN_POINT('',(-44.,50.6,0.8));
#4952 = VECTOR('',#4953,1.);
#4953 = DIRECTION('',(0.,0.,1.));
#4954 = PCURVE('',#2635,#4955);
#4955 = DEFINITIONAL_REPRESENTATION('',(#4956),#4960);
#4956 = LINE('',#4957,#4958);
#4957 = CARTESIAN_POINT('',(-1.570796326795,0.));
#4958 = VECTOR('',#4959,1.);
#4959 = DIRECTION('',(-0.,1.));
#4960 = ( GEOMETRIC_REPRESENTATION_CONTEXT(2) 
PARAMETRIC_REPRESENTATION_CONTEXT() REPRESENTATION_CONTEXT('2D SPACE',''
  ) );
#4961 = PCURVE('',#4962,#4967);
#4962 = PLANE('',#4963);
#4963 = AXIS2_PLACEMENT_3D('',#4964,#4965,#4966);
#4964 = CARTESIAN_POINT('',(-47.,50.6,0.8));
#4965 = DIRECTION('',(0.,1.,0.));
#4966 = DIRECTION('',(0.,0.,1.));
#4967 = DEFINITIONAL_REPRESENTATION('',(#4968),#4972);
#4968 = LINE('',#4969,#4970);
#4969 = CARTESIAN_POINT('',(0.,3.));
#4970 = VECTOR('',#4971,1.);
#4971 = DIRECTION('',(1.,0.));
#4972 = ( GEOMETRIC_REPRESENTATION_CONTEXT(2) 
PARAMETRIC_REPRESENTATION_CONTEXT() REPRESENTATION_CONTEXT('2D SPACE',''
  ) );
#4973 = ORIENTED_EDGE('',*,*,#4974,.F.);
#4974 = EDGE_CURVE('',#4975,#4947,#4977,.T.);
#4975 = VERTEX_POINT('',#4976);
#4976 = CARTESIAN_POINT('',(-45.67711665557,50.087424315146,
    8.045428981397));
#4977 = SURFACE_CURVE('',#4978,(#4983,#4994),.PCURVE_S1.);
#4978 = ELLIPSE('',#4979,3.191938095835,3.);
#4979 = AXIS2_PLACEMENT_3D('',#4980,#4981,#4982);
#4980 = CARTESIAN_POINT('',(-44.,47.6,7.141516359257));
#4981 = DIRECTION('',(-4.591374864897E-06,0.341538316803,-0.939867851421
    ));
#4982 = DIRECTION('',(-1.26348506643E-05,0.939867851336,0.341538316834)
  );
#4983 = PCURVE('',#2635,#4984);
#4984 = DEFINITIONAL_REPRESENTATION('',(#4985),#4993);
#4985 = B_SPLINE_CURVE_WITH_KNOTS('',6,(#4986,#4987,#4988,#4989,#4990,
    #4991,#4992),.UNSPECIFIED.,.F.,.F.,(7,7),(5.223812344873,
    6.2831987504),.PIECEWISE_BEZIER_KNOTS.);
#4986 = CARTESIAN_POINT('',(-0.511409921268,6.875065845851));
#4987 = CARTESIAN_POINT('',(-0.687974322189,7.042922210366));
#4988 = CARTESIAN_POINT('',(-0.86453872311,7.190817482649));
#4989 = CARTESIAN_POINT('',(-1.041103124032,7.309340036511));
#4990 = CARTESIAN_POINT('',(-1.217667524953,7.390908346232));
#4991 = CARTESIAN_POINT('',(-1.394231925874,7.431688111469));
#4992 = CARTESIAN_POINT('',(-1.570796326795,7.43168552385));
#4993 = ( GEOMETRIC_REPRESENTATION_CONTEXT(2) 
PARAMETRIC_REPRESENTATION_CONTEXT() REPRESENTATION_CONTEXT('2D SPACE',''
  ) );
#4994 = PCURVE('',#4995,#5000);
#4995 = PLANE('',#4996);
#4996 = AXIS2_PLACEMENT_3D('',#4997,#4998,#4999);
#4997 = CARTESIAN_POINT('',(-48.60572459781,49.263254024535,
    7.745948275623));
#4998 = DIRECTION('',(-4.591374864897E-06,0.341538316803,-0.939867851421
    ));
#4999 = DIRECTION('',(0.995260706663,9.139676629514E-02,
    3.320778347674E-02));
#5000 = DEFINITIONAL_REPRESENTATION('',(#5001),#5005);
#5001 = ELLIPSE('',#5002,3.191938095835,3.);
#5002 = AXIS2_PLACEMENT_2D('',#5003,#5004);
#5003 = CARTESIAN_POINT('',(4.411808834341,2.209161327698));
#5004 = DIRECTION('',(9.723003786089E-02,-0.99526193524));
#5005 = ( GEOMETRIC_REPRESENTATION_CONTEXT(2) 
PARAMETRIC_REPRESENTATION_CONTEXT() REPRESENTATION_CONTEXT('2D SPACE',''
  ) );
#5006 = ORIENTED_EDGE('',*,*,#5007,.T.);
#5007 = EDGE_CURVE('',#4975,#3821,#5008,.T.);
#5008 = SURFACE_CURVE('',#5009,(#5014,#5024),.PCURVE_S1.);
#5009 = ELLIPSE('',#5010,90.34026622406,3.);
#5010 = AXIS2_PLACEMENT_3D('',#5011,#5012,#5013);
#5011 = CARTESIAN_POINT('',(-44.,47.6,-35.37287895802));
#5012 = DIRECTION('',(0.995260706663,9.139676629514E-02,
    3.320778347674E-02));
#5013 = DIRECTION('',(-3.306864041471E-02,-3.036758890859E-03,
    0.999448469465));
#5014 = PCURVE('',#2635,#5015);
#5015 = DEFINITIONAL_REPRESENTATION('',(#5016),#5023);
#5016 = B_SPLINE_CURVE_WITH_KNOTS('',5,(#5017,#5018,#5019,#5020,#5021,
    #5022),.UNSPECIFIED.,.F.,.F.,(6,6),(5.125184782666,5.226138338611),
  .PIECEWISE_BEZIER_KNOTS.);
#5017 = CARTESIAN_POINT('',(-1.066425384333,4.910469405773E-02));
#5018 = CARTESIAN_POINT('',(-1.046234673144,1.71900365497));
#5019 = CARTESIAN_POINT('',(-1.026043961955,3.370444581685));
#5020 = CARTESIAN_POINT('',(-1.005853250766,5.002009217785));
#5021 = CARTESIAN_POINT('',(-0.985662539577,6.612310696913));
#5022 = CARTESIAN_POINT('',(-0.965471828388,8.2000006));
#5023 = ( GEOMETRIC_REPRESENTATION_CONTEXT(2) 
PARAMETRIC_REPRESENTATION_CONTEXT() REPRESENTATION_CONTEXT('2D SPACE',''
  ) );
#5024 = PCURVE('',#3835,#5025);
#5025 = DEFINITIONAL_REPRESENTATION('',(#5026),#5030);
#5026 = ELLIPSE('',#5027,90.34026622406,3.);
#5027 = AXIS2_PLACEMENT_2D('',#5028,#5029);
#5028 = CARTESIAN_POINT('',(-34.05792194566,13.760681855698));
#5029 = DIRECTION('',(0.940386503292,-0.340107665934));
#5030 = ( GEOMETRIC_REPRESENTATION_CONTEXT(2) 
PARAMETRIC_REPRESENTATION_CONTEXT() REPRESENTATION_CONTEXT('2D SPACE',''
  ) );
#5031 = ORIENTED_EDGE('',*,*,#3846,.F.);
#5032 = ADVANCED_FACE('',(#5033),#2602,.T.);
#5033 = FACE_BOUND('',#5034,.T.);
#5034 = EDGE_LOOP('',(#5035,#5036,#5037,#5060));
#5035 = ORIENTED_EDGE('',*,*,#2586,.F.);
#5036 = ORIENTED_EDGE('',*,*,#4828,.T.);
#5037 = ORIENTED_EDGE('',*,*,#5038,.T.);
#5038 = EDGE_CURVE('',#4829,#5039,#5041,.T.);
#5039 = VERTEX_POINT('',#5040);
#5040 = CARTESIAN_POINT('',(-32.,50.6,1.954157759482));
#5041 = SURFACE_CURVE('',#5042,(#5046,#5053),.PCURVE_S1.);
#5042 = LINE('',#5043,#5044);
#5043 = CARTESIAN_POINT('',(-44.,50.6,1.95421638102));
#5044 = VECTOR('',#5045,1.);
#5045 = DIRECTION('',(0.999999999988,0.,-4.885128114434E-06));
#5046 = PCURVE('',#2602,#5047);
#5047 = DEFINITIONAL_REPRESENTATION('',(#5048),#5052);
#5048 = LINE('',#5049,#5050);
#5049 = CARTESIAN_POINT('',(1.15421638102,3.));
#5050 = VECTOR('',#5051,1.);
#5051 = DIRECTION('',(-4.885128114434E-06,0.999999999988));
#5052 = ( GEOMETRIC_REPRESENTATION_CONTEXT(2) 
PARAMETRIC_REPRESENTATION_CONTEXT() REPRESENTATION_CONTEXT('2D SPACE',''
  ) );
#5053 = PCURVE('',#4873,#5054);
#5054 = DEFINITIONAL_REPRESENTATION('',(#5055),#5059);
#5055 = LINE('',#5056,#5057);
#5056 = CARTESIAN_POINT('',(12.48625960128,-1.733787776982));
#5057 = VECTOR('',#5058,1.);
#5058 = DIRECTION('',(-0.995260544427,9.724427339004E-02));
#5059 = ( GEOMETRIC_REPRESENTATION_CONTEXT(2) 
PARAMETRIC_REPRESENTATION_CONTEXT() REPRESENTATION_CONTEXT('2D SPACE',''
  ) );
#5060 = ORIENTED_EDGE('',*,*,#5061,.F.);
#5061 = EDGE_CURVE('',#2558,#5039,#5062,.T.);
#5062 = SURFACE_CURVE('',#5063,(#5067,#5074),.PCURVE_S1.);
#5063 = LINE('',#5064,#5065);
#5064 = CARTESIAN_POINT('',(-32.,50.6,0.8));
#5065 = VECTOR('',#5066,1.);
#5066 = DIRECTION('',(0.,0.,1.));
#5067 = PCURVE('',#2602,#5068);
#5068 = DEFINITIONAL_REPRESENTATION('',(#5069),#5073);
#5069 = LINE('',#5070,#5071);
#5070 = CARTESIAN_POINT('',(0.,15.));
#5071 = VECTOR('',#5072,1.);
#5072 = DIRECTION('',(1.,0.));
#5073 = ( GEOMETRIC_REPRESENTATION_CONTEXT(2) 
PARAMETRIC_REPRESENTATION_CONTEXT() REPRESENTATION_CONTEXT('2D SPACE',''
  ) );
#5074 = PCURVE('',#2574,#5075);
#5075 = DEFINITIONAL_REPRESENTATION('',(#5076),#5080);
#5076 = LINE('',#5077,#5078);
#5077 = CARTESIAN_POINT('',(1.570796326795,0.));
#5078 = VECTOR('',#5079,1.);
#5079 = DIRECTION('',(0.,1.));
#5080 = ( GEOMETRIC_REPRESENTATION_CONTEXT(2) 
PARAMETRIC_REPRESENTATION_CONTEXT() REPRESENTATION_CONTEXT('2D SPACE',''
  ) );
#5081 = ADVANCED_FACE('',(#5082),#2397,.T.);
#5082 = FACE_BOUND('',#5083,.T.);
#5083 = EDGE_LOOP('',(#5084,#5107,#5128,#5129));
#5084 = ORIENTED_EDGE('',*,*,#5085,.T.);
#5085 = EDGE_CURVE('',#2382,#5086,#5088,.T.);
#5086 = VERTEX_POINT('',#5087);
#5087 = CARTESIAN_POINT('',(-5.,55.51,7.));
#5088 = SURFACE_CURVE('',#5089,(#5093,#5100),.PCURVE_S1.);
#5089 = LINE('',#5090,#5091);
#5090 = CARTESIAN_POINT('',(-5.,55.51,0.8));
#5091 = VECTOR('',#5092,1.);
#5092 = DIRECTION('',(0.,0.,1.));
#5093 = PCURVE('',#2397,#5094);
#5094 = DEFINITIONAL_REPRESENTATION('',(#5095),#5099);
#5095 = LINE('',#5096,#5097);
#5096 = CARTESIAN_POINT('',(0.,0.));
#5097 = VECTOR('',#5098,1.);
#5098 = DIRECTION('',(0.,-1.));
#5099 = ( GEOMETRIC_REPRESENTATION_CONTEXT(2) 
PARAMETRIC_REPRESENTATION_CONTEXT() REPRESENTATION_CONTEXT('2D SPACE',''
  ) );
#5100 = PCURVE('',#2425,#5101);
#5101 = DEFINITIONAL_REPRESENTATION('',(#5102),#5106);
#5102 = LINE('',#5103,#5104);
#5103 = CARTESIAN_POINT('',(2.22044604925E-16,-1.2));
#5104 = VECTOR('',#5105,1.);
#5105 = DIRECTION('',(1.,0.));
#5106 = ( GEOMETRIC_REPRESENTATION_CONTEXT(2) 
PARAMETRIC_REPRESENTATION_CONTEXT() REPRESENTATION_CONTEXT('2D SPACE',''
  ) );
#5107 = ORIENTED_EDGE('',*,*,#5108,.T.);
#5108 = EDGE_CURVE('',#5086,#4661,#5109,.T.);
#5109 = SURFACE_CURVE('',#5110,(#5114,#5121),.PCURVE_S1.);
#5110 = LINE('',#5111,#5112);
#5111 = CARTESIAN_POINT('',(-5.,55.51,7.));
#5112 = VECTOR('',#5113,1.);
#5113 = DIRECTION('',(-0.707106781187,-0.707106781187,0.));
#5114 = PCURVE('',#2397,#5115);
#5115 = DEFINITIONAL_REPRESENTATION('',(#5116),#5120);
#5116 = LINE('',#5117,#5118);
#5117 = CARTESIAN_POINT('',(0.,-6.2));
#5118 = VECTOR('',#5119,1.);
#5119 = DIRECTION('',(1.,0.));
#5120 = ( GEOMETRIC_REPRESENTATION_CONTEXT(2) 
PARAMETRIC_REPRESENTATION_CONTEXT() REPRESENTATION_CONTEXT('2D SPACE',''
  ) );
#5121 = PCURVE('',#4676,#5122);
#5122 = DEFINITIONAL_REPRESENTATION('',(#5123),#5127);
#5123 = LINE('',#5124,#5125);
#5124 = CARTESIAN_POINT('',(11.65,1.2));
#5125 = VECTOR('',#5126,1.);
#5126 = DIRECTION('',(-0.707106781187,-0.707106781187));
#5127 = ( GEOMETRIC_REPRESENTATION_CONTEXT(2) 
PARAMETRIC_REPRESENTATION_CONTEXT() REPRESENTATION_CONTEXT('2D SPACE',''
  ) );
#5128 = ORIENTED_EDGE('',*,*,#4688,.F.);
#5129 = ORIENTED_EDGE('',*,*,#2381,.F.);
#5130 = ADVANCED_FACE('',(#5131),#2574,.T.);
#5131 = FACE_BOUND('',#5132,.T.);
#5132 = EDGE_LOOP('',(#5133,#5134,#5135,#5136,#5164,#5196));
#5133 = ORIENTED_EDGE('',*,*,#2821,.F.);
#5134 = ORIENTED_EDGE('',*,*,#2557,.T.);
#5135 = ORIENTED_EDGE('',*,*,#5061,.T.);
#5136 = ORIENTED_EDGE('',*,*,#5137,.F.);
#5137 = EDGE_CURVE('',#5138,#5039,#5140,.T.);
#5138 = VERTEX_POINT('',#5139);
#5139 = CARTESIAN_POINT('',(-31.44897466782,50.548961017595,
    1.93560802605));
#5140 = SURFACE_CURVE('',#5141,(#5146,#5157),.PCURVE_S1.);
#5141 = ELLIPSE('',#5142,3.191938095835,3.);
#5142 = AXIS2_PLACEMENT_3D('',#5143,#5144,#5145);
#5143 = CARTESIAN_POINT('',(-32.,47.6,0.86398859489));
#5144 = DIRECTION('',(4.591374864901E-06,-0.341538316803,0.939867851421)
  );
#5145 = DIRECTION('',(-1.263485066431E-05,0.939867851336,0.341538316834)
  );
#5146 = PCURVE('',#2574,#5147);
#5147 = DEFINITIONAL_REPRESENTATION('',(#5148),#5156);
#5148 = B_SPLINE_CURVE_WITH_KNOTS('',6,(#5149,#5150,#5151,#5152,#5153,
    #5154,#5155),.UNSPECIFIED.,.F.,.F.,(7,7),(5.537625431528,
    6.283171863959),.PIECEWISE_BEZIER_KNOTS.);
#5149 = CARTESIAN_POINT('',(0.825249894363,0.864944827513));
#5150 = CARTESIAN_POINT('',(0.949507633102,0.95683995059));
#5151 = CARTESIAN_POINT('',(1.073765371841,1.03389490726));
#5152 = CARTESIAN_POINT('',(1.198023110579,1.093556226865));
#5153 = CARTESIAN_POINT('',(1.322280849318,1.133955534958));
#5154 = CARTESIAN_POINT('',(1.446538588056,1.154155938438));
#5155 = CARTESIAN_POINT('',(1.570796326795,1.154157759482));
#5156 = ( GEOMETRIC_REPRESENTATION_CONTEXT(2) 
PARAMETRIC_REPRESENTATION_CONTEXT() REPRESENTATION_CONTEXT('2D SPACE',''
  ) );
#5157 = PCURVE('',#4873,#5158);
#5158 = DEFINITIONAL_REPRESENTATION('',(#5159),#5163);
#5159 = ELLIPSE('',#5160,3.191938095835,3.);
#5160 = AXIS2_PLACEMENT_2D('',#5161,#5162);
#5161 = CARTESIAN_POINT('',(0.853525468471,2.609954068598));
#5162 = DIRECTION('',(-9.723003786089E-02,-0.99526193524));
#5163 = ( GEOMETRIC_REPRESENTATION_CONTEXT(2) 
PARAMETRIC_REPRESENTATION_CONTEXT() REPRESENTATION_CONTEXT('2D SPACE',''
  ) );
#5164 = ORIENTED_EDGE('',*,*,#5165,.F.);
#5165 = EDGE_CURVE('',#5166,#5138,#5168,.T.);
#5166 = VERTEX_POINT('',#5167);
#5167 = CARTESIAN_POINT('',(-31.68787645702,50.583718970333,9.));
#5168 = SURFACE_CURVE('',#5169,(#5174,#5184),.PCURVE_S1.);
#5169 = ELLIPSE('',#5170,90.34026622406,3.);
#5170 = AXIS2_PLACEMENT_3D('',#5171,#5172,#5173);
#5171 = CARTESIAN_POINT('',(-32.,47.6,26.566561278465));
#5172 = DIRECTION('',(-0.995260706663,-9.139676629514E-02,
    -3.320778347674E-02));
#5173 = DIRECTION('',(-3.306864041471E-02,-3.036758890859E-03,
    0.999448469465));
#5174 = PCURVE('',#2574,#5175);
#5175 = DEFINITIONAL_REPRESENTATION('',(#5176),#5183);
#5176 = B_SPLINE_CURVE_WITH_KNOTS('',5,(#5177,#5178,#5179,#5180,#5181,
    #5182),.UNSPECIFIED.,.F.,.F.,(6,6),(1.766601261552,1.85829943425),
  .PIECEWISE_BEZIER_KNOTS.);
#5177 = CARTESIAN_POINT('',(1.466566532218,8.2000006));
#5178 = CARTESIAN_POINT('',(1.448226897679,6.575748752518));
#5179 = CARTESIAN_POINT('',(1.429887263139,4.958882374127));
#5180 = CARTESIAN_POINT('',(1.411547628599,3.350539601543));
#5181 = CARTESIAN_POINT('',(1.39320799406,1.751848210368));
#5182 = CARTESIAN_POINT('',(1.37486835952,0.163920879134));
#5183 = ( GEOMETRIC_REPRESENTATION_CONTEXT(2) 
PARAMETRIC_REPRESENTATION_CONTEXT() REPRESENTATION_CONTEXT('2D SPACE',''
  ) );
#5184 = PCURVE('',#5185,#5190);
#5185 = PLANE('',#5186);
#5186 = AXIS2_PLACEMENT_3D('',#5187,#5188,#5189);
#5187 = CARTESIAN_POINT('',(-31.40427339663,46.772319944856,
    10.990213039662));
#5188 = DIRECTION('',(-0.995260706663,-9.139676629514E-02,
    -3.320778347674E-02));
#5189 = DIRECTION('',(-4.591374864887E-06,0.341538316803,-0.939867851421
    ));
#5190 = DEFINITIONAL_REPRESENTATION('',(#5191),#5195);
#5191 = ELLIPSE('',#5192,90.34026622406,3.);
#5192 = AXIS2_PLACEMENT_2D('',#5193,#5194);
#5193 = CARTESIAN_POINT('',(-14.35702176409,-6.126866652822));
#5194 = DIRECTION('',(-0.940386503292,-0.340107665934));
#5195 = ( GEOMETRIC_REPRESENTATION_CONTEXT(2) 
PARAMETRIC_REPRESENTATION_CONTEXT() REPRESENTATION_CONTEXT('2D SPACE',''
  ) );
#5196 = ORIENTED_EDGE('',*,*,#5197,.F.);
#5197 = EDGE_CURVE('',#2745,#5166,#5198,.T.);
#5198 = SURFACE_CURVE('',#5199,(#5204,#5211),.PCURVE_S1.);
#5199 = CIRCLE('',#5200,3.);
#5200 = AXIS2_PLACEMENT_3D('',#5201,#5202,#5203);
#5201 = CARTESIAN_POINT('',(-32.,47.6,9.));
#5202 = DIRECTION('',(0.,0.,1.));
#5203 = DIRECTION('',(0.,-1.,0.));
#5204 = PCURVE('',#2574,#5205);
#5205 = DEFINITIONAL_REPRESENTATION('',(#5206),#5210);
#5206 = LINE('',#5207,#5208);
#5207 = CARTESIAN_POINT('',(-1.570796326795,8.2));
#5208 = VECTOR('',#5209,1.);
#5209 = DIRECTION('',(1.,0.));
#5210 = ( GEOMETRIC_REPRESENTATION_CONTEXT(2) 
PARAMETRIC_REPRESENTATION_CONTEXT() REPRESENTATION_CONTEXT('2D SPACE',''
  ) );
#5211 = PCURVE('',#2760,#5212);
#5212 = DEFINITIONAL_REPRESENTATION('',(#5213),#5217);
#5213 = CIRCLE('',#5214,3.);
#5214 = AXIS2_PLACEMENT_2D('',#5215,#5216);
#5215 = CARTESIAN_POINT('',(15.,16.1));
#5216 = DIRECTION('',(0.,-1.));
#5217 = ( GEOMETRIC_REPRESENTATION_CONTEXT(2) 
PARAMETRIC_REPRESENTATION_CONTEXT() REPRESENTATION_CONTEXT('2D SPACE',''
  ) );
#5218 = ADVANCED_FACE('',(#5219),#2425,.T.);
#5219 = FACE_BOUND('',#5220,.T.);
#5220 = EDGE_LOOP('',(#5221,#5222,#5223,#5246));
#5221 = ORIENTED_EDGE('',*,*,#5085,.F.);
#5222 = ORIENTED_EDGE('',*,*,#2409,.T.);
#5223 = ORIENTED_EDGE('',*,*,#5224,.T.);
#5224 = EDGE_CURVE('',#2410,#5225,#5227,.T.);
#5225 = VERTEX_POINT('',#5226);
#5226 = CARTESIAN_POINT('',(-5.,58.7,7.));
#5227 = SURFACE_CURVE('',#5228,(#5232,#5239),.PCURVE_S1.);
#5228 = LINE('',#5229,#5230);
#5229 = CARTESIAN_POINT('',(-5.,58.7,0.8));
#5230 = VECTOR('',#5231,1.);
#5231 = DIRECTION('',(0.,0.,1.));
#5232 = PCURVE('',#2425,#5233);
#5233 = DEFINITIONAL_REPRESENTATION('',(#5234),#5238);
#5234 = LINE('',#5235,#5236);
#5235 = CARTESIAN_POINT('',(0.,-4.39));
#5236 = VECTOR('',#5237,1.);
#5237 = DIRECTION('',(1.,0.));
#5238 = ( GEOMETRIC_REPRESENTATION_CONTEXT(2) 
PARAMETRIC_REPRESENTATION_CONTEXT() REPRESENTATION_CONTEXT('2D SPACE',''
  ) );
#5239 = PCURVE('',#2453,#5240);
#5240 = DEFINITIONAL_REPRESENTATION('',(#5241),#5245);
#5241 = LINE('',#5242,#5243);
#5242 = CARTESIAN_POINT('',(0.,11.65));
#5243 = VECTOR('',#5244,1.);
#5244 = DIRECTION('',(1.,0.));
#5245 = ( GEOMETRIC_REPRESENTATION_CONTEXT(2) 
PARAMETRIC_REPRESENTATION_CONTEXT() REPRESENTATION_CONTEXT('2D SPACE',''
  ) );
#5246 = ORIENTED_EDGE('',*,*,#5247,.F.);
#5247 = EDGE_CURVE('',#5086,#5225,#5248,.T.);
#5248 = SURFACE_CURVE('',#5249,(#5253,#5260),.PCURVE_S1.);
#5249 = LINE('',#5250,#5251);
#5250 = CARTESIAN_POINT('',(-5.,54.31,7.));
#5251 = VECTOR('',#5252,1.);
#5252 = DIRECTION('',(0.,1.,0.));
#5253 = PCURVE('',#2425,#5254);
#5254 = DEFINITIONAL_REPRESENTATION('',(#5255),#5259);
#5255 = LINE('',#5256,#5257);
#5256 = CARTESIAN_POINT('',(6.2,0.));
#5257 = VECTOR('',#5258,1.);
#5258 = DIRECTION('',(0.,-1.));
#5259 = ( GEOMETRIC_REPRESENTATION_CONTEXT(2) 
PARAMETRIC_REPRESENTATION_CONTEXT() REPRESENTATION_CONTEXT('2D SPACE',''
  ) );
#5260 = PCURVE('',#4676,#5261);
#5261 = DEFINITIONAL_REPRESENTATION('',(#5262),#5266);
#5262 = LINE('',#5263,#5264);
#5263 = CARTESIAN_POINT('',(11.65,0.));
#5264 = VECTOR('',#5265,1.);
#5265 = DIRECTION('',(0.,1.));
#5266 = ( GEOMETRIC_REPRESENTATION_CONTEXT(2) 
PARAMETRIC_REPRESENTATION_CONTEXT() REPRESENTATION_CONTEXT('2D SPACE',''
  ) );
#5267 = ADVANCED_FACE('',(#5268,#5295),#2453,.T.);
#5268 = FACE_BOUND('',#5269,.T.);
#5269 = EDGE_LOOP('',(#5270,#5271,#5272,#5293,#5294));
#5270 = ORIENTED_EDGE('',*,*,#2465,.F.);
#5271 = ORIENTED_EDGE('',*,*,#4765,.T.);
#5272 = ORIENTED_EDGE('',*,*,#5273,.T.);
#5273 = EDGE_CURVE('',#4766,#5225,#5274,.T.);
#5274 = SURFACE_CURVE('',#5275,(#5279,#5286),.PCURVE_S1.);
#5275 = LINE('',#5276,#5277);
#5276 = CARTESIAN_POINT('',(-16.65,58.7,7.));
#5277 = VECTOR('',#5278,1.);
#5278 = DIRECTION('',(1.,0.,0.));
#5279 = PCURVE('',#2453,#5280);
#5280 = DEFINITIONAL_REPRESENTATION('',(#5281),#5285);
#5281 = LINE('',#5282,#5283);
#5282 = CARTESIAN_POINT('',(6.2,0.));
#5283 = VECTOR('',#5284,1.);
#5284 = DIRECTION('',(0.,1.));
#5285 = ( GEOMETRIC_REPRESENTATION_CONTEXT(2) 
PARAMETRIC_REPRESENTATION_CONTEXT() REPRESENTATION_CONTEXT('2D SPACE',''
  ) );
#5286 = PCURVE('',#4676,#5287);
#5287 = DEFINITIONAL_REPRESENTATION('',(#5288),#5292);
#5288 = LINE('',#5289,#5290);
#5289 = CARTESIAN_POINT('',(0.,4.39));
#5290 = VECTOR('',#5291,1.);
#5291 = DIRECTION('',(1.,0.));
#5292 = ( GEOMETRIC_REPRESENTATION_CONTEXT(2) 
PARAMETRIC_REPRESENTATION_CONTEXT() REPRESENTATION_CONTEXT('2D SPACE',''
  ) );
#5293 = ORIENTED_EDGE('',*,*,#5224,.F.);
#5294 = ORIENTED_EDGE('',*,*,#2437,.F.);
#5295 = FACE_BOUND('',#5296,.T.);
#5296 = EDGE_LOOP('',(#5297));
#5297 = ORIENTED_EDGE('',*,*,#5298,.T.);
#5298 = EDGE_CURVE('',#5299,#5299,#5301,.T.);
#5299 = VERTEX_POINT('',#5300);
#5300 = CARTESIAN_POINT('',(-9.25,58.7,3.9));
#5301 = SURFACE_CURVE('',#5302,(#5307,#5318),.PCURVE_S1.);
#5302 = CIRCLE('',#5303,1.25);
#5303 = AXIS2_PLACEMENT_3D('',#5304,#5305,#5306);
#5304 = CARTESIAN_POINT('',(-10.5,58.7,3.9));
#5305 = DIRECTION('',(0.,-1.,1.110223024625E-16));
#5306 = DIRECTION('',(1.,0.,0.));
#5307 = PCURVE('',#2453,#5308);
#5308 = DEFINITIONAL_REPRESENTATION('',(#5309),#5317);
#5309 = ( BOUNDED_CURVE() B_SPLINE_CURVE(2,(#5310,#5311,#5312,#5313,
#5314,#5315,#5316),.UNSPECIFIED.,.T.,.F.) B_SPLINE_CURVE_WITH_KNOTS((1,2
    ,2,2,2,1),(-2.094395102393,0.,2.094395102393,4.188790204786,
6.28318530718,8.377580409573),.UNSPECIFIED.) CURVE() 
GEOMETRIC_REPRESENTATION_ITEM() RATIONAL_B_SPLINE_CURVE((1.,0.5,1.,0.5,
1.,0.5,1.)) REPRESENTATION_ITEM('') );
#5310 = CARTESIAN_POINT('',(3.1,7.4));
#5311 = CARTESIAN_POINT('',(5.265063509461,7.4));
#5312 = CARTESIAN_POINT('',(4.182531754731,5.525));
#5313 = CARTESIAN_POINT('',(3.1,3.65));
#5314 = CARTESIAN_POINT('',(2.017468245269,5.525));
#5315 = CARTESIAN_POINT('',(0.934936490539,7.4));
#5316 = CARTESIAN_POINT('',(3.1,7.4));
#5317 = ( GEOMETRIC_REPRESENTATION_CONTEXT(2) 
PARAMETRIC_REPRESENTATION_CONTEXT() REPRESENTATION_CONTEXT('2D SPACE',''
  ) );
#5318 = PCURVE('',#4728,#5319);
#5319 = DEFINITIONAL_REPRESENTATION('',(#5320),#5324);
#5320 = LINE('',#5321,#5322);
#5321 = CARTESIAN_POINT('',(-0.,0.));
#5322 = VECTOR('',#5323,1.);
#5323 = DIRECTION('',(-1.,0.));
#5324 = ( GEOMETRIC_REPRESENTATION_CONTEXT(2) 
PARAMETRIC_REPRESENTATION_CONTEXT() REPRESENTATION_CONTEXT('2D SPACE',''
  ) );
#5325 = ADVANCED_FACE('',(#5326),#2692,.F.);
#5326 = FACE_BOUND('',#5327,.T.);
#5327 = EDGE_LOOP('',(#5328,#5329,#5352,#5379));
#5328 = ORIENTED_EDGE('',*,*,#2671,.T.);
#5329 = ORIENTED_EDGE('',*,*,#5330,.T.);
#5330 = EDGE_CURVE('',#2672,#5331,#5333,.T.);
#5331 = VERTEX_POINT('',#5332);
#5332 = CARTESIAN_POINT('',(-40.9,36.5,5.4));
#5333 = SEAM_CURVE('',#5334,(#5338,#5345),.PCURVE_S1.);
#5334 = LINE('',#5335,#5336);
#5335 = CARTESIAN_POINT('',(-40.9,36.5,-5.4));
#5336 = VECTOR('',#5337,1.);
#5337 = DIRECTION('',(0.,0.,1.));
#5338 = PCURVE('',#2692,#5339);
#5339 = DEFINITIONAL_REPRESENTATION('',(#5340),#5344);
#5340 = LINE('',#5341,#5342);
#5341 = CARTESIAN_POINT('',(-6.28318530718,0.));
#5342 = VECTOR('',#5343,1.);
#5343 = DIRECTION('',(-0.,-1.));
#5344 = ( GEOMETRIC_REPRESENTATION_CONTEXT(2) 
PARAMETRIC_REPRESENTATION_CONTEXT() REPRESENTATION_CONTEXT('2D SPACE',''
  ) );
#5345 = PCURVE('',#2692,#5346);
#5346 = DEFINITIONAL_REPRESENTATION('',(#5347),#5351);
#5347 = LINE('',#5348,#5349);
#5348 = CARTESIAN_POINT('',(-0.,0.));
#5349 = VECTOR('',#5350,1.);
#5350 = DIRECTION('',(-0.,-1.));
#5351 = ( GEOMETRIC_REPRESENTATION_CONTEXT(2) 
PARAMETRIC_REPRESENTATION_CONTEXT() REPRESENTATION_CONTEXT('2D SPACE',''
  ) );
#5352 = ORIENTED_EDGE('',*,*,#5353,.T.);
#5353 = EDGE_CURVE('',#5331,#5331,#5354,.T.);
#5354 = SURFACE_CURVE('',#5355,(#5360,#5367),.PCURVE_S1.);
#5355 = CIRCLE('',#5356,1.6);
#5356 = AXIS2_PLACEMENT_3D('',#5357,#5358,#5359);
#5357 = CARTESIAN_POINT('',(-42.5,36.5,5.4));
#5358 = DIRECTION('',(0.,0.,1.));
#5359 = DIRECTION('',(1.,0.,0.));
#5360 = PCURVE('',#2692,#5361);
#5361 = DEFINITIONAL_REPRESENTATION('',(#5362),#5366);
#5362 = LINE('',#5363,#5364);
#5363 = CARTESIAN_POINT('',(-0.,-10.8));
#5364 = VECTOR('',#5365,1.);
#5365 = DIRECTION('',(-1.,0.));
#5366 = ( GEOMETRIC_REPRESENTATION_CONTEXT(2) 
PARAMETRIC_REPRESENTATION_CONTEXT() REPRESENTATION_CONTEXT('2D SPACE',''
  ) );
#5367 = PCURVE('',#5368,#5373);
#5368 = PLANE('',#5369);
#5369 = AXIS2_PLACEMENT_3D('',#5370,#5371,#5372);
#5370 = CARTESIAN_POINT('',(-42.5,36.5,5.4));
#5371 = DIRECTION('',(0.,0.,1.));
#5372 = DIRECTION('',(1.,0.,-0.));
#5373 = DEFINITIONAL_REPRESENTATION('',(#5374),#5378);
#5374 = CIRCLE('',#5375,1.6);
#5375 = AXIS2_PLACEMENT_2D('',#5376,#5377);
#5376 = CARTESIAN_POINT('',(-7.105427357601E-15,0.));
#5377 = DIRECTION('',(1.,0.));
#5378 = ( GEOMETRIC_REPRESENTATION_CONTEXT(2) 
PARAMETRIC_REPRESENTATION_CONTEXT() REPRESENTATION_CONTEXT('2D SPACE',''
  ) );
#5379 = ORIENTED_EDGE('',*,*,#5330,.F.);
#5380 = ADVANCED_FACE('',(#5381),#2727,.F.);
#5381 = FACE_BOUND('',#5382,.T.);
#5382 = EDGE_LOOP('',(#5383,#5384,#5407,#5434));
#5383 = ORIENTED_EDGE('',*,*,#2706,.T.);
#5384 = ORIENTED_EDGE('',*,*,#5385,.T.);
#5385 = EDGE_CURVE('',#2707,#5386,#5388,.T.);
#5386 = VERTEX_POINT('',#5387);
#5387 = CARTESIAN_POINT('',(-36.35,43.,13.));
#5388 = SEAM_CURVE('',#5389,(#5393,#5400),.PCURVE_S1.);
#5389 = LINE('',#5390,#5391);
#5390 = CARTESIAN_POINT('',(-36.35,43.,0.3));
#5391 = VECTOR('',#5392,1.);
#5392 = DIRECTION('',(0.,0.,1.));
#5393 = PCURVE('',#2727,#5394);
#5394 = DEFINITIONAL_REPRESENTATION('',(#5395),#5399);
#5395 = LINE('',#5396,#5397);
#5396 = CARTESIAN_POINT('',(-6.28318530718,0.));
#5397 = VECTOR('',#5398,1.);
#5398 = DIRECTION('',(-0.,-1.));
#5399 = ( GEOMETRIC_REPRESENTATION_CONTEXT(2) 
PARAMETRIC_REPRESENTATION_CONTEXT() REPRESENTATION_CONTEXT('2D SPACE',''
  ) );
#5400 = PCURVE('',#2727,#5401);
#5401 = DEFINITIONAL_REPRESENTATION('',(#5402),#5406);
#5402 = LINE('',#5403,#5404);
#5403 = CARTESIAN_POINT('',(-0.,0.));
#5404 = VECTOR('',#5405,1.);
#5405 = DIRECTION('',(-0.,-1.));
#5406 = ( GEOMETRIC_REPRESENTATION_CONTEXT(2) 
PARAMETRIC_REPRESENTATION_CONTEXT() REPRESENTATION_CONTEXT('2D SPACE',''
  ) );
#5407 = ORIENTED_EDGE('',*,*,#5408,.T.);
#5408 = EDGE_CURVE('',#5386,#5386,#5409,.T.);
#5409 = SURFACE_CURVE('',#5410,(#5415,#5422),.PCURVE_S1.);
#5410 = CIRCLE('',#5411,1.65);
#5411 = AXIS2_PLACEMENT_3D('',#5412,#5413,#5414);
#5412 = CARTESIAN_POINT('',(-38.,43.,13.));
#5413 = DIRECTION('',(0.,0.,1.));
#5414 = DIRECTION('',(1.,0.,0.));
#5415 = PCURVE('',#2727,#5416);
#5416 = DEFINITIONAL_REPRESENTATION('',(#5417),#5421);
#5417 = LINE('',#5418,#5419);
#5418 = CARTESIAN_POINT('',(-0.,-12.7));
#5419 = VECTOR('',#5420,1.);
#5420 = DIRECTION('',(-1.,0.));
#5421 = ( GEOMETRIC_REPRESENTATION_CONTEXT(2) 
PARAMETRIC_REPRESENTATION_CONTEXT() REPRESENTATION_CONTEXT('2D SPACE',''
  ) );
#5422 = PCURVE('',#5423,#5428);
#5423 = PLANE('',#5424);
#5424 = AXIS2_PLACEMENT_3D('',#5425,#5426,#5427);
#5425 = CARTESIAN_POINT('',(-38.,43.,13.));
#5426 = DIRECTION('',(0.,0.,1.));
#5427 = DIRECTION('',(1.,0.,-0.));
#5428 = DEFINITIONAL_REPRESENTATION('',(#5429),#5433);
#5429 = CIRCLE('',#5430,1.65);
#5430 = AXIS2_PLACEMENT_2D('',#5431,#5432);
#5431 = CARTESIAN_POINT('',(7.105427357601E-15,0.));
#5432 = DIRECTION('',(1.,0.));
#5433 = ( GEOMETRIC_REPRESENTATION_CONTEXT(2) 
PARAMETRIC_REPRESENTATION_CONTEXT() REPRESENTATION_CONTEXT('2D SPACE',''
  ) );
#5434 = ORIENTED_EDGE('',*,*,#5385,.F.);
#5435 = ADVANCED_FACE('',(#5436),#2760,.T.);
#5436 = FACE_BOUND('',#5437,.T.);
#5437 = EDGE_LOOP('',(#5438,#5466,#5492,#5519,#5520,#5521,#5522));
#5438 = ORIENTED_EDGE('',*,*,#5439,.T.);
#5439 = EDGE_CURVE('',#5440,#5442,#5444,.T.);
#5440 = VERTEX_POINT('',#5441);
#5441 = CARTESIAN_POINT('',(-31.40428311908,47.495542907125,9.));
#5442 = VERTEX_POINT('',#5443);
#5443 = CARTESIAN_POINT('',(-34.,47.225700402709,9.));
#5444 = SURFACE_CURVE('',#5445,(#5449,#5455),.PCURVE_S1.);
#5445 = LINE('',#5446,#5447);
#5446 = CARTESIAN_POINT('',(-43.37151204454,46.251467696957,9.));
#5447 = VECTOR('',#5448,1.);
#5448 = DIRECTION('',(-0.994639894682,-0.103399612703,0.));
#5449 = PCURVE('',#2760,#5450);
#5450 = DEFINITIONAL_REPRESENTATION('',(#5451),#5454);
#5451 = B_SPLINE_CURVE_WITH_KNOTS('',1,(#5452,#5453),.UNSPECIFIED.,.F.,
  .F.,(2,2),(-12.03172365383,1.97705345559),.PIECEWISE_BEZIER_KNOTS.);
#5452 = CARTESIAN_POINT('',(15.595720303346,15.99554326291));
#5453 = CARTESIAN_POINT('',(1.662031714606,14.547041135357));
#5454 = ( GEOMETRIC_REPRESENTATION_CONTEXT(2) 
PARAMETRIC_REPRESENTATION_CONTEXT() REPRESENTATION_CONTEXT('2D SPACE',''
  ) );
#5455 = PCURVE('',#5456,#5461);
#5456 = PLANE('',#5457);
#5457 = AXIS2_PLACEMENT_3D('',#5458,#5459,#5460);
#5458 = CARTESIAN_POINT('',(-38.37112084101,47.806080333126,
    6.152406083363));
#5459 = DIRECTION('',(-9.724261283803E-02,0.935413389505,0.339920086171)
  );
#5460 = DIRECTION('',(-5.946103617021E-19,-0.341538738435,0.939867698215
    ));
#5461 = DEFINITIONAL_REPRESENTATION('',(#5462),#5465);
#5462 = B_SPLINE_CURVE_WITH_KNOTS('',1,(#5463,#5464),.UNSPECIFIED.,.F.,
  .F.,(2,2),(-12.03172365383,1.97705345559),.PIECEWISE_BEZIER_KNOTS.);
#5463 = CARTESIAN_POINT('',(2.78242197908,7.000016274778));
#5464 = CARTESIAN_POINT('',(3.277141568345,-7.000022604793));
#5465 = ( GEOMETRIC_REPRESENTATION_CONTEXT(2) 
PARAMETRIC_REPRESENTATION_CONTEXT() REPRESENTATION_CONTEXT('2D SPACE',''
  ) );
#5466 = ORIENTED_EDGE('',*,*,#5467,.F.);
#5467 = EDGE_CURVE('',#5468,#5442,#5470,.T.);
#5468 = VERTEX_POINT('',#5469);
#5469 = CARTESIAN_POINT('',(-34.,45.61962095442,9.));
#5470 = SURFACE_CURVE('',#5471,(#5475,#5481),.PCURVE_S1.);
#5471 = LINE('',#5472,#5473);
#5472 = CARTESIAN_POINT('',(-34.,37.75,9.));
#5473 = VECTOR('',#5474,1.);
#5474 = DIRECTION('',(0.,1.,0.));
#5475 = PCURVE('',#2760,#5476);
#5476 = DEFINITIONAL_REPRESENTATION('',(#5477),#5480);
#5477 = B_SPLINE_CURVE_WITH_KNOTS('',1,(#5478,#5479),.UNSPECIFIED.,.F.,
  .F.,(2,2),(6.25,12.833718970333),.PIECEWISE_BEZIER_KNOTS.);
#5478 = CARTESIAN_POINT('',(13.,12.5));
#5479 = CARTESIAN_POINT('',(13.,19.083718970333));
#5480 = ( GEOMETRIC_REPRESENTATION_CONTEXT(2) 
PARAMETRIC_REPRESENTATION_CONTEXT() REPRESENTATION_CONTEXT('2D SPACE',''
  ) );
#5481 = PCURVE('',#5482,#5487);
#5482 = PLANE('',#5483);
#5483 = AXIS2_PLACEMENT_3D('',#5484,#5485,#5486);
#5484 = CARTESIAN_POINT('',(-34.,44.,0.8));
#5485 = DIRECTION('',(1.,0.,0.));
#5486 = DIRECTION('',(0.,0.,1.));
#5487 = DEFINITIONAL_REPRESENTATION('',(#5488),#5491);
#5488 = B_SPLINE_CURVE_WITH_KNOTS('',1,(#5489,#5490),.UNSPECIFIED.,.F.,
  .F.,(2,2),(6.25,12.833718970333),.PIECEWISE_BEZIER_KNOTS.);
#5489 = CARTESIAN_POINT('',(8.2,0.));
#5490 = CARTESIAN_POINT('',(8.2,-6.583718970333));
#5491 = ( GEOMETRIC_REPRESENTATION_CONTEXT(2) 
PARAMETRIC_REPRESENTATION_CONTEXT() REPRESENTATION_CONTEXT('2D SPACE',''
  ) );
#5492 = ORIENTED_EDGE('',*,*,#5493,.T.);
#5493 = EDGE_CURVE('',#5468,#2896,#5494,.T.);
#5494 = SURFACE_CURVE('',#5495,(#5501,#5510),.PCURVE_S1.);
#5495 = B_SPLINE_CURVE_WITH_KNOTS('',4,(#5496,#5497,#5498,#5499,#5500),
  .UNSPECIFIED.,.F.,.F.,(5,5),(0.,1.),.PIECEWISE_BEZIER_KNOTS.);
#5496 = CARTESIAN_POINT('',(-46.33663037706,45.414060802002,9.));
#5497 = CARTESIAN_POINT('',(-42.30010492048,45.481319750575,9.));
#5498 = CARTESIAN_POINT('',(-38.24648714693,45.548863501332,9.));
#5499 = CARTESIAN_POINT('',(-34.17583045011,45.616691164597,9.));
#5500 = CARTESIAN_POINT('',(-30.08819669344,45.684801709565,9.));
#5501 = PCURVE('',#2760,#5502);
#5502 = DEFINITIONAL_REPRESENTATION('',(#5503),#5509);
#5503 = B_SPLINE_CURVE_WITH_KNOTS('',4,(#5504,#5505,#5506,#5507,#5508),
  .UNSPECIFIED.,.F.,.F.,(5,5),(0.,1.),.PIECEWISE_BEZIER_KNOTS.);
#5504 = CARTESIAN_POINT('',(0.663369622935,13.914060802002));
#5505 = CARTESIAN_POINT('',(4.699895079514,13.981319750575));
#5506 = CARTESIAN_POINT('',(8.753512853064,14.048863501332));
#5507 = CARTESIAN_POINT('',(12.824169549888,14.116691164597));
#5508 = CARTESIAN_POINT('',(16.911803306559,14.184801709565));
#5509 = ( GEOMETRIC_REPRESENTATION_CONTEXT(2) 
PARAMETRIC_REPRESENTATION_CONTEXT() REPRESENTATION_CONTEXT('2D SPACE',''
  ) );
#5510 = PCURVE('',#2942,#5511);
#5511 = DEFINITIONAL_REPRESENTATION('',(#5512),#5518);
#5512 = B_SPLINE_CURVE_WITH_KNOTS('',4,(#5513,#5514,#5515,#5516,#5517),
  .UNSPECIFIED.,.F.,.F.,(5,5),(0.,1.),.PIECEWISE_BEZIER_KNOTS.);
#5513 = CARTESIAN_POINT('',(18.,0.316049416805));
#5514 = CARTESIAN_POINT('',(13.476987671122,0.308392237991));
#5515 = CARTESIAN_POINT('',(8.969233517333,0.300702635516));
#5516 = CARTESIAN_POINT('',(4.476864057178,0.292980710669));
#5517 = CARTESIAN_POINT('',(0.,0.285226580802));
#5518 = ( GEOMETRIC_REPRESENTATION_CONTEXT(2) 
PARAMETRIC_REPRESENTATION_CONTEXT() REPRESENTATION_CONTEXT('2D SPACE',''
  ) );
#5519 = ORIENTED_EDGE('',*,*,#2895,.F.);
#5520 = ORIENTED_EDGE('',*,*,#2742,.T.);
#5521 = ORIENTED_EDGE('',*,*,#5197,.T.);
#5522 = ORIENTED_EDGE('',*,*,#5523,.T.);
#5523 = EDGE_CURVE('',#5166,#5440,#5524,.T.);
#5524 = SURFACE_CURVE('',#5525,(#5529,#5535),.PCURVE_S1.);
#5525 = LINE('',#5526,#5527);
#5526 = CARTESIAN_POINT('',(-30.7082542651,39.91617005671,9.));
#5527 = VECTOR('',#5528,1.);
#5528 = DIRECTION('',(9.144720221948E-02,-0.995809926244,0.));
#5529 = PCURVE('',#2760,#5530);
#5530 = DEFINITIONAL_REPRESENTATION('',(#5531),#5534);
#5531 = B_SPLINE_CURVE_WITH_KNOTS('',1,(#5532,#5533),.UNSPECIFIED.,.F.,
  .F.,(2,2),(-10.72878434099,-7.611264610509),.PIECEWISE_BEZIER_KNOTS.);
#5532 = CARTESIAN_POINT('',(15.310628423699,19.1));
#5533 = CARTESIAN_POINT('',(15.595716880916,15.995542907125));
#5534 = ( GEOMETRIC_REPRESENTATION_CONTEXT(2) 
PARAMETRIC_REPRESENTATION_CONTEXT() REPRESENTATION_CONTEXT('2D SPACE',''
  ) );
#5535 = PCURVE('',#5185,#5536);
#5536 = DEFINITIONAL_REPRESENTATION('',(#5537),#5540);
#5537 = B_SPLINE_CURVE_WITH_KNOTS('',1,(#5538,#5539),.UNSPECIFIED.,.F.,
  .F.,(2,2),(-10.72878434099,-7.611264610509),.PIECEWISE_BEZIER_KNOTS.);
#5538 = CARTESIAN_POINT('',(3.177837965745,-2.93167347829));
#5539 = CARTESIAN_POINT('',(2.117545606708,9.021730501461E-16));
#5540 = ( GEOMETRIC_REPRESENTATION_CONTEXT(2) 
PARAMETRIC_REPRESENTATION_CONTEXT() REPRESENTATION_CONTEXT('2D SPACE',''
  ) );
#5541 = ADVANCED_FACE('',(#5542),#3072,.T.);
#5542 = FACE_BOUND('',#5543,.T.);
#5543 = EDGE_LOOP('',(#5544,#5567,#5568,#5569,#5592));
#5544 = ORIENTED_EDGE('',*,*,#5545,.F.);
#5545 = EDGE_CURVE('',#3129,#5546,#5548,.T.);
#5546 = VERTEX_POINT('',#5547);
#5547 = CARTESIAN_POINT('',(-40.21728305737,62.726050007692,
    16.640280384443));
#5548 = SURFACE_CURVE('',#5549,(#5553,#5560),.PCURVE_S1.);
#5549 = LINE('',#5550,#5551);
#5550 = CARTESIAN_POINT('',(-33.38332533271,58.455719273311,
    33.921693669154));
#5551 = VECTOR('',#5552,1.);
#5552 = DIRECTION('',(-0.35840061227,0.223953558313,-0.906307787037));
#5553 = PCURVE('',#3072,#5554);
#5554 = DEFINITIONAL_REPRESENTATION('',(#5555),#5559);
#5555 = LINE('',#5556,#5557);
#5556 = CARTESIAN_POINT('',(0.,0.));
#5557 = VECTOR('',#5558,1.);
#5558 = DIRECTION('',(1.,6.133011615849E-18));
#5559 = ( GEOMETRIC_REPRESENTATION_CONTEXT(2) 
PARAMETRIC_REPRESENTATION_CONTEXT() REPRESENTATION_CONTEXT('2D SPACE',''
  ) );
#5560 = PCURVE('',#3177,#5561);
#5561 = DEFINITIONAL_REPRESENTATION('',(#5562),#5566);
#5562 = LINE('',#5563,#5564);
#5563 = CARTESIAN_POINT('',(-6.,12.5));
#5564 = VECTOR('',#5565,1.);
#5565 = DIRECTION('',(-1.626968282293E-16,-1.));
#5566 = ( GEOMETRIC_REPRESENTATION_CONTEXT(2) 
PARAMETRIC_REPRESENTATION_CONTEXT() REPRESENTATION_CONTEXT('2D SPACE',''
  ) );
#5567 = ORIENTED_EDGE('',*,*,#3128,.F.);
#5568 = ORIENTED_EDGE('',*,*,#3024,.F.);
#5569 = ORIENTED_EDGE('',*,*,#5570,.T.);
#5570 = EDGE_CURVE('',#2955,#5571,#5573,.T.);
#5571 = VERTEX_POINT('',#5572);
#5572 = CARTESIAN_POINT('',(-33.48929039073,58.521933590436,
    14.724121201573));
#5573 = SURFACE_CURVE('',#5574,(#5578,#5585),.PCURVE_S1.);
#5574 = LINE('',#5575,#5576);
#5575 = CARTESIAN_POINT('',(-27.23458458609,54.613559627909,
    30.540747575229));
#5576 = VECTOR('',#5577,1.);
#5577 = DIRECTION('',(-0.35840061227,0.223953558313,-0.906307787037));
#5578 = PCURVE('',#3072,#5579);
#5579 = DEFINITIONAL_REPRESENTATION('',(#5580),#5584);
#5580 = LINE('',#5581,#5582);
#5581 = CARTESIAN_POINT('',(-7.292040085069E-16,-8.));
#5582 = VECTOR('',#5583,1.);
#5583 = DIRECTION('',(1.,6.133011615849E-18));
#5584 = ( GEOMETRIC_REPRESENTATION_CONTEXT(2) 
PARAMETRIC_REPRESENTATION_CONTEXT() REPRESENTATION_CONTEXT('2D SPACE',''
  ) );
#5585 = PCURVE('',#2998,#5586);
#5586 = DEFINITIONAL_REPRESENTATION('',(#5587),#5591);
#5587 = LINE('',#5588,#5589);
#5588 = CARTESIAN_POINT('',(-6.,12.5));
#5589 = VECTOR('',#5590,1.);
#5590 = DIRECTION('',(-1.626968282293E-16,-1.));
#5591 = ( GEOMETRIC_REPRESENTATION_CONTEXT(2) 
PARAMETRIC_REPRESENTATION_CONTEXT() REPRESENTATION_CONTEXT('2D SPACE',''
  ) );
#5592 = ORIENTED_EDGE('',*,*,#5593,.F.);
#5593 = EDGE_CURVE('',#5546,#5571,#5594,.T.);
#5594 = SURFACE_CURVE('',#5595,(#5604,#5616),.PCURVE_S1.);
#5595 = B_SPLINE_CURVE_WITH_KNOTS('',4,(#5596,#5597,#5598,#5599,#5600,
    #5601,#5602,#5603),.UNSPECIFIED.,.F.,.F.,(5,3,5),(0.,
    1.169322195498E-02,1.),.UNSPECIFIED.);
#5596 = CARTESIAN_POINT('',(-40.21728305737,62.726050007692,
    16.640280384443));
#5597 = CARTESIAN_POINT('',(-40.19811680202,62.714073602135,
    16.634821758371));
#5598 = CARTESIAN_POINT('',(-40.17894692958,62.702094936367,
    16.629362102136));
#5599 = CARTESIAN_POINT('',(-40.15977250837,62.690113428213,
    16.623901150394));
#5600 = CARTESIAN_POINT('',(-38.5196600521,61.665257420605,
    16.156790572286));
#5601 = CARTESIAN_POINT('',(-36.87029190955,60.634617818309,
    15.687043937758));
#5602 = CARTESIAN_POINT('',(-35.19318741449,59.586646619395,
    15.209397879256));
#5603 = CARTESIAN_POINT('',(-33.48929039073,58.521933590436,
    14.724121201573));
#5604 = PCURVE('',#3072,#5605);
#5605 = DEFINITIONAL_REPRESENTATION('',(#5606),#5615);
#5606 = B_SPLINE_CURVE_WITH_KNOTS('',4,(#5607,#5608,#5609,#5610,#5611,
    #5612,#5613,#5614),.UNSPECIFIED.,.F.,.F.,(5,3,5),(0.,
    1.169322195498E-02,1.),.UNSPECIFIED.);
#5607 = CARTESIAN_POINT('',(19.067929826815,3.552713678801E-15));
#5608 = CARTESIAN_POINT('',(19.063325665839,-2.278986472986E-02));
#5609 = CARTESIAN_POINT('',(19.058720635958,-4.558403040659E-02));
#5610 = CARTESIAN_POINT('',(19.05411451336,-6.83836048529E-02));
#5611 = CARTESIAN_POINT('',(18.660123009525,-2.018578900875));
#5612 = CARTESIAN_POINT('',(18.26390808391,-3.979779781166));
#5613 = CARTESIAN_POINT('',(17.861030269299,-5.973960902532));
#5614 = CARTESIAN_POINT('',(17.451716293172,-8.));
#5615 = ( GEOMETRIC_REPRESENTATION_CONTEXT(2) 
PARAMETRIC_REPRESENTATION_CONTEXT() REPRESENTATION_CONTEXT('2D SPACE',''
  ) );
#5616 = PCURVE('',#2942,#5617);
#5617 = DEFINITIONAL_REPRESENTATION('',(#5618),#5627);
#5618 = B_SPLINE_CURVE_WITH_KNOTS('',4,(#5619,#5620,#5621,#5622,#5623,
    #5624,#5625,#5626),.UNSPECIFIED.,.F.,.F.,(5,3,5),(0.,
    1.169322195498E-02,1.),.UNSPECIFIED.);
#5619 = CARTESIAN_POINT('',(9.166533092519,0.738762011984));
#5620 = CARTESIAN_POINT('',(9.142892786664,0.738415352025));
#5621 = CARTESIAN_POINT('',(9.119256798346,0.738068626644));
#5622 = CARTESIAN_POINT('',(9.095626239244,0.737721818989));
#5623 = CARTESIAN_POINT('',(7.075135760852,0.708057113675));
#5624 = CARTESIAN_POINT('',(5.11224131524,0.678225000812));
#5625 = CARTESIAN_POINT('',(3.184256708224,0.647891220688));
#5626 = CARTESIAN_POINT('',(1.291781594695,0.617072844239));
#5627 = ( GEOMETRIC_REPRESENTATION_CONTEXT(2) 
PARAMETRIC_REPRESENTATION_CONTEXT() REPRESENTATION_CONTEXT('2D SPACE',''
  ) );
#5628 = ADVANCED_FACE('',(#5629),#2998,.F.);
#5629 = FACE_BOUND('',#5630,.F.);
#5630 = EDGE_LOOP('',(#5631,#5632,#5633));
#5631 = ORIENTED_EDGE('',*,*,#2954,.T.);
#5632 = ORIENTED_EDGE('',*,*,#5570,.T.);
#5633 = ORIENTED_EDGE('',*,*,#5634,.T.);
#5634 = EDGE_CURVE('',#5571,#2928,#5635,.T.);
#5635 = SURFACE_CURVE('',#5636,(#5642,#5651),.PCURVE_S1.);
#5636 = B_SPLINE_CURVE_WITH_KNOTS('',4,(#5637,#5638,#5639,#5640,#5641),
  .UNSPECIFIED.,.F.,.F.,(5,5),(0.,1.),.PIECEWISE_BEZIER_KNOTS.);
#5637 = CARTESIAN_POINT('',(-33.48929039073,58.521933590436,
    14.724121201573));
#5638 = CARTESIAN_POINT('',(-33.27423238998,58.770424576814,
    14.83284634589));
#5639 = CARTESIAN_POINT('',(-33.05981723105,59.018172784976,
    14.941246493837));
#5640 = CARTESIAN_POINT('',(-32.84604895859,59.265173541487,
    15.049319600591));
#5641 = CARTESIAN_POINT('',(-32.63293142582,59.511422394109,
    15.157063718112));
#5642 = PCURVE('',#2998,#5643);
#5643 = DEFINITIONAL_REPRESENTATION('',(#5644),#5650);
#5644 = B_SPLINE_CURVE_WITH_KNOTS('',4,(#5645,#5646,#5647,#5648,#5649),
  .UNSPECIFIED.,.F.,.F.,(5,5),(0.,1.),.PIECEWISE_BEZIER_KNOTS.);
#5645 = CARTESIAN_POINT('',(-6.,-4.951716293172));
#5646 = CARTESIAN_POINT('',(-5.675304314565,-4.831751369696));
#5647 = CARTESIAN_POINT('',(-5.351579195047,-4.712145040039));
#5648 = CARTESIAN_POINT('',(-5.028830748083,-4.592899560414));
#5649 = CARTESIAN_POINT('',(-4.707064791277,-4.474017080242));
#5650 = ( GEOMETRIC_REPRESENTATION_CONTEXT(2) 
PARAMETRIC_REPRESENTATION_CONTEXT() REPRESENTATION_CONTEXT('2D SPACE',''
  ) );
#5651 = PCURVE('',#2942,#5652);
#5652 = DEFINITIONAL_REPRESENTATION('',(#5653),#5659);
#5653 = B_SPLINE_CURVE_WITH_KNOTS('',4,(#5654,#5655,#5656,#5657,#5658),
  .UNSPECIFIED.,.F.,.F.,(5,5),(0.,1.),.PIECEWISE_BEZIER_KNOTS.);
#5654 = CARTESIAN_POINT('',(1.291781594695,0.617072844239));
#5655 = CARTESIAN_POINT('',(0.970504963463,0.622845495281));
#5656 = CARTESIAN_POINT('',(0.648113227549,0.628600890972));
#5657 = CARTESIAN_POINT('',(0.324610179121,0.634338922743));
#5658 = CARTESIAN_POINT('',(0.,0.640059487165));
#5659 = ( GEOMETRIC_REPRESENTATION_CONTEXT(2) 
PARAMETRIC_REPRESENTATION_CONTEXT() REPRESENTATION_CONTEXT('2D SPACE',''
  ) );
#5660 = ADVANCED_FACE('',(#5661),#2942,.T.);
#5661 = FACE_BOUND('',#5662,.T.);
#5662 = EDGE_LOOP('',(#5663,#5664,#5665,#5709,#5743,#5852,#5908,#5935,
    #5957,#5993,#5994,#5995,#5996,#5997,#6122,#6142,#6225,#6250,#6333,
    #6353));
#5663 = ORIENTED_EDGE('',*,*,#3739,.F.);
#5664 = ORIENTED_EDGE('',*,*,#3415,.T.);
#5665 = ORIENTED_EDGE('',*,*,#5666,.T.);
#5666 = EDGE_CURVE('',#3418,#5667,#5669,.T.);
#5667 = VERTEX_POINT('',#5668);
#5668 = CARTESIAN_POINT('',(-45.07440507556,69.241608785411,
    19.568750303025));
#5669 = SURFACE_CURVE('',#5670,(#5681,#5695),.PCURVE_S1.);
#5670 = B_SPLINE_CURVE_WITH_KNOTS('',5,(#5671,#5672,#5673,#5674,#5675,
    #5676,#5677,#5678,#5679,#5680),.UNSPECIFIED.,.F.,.F.,(6,4,6),(0.,
    0.810187756455,1.),.UNSPECIFIED.);
#5671 = CARTESIAN_POINT('',(-47.11841937792,71.156004027604,
    20.433753888332));
#5672 = CARTESIAN_POINT('',(-46.79323454076,70.84181544231,
    20.291866405623));
#5673 = CARTESIAN_POINT('',(-46.46548353475,70.529416605752,
    20.150754487813));
#5674 = CARTESIAN_POINT('',(-46.13528204993,70.218641895576,
    20.010345463709));
#5675 = CARTESIAN_POINT('',(-45.80272191322,69.909368504082,
    19.870585492883));
#5676 = CARTESIAN_POINT('',(-45.38943444956,69.529367299624,
    19.698829202501));
#5677 = CARTESIAN_POINT('',(-45.31086227292,69.457315329176,
    19.666260973893));
#5678 = CARTESIAN_POINT('',(-45.232165939,69.385338981718,
    19.633725399205));
#5679 = CARTESIAN_POINT('',(-45.15334641577,69.313437046478,
    19.601221948082));
#5680 = CARTESIAN_POINT('',(-45.0744046406,69.24160838964,
    19.568750124108));
#5681 = PCURVE('',#2942,#5682);
#5682 = DEFINITIONAL_REPRESENTATION('',(#5683),#5694);
#5683 = B_SPLINE_CURVE_WITH_KNOTS('',5,(#5684,#5685,#5686,#5687,#5688,
    #5689,#5690,#5691,#5692,#5693),.UNSPECIFIED.,.F.,.F.,(6,4,6),(0.,
    0.810187756455,1.),.UNSPECIFIED.);
#5684 = CARTESIAN_POINT('',(18.,0.967497795089));
#5685 = CARTESIAN_POINT('',(17.533190366367,0.958815165513));
#5686 = CARTESIAN_POINT('',(17.067490590201,0.950171755895));
#5687 = CARTESIAN_POINT('',(16.603010495978,0.941563654614));
#5688 = CARTESIAN_POINT('',(16.139827262786,0.932987975241));
#5689 = CARTESIAN_POINT('',(15.569802259124,0.922440289467));
#5690 = CARTESIAN_POINT('',(15.461678954086,0.920439860217));
#5691 = CARTESIAN_POINT('',(15.353630849983,0.918441052095));
#5692 = CARTESIAN_POINT('',(15.245658650055,0.916443836717));
#5693 = CARTESIAN_POINT('',(15.137762979622,0.914448186845));
#5694 = ( GEOMETRIC_REPRESENTATION_CONTEXT(2) 
PARAMETRIC_REPRESENTATION_CONTEXT() REPRESENTATION_CONTEXT('2D SPACE',''
  ) );
#5695 = PCURVE('',#3532,#5696);
#5696 = DEFINITIONAL_REPRESENTATION('',(#5697),#5708);
#5697 = B_SPLINE_CURVE_WITH_KNOTS('',5,(#5698,#5699,#5700,#5701,#5702,
    #5703,#5704,#5705,#5706,#5707),.UNSPECIFIED.,.F.,.F.,(6,4,6),(0.,
    0.810187756455,1.),.UNSPECIFIED.);
#5698 = CARTESIAN_POINT('',(-2.457534257247,-3.356007083182));
#5699 = CARTESIAN_POINT('',(-2.475988686682,-2.895212846647));
#5700 = CARTESIAN_POINT('',(-2.494142666007,-2.433633602165));
#5701 = CARTESIAN_POINT('',(-2.512031683047,-1.971248012646));
#5702 = CARTESIAN_POINT('',(-2.529683260254,-1.508044920782));
#5703 = CARTESIAN_POINT('',(-2.55120607829,-0.935304730788));
#5704 = CARTESIAN_POINT('',(-2.555279622844,-0.826546412968));
#5705 = CARTESIAN_POINT('',(-2.559341717372,-0.717742788368));
#5706 = CARTESIAN_POINT('',(-2.563392648711,-0.608893795344));
#5707 = CARTESIAN_POINT('',(-2.567432690742,-0.4999994));
#5708 = ( GEOMETRIC_REPRESENTATION_CONTEXT(2) 
PARAMETRIC_REPRESENTATION_CONTEXT() REPRESENTATION_CONTEXT('2D SPACE',''
  ) );
#5709 = ORIENTED_EDGE('',*,*,#5710,.F.);
#5710 = EDGE_CURVE('',#5711,#5667,#5713,.T.);
#5711 = VERTEX_POINT('',#5712);
#5712 = CARTESIAN_POINT('',(-46.76058209386,67.293298148175,
    18.716283345184));
#5713 = SURFACE_CURVE('',#5714,(#5720,#5729),.PCURVE_S1.);
#5714 = B_SPLINE_CURVE_WITH_KNOTS('',4,(#5715,#5716,#5717,#5718,#5719),
  .UNSPECIFIED.,.F.,.F.,(5,5),(0.,1.),.PIECEWISE_BEZIER_KNOTS.);
#5715 = CARTESIAN_POINT('',(-46.99295377637,67.024801889528,
    18.598805061985));
#5716 = CARTESIAN_POINT('',(-45.67620163798,68.546256736791,
    19.264504853564));
#5717 = CARTESIAN_POINT('',(-44.38557627729,70.037523129125,
    19.916995940205));
#5718 = CARTESIAN_POINT('',(-43.12230182655,71.497186630296,
    20.555659447212));
#5719 = CARTESIAN_POINT('',(-41.88720400075,72.924293159408,
    21.180077924501));
#5720 = PCURVE('',#2942,#5721);
#5721 = DEFINITIONAL_REPRESENTATION('',(#5722),#5728);
#5722 = B_SPLINE_CURVE_WITH_KNOTS('',4,(#5723,#5724,#5725,#5726,#5727),
  .UNSPECIFIED.,.F.,.F.,(5,5),(0.,1.),.PIECEWISE_BEZIER_KNOTS.);
#5723 = CARTESIAN_POINT('',(18.,0.862949940655));
#5724 = CARTESIAN_POINT('',(16.08290781083,0.898294594553));
#5725 = CARTESIAN_POINT('',(14.119303809782,0.932937945686));
#5726 = CARTESIAN_POINT('',(12.110123264067,0.966847135531));
#5727 = CARTESIAN_POINT('',(10.057025064523,1.));
#5728 = ( GEOMETRIC_REPRESENTATION_CONTEXT(2) 
PARAMETRIC_REPRESENTATION_CONTEXT() REPRESENTATION_CONTEXT('2D SPACE',''
  ) );
#5729 = PCURVE('',#5730,#5735);
#5730 = PLANE('',#5731);
#5731 = AXIS2_PLACEMENT_3D('',#5732,#5733,#5734);
#5732 = CARTESIAN_POINT('',(-35.99419259928,55.370456596645,
    51.84582618184));
#5733 = DIRECTION('',(0.768592593328,-0.480269955675,-0.422618261741));
#5734 = DIRECTION('',(0.529919264233,0.848048096156,2.567128376493E-17)
  );
#5735 = DEFINITIONAL_REPRESENTATION('',(#5736),#5742);
#5736 = B_SPLINE_CURVE_WITH_KNOTS('',4,(#5737,#5738,#5739,#5740,#5741),
  .UNSPECIFIED.,.F.,.F.,(5,5),(0.,1.),.PIECEWISE_BEZIER_KNOTS.);
#5737 = CARTESIAN_POINT('',(4.054989907141,-36.68402897492));
#5738 = CARTESIAN_POINT('',(6.043029118104,-35.94951052424));
#5739 = CARTESIAN_POINT('',(7.99162198452,-35.22956626692));
#5740 = CARTESIAN_POINT('',(9.898920305176,-34.52487905564));
#5741 = CARTESIAN_POINT('',(11.76367741131,-33.83590949561));
#5742 = ( GEOMETRIC_REPRESENTATION_CONTEXT(2) 
PARAMETRIC_REPRESENTATION_CONTEXT() REPRESENTATION_CONTEXT('2D SPACE',''
  ) );
#5743 = ORIENTED_EDGE('',*,*,#5744,.T.);
#5744 = EDGE_CURVE('',#5711,#5745,#5747,.T.);
#5745 = VERTEX_POINT('',#5746);
#5746 = CARTESIAN_POINT('',(-43.54212875237,64.274442976541,
    17.352274232284));
#5747 = SURFACE_CURVE('',#5748,(#5779,#5813),.PCURVE_S1.);
#5748 = B_SPLINE_CURVE_WITH_KNOTS('',8,(#5749,#5750,#5751,#5752,#5753,
    #5754,#5755,#5756,#5757,#5758,#5759,#5760,#5761,#5762,#5763,#5764,
    #5765,#5766,#5767,#5768,#5769,#5770,#5771,#5772,#5773,#5774,#5775,
    #5776,#5777,#5778),.UNSPECIFIED.,.F.,.F.,(9,7,7,7,9),(0.,
    4.670584263888E-02,0.870834432814,0.935495437455,1.),.UNSPECIFIED.);
#5749 = CARTESIAN_POINT('',(-46.7605825173,67.293298557257,
    18.716283529925));
#5750 = CARTESIAN_POINT('',(-46.74219091641,67.275530701737,
    18.708259557051));
#5751 = CARTESIAN_POINT('',(-46.72379415925,67.257765352039,
    18.700236658478));
#5752 = CARTESIAN_POINT('',(-46.70539043292,67.240000745226,
    18.692214038152));
#5753 = CARTESIAN_POINT('',(-46.68698345282,67.2222404587,
    18.684193311719));
#5754 = CARTESIAN_POINT('',(-46.66856864345,67.204480060929,
    18.676172477987));
#5755 = CARTESIAN_POINT('',(-46.6501497295,67.186723138437,
    18.668153156719));
#5756 = CARTESIAN_POINT('',(-46.63172475335,67.168967788699,
    18.660134488821));
#5757 = CARTESIAN_POINT('',(-46.28808812884,66.837958150558,
    18.510642915006));
#5758 = CARTESIAN_POINT('',(-45.96116144846,66.525349092653,
    18.369443768517));
#5759 = CARTESIAN_POINT('',(-45.63254822988,66.213357605224,
    18.228506312744));
#5760 = CARTESIAN_POINT('',(-45.30228025618,65.901957280251,
    18.087819059123));
#5761 = CARTESIAN_POINT('',(-44.97038737839,65.591124739534,
    17.947371849867));
#5762 = CARTESIAN_POINT('',(-44.63689773089,65.280839246937,
    17.807155687418));
#5763 = CARTESIAN_POINT('',(-44.30183794683,64.971082320644,
    17.667162563905));
#5764 = CARTESIAN_POINT('',(-43.93882342957,64.63757403138,
    17.516418386852));
#5765 = CARTESIAN_POINT('',(-43.91240397598,64.613313869095,
    17.505452811961));
#5766 = CARTESIAN_POINT('',(-43.88597502499,64.589056850565,
    17.494488562465));
#5767 = CARTESIAN_POINT('',(-43.85953658877,64.564802967878,
    17.483525634941));
#5768 = CARTESIAN_POINT('',(-43.83308867947,64.540552213195,17.472564026
    ));
#5769 = CARTESIAN_POINT('',(-43.80663130916,64.516304578755,
    17.461603732286));
#5770 = CARTESIAN_POINT('',(-43.78016448988,64.492060056866,
    17.450644750472));
#5771 = CARTESIAN_POINT('',(-43.72727603451,64.443635873117,
    17.428755915271));
#5772 = CARTESIAN_POINT('',(-43.7008544066,64.41945616208,
    17.417826040111));
#5773 = CARTESIAN_POINT('',(-43.67442355695,64.395279677378,
    17.406897529047));
#5774 = CARTESIAN_POINT('',(-43.6479831044,64.371106052817,
    17.395970216689));
#5775 = CARTESIAN_POINT('',(-43.62153335914,64.34693555333,
    17.385044222947));
#5776 = CARTESIAN_POINT('',(-43.59507451437,64.322768337142,
    17.374119619494));
#5777 = CARTESIAN_POINT('',(-43.56860600862,64.298603873855,
    17.363196166709));
#5778 = CARTESIAN_POINT('',(-43.54212831796,64.274442580133,
    17.352274053088));
#5779 = PCURVE('',#2942,#5780);
#5780 = DEFINITIONAL_REPRESENTATION('',(#5781),#5812);
#5781 = B_SPLINE_CURVE_WITH_KNOTS('',8,(#5782,#5783,#5784,#5785,#5786,
    #5787,#5788,#5789,#5790,#5791,#5792,#5793,#5794,#5795,#5796,#5797,
    #5798,#5799,#5800,#5801,#5802,#5803,#5804,#5805,#5806,#5807,#5808,
    #5809,#5810,#5811),.UNSPECIFIED.,.F.,.F.,(9,7,7,7,9),(0.,
    4.670584263888E-02,0.870834432814,0.935495437455,1.),.UNSPECIFIED.);
#5782 = CARTESIAN_POINT('',(17.660694766678,0.869187344728));
#5783 = CARTESIAN_POINT('',(17.635589451157,0.868696324076));
#5784 = CARTESIAN_POINT('',(17.610488185587,0.868205333723));
#5785 = CARTESIAN_POINT('',(17.585396467636,0.867714418842));
#5786 = CARTESIAN_POINT('',(17.560303088757,0.867223486874));
#5787 = CARTESIAN_POINT('',(17.535221901124,0.866732651884));
#5788 = CARTESIAN_POINT('',(17.510141668997,0.866241821099));
#5789 = CARTESIAN_POINT('',(17.485068326603,0.86575104329));
#5790 = CARTESIAN_POINT('',(17.017667385147,0.856601147568));
#5791 = CARTESIAN_POINT('',(16.576982487813,0.847954343055));
#5792 = CARTESIAN_POINT('',(16.137957579336,0.839319215345));
#5793 = CARTESIAN_POINT('',(15.70060239423,0.830695171648));
#5794 = CARTESIAN_POINT('',(15.264924406176,0.822081691161));
#5795 = CARTESIAN_POINT('',(14.830929095801,0.813478315775));
#5796 = CARTESIAN_POINT('',(14.39862021845,0.804884640797));
#5797 = CARTESIAN_POINT('',(13.934213680343,0.795626780019));
#5798 = CARTESIAN_POINT('',(13.900437684476,0.794953311882));
#5799 = CARTESIAN_POINT('',(13.866672085457,0.794279901072));
#5800 = CARTESIAN_POINT('',(13.832916884327,0.793606547418));
#5801 = CARTESIAN_POINT('',(13.799172082072,0.79293325075));
#5802 = CARTESIAN_POINT('',(13.76543767962,0.7922600109));
#5803 = CARTESIAN_POINT('',(13.731713677845,0.791586827703));
#5804 = CARTESIAN_POINT('',(13.664368044621,0.79024220286));
#5805 = CARTESIAN_POINT('',(13.630746480202,0.789570761629));
#5806 = CARTESIAN_POINT('',(13.597134777328,0.788899373587));
#5807 = CARTESIAN_POINT('',(13.563534156608,0.788228045682));
#5808 = CARTESIAN_POINT('',(13.529943694455,0.787556772375));
#5809 = CARTESIAN_POINT('',(13.496362828654,0.786885550229));
#5810 = CARTESIAN_POINT('',(13.462793335989,0.786214389426));
#5811 = CARTESIAN_POINT('',(13.429233776573,0.785543281422));
#5812 = ( GEOMETRIC_REPRESENTATION_CONTEXT(2) 
PARAMETRIC_REPRESENTATION_CONTEXT() REPRESENTATION_CONTEXT('2D SPACE',''
  ) );
#5813 = PCURVE('',#5814,#5819);
#5814 = CYLINDRICAL_SURFACE('',#5815,10.);
#5815 = AXIS2_PLACEMENT_3D('',#5816,#5817,#5818);
#5816 = CARTESIAN_POINT('',(-40.9225442004,69.857415327769,
    26.419699252679));
#5817 = DIRECTION('',(-0.768592593328,0.480269955675,0.422618261741));
#5818 = DIRECTION('',(0.617806615345,0.72871498372,0.295447894794));
#5819 = DEFINITIONAL_REPRESENTATION('',(#5820),#5851);
#5820 = B_SPLINE_CURVE_WITH_KNOTS('',8,(#5821,#5822,#5823,#5824,#5825,
    #5826,#5827,#5828,#5829,#5830,#5831,#5832,#5833,#5834,#5835,#5836,
    #5837,#5838,#5839,#5840,#5841,#5842,#5843,#5844,#5845,#5846,#5847,
    #5848,#5849,#5850),.UNSPECIFIED.,.F.,.F.,(9,7,7,7,9),(0.,
    4.670584263888E-02,0.870834432814,0.935495437455,1.),.UNSPECIFIED.);
#5821 = CARTESIAN_POINT('',(2.457708761814,5.999999999062E-07));
#5822 = CARTESIAN_POINT('',(2.458334887785,-2.605949287541E-02));
#5823 = CARTESIAN_POINT('',(2.458960719967,-5.212189132861E-02));
#5824 = CARTESIAN_POINT('',(2.459586321177,-7.818917186161E-02));
#5825 = CARTESIAN_POINT('',(2.46021156605,-0.104256077913));
#5826 = CARTESIAN_POINT('',(2.460836611429,-0.130329100265));
#5827 = CARTESIAN_POINT('',(2.461461331623,-0.156402969099));
#5828 = CARTESIAN_POINT('',(2.462085794354,-0.182480465814));
#5829 = CARTESIAN_POINT('',(2.473723778214,-0.668748883517));
#5830 = CARTESIAN_POINT('',(2.484652072359,-1.129832384858));
#5831 = CARTESIAN_POINT('',(2.495499645207,-1.59180495114));
#5832 = CARTESIAN_POINT('',(2.506270883255,-2.054659692384));
#5833 = CARTESIAN_POINT('',(2.516969821413,-2.518389186027));
#5834 = CARTESIAN_POINT('',(2.52760018828,-2.982985569664));
#5835 = CARTESIAN_POINT('',(2.538165451424,-3.44844063379));
#5836 = CARTESIAN_POINT('',(2.549492958718,-3.951332156401));
#5837 = CARTESIAN_POINT('',(2.550316674002,-3.987923632014));
#5838 = CARTESIAN_POINT('',(2.551140010079,-4.024520337276));
#5839 = CARTESIAN_POINT('',(2.551962968506,-4.061122268068));
#5840 = CARTESIAN_POINT('',(2.552785550834,-4.097729420261));
#5841 = CARTESIAN_POINT('',(2.553607758603,-4.134341789716));
#5842 = CARTESIAN_POINT('',(2.554429593345,-4.170959372281));
#5843 = CARTESIAN_POINT('',(2.556070532363,-4.244116349413));
#5844 = CARTESIAN_POINT('',(2.556889639588,-4.280655770521));
#5845 = CARTESIAN_POINT('',(2.557708373753,-4.317200153378));
#5846 = CARTESIAN_POINT('',(2.55852674849,-4.353750036729));
#5847 = CARTESIAN_POINT('',(2.559344756088,-4.390305004227));
#5848 = CARTESIAN_POINT('',(2.560162392436,-4.426864801115));
#5849 = CARTESIAN_POINT('',(2.560979676705,-4.463430214934));
#5850 = CARTESIAN_POINT('',(2.561796596034,-4.5000006));
#5851 = ( GEOMETRIC_REPRESENTATION_CONTEXT(2) 
PARAMETRIC_REPRESENTATION_CONTEXT() REPRESENTATION_CONTEXT('2D SPACE',''
  ) );
#5852 = ORIENTED_EDGE('',*,*,#5853,.T.);
#5853 = EDGE_CURVE('',#5745,#5854,#5856,.T.);
#5854 = VERTEX_POINT('',#5855);
#5855 = CARTESIAN_POINT('',(-35.5526225973,73.506000315603,
    21.391464621419));
#5856 = SURFACE_CURVE('',#5857,(#5872,#5890),.PCURVE_S1.);
#5857 = B_SPLINE_CURVE_WITH_KNOTS('',4,(#5858,#5859,#5860,#5861,#5862,
    #5863,#5864,#5865,#5866,#5867,#5868,#5869,#5870,#5871),
  .UNSPECIFIED.,.F.,.F.,(5,3,3,3,5),(0.,0.264334024151,0.518289921167,
    0.763229123394,1.),.UNSPECIFIED.);
#5858 = CARTESIAN_POINT('',(-46.79526686925,60.515570966812,
    15.707611350601));
#5859 = CARTESIAN_POINT('',(-46.00337894371,61.430566042708,
    16.107959762134));
#5860 = CARTESIAN_POINT('',(-45.21955480717,62.336243730385,
    16.504231428696));
#5861 = CARTESIAN_POINT('',(-44.4440474047,63.232311761855,
    16.896298470886));
#5862 = CARTESIAN_POINT('',(-42.94022433802,64.969919643787,
    17.656574207579));
#5863 = CARTESIAN_POINT('',(-42.21125095176,65.812219465995,
    18.025115421339));
#5864 = CARTESIAN_POINT('',(-41.49035725324,66.645183529617,
    18.389571852329));
#5865 = CARTESIAN_POINT('',(-40.0903622471,68.262822207487,
    19.09735607126));
#5866 = CARTESIAN_POINT('',(-39.41068563353,69.048161564944,
    19.44097471201));
#5867 = CARTESIAN_POINT('',(-38.73882673842,69.824467858922,
    19.780641011691));
#5868 = CARTESIAN_POINT('',(-37.43311604101,71.333164759252,
    20.440758670729));
#5869 = CARTESIAN_POINT('',(-36.79874379981,72.066156712112,
    20.761473144199));
#5870 = CARTESIAN_POINT('',(-36.17188835376,72.79046330644,
    21.078387411981));
#5871 = CARTESIAN_POINT('',(-35.5526225973,73.506000315603,
    21.391464621419));
#5872 = PCURVE('',#2942,#5873);
#5873 = DEFINITIONAL_REPRESENTATION('',(#5874),#5889);
#5874 = B_SPLINE_CURVE_WITH_KNOTS('',4,(#5875,#5876,#5877,#5878,#5879,
    #5880,#5881,#5882,#5883,#5884,#5885,#5886,#5887,#5888),
  .UNSPECIFIED.,.F.,.F.,(5,3,3,3,5),(0.,0.264334024151,0.518289921167,
    0.763229123394,1.),.UNSPECIFIED.);
#5875 = CARTESIAN_POINT('',(18.,0.698221586959));
#5876 = CARTESIAN_POINT('',(16.929580852464,0.719477679004));
#5877 = CARTESIAN_POINT('',(15.843702133347,0.740517320418));
#5878 = CARTESIAN_POINT('',(14.74245202017,0.761333721574));
#5879 = CARTESIAN_POINT('',(12.553380984108,0.801699789163));
#5880 = CARTESIAN_POINT('',(11.466730123082,0.821267110367));
#5881 = CARTESIAN_POINT('',(10.366197534488,0.840617554182));
#5882 = CARTESIAN_POINT('',(8.177361128157,0.878196637981));
#5883 = CARTESIAN_POINT('',(7.090010170769,0.896440720499));
#5884 = CARTESIAN_POINT('',(5.990140943938,0.914474957486));
#5885 = CARTESIAN_POINT('',(3.802945938171,0.949523233729));
#5886 = CARTESIAN_POINT('',(2.71642471908,0.966551242763));
#5887 = CARTESIAN_POINT('',(1.618657933312,0.983377483738));
#5888 = CARTESIAN_POINT('',(0.509906363398,1.));
#5889 = ( GEOMETRIC_REPRESENTATION_CONTEXT(2) 
PARAMETRIC_REPRESENTATION_CONTEXT() REPRESENTATION_CONTEXT('2D SPACE',''
  ) );
#5890 = PCURVE('',#3256,#5891);
#5891 = DEFINITIONAL_REPRESENTATION('',(#5892),#5907);
#5892 = B_SPLINE_CURVE_WITH_KNOTS('',4,(#5893,#5894,#5895,#5896,#5897,
    #5898,#5899,#5900,#5901,#5902,#5903,#5904,#5905,#5906),
  .UNSPECIFIED.,.F.,.F.,(5,3,3,3,5),(0.,0.264334024151,0.518289921167,
    0.763229123394,1.),.UNSPECIFIED.);
#5893 = CARTESIAN_POINT('',(-1.360392883943,-37.77572381381));
#5894 = CARTESIAN_POINT('',(-0.16479638498,-37.33398821663));
#5895 = CARTESIAN_POINT('',(1.018625363509,-36.89675080984));
#5896 = CARTESIAN_POINT('',(2.189490463751,-36.46415269273));
#5897 = CARTESIAN_POINT('',(4.459970332918,-35.62528123254));
#5898 = CARTESIAN_POINT('',(5.56057813403,-35.21864099505));
#5899 = CARTESIAN_POINT('',(6.648987180661,-34.81650781667));
#5900 = CARTESIAN_POINT('',(8.762706905278,-34.03555433812));
#5901 = CARTESIAN_POINT('',(9.788886183188,-33.65641311737));
#5902 = CARTESIAN_POINT('',(10.803262229195,-33.28163282248));
#5903 = CARTESIAN_POINT('',(12.774631015269,-32.55327357358));
#5904 = CARTESIAN_POINT('',(13.732409516699,-32.19940430527));
#5905 = CARTESIAN_POINT('',(14.678839121806,-31.84972809999));
#5906 = CARTESIAN_POINT('',(15.613809774184,-31.50428562017));
#5907 = ( GEOMETRIC_REPRESENTATION_CONTEXT(2) 
PARAMETRIC_REPRESENTATION_CONTEXT() REPRESENTATION_CONTEXT('2D SPACE',''
  ) );
#5908 = ORIENTED_EDGE('',*,*,#5909,.F.);
#5909 = EDGE_CURVE('',#5910,#5854,#5912,.T.);
#5910 = VERTEX_POINT('',#5911);
#5911 = CARTESIAN_POINT('',(-35.21429608558,73.537068975149,
    21.402754668738));
#5912 = SURFACE_CURVE('',#5913,(#5917,#5923),.PCURVE_S1.);
#5913 = LINE('',#5914,#5915);
#5914 = CARTESIAN_POINT('',(-35.21429608558,73.537068975149,
    21.402754668738));
#5915 = VECTOR('',#5916,1.);
#5916 = DIRECTION('',(-0.995260706674,-9.139519069651E-02,
    -3.321211931081E-02));
#5917 = PCURVE('',#2942,#5918);
#5918 = DEFINITIONAL_REPRESENTATION('',(#5919),#5922);
#5919 = B_SPLINE_CURVE_WITH_KNOTS('',1,(#5920,#5921),.UNSPECIFIED.,.F.,
  .F.,(2,2),(0.,12.),.PIECEWISE_BEZIER_KNOTS.);
#5920 = CARTESIAN_POINT('',(0.,1.));
#5921 = CARTESIAN_POINT('',(18.,1.));
#5922 = ( GEOMETRIC_REPRESENTATION_CONTEXT(2) 
PARAMETRIC_REPRESENTATION_CONTEXT() REPRESENTATION_CONTEXT('2D SPACE',''
  ) );
#5923 = PCURVE('',#5924,#5929);
#5924 = PLANE('',#5925);
#5925 = AXIS2_PLACEMENT_3D('',#5926,#5927,#5928);
#5926 = CARTESIAN_POINT('',(-47.15742456566,69.024939302443,
    30.40288621916));
#5927 = DIRECTION('',(9.724261283803E-02,-0.935413389505,-0.339920086171
    ));
#5928 = DIRECTION('',(0.764580453614,0.288859502573,-0.576174381351));
#5929 = DEFINITIONAL_REPRESENTATION('',(#5930),#5934);
#5930 = LINE('',#5931,#5932);
#5931 = CARTESIAN_POINT('',(15.620499351813,1.896819669643E-15));
#5932 = VECTOR('',#5933,1.);
#5933 = DIRECTION('',(-0.768221279597,-0.640184399664));
#5934 = ( GEOMETRIC_REPRESENTATION_CONTEXT(2) 
PARAMETRIC_REPRESENTATION_CONTEXT() REPRESENTATION_CONTEXT('2D SPACE',''
  ) );
#5935 = ORIENTED_EDGE('',*,*,#5936,.F.);
#5936 = EDGE_CURVE('',#5937,#5910,#5939,.T.);
#5937 = VERTEX_POINT('',#5938);
#5938 = CARTESIAN_POINT('',(-34.45084867618,69.388936123387,
    19.555570250925));
#5939 = SURFACE_CURVE('',#5940,(#5943,#5950),.PCURVE_S1.);
#5940 = B_SPLINE_CURVE_WITH_KNOTS('',1,(#5941,#5942),.UNSPECIFIED.,.F.,
  .F.,(2,2),(0.,1.),.PIECEWISE_BEZIER_KNOTS.);
#5941 = CARTESIAN_POINT('',(-28.04265363993,34.570500664849,
    4.050745856427));
#5942 = CARTESIAN_POINT('',(-35.21429608558,73.537068975149,
    21.402754668738));
#5943 = PCURVE('',#2942,#5944);
#5944 = DEFINITIONAL_REPRESENTATION('',(#5945),#5949);
#5945 = LINE('',#5946,#5947);
#5946 = CARTESIAN_POINT('',(0.,0.));
#5947 = VECTOR('',#5948,1.);
#5948 = DIRECTION('',(0.,1.));
#5949 = ( GEOMETRIC_REPRESENTATION_CONTEXT(2) 
PARAMETRIC_REPRESENTATION_CONTEXT() REPRESENTATION_CONTEXT('2D SPACE',''
  ) );
#5950 = PCURVE('',#3206,#5951);
#5951 = DEFINITIONAL_REPRESENTATION('',(#5952),#5956);
#5952 = LINE('',#5953,#5954);
#5953 = CARTESIAN_POINT('',(16.,0.));
#5954 = VECTOR('',#5955,1.);
#5955 = DIRECTION('',(0.,1.));
#5956 = ( GEOMETRIC_REPRESENTATION_CONTEXT(2) 
PARAMETRIC_REPRESENTATION_CONTEXT() REPRESENTATION_CONTEXT('2D SPACE',''
  ) );
#5957 = ORIENTED_EDGE('',*,*,#5958,.F.);
#5958 = EDGE_CURVE('',#5546,#5937,#5959,.T.);
#5959 = SURFACE_CURVE('',#5960,(#5969,#5981),.PCURVE_S1.);
#5960 = B_SPLINE_CURVE_WITH_KNOTS('',4,(#5961,#5962,#5963,#5964,#5965,
    #5966,#5967,#5968),.UNSPECIFIED.,.F.,.F.,(5,3,5),(0.,0.508235369416,
    1.),.UNSPECIFIED.);
#5961 = CARTESIAN_POINT('',(-40.21728305737,62.726050007692,
    16.640280384443));
#5962 = CARTESIAN_POINT('',(-39.45929666724,63.601873204625,
    17.023489469292));
#5963 = CARTESIAN_POINT('',(-38.70964614208,64.468064640359,
    17.402484257914));
#5964 = CARTESIAN_POINT('',(-37.96853218321,65.324392412481,
    17.777163283355));
#5965 = CARTESIAN_POINT('',(-36.52744254911,66.989514302328,
    18.505723382933));
#5966 = CARTESIAN_POINT('',(-35.8269118038,67.798949781524,
    18.859885079396));
#5967 = CARTESIAN_POINT('',(-35.13467625171,68.598800494097,
    19.209853041713));
#5968 = CARTESIAN_POINT('',(-34.45084867618,69.388936123387,
    19.555570250925));
#5969 = PCURVE('',#2942,#5970);
#5970 = DEFINITIONAL_REPRESENTATION('',(#5971),#5980);
#5971 = B_SPLINE_CURVE_WITH_KNOTS('',4,(#5972,#5973,#5974,#5975,#5976,
    #5977,#5978,#5979),.UNSPECIFIED.,.F.,.F.,(5,3,5),(0.,0.508235369416,
    1.),.UNSPECIFIED.);
#5972 = CARTESIAN_POINT('',(9.16653269667,0.738762011984));
#5973 = CARTESIAN_POINT('',(8.044088453403,0.759108108897));
#5974 = CARTESIAN_POINT('',(6.907056235944,0.779230452035));
#5975 = CARTESIAN_POINT('',(5.755611711434,0.799123654113));
#5976 = CARTESIAN_POINT('',(3.462161698659,0.837805812181));
#5977 = CARTESIAN_POINT('',(2.321059285857,0.856609667528));
#5978 = CARTESIAN_POINT('',(1.166913638667,0.875190860822));
#5979 = CARTESIAN_POINT('',(0.,0.893546364701));
#5980 = ( GEOMETRIC_REPRESENTATION_CONTEXT(2) 
PARAMETRIC_REPRESENTATION_CONTEXT() REPRESENTATION_CONTEXT('2D SPACE',''
  ) );
#5981 = PCURVE('',#3177,#5982);
#5982 = DEFINITIONAL_REPRESENTATION('',(#5983),#5992);
#5983 = B_SPLINE_CURVE_WITH_KNOTS('',4,(#5984,#5985,#5986,#5987,#5988,
    #5989,#5990,#5991),.UNSPECIFIED.,.F.,.F.,(5,3,5),(0.,0.508235369416,
    1.),.UNSPECIFIED.);
#5984 = CARTESIAN_POINT('',(-6.,-6.567929826815));
#5985 = CARTESIAN_POINT('',(-4.855588215118,-6.145105384247));
#5986 = CARTESIAN_POINT('',(-3.723761962412,-5.72693090308));
#5987 = CARTESIAN_POINT('',(-2.604824261779,-5.31351833971));
#5988 = CARTESIAN_POINT('',(-0.429059654632,-4.509641213198));
#5989 = CARTESIAN_POINT('',(0.628605299594,-4.118867017579));
#5990 = CARTESIAN_POINT('',(1.67374612804,-3.732720095614));
#5991 = CARTESIAN_POINT('',(2.706192549852,-3.351263360764));
#5992 = ( GEOMETRIC_REPRESENTATION_CONTEXT(2) 
PARAMETRIC_REPRESENTATION_CONTEXT() REPRESENTATION_CONTEXT('2D SPACE',''
  ) );
#5993 = ORIENTED_EDGE('',*,*,#5593,.T.);
#5994 = ORIENTED_EDGE('',*,*,#5634,.T.);
#5995 = ORIENTED_EDGE('',*,*,#2927,.F.);
#5996 = ORIENTED_EDGE('',*,*,#5493,.F.);
#5997 = ORIENTED_EDGE('',*,*,#5998,.T.);
#5998 = EDGE_CURVE('',#5468,#5999,#6001,.T.);
#5999 = VERTEX_POINT('',#6000);
#6000 = CARTESIAN_POINT('',(-34.,47.002592795951,9.613961490224));
#6001 = SURFACE_CURVE('',#6002,(#6040,#6081),.PCURVE_S1.);
#6002 = B_SPLINE_CURVE_WITH_KNOTS('',8,(#6003,#6004,#6005,#6006,#6007,
    #6008,#6009,#6010,#6011,#6012,#6013,#6014,#6015,#6016,#6017,#6018,
    #6019,#6020,#6021,#6022,#6023,#6024,#6025,#6026,#6027,#6028,#6029,
    #6030,#6031,#6032,#6033,#6034,#6035,#6036,#6037,#6038,#6039),
  .UNSPECIFIED.,.F.,.F.,(9,7,7,7,7,9),(0.,0.49306598928,0.74246299634,
    0.864564405369,0.928279407272,1.),.UNSPECIFIED.);
#6003 = CARTESIAN_POINT('',(-34.,45.325555464655,8.869451509498));
#6004 = CARTESIAN_POINT('',(-34.,45.654901836466,9.015662721588));
#6005 = CARTESIAN_POINT('',(-34.,45.984199633948,9.161852369416));
#6006 = CARTESIAN_POINT('',(-34.,46.31344790151,9.308020028753));
#6007 = CARTESIAN_POINT('',(-34.,46.642645654847,9.454165262623));
#6008 = CARTESIAN_POINT('',(-34.,46.971791880946,9.600287621307));
#6009 = CARTESIAN_POINT('',(-34.,47.300885538083,9.746386642336));
#6010 = CARTESIAN_POINT('',(-34.,47.629925555822,9.892461850498));
#6011 = CARTESIAN_POINT('',(-34.,48.125314411379,10.112386559639));
#6012 = CARTESIAN_POINT('',(-34.,48.291703982854,10.186254144063));
#6013 = CARTESIAN_POINT('',(-34.,48.458079406984,10.260115447864));
#6014 = CARTESIAN_POINT('',(-34.,48.624440539193,10.333970406858));
#6015 = CARTESIAN_POINT('',(-34.,48.790787232793,10.407818955924));
#6016 = CARTESIAN_POINT('',(-34.,48.957119338979,10.481661029001));
#6017 = CARTESIAN_POINT('',(-34.,49.123436706831,10.555496559089));
#6018 = CARTESIAN_POINT('',(-34.,49.371158631541,10.665471120746));
#6019 = CARTESIAN_POINT('',(-34.,49.452574510365,10.701615178629));
#6020 = CARTESIAN_POINT('',(-34.,49.533986801821,10.737757643923));
#6021 = CARTESIAN_POINT('',(-34.,49.615395487814,10.773898508594));
#6022 = CARTESIAN_POINT('',(-34.,49.696800550118,10.810037764552));
#6023 = CARTESIAN_POINT('',(-34.,49.778201970379,10.846175403649));
#6024 = CARTESIAN_POINT('',(-34.,49.859599730116,10.882311417679));
#6025 = CARTESIAN_POINT('',(-34.,49.983466899615,10.937301454129));
#6026 = CARTESIAN_POINT('',(-34.,50.025939982681,10.956157107289));
#6027 = CARTESIAN_POINT('',(-34.,50.06841305991,10.975012757857));
#6028 = CARTESIAN_POINT('',(-34.,50.110886131296,10.993868405832));
#6029 = CARTESIAN_POINT('',(-34.,50.153359196832,11.012724051209));
#6030 = CARTESIAN_POINT('',(-34.,50.195832256514,11.031579693988));
#6031 = CARTESIAN_POINT('',(-34.,50.238305310334,11.050435334164));
#6032 = CARTESIAN_POINT('',(-34.,50.328588011954,11.090515761229));
#6033 = CARTESIAN_POINT('',(-34.,50.365825687591,11.107047188797));
#6034 = CARTESIAN_POINT('',(-34.,50.402745152876,11.123437348917));
#6035 = CARTESIAN_POINT('',(-34.,50.445256759035,11.142310104158));
#6036 = CARTESIAN_POINT('',(-34.,50.494264849695,11.164066932077));
#6037 = CARTESIAN_POINT('',(-34.,50.545001024978,11.186590932097));
#6038 = CARTESIAN_POINT('',(-34.,50.586321537365,11.204934908887));
#6039 = CARTESIAN_POINT('',(-34.,50.6,11.211007374754));
#6040 = PCURVE('',#2942,#6041);
#6041 = DEFINITIONAL_REPRESENTATION('',(#6042),#6080);
#6042 = B_SPLINE_CURVE_WITH_KNOTS('',8,(#6043,#6044,#6045,#6046,#6047,
    #6048,#6049,#6050,#6051,#6052,#6053,#6054,#6055,#6056,#6057,#6058,
    #6059,#6060,#6061,#6062,#6063,#6064,#6065,#6066,#6067,#6068,#6069,
    #6070,#6071,#6072,#6073,#6074,#6075,#6076,#6077,#6078,#6079),
  .UNSPECIFIED.,.F.,.F.,(9,7,7,7,7,9),(0.,0.49306598928,0.74246299634,
    0.864564405369,0.928279407272,1.),.UNSPECIFIED.);
#6043 = CARTESIAN_POINT('',(4.343383721697,0.285225980802));
#6044 = CARTESIAN_POINT('',(4.290497670912,0.293537531143));
#6045 = CARTESIAN_POINT('',(4.237249324607,0.301847855638));
#6046 = CARTESIAN_POINT('',(4.183634499032,0.310156930171));
#6047 = CARTESIAN_POINT('',(4.129648933808,0.318464729902));
#6048 = CARTESIAN_POINT('',(4.075288291925,0.326771229266));
#6049 = CARTESIAN_POINT('',(4.020548159745,0.335076401973));
#6050 = CARTESIAN_POINT('',(3.965424047,0.343380221009));
#6051 = CARTESIAN_POINT('',(3.881832607054,0.355882102809));
#6052 = CARTESIAN_POINT('',(3.853654419901,0.360081193547));
#6053 = CARTESIAN_POINT('',(3.825376233985,0.364279927256));
#6054 = CARTESIAN_POINT('',(3.79699745256,0.368478300287));
#6055 = CARTESIAN_POINT('',(3.76851747348,0.372676308937));
#6056 = CARTESIAN_POINT('',(3.739935689198,0.376873949453));
#6057 = CARTESIAN_POINT('',(3.711251486771,0.381071218024));
#6058 = CARTESIAN_POINT('',(3.668370404166,0.387322852851));
#6059 = CARTESIAN_POINT('',(3.654251863135,0.389377504832));
#6060 = CARTESIAN_POINT('',(3.640108552185,0.391432066281));
#6061 = CARTESIAN_POINT('',(3.625940398419,0.39348653674));
#6062 = CARTESIAN_POINT('',(3.611747328619,0.395540915751));
#6063 = CARTESIAN_POINT('',(3.597529269243,0.397595202849));
#6064 = CARTESIAN_POINT('',(3.583286146428,0.399649397568));
#6065 = CARTESIAN_POINT('',(3.561572417113,0.402775371627));
#6066 = CARTESIAN_POINT('',(3.554119928754,0.403847243669));
#6067 = CARTESIAN_POINT('',(3.546660409332,0.404919115564));
#6068 = CARTESIAN_POINT('',(3.539193847238,0.405990987311));
#6069 = CARTESIAN_POINT('',(3.531720230829,0.407062858911));
#6070 = CARTESIAN_POINT('',(3.524239548434,0.408134730362));
#6071 = CARTESIAN_POINT('',(3.516751788349,0.409206601666));
#6072 = CARTESIAN_POINT('',(3.500820384917,0.411485021238));
#6073 = CARTESIAN_POINT('',(3.494240966675,0.412424769911));
#6074 = CARTESIAN_POINT('',(3.487712304996,0.413356488067));
#6075 = CARTESIAN_POINT('',(3.480197561143,0.414429332297));
#6076 = CARTESIAN_POINT('',(3.47151399043,0.41566612507));
#6077 = CARTESIAN_POINT('',(3.462518142619,0.416946528655));
#6078 = CARTESIAN_POINT('',(3.455179423649,0.417989313845));
#6079 = CARTESIAN_POINT('',(3.452750616799,0.418334510393));
#6080 = ( GEOMETRIC_REPRESENTATION_CONTEXT(2) 
PARAMETRIC_REPRESENTATION_CONTEXT() REPRESENTATION_CONTEXT('2D SPACE',''
  ) );
#6081 = PCURVE('',#5482,#6082);
#6082 = DEFINITIONAL_REPRESENTATION('',(#6083),#6121);
#6083 = B_SPLINE_CURVE_WITH_KNOTS('',8,(#6084,#6085,#6086,#6087,#6088,
    #6089,#6090,#6091,#6092,#6093,#6094,#6095,#6096,#6097,#6098,#6099,
    #6100,#6101,#6102,#6103,#6104,#6105,#6106,#6107,#6108,#6109,#6110,
    #6111,#6112,#6113,#6114,#6115,#6116,#6117,#6118,#6119,#6120),
  .UNSPECIFIED.,.F.,.F.,(9,7,7,7,7,9),(0.,0.49306598928,0.74246299634,
    0.864564405369,0.928279407272,1.),.UNSPECIFIED.);
#6084 = CARTESIAN_POINT('',(8.069451509498,-1.325555464655));
#6085 = CARTESIAN_POINT('',(8.215662721588,-1.654901836466));
#6086 = CARTESIAN_POINT('',(8.361852369416,-1.984199633948));
#6087 = CARTESIAN_POINT('',(8.508020028753,-2.31344790151));
#6088 = CARTESIAN_POINT('',(8.654165262623,-2.642645654847));
#6089 = CARTESIAN_POINT('',(8.800287621307,-2.971791880946));
#6090 = CARTESIAN_POINT('',(8.946386642336,-3.300885538083));
#6091 = CARTESIAN_POINT('',(9.092461850498,-3.629925555822));
#6092 = CARTESIAN_POINT('',(9.312386559639,-4.125314411379));
#6093 = CARTESIAN_POINT('',(9.386254144063,-4.291703982854));
#6094 = CARTESIAN_POINT('',(9.460115447864,-4.458079406984));
#6095 = CARTESIAN_POINT('',(9.533970406858,-4.624440539193));
#6096 = CARTESIAN_POINT('',(9.607818955924,-4.790787232793));
#6097 = CARTESIAN_POINT('',(9.681661029001,-4.957119338979));
#6098 = CARTESIAN_POINT('',(9.755496559089,-5.123436706831));
#6099 = CARTESIAN_POINT('',(9.865471120746,-5.371158631541));
#6100 = CARTESIAN_POINT('',(9.901615178629,-5.452574510365));
#6101 = CARTESIAN_POINT('',(9.937757643923,-5.533986801821));
#6102 = CARTESIAN_POINT('',(9.973898508594,-5.615395487814));
#6103 = CARTESIAN_POINT('',(10.010037764552,-5.696800550118));
#6104 = CARTESIAN_POINT('',(10.046175403649,-5.778201970379));
#6105 = CARTESIAN_POINT('',(10.082311417679,-5.859599730116));
#6106 = CARTESIAN_POINT('',(10.137301454129,-5.983466899615));
#6107 = CARTESIAN_POINT('',(10.156157107289,-6.025939982681));
#6108 = CARTESIAN_POINT('',(10.175012757857,-6.06841305991));
#6109 = CARTESIAN_POINT('',(10.193868405832,-6.110886131296));
#6110 = CARTESIAN_POINT('',(10.212724051209,-6.153359196832));
#6111 = CARTESIAN_POINT('',(10.231579693988,-6.195832256514));
#6112 = CARTESIAN_POINT('',(10.250435334164,-6.238305310334));
#6113 = CARTESIAN_POINT('',(10.290515761229,-6.328588011954));
#6114 = CARTESIAN_POINT('',(10.307047188797,-6.365825687591));
#6115 = CARTESIAN_POINT('',(10.323437348917,-6.402745152876));
#6116 = CARTESIAN_POINT('',(10.342310104158,-6.445256759035));
#6117 = CARTESIAN_POINT('',(10.364066932077,-6.494264849695));
#6118 = CARTESIAN_POINT('',(10.386590932097,-6.545001024978));
#6119 = CARTESIAN_POINT('',(10.404934908887,-6.586321537365));
#6120 = CARTESIAN_POINT('',(10.411007374754,-6.6));
#6121 = ( GEOMETRIC_REPRESENTATION_CONTEXT(2) 
PARAMETRIC_REPRESENTATION_CONTEXT() REPRESENTATION_CONTEXT('2D SPACE',''
  ) );
#6122 = ORIENTED_EDGE('',*,*,#6123,.T.);
#6123 = EDGE_CURVE('',#5999,#6124,#6126,.T.);
#6124 = VERTEX_POINT('',#6125);
#6125 = CARTESIAN_POINT('',(-31.40427969665,47.240958834646,9.7005813797
    ));
#6126 = SURFACE_CURVE('',#6127,(#6130,#6136),.PCURVE_S1.);
#6127 = B_SPLINE_CURVE_WITH_KNOTS('',1,(#6128,#6129),.UNSPECIFIED.,.F.,
  .F.,(2,2),(0.,1.),.PIECEWISE_BEZIER_KNOTS.);
#6128 = CARTESIAN_POINT('',(-45.33796828539,45.961422611489,
    9.235610418076));
#6129 = CARTESIAN_POINT('',(-31.40427339663,47.240959413179,
    9.700581589933));
#6130 = PCURVE('',#2942,#6131);
#6131 = DEFINITIONAL_REPRESENTATION('',(#6132),#6135);
#6132 = B_SPLINE_CURVE_WITH_KNOTS('',1,(#6133,#6134),.UNSPECIFIED.,.F.,
  .F.,(2,2),(0.,1.),.PIECEWISE_BEZIER_KNOTS.);
#6133 = CARTESIAN_POINT('',(16.858033735844,0.327548536616));
#6134 = CARTESIAN_POINT('',(1.142075483947,0.327548536616));
#6135 = ( GEOMETRIC_REPRESENTATION_CONTEXT(2) 
PARAMETRIC_REPRESENTATION_CONTEXT() REPRESENTATION_CONTEXT('2D SPACE',''
  ) );
#6136 = PCURVE('',#5456,#6137);
#6137 = DEFINITIONAL_REPRESENTATION('',(#6138),#6141);
#6138 = B_SPLINE_CURVE_WITH_KNOTS('',1,(#6139,#6140),.UNSPECIFIED.,.F.,
  .F.,(2,2),(0.,1.),.PIECEWISE_BEZIER_KNOTS.);
#6139 = CARTESIAN_POINT('',(3.527826232285,-7.000022604793));
#6140 = CARTESIAN_POINT('',(3.527826232285,7.000022604793));
#6141 = ( GEOMETRIC_REPRESENTATION_CONTEXT(2) 
PARAMETRIC_REPRESENTATION_CONTEXT() REPRESENTATION_CONTEXT('2D SPACE',''
  ) );
#6142 = ORIENTED_EDGE('',*,*,#6143,.T.);
#6143 = EDGE_CURVE('',#6124,#6144,#6146,.T.);
#6144 = VERTEX_POINT('',#6145);
#6145 = CARTESIAN_POINT('',(-32.35725416656,56.174740179807,
    13.673725769647));
#6146 = SURFACE_CURVE('',#6147,(#6171,#6198),.PCURVE_S1.);
#6147 = B_SPLINE_CURVE_WITH_KNOTS('',4,(#6148,#6149,#6150,#6151,#6152,
    #6153,#6154,#6155,#6156,#6157,#6158,#6159,#6160,#6161,#6162,#6163,
    #6164,#6165,#6166,#6167,#6168,#6169,#6170),.UNSPECIFIED.,.F.,.F.,(5,
    3,3,3,3,3,3,5),(0.,2.787285444097E-02,0.515150756906,0.756674773149,
    0.879655622542,0.941152309307,0.971901726968,1.),.UNSPECIFIED.);
#6148 = CARTESIAN_POINT('',(-31.40427969665,47.240958834646,9.7005813797
    ));
#6149 = CARTESIAN_POINT('',(-31.41092325326,47.303239707806,
    9.728279718425));
#6150 = CARTESIAN_POINT('',(-31.41756676492,47.365520159674,
    9.755977869788));
#6151 = CARTESIAN_POINT('',(-31.42421022201,47.427800099867,
    9.783675793592));
#6152 = CARTESIAN_POINT('',(-31.54699483495,48.578860195543,
    10.295589818006));
#6153 = CARTESIAN_POINT('',(-31.66312100393,49.667499854707,
    10.779743435312));
#6154 = CARTESIAN_POINT('',(-31.77923059977,50.755984146873,
    11.263827955839));
#6155 = CARTESIAN_POINT('',(-31.95286328912,52.383726053894,
    11.98773795277));
#6156 = CARTESIAN_POINT('',(-32.01040037891,52.923114878785,
    12.227621782564));
#6157 = CARTESIAN_POINT('',(-32.0679326665,53.462458684769,
    12.467485590979));
#6158 = CARTESIAN_POINT('',(-32.15475197366,54.276357410436,
    12.82945294063));
#6159 = CARTESIAN_POINT('',(-32.18404275471,54.550947592689,
    12.951572164282));
#6160 = CARTESIAN_POINT('',(-32.21333218264,54.825525089895,
    13.07368574648));
#6161 = CARTESIAN_POINT('',(-32.25726572769,55.237385740516,
    13.256853631414));
#6162 = CARTESIAN_POINT('',(-32.27191088882,55.374678681129,
    13.317912286837));
#6163 = CARTESIAN_POINT('',(-32.28655569698,55.511968312728,
    13.378969470633));
#6164 = CARTESIAN_POINT('',(-32.30852262801,55.717900123941,
    13.470554073929));
#6165 = CARTESIAN_POINT('',(-32.31584510549,55.786545627907,
    13.501082971877));
#6166 = CARTESIAN_POINT('',(-32.32316757956,55.855191099875,
    13.531611855595));
#6167 = CARTESIAN_POINT('',(-32.33718119416,55.986563526489,
    13.590037465046));
#6168 = CARTESIAN_POINT('',(-32.34387226573,56.049289834788,
    13.617933903328));
#6169 = CARTESIAN_POINT('',(-32.35056325149,56.112015338605,
    13.64582998383));
#6170 = CARTESIAN_POINT('',(-32.35725416656,56.174740179807,
    13.673725769647));
#6171 = PCURVE('',#2942,#6172);
#6172 = DEFINITIONAL_REPRESENTATION('',(#6173),#6197);
#6173 = B_SPLINE_CURVE_WITH_KNOTS('',4,(#6174,#6175,#6176,#6177,#6178,
    #6179,#6180,#6181,#6182,#6183,#6184,#6185,#6186,#6187,#6188,#6189,
    #6190,#6191,#6192,#6193,#6194,#6195,#6196),.UNSPECIFIED.,.F.,.F.,(5,
    3,3,3,3,3,3,5),(0.,2.787285444097E-02,0.515150756906,0.756674773149,
    0.879655622542,0.941152309307,0.971901726968,1.),.UNSPECIFIED.);
#6174 = CARTESIAN_POINT('',(1.142082339474,0.327548536616));
#6175 = CARTESIAN_POINT('',(1.137415560008,0.329135684288));
#6176 = CARTESIAN_POINT('',(1.132741983796,0.330722821223));
#6177 = CARTESIAN_POINT('',(1.12806015472,0.332309945119));
#6178 = CARTESIAN_POINT('',(1.041398616261,0.361643226076));
#6179 = CARTESIAN_POINT('',(0.957161624425,0.389385802769));
#6180 = CARTESIAN_POINT('',(0.870521117507,0.417124420134));
#6181 = CARTESIAN_POINT('',(0.737095907993,0.458605321837));
#6182 = CARTESIAN_POINT('',(0.692248097906,0.472350949893));
#6183 = CARTESIAN_POINT('',(0.646749373622,0.486095430701));
#6184 = CARTESIAN_POINT('',(0.577068026897,0.50683658929));
#6185 = CARTESIAN_POINT('',(0.553383711941,0.513834165693));
#6186 = CARTESIAN_POINT('',(0.529522095814,0.520831418834));
#6187 = CARTESIAN_POINT('',(0.49345798087,0.531327155959));
#6188 = CARTESIAN_POINT('',(0.48139070612,0.534825889357));
#6189 = CARTESIAN_POINT('',(0.469277967984,0.53832453843));
#6190 = CARTESIAN_POINT('',(0.451039876152,0.543572444859));
#6191 = CARTESIAN_POINT('',(0.44494883628,0.545321786932));
#6192 = CARTESIAN_POINT('',(0.438846212848,0.54707112819));
#6193 = CARTESIAN_POINT('',(0.427144856542,0.55041898493));
#6194 = CARTESIAN_POINT('',(0.42154852958,0.552017483941));
#6195 = CARTESIAN_POINT('',(0.415941320461,0.553615962451));
#6196 = CARTESIAN_POINT('',(0.410325150228,0.555214424075));
#6197 = ( GEOMETRIC_REPRESENTATION_CONTEXT(2) 
PARAMETRIC_REPRESENTATION_CONTEXT() REPRESENTATION_CONTEXT('2D SPACE',''
  ) );
#6198 = PCURVE('',#5185,#6199);
#6199 = DEFINITIONAL_REPRESENTATION('',(#6200),#6224);
#6200 = B_SPLINE_CURVE_WITH_KNOTS('',4,(#6201,#6202,#6203,#6204,#6205,
    #6206,#6207,#6208,#6209,#6210,#6211,#6212,#6213,#6214,#6215,#6216,
    #6217,#6218,#6219,#6220,#6221,#6222,#6223),.UNSPECIFIED.,.F.,.F.,(5,
    3,3,3,3,3,3,5),(0.,2.787285444097E-02,0.515150756906,0.756674773149,
    0.879655622542,0.941152309307,0.971901726968,1.),.UNSPECIFIED.);
#6201 = CARTESIAN_POINT('',(1.372141475009,0.));
#6202 = CARTESIAN_POINT('',(1.367380031994,-6.831962115257E-02));
#6203 = CARTESIAN_POINT('',(1.362618621188,-0.136638780165));
#6204 = CARTESIAN_POINT('',(1.3578572495,-0.204957377891));
#6205 = CARTESIAN_POINT('',(1.26985740663,-1.467624159382));
#6206 = CARTESIAN_POINT('',(1.18662967655,-2.661818224315));
#6207 = CARTESIAN_POINT('',(1.103413824452,-3.85584185788));
#6208 = CARTESIAN_POINT('',(0.978971119342,-5.64140947729));
#6209 = CARTESIAN_POINT('',(0.937734235173,-6.233097395284));
#6210 = CARTESIAN_POINT('',(0.896500792751,-6.824735929342));
#6211 = CARTESIAN_POINT('',(0.834277316983,-7.717550203989));
#6212 = CARTESIAN_POINT('',(0.813284587774,-8.018764626204));
#6213 = CARTESIAN_POINT('',(0.792292828351,-8.319965133431));
#6214 = CARTESIAN_POINT('',(0.760805616975,-8.771759756575));
#6215 = CARTESIAN_POINT('',(0.750309416779,-8.922364608656));
#6216 = CARTESIAN_POINT('',(0.739813469562,-9.072965830881));
#6217 = CARTESIAN_POINT('',(0.724069750275,-9.298864772428));
#6218 = CARTESIAN_POINT('',(0.718821724055,-9.374166138431));
#6219 = CARTESIAN_POINT('',(0.713573700281,-9.449467469334));
#6220 = CARTESIAN_POINT('',(0.703530130061,-9.593577754897));
#6221 = CARTESIAN_POINT('',(0.698734633027,-9.662386000542));
#6222 = CARTESIAN_POINT('',(0.693939197497,-9.731193363702));
#6223 = CARTESIAN_POINT('',(0.689143812625,-9.8));
#6224 = ( GEOMETRIC_REPRESENTATION_CONTEXT(2) 
PARAMETRIC_REPRESENTATION_CONTEXT() REPRESENTATION_CONTEXT('2D SPACE',''
  ) );
#6225 = ORIENTED_EDGE('',*,*,#6226,.F.);
#6226 = EDGE_CURVE('',#6227,#6144,#6229,.T.);
#6227 = VERTEX_POINT('',#6228);
#6228 = CARTESIAN_POINT('',(-46.29090406014,54.895207510043,
    13.20875609929));
#6229 = SURFACE_CURVE('',#6230,(#6233,#6239),.PCURVE_S1.);
#6230 = B_SPLINE_CURVE_WITH_KNOTS('',1,(#6231,#6232),.UNSPECIFIED.,.F.,
  .F.,(2,2),(0.,1.),.PIECEWISE_BEZIER_KNOTS.);
#6231 = CARTESIAN_POINT('',(-46.2909458912,54.89520366868,
    13.208754703377));
#6232 = CARTESIAN_POINT('',(-32.35725100245,56.17474047037,
    13.673725875234));
#6233 = PCURVE('',#2942,#6234);
#6234 = DEFINITIONAL_REPRESENTATION('',(#6235),#6238);
#6235 = B_SPLINE_CURVE_WITH_KNOTS('',1,(#6236,#6237),.UNSPECIFIED.,.F.,
  .F.,(2,2),(0.,1.),.PIECEWISE_BEZIER_KNOTS.);
#6236 = CARTESIAN_POINT('',(17.589797798006,0.555214424075));
#6237 = CARTESIAN_POINT('',(0.410321592665,0.555214424075));
#6238 = ( GEOMETRIC_REPRESENTATION_CONTEXT(2) 
PARAMETRIC_REPRESENTATION_CONTEXT() REPRESENTATION_CONTEXT('2D SPACE',''
  ) );
#6239 = PCURVE('',#6240,#6245);
#6240 = PLANE('',#6241);
#6241 = AXIS2_PLACEMENT_3D('',#6242,#6243,#6244);
#6242 = CARTESIAN_POINT('',(-39.32409844682,56.973131550279,
    9.48362292784));
#6243 = DIRECTION('',(-9.724261283803E-02,0.935413389505,0.339920086171)
  );
#6244 = DIRECTION('',(-5.946103617021E-19,-0.341538738435,0.939867698215
    ));
#6245 = DEFINITIONAL_REPRESENTATION('',(#6246),#6249);
#6246 = B_SPLINE_CURVE_WITH_KNOTS('',1,(#6247,#6248),.UNSPECIFIED.,.F.,
  .F.,(2,2),(0.,1.),.PIECEWISE_BEZIER_KNOTS.);
#6247 = CARTESIAN_POINT('',(4.210823894662,-7.000022604793));
#6248 = CARTESIAN_POINT('',(4.210823894662,7.000022604793));
#6249 = ( GEOMETRIC_REPRESENTATION_CONTEXT(2) 
PARAMETRIC_REPRESENTATION_CONTEXT() REPRESENTATION_CONTEXT('2D SPACE',''
  ) );
#6250 = ORIENTED_EDGE('',*,*,#6251,.F.);
#6251 = EDGE_CURVE('',#6252,#6227,#6254,.T.);
#6252 = VERTEX_POINT('',#6253);
#6253 = CARTESIAN_POINT('',(-45.33792959023,45.961426164882,
    9.235611709344));
#6254 = SURFACE_CURVE('',#6255,(#6279,#6306),.PCURVE_S1.);
#6255 = B_SPLINE_CURVE_WITH_KNOTS('',4,(#6256,#6257,#6258,#6259,#6260,
    #6261,#6262,#6263,#6264,#6265,#6266,#6267,#6268,#6269,#6270,#6271,
    #6272,#6273,#6274,#6275,#6276,#6277,#6278),.UNSPECIFIED.,.F.,.F.,(5,
    3,3,3,3,3,3,5),(0.,2.787285462472E-02,0.51515075742,0.756674773605,
    0.879655622905,0.941152309606,0.971901727233,1.),.UNSPECIFIED.);
#6256 = CARTESIAN_POINT('',(-45.33792959023,45.961426164882,
    9.235611709344));
#6257 = CARTESIAN_POINT('',(-45.34457314687,46.023707038377,
    9.263310048218));
#6258 = CARTESIAN_POINT('',(-45.35121665858,46.085987490582,
    9.291008199731));
#6259 = CARTESIAN_POINT('',(-45.3578601157,46.148267431114,
    9.318706123686));
#6260 = CARTESIAN_POINT('',(-45.48064472862,47.29932752663,
    9.830620148028));
#6261 = CARTESIAN_POINT('',(-45.59677089758,48.387967185664,
    10.314773765276));
#6262 = CARTESIAN_POINT('',(-45.71288049346,49.476451478107,
    10.798858285926));
#6263 = CARTESIAN_POINT('',(-45.88651318287,51.104193385731,
    11.522768283126));
#6264 = CARTESIAN_POINT('',(-45.94405027266,51.643582210603,
    11.762652112911));
#6265 = CARTESIAN_POINT('',(-46.00158256026,52.182926016687,
    12.002515921371));
#6266 = CARTESIAN_POINT('',(-46.08840186744,52.99682474255,
    12.364483271109));
#6267 = CARTESIAN_POINT('',(-46.11769264849,53.271414924807,
    12.486602494763));
#6268 = CARTESIAN_POINT('',(-46.14698207643,53.54599242205,
    12.608716076978));
#6269 = CARTESIAN_POINT('',(-46.19091562149,53.95785307274,
    12.791883961942));
#6270 = CARTESIAN_POINT('',(-46.20556078262,54.095146013359,
    12.852942617368));
#6271 = CARTESIAN_POINT('',(-46.22020559077,54.232435644973,
    12.91399980117));
#6272 = CARTESIAN_POINT('',(-46.2421725218,54.438367456215,
    13.00558440448));
#6273 = CARTESIAN_POINT('',(-46.24949499929,54.507012960185,
    13.036113302429));
#6274 = CARTESIAN_POINT('',(-46.25681747336,54.57565843216,
    13.06664218615));
#6275 = CARTESIAN_POINT('',(-46.2708310879,54.707030858262,
    13.125067795373));
#6276 = CARTESIAN_POINT('',(-46.27752215942,54.769757166046,
    13.152964233427));
#6277 = CARTESIAN_POINT('',(-46.28421314512,54.832482669351,
    13.180860313701));
#6278 = CARTESIAN_POINT('',(-46.29090406014,54.895207510043,
    13.20875609929));
#6279 = PCURVE('',#2942,#6280);
#6280 = DEFINITIONAL_REPRESENTATION('',(#6281),#6305);
#6281 = B_SPLINE_CURVE_WITH_KNOTS('',4,(#6282,#6283,#6284,#6285,#6286,
    #6287,#6288,#6289,#6290,#6291,#6292,#6293,#6294,#6295,#6296,#6297,
    #6298,#6299,#6300,#6301,#6302,#6303,#6304),.UNSPECIFIED.,.F.,.F.,(5,
    3,3,3,3,3,3,5),(0.,2.787285462472E-02,0.51515075742,0.756674773605,
    0.879655622905,0.941152309606,0.971901727233,1.),.UNSPECIFIED.);
#6282 = CARTESIAN_POINT('',(16.857990341498,0.327548536616));
#6283 = CARTESIAN_POINT('',(16.862657114838,0.329135684296));
#6284 = CARTESIAN_POINT('',(16.867330684915,0.33072282124));
#6285 = CARTESIAN_POINT('',(16.872012507845,0.332309945145));
#6286 = CARTESIAN_POINT('',(16.95867393207,0.361643226097));
#6287 = CARTESIAN_POINT('',(17.042910812865,0.389385802787));
#6288 = CARTESIAN_POINT('',(17.129551205608,0.41712442016));
#6289 = CARTESIAN_POINT('',(17.262976239312,0.458605321878));
#6290 = CARTESIAN_POINT('',(17.307823990287,0.472350949934));
#6291 = CARTESIAN_POINT('',(17.35332265461,0.486095430743));
#6292 = CARTESIAN_POINT('',(17.423003909509,0.506836589338));
#6293 = CARTESIAN_POINT('',(17.446688193249,0.513834165741));
#6294 = CARTESIAN_POINT('',(17.47054977793,0.520831418882));
#6295 = CARTESIAN_POINT('',(17.506613845346,0.531327156009));
#6296 = CARTESIAN_POINT('',(17.518681104192,0.534825889408));
#6297 = CARTESIAN_POINT('',(17.530793826364,0.538324538481));
#6298 = CARTESIAN_POINT('',(17.549031894161,0.543572444911));
#6299 = CARTESIAN_POINT('',(17.555122926004,0.545321786984));
#6300 = CARTESIAN_POINT('',(17.561225541393,0.547071128242));
#6301 = CARTESIAN_POINT('',(17.572926882231,0.550418984969));
#6302 = CARTESIAN_POINT('',(17.578523201771,0.552017483967));
#6303 = CARTESIAN_POINT('',(17.584130403454,0.553615962464));
#6304 = CARTESIAN_POINT('',(17.589746566238,0.555214424075));
#6305 = ( GEOMETRIC_REPRESENTATION_CONTEXT(2) 
PARAMETRIC_REPRESENTATION_CONTEXT() REPRESENTATION_CONTEXT('2D SPACE',''
  ) );
#6306 = PCURVE('',#3835,#6307);
#6307 = DEFINITIONAL_REPRESENTATION('',(#6308),#6332);
#6308 = B_SPLINE_CURVE_WITH_KNOTS('',4,(#6309,#6310,#6311,#6312,#6313,
    #6314,#6315,#6316,#6317,#6318,#6319,#6320,#6321,#6322,#6323,#6324,
    #6325,#6326,#6327,#6328,#6329,#6330,#6331),.UNSPECIFIED.,.F.,.F.,(5,
    3,3,3,3,3,3,5),(0.,2.787285462472E-02,0.51515075742,0.756674773605,
    0.879655622905,0.941152309606,0.971901727233,1.),.UNSPECIFIED.);
#6309 = CARTESIAN_POINT('',(8.427793939654,1.7763568394E-15));
#6310 = CARTESIAN_POINT('',(8.432555382694,-6.831962152135E-02));
#6311 = CARTESIAN_POINT('',(8.437316793526,-0.136638780904));
#6312 = CARTESIAN_POINT('',(8.442078165241,-0.204957379002));
#6313 = CARTESIAN_POINT('',(8.530078008098,-1.467624160316));
#6314 = CARTESIAN_POINT('',(8.613305738168,-2.661818225106));
#6315 = CARTESIAN_POINT('',(8.696521590287,-3.855841858976));
#6316 = CARTESIAN_POINT('',(8.820964295444,-5.641409479047));
#6317 = CARTESIAN_POINT('',(8.862201179611,-6.23309739702));
#6318 = CARTESIAN_POINT('',(8.903434622041,-6.824735931187));
#6319 = CARTESIAN_POINT('',(8.965658097824,-7.71755020605));
#6320 = CARTESIAN_POINT('',(8.986650827033,-8.018764628269));
#6321 = CARTESIAN_POINT('',(9.007642586459,-8.319965135537));
#6322 = CARTESIAN_POINT('',(9.03912979784,-8.771759758757));
#6323 = CARTESIAN_POINT('',(9.049625998036,-8.922364610844));
#6324 = CARTESIAN_POINT('',(9.060121945255,-9.072965833085));
#6325 = CARTESIAN_POINT('',(9.075865664544,-9.298864774664));
#6326 = CARTESIAN_POINT('',(9.081113690764,-9.374166140672));
#6327 = CARTESIAN_POINT('',(9.086361714538,-9.449467471582));
#6328 = CARTESIAN_POINT('',(9.09640528472,-9.593577756584));
#6329 = CARTESIAN_POINT('',(9.101200781714,-9.662386001664));
#6330 = CARTESIAN_POINT('',(9.105996217205,-9.731193364262));
#6331 = CARTESIAN_POINT('',(9.110791602038,-9.8));
#6332 = ( GEOMETRIC_REPRESENTATION_CONTEXT(2) 
PARAMETRIC_REPRESENTATION_CONTEXT() REPRESENTATION_CONTEXT('2D SPACE',''
  ) );
#6333 = ORIENTED_EDGE('',*,*,#6334,.T.);
#6334 = EDGE_CURVE('',#6252,#6335,#6337,.T.);
#6335 = VERTEX_POINT('',#6336);
#6336 = CARTESIAN_POINT('',(-44.,46.084288776877,9.280258782098));
#6337 = SURFACE_CURVE('',#6338,(#6341,#6347),.PCURVE_S1.);
#6338 = B_SPLINE_CURVE_WITH_KNOTS('',1,(#6339,#6340),.UNSPECIFIED.,.F.,
  .F.,(2,2),(0.,1.),.PIECEWISE_BEZIER_KNOTS.);
#6339 = CARTESIAN_POINT('',(-45.33796828539,45.961422611489,
    9.235610418076));
#6340 = CARTESIAN_POINT('',(-31.40427339663,47.240959413179,
    9.700581589933));
#6341 = PCURVE('',#2942,#6342);
#6342 = DEFINITIONAL_REPRESENTATION('',(#6343),#6346);
#6343 = B_SPLINE_CURVE_WITH_KNOTS('',1,(#6344,#6345),.UNSPECIFIED.,.F.,
  .F.,(2,2),(0.,1.),.PIECEWISE_BEZIER_KNOTS.);
#6344 = CARTESIAN_POINT('',(16.858033735844,0.327548536616));
#6345 = CARTESIAN_POINT('',(1.142075483947,0.327548536616));
#6346 = ( GEOMETRIC_REPRESENTATION_CONTEXT(2) 
PARAMETRIC_REPRESENTATION_CONTEXT() REPRESENTATION_CONTEXT('2D SPACE',''
  ) );
#6347 = PCURVE('',#3809,#6348);
#6348 = DEFINITIONAL_REPRESENTATION('',(#6349),#6352);
#6349 = B_SPLINE_CURVE_WITH_KNOTS('',1,(#6350,#6351),.UNSPECIFIED.,.F.,
  .F.,(2,2),(0.,1.),.PIECEWISE_BEZIER_KNOTS.);
#6350 = CARTESIAN_POINT('',(3.527826232285,-7.000022604793));
#6351 = CARTESIAN_POINT('',(3.527826232285,7.000022604793));
#6352 = ( GEOMETRIC_REPRESENTATION_CONTEXT(2) 
PARAMETRIC_REPRESENTATION_CONTEXT() REPRESENTATION_CONTEXT('2D SPACE',''
  ) );
#6353 = ORIENTED_EDGE('',*,*,#6354,.F.);
#6354 = EDGE_CURVE('',#3740,#6335,#6355,.T.);
#6355 = SURFACE_CURVE('',#6356,(#6377,#6401),.PCURVE_S1.);
#6356 = B_SPLINE_CURVE_WITH_KNOTS('',4,(#6357,#6358,#6359,#6360,#6361,
    #6362,#6363,#6364,#6365,#6366,#6367,#6368,#6369,#6370,#6371,#6372,
    #6373,#6374,#6375,#6376),.UNSPECIFIED.,.F.,.F.,(5,3,3,3,3,3,5),(0.,
    0.498362093968,0.749860777813,0.873332242837,0.937356783852,
    0.969369454818,1.),.UNSPECIFIED.);
#6357 = CARTESIAN_POINT('',(-44.,44.407251445581,8.535748801372));
#6358 = CARTESIAN_POINT('',(-44.,45.178943223986,8.878336423213));
#6359 = CARTESIAN_POINT('',(-44.,45.950594554548,9.220906088493));
#6360 = CARTESIAN_POINT('',(-44.,46.72220256014,9.563456519929));
#6361 = CARTESIAN_POINT('',(-44.,47.883132597595,10.078843973554));
#6362 = CARTESIAN_POINT('',(-44.,48.272489471656,10.251696463712));
#6363 = CARTESIAN_POINT('',(-44.,48.661833998427,10.42454347237));
#6364 = CARTESIAN_POINT('',(-44.,49.242305284488,10.682239981525));
#6365 = CARTESIAN_POINT('',(-44.,49.433441781087,10.767093804838));
#6366 = CARTESIAN_POINT('',(-44.,49.624575128303,10.851946230002));
#6367 = CARTESIAN_POINT('',(-44.,49.914813342672,10.980795626109));
#6368 = CARTESIAN_POINT('',(-44.,50.013920556044,11.02479363864));
#6369 = CARTESIAN_POINT('',(-44.,50.113026898231,11.068791264414));
#6370 = CARTESIAN_POINT('',(-44.,50.261685711834,11.134787392458));
#6371 = CARTESIAN_POINT('',(-44.,50.311239051048,11.156786279981));
#6372 = CARTESIAN_POINT('',(-44.,50.360792378339,11.178785162211));
#6373 = CARTESIAN_POINT('',(-44.,50.457759577599,11.221833129185));
#6374 = CARTESIAN_POINT('',(-44.,50.505173265584,11.24288213225));
#6375 = CARTESIAN_POINT('',(-44.,50.552586728827,11.263931035544));
#6376 = CARTESIAN_POINT('',(-44.,50.6,11.284979853568));
#6377 = PCURVE('',#2942,#6378);
#6378 = DEFINITIONAL_REPRESENTATION('',(#6379),#6400);
#6379 = B_SPLINE_CURVE_WITH_KNOTS('',4,(#6380,#6381,#6382,#6383,#6384,
    #6385,#6386,#6387,#6388,#6389,#6390,#6391,#6392,#6393,#6394,#6395,
    #6396,#6397,#6398,#6399),.UNSPECIFIED.,.F.,.F.,(5,3,3,3,3,3,5),(0.,
    0.498362093968,0.749860777813,0.873332242837,0.937356783852,
    0.969369454818,1.),.UNSPECIFIED.);
#6380 = CARTESIAN_POINT('',(15.446648900431,0.285225980802));
#6381 = CARTESIAN_POINT('',(15.402382331983,0.304700781841));
#6382 = CARTESIAN_POINT('',(15.357271267395,0.324174562119));
#6383 = CARTESIAN_POINT('',(15.311279684903,0.343647249026));
#6384 = CARTESIAN_POINT('',(15.240692760735,0.372945062134));
#6385 = CARTESIAN_POINT('',(15.216783805069,0.38277106763));
#6386 = CARTESIAN_POINT('',(15.192635114453,0.392596761524));
#6387 = CARTESIAN_POINT('',(15.156265144464,0.407245826243));
#6388 = CARTESIAN_POINT('',(15.144230003729,0.412069442805));
#6389 = CARTESIAN_POINT('',(15.132135098716,0.416892979887));
#6390 = CARTESIAN_POINT('',(15.113676761102,0.424217577138));
#6391 = CARTESIAN_POINT('',(15.107357514789,0.426718696518));
#6392 = CARTESIAN_POINT('',(15.101021924526,0.429219793912));
#6393 = CARTESIAN_POINT('',(15.091493840712,0.432971422345));
#6394 = CARTESIAN_POINT('',(15.088313663069,0.434221975285));
#6395 = CARTESIAN_POINT('',(15.085129350166,0.435472527924));
#6396 = CARTESIAN_POINT('',(15.078890089218,0.437919640833));
#6397 = CARTESIAN_POINT('',(15.075835638657,0.43911619646));
#6398 = CARTESIAN_POINT('',(15.072777016243,0.440312746416));
#6399 = CARTESIAN_POINT('',(15.069714830076,0.441509291525));
#6400 = ( GEOMETRIC_REPRESENTATION_CONTEXT(2) 
PARAMETRIC_REPRESENTATION_CONTEXT() REPRESENTATION_CONTEXT('2D SPACE',''
  ) );
#6401 = PCURVE('',#3783,#6402);
#6402 = DEFINITIONAL_REPRESENTATION('',(#6403),#6424);
#6403 = B_SPLINE_CURVE_WITH_KNOTS('',4,(#6404,#6405,#6406,#6407,#6408,
    #6409,#6410,#6411,#6412,#6413,#6414,#6415,#6416,#6417,#6418,#6419,
    #6420,#6421,#6422,#6423),.UNSPECIFIED.,.F.,.F.,(5,3,3,3,3,3,5),(0.,
    0.498362093968,0.749860777813,0.873332242837,0.937356783852,
    0.969369454818,1.),.UNSPECIFIED.);
#6404 = CARTESIAN_POINT('',(7.735748801372,-0.407251445581));
#6405 = CARTESIAN_POINT('',(8.078336423213,-1.178943223986));
#6406 = CARTESIAN_POINT('',(8.420906088493,-1.950594554548));
#6407 = CARTESIAN_POINT('',(8.763456519929,-2.72220256014));
#6408 = CARTESIAN_POINT('',(9.278843973554,-3.883132597595));
#6409 = CARTESIAN_POINT('',(9.451696463712,-4.272489471656));
#6410 = CARTESIAN_POINT('',(9.62454347237,-4.661833998427));
#6411 = CARTESIAN_POINT('',(9.882239981525,-5.242305284488));
#6412 = CARTESIAN_POINT('',(9.967093804838,-5.433441781087));
#6413 = CARTESIAN_POINT('',(10.051946230002,-5.624575128303));
#6414 = CARTESIAN_POINT('',(10.180795626109,-5.914813342672));
#6415 = CARTESIAN_POINT('',(10.22479363864,-6.013920556044));
#6416 = CARTESIAN_POINT('',(10.268791264414,-6.113026898231));
#6417 = CARTESIAN_POINT('',(10.334787392458,-6.261685711834));
#6418 = CARTESIAN_POINT('',(10.356786279981,-6.311239051048));
#6419 = CARTESIAN_POINT('',(10.378785162211,-6.360792378339));
#6420 = CARTESIAN_POINT('',(10.421833129185,-6.457759577599));
#6421 = CARTESIAN_POINT('',(10.44288213225,-6.505173265584));
#6422 = CARTESIAN_POINT('',(10.463931035544,-6.552586728827));
#6423 = CARTESIAN_POINT('',(10.484979853568,-6.6));
#6424 = ( GEOMETRIC_REPRESENTATION_CONTEXT(2) 
PARAMETRIC_REPRESENTATION_CONTEXT() REPRESENTATION_CONTEXT('2D SPACE',''
  ) );
#6425 = ADVANCED_FACE('',(#6426),#3395,.F.);
#6426 = FACE_BOUND('',#6427,.F.);
#6427 = EDGE_LOOP('',(#6428,#6449,#6450,#6451,#6474,#6502));
#6428 = ORIENTED_EDGE('',*,*,#6429,.F.);
#6429 = EDGE_CURVE('',#3323,#6430,#6432,.T.);
#6430 = VERTEX_POINT('',#6431);
#6431 = CARTESIAN_POINT('',(-37.04385609316,43.187359949975,
    63.781921131509));
#6432 = SURFACE_CURVE('',#6433,(#6437,#6443),.PCURVE_S1.);
#6433 = LINE('',#6434,#6435);
#6434 = CARTESIAN_POINT('',(-42.41431836049,58.973909192173,
    36.074877006144));
#6435 = VECTOR('',#6436,1.);
#6436 = DIRECTION('',(0.166073512387,-0.488175421522,0.856798894902));
#6437 = PCURVE('',#3395,#6438);
#6438 = DEFINITIONAL_REPRESENTATION('',(#6439),#6442);
#6439 = B_SPLINE_CURVE_WITH_KNOTS('',1,(#6440,#6441),.UNSPECIFIED.,.F.,
  .F.,(2,2),(-16.33786165017,32.337861650178),.PIECEWISE_BEZIER_KNOTS.);
#6440 = CARTESIAN_POINT('',(0.,-0.5));
#6441 = CARTESIAN_POINT('',(48.675723300356,-0.5));
#6442 = ( GEOMETRIC_REPRESENTATION_CONTEXT(2) 
PARAMETRIC_REPRESENTATION_CONTEXT() REPRESENTATION_CONTEXT('2D SPACE',''
  ) );
#6443 = PCURVE('',#3352,#6444);
#6444 = DEFINITIONAL_REPRESENTATION('',(#6445),#6448);
#6445 = B_SPLINE_CURVE_WITH_KNOTS('',1,(#6446,#6447),.UNSPECIFIED.,.F.,
  .F.,(2,2),(-16.33786165017,32.337861650178),.PIECEWISE_BEZIER_KNOTS.);
#6446 = CARTESIAN_POINT('',(4.979743476881,-32.84669006316));
#6447 = CARTESIAN_POINT('',(-10.88808882286,13.170023606104));
#6448 = ( GEOMETRIC_REPRESENTATION_CONTEXT(2) 
PARAMETRIC_REPRESENTATION_CONTEXT() REPRESENTATION_CONTEXT('2D SPACE',''
  ) );
#6449 = ORIENTED_EDGE('',*,*,#3371,.T.);
#6450 = ORIENTED_EDGE('',*,*,#3471,.T.);
#6451 = ORIENTED_EDGE('',*,*,#6452,.T.);
#6452 = EDGE_CURVE('',#3472,#6453,#6455,.T.);
#6453 = VERTEX_POINT('',#6454);
#6454 = CARTESIAN_POINT('',(-49.7391599896,69.831271424069,
    24.612324769655));
#6455 = SURFACE_CURVE('',#6456,(#6460,#6467),.PCURVE_S1.);
#6456 = LINE('',#6457,#6458);
#6457 = CARTESIAN_POINT('',(-44.74330813297,66.70951671218,
    21.865306068341));
#6458 = VECTOR('',#6459,1.);
#6459 = DIRECTION('',(-0.768592593328,0.480269955675,0.422618261741));
#6460 = PCURVE('',#3395,#6461);
#6461 = DEFINITIONAL_REPRESENTATION('',(#6462),#6466);
#6462 = LINE('',#6463,#6464);
#6463 = CARTESIAN_POINT('',(0.,0.));
#6464 = VECTOR('',#6465,1.);
#6465 = DIRECTION('',(5.748577597662E-17,-1.));
#6466 = ( GEOMETRIC_REPRESENTATION_CONTEXT(2) 
PARAMETRIC_REPRESENTATION_CONTEXT() REPRESENTATION_CONTEXT('2D SPACE',''
  ) );
#6467 = PCURVE('',#3532,#6468);
#6468 = DEFINITIONAL_REPRESENTATION('',(#6469),#6473);
#6469 = LINE('',#6470,#6471);
#6470 = CARTESIAN_POINT('',(-3.14159265359,0.));
#6471 = VECTOR('',#6472,1.);
#6472 = DIRECTION('',(-0.,-1.));
#6473 = ( GEOMETRIC_REPRESENTATION_CONTEXT(2) 
PARAMETRIC_REPRESENTATION_CONTEXT() REPRESENTATION_CONTEXT('2D SPACE',''
  ) );
#6474 = ORIENTED_EDGE('',*,*,#6475,.T.);
#6475 = EDGE_CURVE('',#6453,#6476,#6478,.T.);
#6476 = VERTEX_POINT('',#6477);
#6477 = CARTESIAN_POINT('',(-41.65541165313,46.068979684026,
    66.317630701953));
#6478 = SURFACE_CURVE('',#6479,(#6483,#6490),.PCURVE_S1.);
#6479 = LINE('',#6480,#6481);
#6480 = CARTESIAN_POINT('',(-49.7391599896,69.831271424069,
    24.612324769655));
#6481 = VECTOR('',#6482,1.);
#6482 = DIRECTION('',(0.166073512387,-0.488175421522,0.856798894902));
#6483 = PCURVE('',#3395,#6484);
#6484 = DEFINITIONAL_REPRESENTATION('',(#6485),#6489);
#6485 = LINE('',#6486,#6487);
#6486 = CARTESIAN_POINT('',(3.937693657142E-15,-6.5));
#6487 = VECTOR('',#6488,1.);
#6488 = DIRECTION('',(1.,-9.923882946946E-18));
#6489 = ( GEOMETRIC_REPRESENTATION_CONTEXT(2) 
PARAMETRIC_REPRESENTATION_CONTEXT() REPRESENTATION_CONTEXT('2D SPACE',''
  ) );
#6490 = PCURVE('',#6491,#6496);
#6491 = PLANE('',#6492);
#6492 = AXIS2_PLACEMENT_3D('',#6493,#6494,#6495);
#6493 = CARTESIAN_POINT('',(-41.99044612929,62.322415456365,
    47.237665104567));
#6494 = DIRECTION('',(-0.768592593328,0.480269955675,0.422618261741));
#6495 = DIRECTION('',(-0.529919264233,-0.848048096156,8.422940171363E-18
    ));
#6496 = DEFINITIONAL_REPRESENTATION('',(#6497),#6501);
#6497 = LINE('',#6498,#6499);
#6498 = CARTESIAN_POINT('',(-2.261678260117,-24.96430093455));
#6499 = VECTOR('',#6500,1.);
#6500 = DIRECTION('',(0.325990683319,0.945372981626));
#6501 = ( GEOMETRIC_REPRESENTATION_CONTEXT(2) 
PARAMETRIC_REPRESENTATION_CONTEXT() REPRESENTATION_CONTEXT('2D SPACE',''
  ) );
#6502 = ORIENTED_EDGE('',*,*,#6503,.F.);
#6503 = EDGE_CURVE('',#6430,#6476,#6504,.T.);
#6504 = SURFACE_CURVE('',#6505,(#6509,#6516),.PCURVE_S1.);
#6505 = LINE('',#6506,#6507);
#6506 = CARTESIAN_POINT('',(-36.6595597965,42.947224972137,
    63.570612000639));
#6507 = VECTOR('',#6508,1.);
#6508 = DIRECTION('',(-0.768592593328,0.480269955675,0.422618261741));
#6509 = PCURVE('',#3395,#6510);
#6510 = DEFINITIONAL_REPRESENTATION('',(#6511),#6515);
#6511 = LINE('',#6512,#6513);
#6512 = CARTESIAN_POINT('',(48.675723300356,3.478273070161E-15));
#6513 = VECTOR('',#6514,1.);
#6514 = DIRECTION('',(5.748577597662E-17,-1.));
#6515 = ( GEOMETRIC_REPRESENTATION_CONTEXT(2) 
PARAMETRIC_REPRESENTATION_CONTEXT() REPRESENTATION_CONTEXT('2D SPACE',''
  ) );
#6516 = PCURVE('',#6517,#6522);
#6517 = CYLINDRICAL_SURFACE('',#6518,6.);
#6518 = AXIS2_PLACEMENT_3D('',#6519,#6520,#6521);
#6519 = CARTESIAN_POINT('',(-32.95272010443,47.319514874454,
    65.343299369401));
#6520 = DIRECTION('',(0.768592593328,-0.480269955675,-0.422618261741));
#6521 = DIRECTION('',(-0.617806615345,-0.72871498372,-0.295447894794));
#6522 = DEFINITIONAL_REPRESENTATION('',(#6523),#6527);
#6523 = LINE('',#6524,#6525);
#6524 = CARTESIAN_POINT('',(-0.,0.));
#6525 = VECTOR('',#6526,1.);
#6526 = DIRECTION('',(-0.,-1.));
#6527 = ( GEOMETRIC_REPRESENTATION_CONTEXT(2) 
PARAMETRIC_REPRESENTATION_CONTEXT() REPRESENTATION_CONTEXT('2D SPACE',''
  ) );
#6528 = ADVANCED_FACE('',(#6529,#6728,#6848),#3352,.F.);
#6529 = FACE_BOUND('',#6530,.F.);
#6530 = EDGE_LOOP('',(#6531,#6566,#6594,#6615,#6616,#6617,#6641,#6669,
    #6702));
#6531 = ORIENTED_EDGE('',*,*,#6532,.F.);
#6532 = EDGE_CURVE('',#6533,#6535,#6537,.T.);
#6533 = VERTEX_POINT('',#6534);
#6534 = CARTESIAN_POINT('',(-48.49295849591,49.32475254564,
    35.985439908699));
#6535 = VERTEX_POINT('',#6536);
#6536 = CARTESIAN_POINT('',(-49.47912477208,43.161155365169,
    41.196361083613));
#6537 = SURFACE_CURVE('',#6538,(#6543,#6554),.PCURVE_S1.);
#6538 = CIRCLE('',#6539,4.1);
#6539 = AXIS2_PLACEMENT_3D('',#6540,#6541,#6542);
#6540 = CARTESIAN_POINT('',(-49.31899074683,46.009038528996,
    38.251209376291));
#6541 = DIRECTION('',(-0.768592593328,0.480269955675,0.422618261741));
#6542 = DIRECTION('',(0.201471280712,0.808710735767,-0.552626699413));
#6543 = PCURVE('',#3352,#6544);
#6544 = DEFINITIONAL_REPRESENTATION('',(#6545),#6553);
#6545 = ( BOUNDED_CURVE() B_SPLINE_CURVE(2,(#6546,#6547,#6548,#6549,
#6550,#6551,#6552),.UNSPECIFIED.,.T.,.F.) B_SPLINE_CURVE_WITH_KNOTS((1,2
    ,2,2,2,1),(-2.094395102393,0.,2.094395102393,4.188790204786,
6.28318530718,8.377580409573),.UNSPECIFIED.) CURVE() 
GEOMETRIC_REPRESENTATION_ITEM() RATIONAL_B_SPLINE_CURVE((1.,0.5,1.,0.5,
1.,0.5,1.)) REPRESENTATION_ITEM('') );
#6546 = CARTESIAN_POINT('',(-11.75038463814,-17.5));
#6547 = CARTESIAN_POINT('',(-16.08051165706,-23.12849891178));
#6548 = CARTESIAN_POINT('',(-18.78987119038,-16.56424945589));
#6549 = CARTESIAN_POINT('',(-21.4992307237,-10.));
#6550 = CARTESIAN_POINT('',(-14.45974417146,-10.9357505441));
#6551 = CARTESIAN_POINT('',(-7.420257619223,-11.87150108821));
#6552 = CARTESIAN_POINT('',(-11.75038463814,-17.5));
#6553 = ( GEOMETRIC_REPRESENTATION_CONTEXT(2) 
PARAMETRIC_REPRESENTATION_CONTEXT() REPRESENTATION_CONTEXT('2D SPACE',''
  ) );
#6554 = PCURVE('',#6555,#6560);
#6555 = CYLINDRICAL_SURFACE('',#6556,4.1);
#6556 = AXIS2_PLACEMENT_3D('',#6557,#6558,#6559);
#6557 = CARTESIAN_POINT('',(-49.31899074683,46.009038528996,
    38.251209376291));
#6558 = DIRECTION('',(-0.768592593328,0.480269955675,0.422618261741));
#6559 = DIRECTION('',(-0.529919264233,-0.848048096156,
    -2.773547628497E-17));
#6560 = DEFINITIONAL_REPRESENTATION('',(#6561),#6565);
#6561 = LINE('',#6562,#6563);
#6562 = CARTESIAN_POINT('',(-8.769025135012,0.));
#6563 = VECTOR('',#6564,1.);
#6564 = DIRECTION('',(1.,-0.));
#6565 = ( GEOMETRIC_REPRESENTATION_CONTEXT(2) 
PARAMETRIC_REPRESENTATION_CONTEXT() REPRESENTATION_CONTEXT('2D SPACE',''
  ) );
#6566 = ORIENTED_EDGE('',*,*,#6567,.T.);
#6567 = EDGE_CURVE('',#6533,#6568,#6570,.T.);
#6568 = VERTEX_POINT('',#6569);
#6569 = CARTESIAN_POINT('',(-44.67381351989,55.436662122177,
    35.985439908699));
#6570 = SURFACE_CURVE('',#6571,(#6575,#6582),.PCURVE_S1.);
#6571 = LINE('',#6572,#6573);
#6572 = CARTESIAN_POINT('',(-51.53979043809,44.448802184388,
    35.985439908699));
#6573 = VECTOR('',#6574,1.);
#6574 = DIRECTION('',(0.529919264233,0.848048096156,2.773547628497E-17)
  );
#6575 = PCURVE('',#3352,#6576);
#6576 = DEFINITIONAL_REPRESENTATION('',(#6577),#6581);
#6577 = LINE('',#6578,#6579);
#6578 = CARTESIAN_POINT('',(-17.5,-17.5));
#6579 = VECTOR('',#6580,1.);
#6580 = DIRECTION('',(1.,3.575002263689E-17));
#6581 = ( GEOMETRIC_REPRESENTATION_CONTEXT(2) 
PARAMETRIC_REPRESENTATION_CONTEXT() REPRESENTATION_CONTEXT('2D SPACE',''
  ) );
#6582 = PCURVE('',#6583,#6588);
#6583 = PLANE('',#6584);
#6584 = AXIS2_PLACEMENT_3D('',#6585,#6586,#6587);
#6585 = CARTESIAN_POINT('',(-51.53979043809,44.448802184388,
    35.985439908699));
#6586 = DIRECTION('',(0.35840061227,-0.223953558313,0.906307787037));
#6587 = DIRECTION('',(0.529919264233,0.848048096156,4.015022021133E-17)
  );
#6588 = DEFINITIONAL_REPRESENTATION('',(#6589),#6593);
#6589 = LINE('',#6590,#6591);
#6590 = CARTESIAN_POINT('',(0.,0.));
#6591 = VECTOR('',#6592,1.);
#6592 = DIRECTION('',(1.,-1.790107792182E-18));
#6593 = ( GEOMETRIC_REPRESENTATION_CONTEXT(2) 
PARAMETRIC_REPRESENTATION_CONTEXT() REPRESENTATION_CONTEXT('2D SPACE',''
  ) );
#6594 = ORIENTED_EDGE('',*,*,#6595,.F.);
#6595 = EDGE_CURVE('',#3280,#6568,#6596,.T.);
#6596 = SURFACE_CURVE('',#6597,(#6601,#6608),.PCURVE_S1.);
#6597 = LINE('',#6598,#6599);
#6598 = CARTESIAN_POINT('',(-47.10061035385,62.570265490573,
    23.465220304742));
#6599 = VECTOR('',#6600,1.);
#6600 = DIRECTION('',(0.166073512387,-0.488175421522,0.856798894902));
#6601 = PCURVE('',#3352,#6602);
#6602 = DEFINITIONAL_REPRESENTATION('',(#6603),#6607);
#6603 = LINE('',#6604,#6605);
#6604 = CARTESIAN_POINT('',(0.220279500418,-31.31453385156));
#6605 = VECTOR('',#6606,1.);
#6606 = DIRECTION('',(-0.325990683319,0.945372981626));
#6607 = ( GEOMETRIC_REPRESENTATION_CONTEXT(2) 
PARAMETRIC_REPRESENTATION_CONTEXT() REPRESENTATION_CONTEXT('2D SPACE',''
  ) );
#6608 = PCURVE('',#3305,#6609);
#6609 = DEFINITIONAL_REPRESENTATION('',(#6610),#6614);
#6610 = LINE('',#6611,#6612);
#6611 = CARTESIAN_POINT('',(0.,0.));
#6612 = VECTOR('',#6613,1.);
#6613 = DIRECTION('',(1.,9.923882946946E-18));
#6614 = ( GEOMETRIC_REPRESENTATION_CONTEXT(2) 
PARAMETRIC_REPRESENTATION_CONTEXT() REPRESENTATION_CONTEXT('2D SPACE',''
  ) );
#6615 = ORIENTED_EDGE('',*,*,#3322,.F.);
#6616 = ORIENTED_EDGE('',*,*,#6429,.T.);
#6617 = ORIENTED_EDGE('',*,*,#6618,.F.);
#6618 = EDGE_CURVE('',#6619,#6430,#6621,.T.);
#6619 = VERTEX_POINT('',#6620);
#6620 = CARTESIAN_POINT('',(-35.40620304233,42.354934003583,
    67.706212454982));
#6621 = SURFACE_CURVE('',#6622,(#6627,#6634),.PCURVE_S1.);
#6622 = CIRCLE('',#6623,6.);
#6623 = AXIS2_PLACEMENT_3D('',#6624,#6625,#6626);
#6624 = CARTESIAN_POINT('',(-33.33701640109,47.559649852292,
    65.554608500272));
#6625 = DIRECTION('',(0.768592593328,-0.480269955675,-0.422618261741));
#6626 = DIRECTION('',(-0.617806615345,-0.72871498372,-0.295447894794));
#6627 = PCURVE('',#3352,#6628);
#6628 = DEFINITIONAL_REPRESENTATION('',(#6629),#6633);
#6629 = CIRCLE('',#6630,6.);
#6630 = AXIS2_PLACEMENT_2D('',#6631,#6632);
#6631 = CARTESIAN_POINT('',(-5.21585093311,15.12596770602));
#6632 = DIRECTION('',(-0.945372981626,-0.325990683319));
#6633 = ( GEOMETRIC_REPRESENTATION_CONTEXT(2) 
PARAMETRIC_REPRESENTATION_CONTEXT() REPRESENTATION_CONTEXT('2D SPACE',''
  ) );
#6634 = PCURVE('',#6517,#6635);
#6635 = DEFINITIONAL_REPRESENTATION('',(#6636),#6640);
#6636 = LINE('',#6637,#6638);
#6637 = CARTESIAN_POINT('',(-6.28318530718,-0.5));
#6638 = VECTOR('',#6639,1.);
#6639 = DIRECTION('',(1.,-0.));
#6640 = ( GEOMETRIC_REPRESENTATION_CONTEXT(2) 
PARAMETRIC_REPRESENTATION_CONTEXT() REPRESENTATION_CONTEXT('2D SPACE',''
  ) );
#6641 = ORIENTED_EDGE('',*,*,#6642,.T.);
#6642 = EDGE_CURVE('',#6619,#6643,#6645,.T.);
#6643 = VERTEX_POINT('',#6644);
#6644 = CARTESIAN_POINT('',(-35.94893706646,41.48637800468,
    67.706212454982));
#6645 = SURFACE_CURVE('',#6646,(#6650,#6657),.PCURVE_S1.);
#6646 = LINE('',#6647,#6648);
#6647 = CARTESIAN_POINT('',(-20.44859476047,66.292111008902,
    67.706212454982));
#6648 = VECTOR('',#6649,1.);
#6649 = DIRECTION('',(-0.529919264233,-0.848048096156,
    -2.773547628497E-17));
#6650 = PCURVE('',#3352,#6651);
#6651 = DEFINITIONAL_REPRESENTATION('',(#6652),#6656);
#6652 = LINE('',#6653,#6654);
#6653 = CARTESIAN_POINT('',(17.5,17.5));
#6654 = VECTOR('',#6655,1.);
#6655 = DIRECTION('',(-1.,-3.575002263689E-17));
#6656 = ( GEOMETRIC_REPRESENTATION_CONTEXT(2) 
PARAMETRIC_REPRESENTATION_CONTEXT() REPRESENTATION_CONTEXT('2D SPACE',''
  ) );
#6657 = PCURVE('',#6658,#6663);
#6658 = PLANE('',#6659);
#6659 = AXIS2_PLACEMENT_3D('',#6660,#6661,#6662);
#6660 = CARTESIAN_POINT('',(-20.44859476047,66.292111008902,
    67.706212454982));
#6661 = DIRECTION('',(-0.35840061227,0.223953558313,-0.906307787037));
#6662 = DIRECTION('',(-0.529919264233,-0.848048096156,
    -4.015022021133E-17));
#6663 = DEFINITIONAL_REPRESENTATION('',(#6664),#6668);
#6664 = LINE('',#6665,#6666);
#6665 = CARTESIAN_POINT('',(-0.,0.));
#6666 = VECTOR('',#6667,1.);
#6667 = DIRECTION('',(1.,1.790107792182E-18));
#6668 = ( GEOMETRIC_REPRESENTATION_CONTEXT(2) 
PARAMETRIC_REPRESENTATION_CONTEXT() REPRESENTATION_CONTEXT('2D SPACE',''
  ) );
#6669 = ORIENTED_EDGE('',*,*,#6670,.F.);
#6670 = EDGE_CURVE('',#6671,#6643,#6673,.T.);
#6671 = VERTEX_POINT('',#6672);
#6672 = CARTESIAN_POINT('',(-41.05643467464,37.898074462647,
    62.495291280067));
#6673 = SURFACE_CURVE('',#6674,(#6679,#6690),.PCURVE_S1.);
#6674 = CIRCLE('',#6675,4.1);
#6675 = AXIS2_PLACEMENT_3D('',#6676,#6677,#6678);
#6676 = CARTESIAN_POINT('',(-38.56697237873,39.290431779601,
    65.44044298739));
#6677 = DIRECTION('',(-0.768592593328,0.480269955675,0.422618261741));
#6678 = DIRECTION('',(-0.607185925833,-0.339599345599,-0.718329684713));
#6679 = PCURVE('',#3352,#6680);
#6680 = DEFINITIONAL_REPRESENTATION('',(#6681),#6689);
#6681 = ( BOUNDED_CURVE() B_SPLINE_CURVE(2,(#6682,#6683,#6684,#6685,
#6686,#6687,#6688),.UNSPECIFIED.,.T.,.F.) B_SPLINE_CURVE_WITH_KNOTS((1,2
    ,2,2,2,1),(-2.094395102393,0.,2.094395102393,4.188790204786,
6.28318530718,8.377580409573),.UNSPECIFIED.) CURVE() 
GEOMETRIC_REPRESENTATION_ITEM() RATIONAL_B_SPLINE_CURVE((1.,0.5,1.,0.5,
1.,0.5,1.)) REPRESENTATION_ITEM('') );
#6682 = CARTESIAN_POINT('',(-17.5,11.750384638145));
#6683 = CARTESIAN_POINT('',(-23.12849891178,16.080511657067));
#6684 = CARTESIAN_POINT('',(-16.56424945589,18.789871190388));
#6685 = CARTESIAN_POINT('',(-10.,21.499230723709));
#6686 = CARTESIAN_POINT('',(-10.9357505441,14.459744171466));
#6687 = CARTESIAN_POINT('',(-11.87150108821,7.420257619224));
#6688 = CARTESIAN_POINT('',(-17.5,11.750384638145));
#6689 = ( GEOMETRIC_REPRESENTATION_CONTEXT(2) 
PARAMETRIC_REPRESENTATION_CONTEXT() REPRESENTATION_CONTEXT('2D SPACE',''
  ) );
#6690 = PCURVE('',#6691,#6696);
#6691 = CYLINDRICAL_SURFACE('',#6692,4.1);
#6692 = AXIS2_PLACEMENT_3D('',#6693,#6694,#6695);
#6693 = CARTESIAN_POINT('',(-38.56697237873,39.290431779601,
    65.44044298739));
#6694 = DIRECTION('',(-0.768592593328,0.480269955675,0.422618261741));
#6695 = DIRECTION('',(-0.529919264233,-0.848048096156,
    -2.773547628497E-17));
#6696 = DEFINITIONAL_REPRESENTATION('',(#6697),#6701);
#6697 = LINE('',#6698,#6699);
#6698 = CARTESIAN_POINT('',(-7.198228808217,0.));
#6699 = VECTOR('',#6700,1.);
#6700 = DIRECTION('',(1.,-0.));
#6701 = ( GEOMETRIC_REPRESENTATION_CONTEXT(2) 
PARAMETRIC_REPRESENTATION_CONTEXT() REPRESENTATION_CONTEXT('2D SPACE',''
  ) );
#6702 = ORIENTED_EDGE('',*,*,#6703,.T.);
#6703 = EDGE_CURVE('',#6671,#6535,#6704,.T.);
#6704 = SURFACE_CURVE('',#6705,(#6709,#6716),.PCURVE_S1.);
#6705 = LINE('',#6706,#6707);
#6706 = CARTESIAN_POINT('',(-38.99576900864,36.610427643428,
    67.706212454982));
#6707 = VECTOR('',#6708,1.);
#6708 = DIRECTION('',(-0.35840061227,0.223953558313,-0.906307787037));
#6709 = PCURVE('',#3352,#6710);
#6710 = DEFINITIONAL_REPRESENTATION('',(#6711),#6715);
#6711 = LINE('',#6712,#6713);
#6712 = CARTESIAN_POINT('',(-17.5,17.5));
#6713 = VECTOR('',#6714,1.);
#6714 = DIRECTION('',(3.750486997659E-17,-1.));
#6715 = ( GEOMETRIC_REPRESENTATION_CONTEXT(2) 
PARAMETRIC_REPRESENTATION_CONTEXT() REPRESENTATION_CONTEXT('2D SPACE',''
  ) );
#6716 = PCURVE('',#6717,#6722);
#6717 = PLANE('',#6718);
#6718 = AXIS2_PLACEMENT_3D('',#6719,#6720,#6721);
#6719 = CARTESIAN_POINT('',(-38.99576900864,36.610427643428,
    67.706212454982));
#6720 = DIRECTION('',(0.529919264233,0.848048096156,4.322952327307E-17)
  );
#6721 = DIRECTION('',(-0.35840061227,0.223953558313,-0.906307787037));
#6722 = DEFINITIONAL_REPRESENTATION('',(#6723),#6727);
#6723 = LINE('',#6724,#6725);
#6724 = CARTESIAN_POINT('',(0.,0.));
#6725 = VECTOR('',#6726,1.);
#6726 = DIRECTION('',(1.,-4.268913590151E-18));
#6727 = ( GEOMETRIC_REPRESENTATION_CONTEXT(2) 
PARAMETRIC_REPRESENTATION_CONTEXT() REPRESENTATION_CONTEXT('2D SPACE',''
  ) );
#6728 = FACE_BOUND('',#6729,.F.);
#6729 = EDGE_LOOP('',(#6730,#6758,#6791,#6817));
#6730 = ORIENTED_EDGE('',*,*,#6731,.F.);
#6731 = EDGE_CURVE('',#6732,#6734,#6736,.T.);
#6732 = VERTEX_POINT('',#6733);
#6733 = CARTESIAN_POINT('',(-49.16132414436,46.99446406011,
    37.418096079618));
#6734 = VERTEX_POINT('',#6735);
#6735 = CARTESIAN_POINT('',(-47.38468439135,48.242653135797,
    39.230711653691));
#6736 = SURFACE_CURVE('',#6737,(#6741,#6747),.PCURVE_S1.);
#6737 = LINE('',#6738,#6739);
#6738 = CARTESIAN_POINT('',(-41.61060519408,52.299267631778,
    45.12171226943));
#6739 = VECTOR('',#6740,1.);
#6740 = DIRECTION('',(0.628137008538,0.44130147981,0.640856382056));
#6741 = PCURVE('',#3352,#6742);
#6742 = DEFINITIONAL_REPRESENTATION('',(#6743),#6746);
#6743 = B_SPLINE_CURVE_WITH_KNOTS('',1,(#6744,#6745),.UNSPECIFIED.,.F.,
  .F.,(2,2),(-12.02081528017,-9.192388155425),.PIECEWISE_BEZIER_KNOTS.);
#6744 = CARTESIAN_POINT('',(-14.08076118445,-15.91923881554));
#6745 = CARTESIAN_POINT('',(-12.08076118445,-13.91923881554));
#6746 = ( GEOMETRIC_REPRESENTATION_CONTEXT(2) 
PARAMETRIC_REPRESENTATION_CONTEXT() REPRESENTATION_CONTEXT('2D SPACE',''
  ) );
#6747 = PCURVE('',#6748,#6753);
#6748 = PLANE('',#6749);
#6749 = AXIS2_PLACEMENT_3D('',#6750,#6751,#6752);
#6750 = CARTESIAN_POINT('',(-48.15327698468,48.722923091472,
    39.653329915432));
#6751 = DIRECTION('',(0.121282001903,0.758019639319,-0.640856382056));
#6752 = DIRECTION('',(-0.628137008538,-0.44130147981,-0.640856382056));
#6753 = DEFINITIONAL_REPRESENTATION('',(#6754),#6757);
#6754 = B_SPLINE_CURVE_WITH_KNOTS('',1,(#6755,#6756),.UNSPECIFIED.,.F.,
  .F.,(2,2),(-12.02081528017,-9.192388155425),.PIECEWISE_BEZIER_KNOTS.);
#6755 = CARTESIAN_POINT('',(2.828427124746,-1.));
#6756 = CARTESIAN_POINT('',(-3.552713678801E-15,-1.));
#6757 = ( GEOMETRIC_REPRESENTATION_CONTEXT(2) 
PARAMETRIC_REPRESENTATION_CONTEXT() REPRESENTATION_CONTEXT('2D SPACE',''
  ) );
#6758 = ORIENTED_EDGE('',*,*,#6759,.T.);
#6759 = EDGE_CURVE('',#6732,#6760,#6762,.T.);
#6760 = VERTEX_POINT('',#6761);
#6761 = CARTESIAN_POINT('',(-49.47665734931,45.023612997882,
    39.084322672963));
#6762 = SURFACE_CURVE('',#6763,(#6768,#6779),.PCURVE_S1.);
#6763 = CIRCLE('',#6764,1.3);
#6764 = AXIS2_PLACEMENT_3D('',#6765,#6766,#6767);
#6765 = CARTESIAN_POINT('',(-49.31899074683,46.009038528996,
    38.251209376291));
#6766 = DIRECTION('',(-0.768592593328,0.480269955675,0.422618261741));
#6767 = DIRECTION('',(0.121282001903,0.758019639319,-0.640856382056));
#6768 = PCURVE('',#3352,#6769);
#6769 = DEFINITIONAL_REPRESENTATION('',(#6770),#6778);
#6770 = ( BOUNDED_CURVE() B_SPLINE_CURVE(2,(#6771,#6772,#6773,#6774,
#6775,#6776,#6777),.UNSPECIFIED.,.T.,.F.) B_SPLINE_CURVE_WITH_KNOTS((1,2
    ,2,2,2,1),(-2.094395102393,0.,2.094395102393,4.188790204786,
6.28318530718,8.377580409573),.UNSPECIFIED.) CURVE() 
GEOMETRIC_REPRESENTATION_ITEM() RATIONAL_B_SPLINE_CURVE((1.,0.5,1.,0.5,
1.,0.5,1.)) REPRESENTATION_ITEM('') );
#6771 = CARTESIAN_POINT('',(-14.08076118445,-15.91923881554));
#6772 = CARTESIAN_POINT('',(-15.67292951726,-17.51140714835));
#6773 = CARTESIAN_POINT('',(-16.25570357417,-15.33646475863));
#6774 = CARTESIAN_POINT('',(-16.83847763108,-13.16152236891));
#6775 = CARTESIAN_POINT('',(-14.66353524136,-13.74429642582));
#6776 = CARTESIAN_POINT('',(-12.48859285164,-14.32707048273));
#6777 = CARTESIAN_POINT('',(-14.08076118445,-15.91923881554));
#6778 = ( GEOMETRIC_REPRESENTATION_CONTEXT(2) 
PARAMETRIC_REPRESENTATION_CONTEXT() REPRESENTATION_CONTEXT('2D SPACE',''
  ) );
#6779 = PCURVE('',#6780,#6785);
#6780 = CYLINDRICAL_SURFACE('',#6781,1.3);
#6781 = AXIS2_PLACEMENT_3D('',#6782,#6783,#6784);
#6782 = CARTESIAN_POINT('',(-50.08758334016,46.489308484671,
    38.673827638031));
#6783 = DIRECTION('',(-0.768592593328,0.480269955675,0.422618261741));
#6784 = DIRECTION('',(0.121282001903,0.758019639319,-0.640856382056));
#6785 = DEFINITIONAL_REPRESENTATION('',(#6786),#6790);
#6786 = LINE('',#6787,#6788);
#6787 = CARTESIAN_POINT('',(-4.919160339616E-17,-1.));
#6788 = VECTOR('',#6789,1.);
#6789 = DIRECTION('',(1.,0.));
#6790 = ( GEOMETRIC_REPRESENTATION_CONTEXT(2) 
PARAMETRIC_REPRESENTATION_CONTEXT() REPRESENTATION_CONTEXT('2D SPACE',''
  ) );
#6791 = ORIENTED_EDGE('',*,*,#6792,.F.);
#6792 = EDGE_CURVE('',#6793,#6760,#6795,.T.);
#6793 = VERTEX_POINT('',#6794);
#6794 = CARTESIAN_POINT('',(-47.7000175963,46.271802073568,
    40.896938247036));
#6795 = SURFACE_CURVE('',#6796,(#6800,#6806),.PCURVE_S1.);
#6796 = LINE('',#6797,#6798);
#6797 = CARTESIAN_POINT('',(-42.81425827553,49.704322031706,
    45.881631075738));
#6798 = VECTOR('',#6799,1.);
#6799 = DIRECTION('',(-0.628137008538,-0.44130147981,-0.640856382056));
#6800 = PCURVE('',#3352,#6801);
#6801 = DEFINITIONAL_REPRESENTATION('',(#6802),#6805);
#6802 = B_SPLINE_CURVE_WITH_KNOTS('',1,(#6803,#6804),.UNSPECIFIED.,.F.,
  .F.,(2,2),(7.778174593052,10.606601717798),.PIECEWISE_BEZIER_KNOTS.);
#6803 = CARTESIAN_POINT('',(-13.91923881554,-12.08076118445));
#6804 = CARTESIAN_POINT('',(-15.91923881554,-14.08076118445));
#6805 = ( GEOMETRIC_REPRESENTATION_CONTEXT(2) 
PARAMETRIC_REPRESENTATION_CONTEXT() REPRESENTATION_CONTEXT('2D SPACE',''
  ) );
#6806 = PCURVE('',#6807,#6812);
#6807 = PLANE('',#6808);
#6808 = AXIS2_PLACEMENT_3D('',#6809,#6810,#6811);
#6809 = CARTESIAN_POINT('',(-50.24524994263,45.503882953557,
    39.506940934704));
#6810 = DIRECTION('',(-0.121282001903,-0.758019639319,0.640856382056));
#6811 = DIRECTION('',(0.628137008538,0.44130147981,0.640856382056));
#6812 = DEFINITIONAL_REPRESENTATION('',(#6813),#6816);
#6813 = B_SPLINE_CURVE_WITH_KNOTS('',1,(#6814,#6815),.UNSPECIFIED.,.F.,
  .F.,(2,2),(7.778174593052,10.606601717798),.PIECEWISE_BEZIER_KNOTS.);
#6814 = CARTESIAN_POINT('',(2.828427124746,-1.));
#6815 = CARTESIAN_POINT('',(0.,-1.));
#6816 = ( GEOMETRIC_REPRESENTATION_CONTEXT(2) 
PARAMETRIC_REPRESENTATION_CONTEXT() REPRESENTATION_CONTEXT('2D SPACE',''
  ) );
#6817 = ORIENTED_EDGE('',*,*,#6818,.T.);
#6818 = EDGE_CURVE('',#6793,#6734,#6819,.T.);
#6819 = SURFACE_CURVE('',#6820,(#6825,#6836),.PCURVE_S1.);
#6820 = CIRCLE('',#6821,1.3);
#6821 = AXIS2_PLACEMENT_3D('',#6822,#6823,#6824);
#6822 = CARTESIAN_POINT('',(-47.54235099383,47.257227604682,
    40.063824950364));
#6823 = DIRECTION('',(-0.768592593328,0.480269955675,0.422618261741));
#6824 = DIRECTION('',(-0.121282001903,-0.758019639319,0.640856382056));
#6825 = PCURVE('',#3352,#6826);
#6826 = DEFINITIONAL_REPRESENTATION('',(#6827),#6835);
#6827 = ( BOUNDED_CURVE() B_SPLINE_CURVE(2,(#6828,#6829,#6830,#6831,
#6832,#6833,#6834),.UNSPECIFIED.,.T.,.F.) B_SPLINE_CURVE_WITH_KNOTS((1,2
    ,2,2,2,1),(-2.094395102393,0.,2.094395102393,4.188790204786,
6.28318530718,8.377580409573),.UNSPECIFIED.) CURVE() 
GEOMETRIC_REPRESENTATION_ITEM() RATIONAL_B_SPLINE_CURVE((1.,0.5,1.,0.5,
1.,0.5,1.)) REPRESENTATION_ITEM('') );
#6828 = CARTESIAN_POINT('',(-13.91923881554,-12.08076118445));
#6829 = CARTESIAN_POINT('',(-12.32707048273,-10.48859285164));
#6830 = CARTESIAN_POINT('',(-11.74429642582,-12.66353524136));
#6831 = CARTESIAN_POINT('',(-11.16152236891,-14.83847763108));
#6832 = CARTESIAN_POINT('',(-13.33646475863,-14.25570357417));
#6833 = CARTESIAN_POINT('',(-15.51140714835,-13.67292951726));
#6834 = CARTESIAN_POINT('',(-13.91923881554,-12.08076118445));
#6835 = ( GEOMETRIC_REPRESENTATION_CONTEXT(2) 
PARAMETRIC_REPRESENTATION_CONTEXT() REPRESENTATION_CONTEXT('2D SPACE',''
  ) );
#6836 = PCURVE('',#6837,#6842);
#6837 = CYLINDRICAL_SURFACE('',#6838,1.3);
#6838 = AXIS2_PLACEMENT_3D('',#6839,#6840,#6841);
#6839 = CARTESIAN_POINT('',(-48.31094358715,47.737497560358,
    40.486443212105));
#6840 = DIRECTION('',(-0.768592593328,0.480269955675,0.422618261741));
#6841 = DIRECTION('',(-0.121282001903,-0.758019639319,0.640856382056));
#6842 = DEFINITIONAL_REPRESENTATION('',(#6843),#6847);
#6843 = LINE('',#6844,#6845);
#6844 = CARTESIAN_POINT('',(-4.919160339616E-17,-1.));
#6845 = VECTOR('',#6846,1.);
#6846 = DIRECTION('',(1.,0.));
#6847 = ( GEOMETRIC_REPRESENTATION_CONTEXT(2) 
PARAMETRIC_REPRESENTATION_CONTEXT() REPRESENTATION_CONTEXT('2D SPACE',''
  ) );
#6848 = FACE_BOUND('',#6849,.F.);
#6849 = EDGE_LOOP('',(#6850,#6878,#6911,#6937));
#6850 = ORIENTED_EDGE('',*,*,#6851,.F.);
#6851 = EDGE_CURVE('',#6852,#6854,#6856,.T.);
#6852 = VERTEX_POINT('',#6853);
#6853 = CARTESIAN_POINT('',(-39.38355048983,38.716739855848,
    64.607329690718));
#6854 = VERTEX_POINT('',#6855);
#6855 = CARTESIAN_POINT('',(-39.0405131859,40.860743164787,
    62.794714116644));
#6856 = SURFACE_CURVE('',#6857,(#6861,#6867),.PCURVE_S1.);
#6857 = LINE('',#6858,#6859);
#6858 = CARTESIAN_POINT('',(-37.92564194814,47.828753918839,
    56.903713500906));
#6859 = VECTOR('',#6860,1.);
#6860 = DIRECTION('',(0.121282001903,0.758019639319,-0.640856382056));
#6861 = PCURVE('',#3352,#6862);
#6862 = DEFINITIONAL_REPRESENTATION('',(#6863),#6866);
#6863 = B_SPLINE_CURVE_WITH_KNOTS('',1,(#6864,#6865),.UNSPECIFIED.,.F.,
  .F.,(2,2),(-12.02081528017,-9.192388155425),.PIECEWISE_BEZIER_KNOTS.);
#6864 = CARTESIAN_POINT('',(-15.91923881554,14.080761184457));
#6865 = CARTESIAN_POINT('',(-13.91923881554,12.080761184457));
#6866 = ( GEOMETRIC_REPRESENTATION_CONTEXT(2) 
PARAMETRIC_REPRESENTATION_CONTEXT() REPRESENTATION_CONTEXT('2D SPACE',''
  ) );
#6867 = PCURVE('',#6868,#6873);
#6868 = PLANE('',#6869);
#6869 = AXIS2_PLACEMENT_3D('',#6870,#6871,#6872);
#6870 = CARTESIAN_POINT('',(-39.80910577923,41.341013120462,
    63.217332378385));
#6871 = DIRECTION('',(-0.628137008538,-0.44130147981,-0.640856382056));
#6872 = DIRECTION('',(-0.121282001903,-0.758019639319,0.640856382056));
#6873 = DEFINITIONAL_REPRESENTATION('',(#6874),#6877);
#6874 = B_SPLINE_CURVE_WITH_KNOTS('',1,(#6875,#6876),.UNSPECIFIED.,.F.,
  .F.,(2,2),(-12.02081528017,-9.192388155425),.PIECEWISE_BEZIER_KNOTS.);
#6875 = CARTESIAN_POINT('',(2.828427124746,-1.));
#6876 = CARTESIAN_POINT('',(0.,-1.));
#6877 = ( GEOMETRIC_REPRESENTATION_CONTEXT(2) 
PARAMETRIC_REPRESENTATION_CONTEXT() REPRESENTATION_CONTEXT('2D SPACE',''
  ) );
#6878 = ORIENTED_EDGE('',*,*,#6879,.T.);
#6879 = EDGE_CURVE('',#6852,#6880,#6882,.T.);
#6880 = VERTEX_POINT('',#6881);
#6881 = CARTESIAN_POINT('',(-37.75039426763,39.864123703355,
    66.273556284063));
#6882 = SURFACE_CURVE('',#6883,(#6888,#6899),.PCURVE_S1.);
#6883 = CIRCLE('',#6884,1.3);
#6884 = AXIS2_PLACEMENT_3D('',#6885,#6886,#6887);
#6885 = CARTESIAN_POINT('',(-38.56697237873,39.290431779601,
    65.44044298739));
#6886 = DIRECTION('',(-0.768592593328,0.480269955675,0.422618261741));
#6887 = DIRECTION('',(-0.628137008538,-0.44130147981,-0.640856382056));
#6888 = PCURVE('',#3352,#6889);
#6889 = DEFINITIONAL_REPRESENTATION('',(#6890),#6898);
#6890 = ( BOUNDED_CURVE() B_SPLINE_CURVE(2,(#6891,#6892,#6893,#6894,
#6895,#6896,#6897),.UNSPECIFIED.,.T.,.F.) B_SPLINE_CURVE_WITH_KNOTS((1,2
    ,2,2,2,1),(-2.094395102393,0.,2.094395102393,4.188790204786,
6.28318530718,8.377580409573),.UNSPECIFIED.) CURVE() 
GEOMETRIC_REPRESENTATION_ITEM() RATIONAL_B_SPLINE_CURVE((1.,0.5,1.,0.5,
1.,0.5,1.)) REPRESENTATION_ITEM('') );
#6891 = CARTESIAN_POINT('',(-15.91923881554,14.080761184457));
#6892 = CARTESIAN_POINT('',(-17.51140714835,15.672929517267));
#6893 = CARTESIAN_POINT('',(-15.33646475863,16.255703574176));
#6894 = CARTESIAN_POINT('',(-13.16152236891,16.838477631085));
#6895 = CARTESIAN_POINT('',(-13.74429642582,14.663535241367));
#6896 = CARTESIAN_POINT('',(-14.32707048273,12.488592851648));
#6897 = CARTESIAN_POINT('',(-15.91923881554,14.080761184457));
#6898 = ( GEOMETRIC_REPRESENTATION_CONTEXT(2) 
PARAMETRIC_REPRESENTATION_CONTEXT() REPRESENTATION_CONTEXT('2D SPACE',''
  ) );
#6899 = PCURVE('',#6900,#6905);
#6900 = CYLINDRICAL_SURFACE('',#6901,1.3);
#6901 = AXIS2_PLACEMENT_3D('',#6902,#6903,#6904);
#6902 = CARTESIAN_POINT('',(-39.33556497206,39.770701735277,
    65.863061249131));
#6903 = DIRECTION('',(-0.768592593328,0.480269955675,0.422618261741));
#6904 = DIRECTION('',(-0.628137008538,-0.44130147981,-0.640856382056));
#6905 = DEFINITIONAL_REPRESENTATION('',(#6906),#6910);
#6906 = LINE('',#6907,#6908);
#6907 = CARTESIAN_POINT('',(-1.080608752412E-16,-1.));
#6908 = VECTOR('',#6909,1.);
#6909 = DIRECTION('',(1.,0.));
#6910 = ( GEOMETRIC_REPRESENTATION_CONTEXT(2) 
PARAMETRIC_REPRESENTATION_CONTEXT() REPRESENTATION_CONTEXT('2D SPACE',''
  ) );
#6911 = ORIENTED_EDGE('',*,*,#6912,.F.);
#6912 = EDGE_CURVE('',#6913,#6880,#6915,.T.);
#6913 = VERTEX_POINT('',#6914);
#6914 = CARTESIAN_POINT('',(-37.4073569637,42.008127012294,
    64.460940709989));
#6915 = SURFACE_CURVE('',#6916,(#6920,#6926),.PCURVE_S1.);
#6916 = LINE('',#6917,#6918);
#6917 = CARTESIAN_POINT('',(-36.46400437791,47.904136111877,
    59.476247881288));
#6918 = VECTOR('',#6919,1.);
#6919 = DIRECTION('',(-0.121282001903,-0.758019639319,0.640856382056));
#6920 = PCURVE('',#3352,#6921);
#6921 = DEFINITIONAL_REPRESENTATION('',(#6922),#6925);
#6922 = B_SPLINE_CURVE_WITH_KNOTS('',1,(#6923,#6924),.UNSPECIFIED.,.F.,
  .F.,(2,2),(7.778174593052,10.606601717798),.PIECEWISE_BEZIER_KNOTS.);
#6923 = CARTESIAN_POINT('',(-12.08076118445,13.919238815542));
#6924 = CARTESIAN_POINT('',(-14.08076118445,15.919238815542));
#6925 = ( GEOMETRIC_REPRESENTATION_CONTEXT(2) 
PARAMETRIC_REPRESENTATION_CONTEXT() REPRESENTATION_CONTEXT('2D SPACE',''
  ) );
#6926 = PCURVE('',#6927,#6932);
#6927 = PLANE('',#6928);
#6928 = AXIS2_PLACEMENT_3D('',#6929,#6930,#6931);
#6929 = CARTESIAN_POINT('',(-38.51898686096,40.34439365903,
    66.696174545803));
#6930 = DIRECTION('',(0.628137008538,0.44130147981,0.640856382056));
#6931 = DIRECTION('',(0.121282001903,0.758019639319,-0.640856382056));
#6932 = DEFINITIONAL_REPRESENTATION('',(#6933),#6936);
#6933 = B_SPLINE_CURVE_WITH_KNOTS('',1,(#6934,#6935),.UNSPECIFIED.,.F.,
  .F.,(2,2),(7.778174593052,10.606601717798),.PIECEWISE_BEZIER_KNOTS.);
#6934 = CARTESIAN_POINT('',(2.828427124746,-1.));
#6935 = CARTESIAN_POINT('',(0.,-1.));
#6936 = ( GEOMETRIC_REPRESENTATION_CONTEXT(2) 
PARAMETRIC_REPRESENTATION_CONTEXT() REPRESENTATION_CONTEXT('2D SPACE',''
  ) );
#6937 = ORIENTED_EDGE('',*,*,#6938,.T.);
#6938 = EDGE_CURVE('',#6913,#6854,#6939,.T.);
#6939 = SURFACE_CURVE('',#6940,(#6945,#6956),.PCURVE_S1.);
#6940 = CIRCLE('',#6941,1.3);
#6941 = AXIS2_PLACEMENT_3D('',#6942,#6943,#6944);
#6942 = CARTESIAN_POINT('',(-38.2239350748,41.434435088541,
    63.627827413317));
#6943 = DIRECTION('',(-0.768592593328,0.480269955675,0.422618261741));
#6944 = DIRECTION('',(0.628137008538,0.44130147981,0.640856382056));
#6945 = PCURVE('',#3352,#6946);
#6946 = DEFINITIONAL_REPRESENTATION('',(#6947),#6955);
#6947 = ( BOUNDED_CURVE() B_SPLINE_CURVE(2,(#6948,#6949,#6950,#6951,
#6952,#6953,#6954),.UNSPECIFIED.,.T.,.F.) B_SPLINE_CURVE_WITH_KNOTS((1,2
    ,2,2,2,1),(-2.094395102393,0.,2.094395102393,4.188790204786,
6.28318530718,8.377580409573),.UNSPECIFIED.) CURVE() 
GEOMETRIC_REPRESENTATION_ITEM() RATIONAL_B_SPLINE_CURVE((1.,0.5,1.,0.5,
1.,0.5,1.)) REPRESENTATION_ITEM('') );
#6948 = CARTESIAN_POINT('',(-12.08076118445,13.919238815542));
#6949 = CARTESIAN_POINT('',(-10.48859285164,12.327070482733));
#6950 = CARTESIAN_POINT('',(-12.66353524136,11.744296425824));
#6951 = CARTESIAN_POINT('',(-14.83847763108,11.161522368915));
#6952 = CARTESIAN_POINT('',(-14.25570357417,13.336464758633));
#6953 = CARTESIAN_POINT('',(-13.67292951726,15.511407148352));
#6954 = CARTESIAN_POINT('',(-12.08076118445,13.919238815542));
#6955 = ( GEOMETRIC_REPRESENTATION_CONTEXT(2) 
PARAMETRIC_REPRESENTATION_CONTEXT() REPRESENTATION_CONTEXT('2D SPACE',''
  ) );
#6956 = PCURVE('',#6957,#6962);
#6957 = CYLINDRICAL_SURFACE('',#6958,1.3);
#6958 = AXIS2_PLACEMENT_3D('',#6959,#6960,#6961);
#6959 = CARTESIAN_POINT('',(-38.99252766813,41.914705044216,
    64.050445675058));
#6960 = DIRECTION('',(-0.768592593328,0.480269955675,0.422618261741));
#6961 = DIRECTION('',(0.628137008538,0.44130147981,0.640856382056));
#6962 = DEFINITIONAL_REPRESENTATION('',(#6963),#6967);
#6963 = LINE('',#6964,#6965);
#6964 = CARTESIAN_POINT('',(0.,-1.));
#6965 = VECTOR('',#6966,1.);
#6966 = DIRECTION('',(1.,0.));
#6967 = ( GEOMETRIC_REPRESENTATION_CONTEXT(2) 
PARAMETRIC_REPRESENTATION_CONTEXT() REPRESENTATION_CONTEXT('2D SPACE',''
  ) );
#6968 = ADVANCED_FACE('',(#6969),#3305,.T.);
#6969 = FACE_BOUND('',#6970,.T.);
#6970 = EDGE_LOOP('',(#6971,#6972,#6973,#6996));
#6971 = ORIENTED_EDGE('',*,*,#6595,.F.);
#6972 = ORIENTED_EDGE('',*,*,#3279,.F.);
#6973 = ORIENTED_EDGE('',*,*,#6974,.T.);
#6974 = EDGE_CURVE('',#3219,#6975,#6977,.T.);
#6975 = VERTEX_POINT('',#6976);
#6976 = CARTESIAN_POINT('',(-41.21514684992,53.275447321638,
    34.083657730866));
#6977 = SURFACE_CURVE('',#6978,(#6982,#6989),.PCURVE_S1.);
#6978 = LINE('',#6979,#6980);
#6979 = CARTESIAN_POINT('',(-43.64194368387,60.409050690034,
    21.563438126909));
#6980 = VECTOR('',#6981,1.);
#6981 = DIRECTION('',(0.166073512387,-0.488175421522,0.856798894902));
#6982 = PCURVE('',#3305,#6983);
#6983 = DEFINITIONAL_REPRESENTATION('',(#6984),#6988);
#6984 = LINE('',#6985,#6986);
#6985 = CARTESIAN_POINT('',(-1.277237158384E-16,-4.5));
#6986 = VECTOR('',#6987,1.);
#6987 = DIRECTION('',(1.,9.923882946946E-18));
#6988 = ( GEOMETRIC_REPRESENTATION_CONTEXT(2) 
PARAMETRIC_REPRESENTATION_CONTEXT() REPRESENTATION_CONTEXT('2D SPACE',''
  ) );
#6989 = PCURVE('',#3256,#6990);
#6990 = DEFINITIONAL_REPRESENTATION('',(#6991),#6995);
#6991 = LINE('',#6992,#6993);
#6992 = CARTESIAN_POINT('',(0.220279500418,-31.31453385156));
#6993 = VECTOR('',#6994,1.);
#6994 = DIRECTION('',(-0.325990683319,0.945372981626));
#6995 = ( GEOMETRIC_REPRESENTATION_CONTEXT(2) 
PARAMETRIC_REPRESENTATION_CONTEXT() REPRESENTATION_CONTEXT('2D SPACE',''
  ) );
#6996 = ORIENTED_EDGE('',*,*,#6997,.F.);
#6997 = EDGE_CURVE('',#6568,#6975,#6998,.T.);
#6998 = SURFACE_CURVE('',#6999,(#7003,#7009),.PCURVE_S1.);
#6999 = LINE('',#7000,#7001);
#7000 = CARTESIAN_POINT('',(-44.67381351989,55.436662122177,
    35.985439908699));
#7001 = VECTOR('',#7002,1.);
#7002 = DIRECTION('',(0.768592593328,-0.480269955675,-0.422618261741));
#7003 = PCURVE('',#3305,#7004);
#7004 = DEFINITIONAL_REPRESENTATION('',(#7005),#7008);
#7005 = B_SPLINE_CURVE_WITH_KNOTS('',1,(#7006,#7007),.UNSPECIFIED.,.F.,
  .F.,(2,2),(-2.350791413217E-15,4.5),.PIECEWISE_BEZIER_KNOTS.);
#7006 = CARTESIAN_POINT('',(14.612786826003,-1.166440011543E-15));
#7007 = CARTESIAN_POINT('',(14.612786826003,-4.5));
#7008 = ( GEOMETRIC_REPRESENTATION_CONTEXT(2) 
PARAMETRIC_REPRESENTATION_CONTEXT() REPRESENTATION_CONTEXT('2D SPACE',''
  ) );
#7009 = PCURVE('',#6583,#7010);
#7010 = DEFINITIONAL_REPRESENTATION('',(#7011),#7014);
#7011 = B_SPLINE_CURVE_WITH_KNOTS('',1,(#7012,#7013),.UNSPECIFIED.,.F.,
  .F.,(2,2),(-2.350791413217E-15,4.5),.PIECEWISE_BEZIER_KNOTS.);
#7012 = CARTESIAN_POINT('',(12.956647137808,2.361909933766E-15));
#7013 = CARTESIAN_POINT('',(12.956647137808,-4.5));
#7014 = ( GEOMETRIC_REPRESENTATION_CONTEXT(2) 
PARAMETRIC_REPRESENTATION_CONTEXT() REPRESENTATION_CONTEXT('2D SPACE',''
  ) );
#7015 = ADVANCED_FACE('',(#7016,#7329,#7449,#7555,#7675,#7795),#3256,.T.
  );
#7016 = FACE_BOUND('',#7017,.T.);
#7017 = EDGE_LOOP('',(#7018,#7044,#7067,#7091,#7112,#7113,#7114,#7146,
    #7165,#7166,#7194,#7222,#7251,#7279,#7308));
#7018 = ORIENTED_EDGE('',*,*,#7019,.T.);
#7019 = EDGE_CURVE('',#7020,#7022,#7024,.T.);
#7020 = VERTEX_POINT('',#7021);
#7021 = CARTESIAN_POINT('',(-32.49027039648,39.325163204141,
    65.804430277149));
#7022 = VERTEX_POINT('',#7023);
#7023 = CARTESIAN_POINT('',(-37.59776800467,35.736859662108,
    60.593509102234));
#7024 = SURFACE_CURVE('',#7025,(#7030,#7037),.PCURVE_S1.);
#7025 = CIRCLE('',#7026,4.1);
#7026 = AXIS2_PLACEMENT_3D('',#7027,#7028,#7029);
#7027 = CARTESIAN_POINT('',(-35.10830570875,37.129216979063,
    63.538660809557));
#7028 = DIRECTION('',(0.768592593328,-0.480269955675,-0.422618261741));
#7029 = DIRECTION('',(0.638545198115,0.535596640263,0.552626699413));
#7030 = PCURVE('',#3256,#7031);
#7031 = DEFINITIONAL_REPRESENTATION('',(#7032),#7036);
#7032 = CIRCLE('',#7033,4.1);
#7033 = AXIS2_PLACEMENT_2D('',#7034,#7035);
#7034 = CARTESIAN_POINT('',(-15.,15.));
#7035 = DIRECTION('',(0.792589112647,0.609756097561));
#7036 = ( GEOMETRIC_REPRESENTATION_CONTEXT(2) 
PARAMETRIC_REPRESENTATION_CONTEXT() REPRESENTATION_CONTEXT('2D SPACE',''
  ) );
#7037 = PCURVE('',#6691,#7038);
#7038 = DEFINITIONAL_REPRESENTATION('',(#7039),#7043);
#7039 = LINE('',#7040,#7041);
#7040 = CARTESIAN_POINT('',(-3.797345479348,-4.5));
#7041 = VECTOR('',#7042,1.);
#7042 = DIRECTION('',(-1.,0.));
#7043 = ( GEOMETRIC_REPRESENTATION_CONTEXT(2) 
PARAMETRIC_REPRESENTATION_CONTEXT() REPRESENTATION_CONTEXT('2D SPACE',''
  ) );
#7044 = ORIENTED_EDGE('',*,*,#7045,.T.);
#7045 = EDGE_CURVE('',#7022,#7046,#7048,.T.);
#7046 = VERTEX_POINT('',#7047);
#7047 = CARTESIAN_POINT('',(-46.02045810211,40.99994056463,
    39.29457890578));
#7048 = SURFACE_CURVE('',#7049,(#7053,#7060),.PCURVE_S1.);
#7049 = LINE('',#7050,#7051);
#7050 = CARTESIAN_POINT('',(-35.53710233866,34.449212842889,
    65.804430277149));
#7051 = VECTOR('',#7052,1.);
#7052 = DIRECTION('',(-0.35840061227,0.223953558313,-0.906307787037));
#7053 = PCURVE('',#3256,#7054);
#7054 = DEFINITIONAL_REPRESENTATION('',(#7055),#7059);
#7055 = LINE('',#7056,#7057);
#7056 = CARTESIAN_POINT('',(-17.5,17.5));
#7057 = VECTOR('',#7058,1.);
#7058 = DIRECTION('',(3.750486997659E-17,-1.));
#7059 = ( GEOMETRIC_REPRESENTATION_CONTEXT(2) 
PARAMETRIC_REPRESENTATION_CONTEXT() REPRESENTATION_CONTEXT('2D SPACE',''
  ) );
#7060 = PCURVE('',#6717,#7061);
#7061 = DEFINITIONAL_REPRESENTATION('',(#7062),#7066);
#7062 = LINE('',#7063,#7064);
#7063 = CARTESIAN_POINT('',(-6.541519660584E-15,-4.5));
#7064 = VECTOR('',#7065,1.);
#7065 = DIRECTION('',(1.,-4.268913590151E-18));
#7066 = ( GEOMETRIC_REPRESENTATION_CONTEXT(2) 
PARAMETRIC_REPRESENTATION_CONTEXT() REPRESENTATION_CONTEXT('2D SPACE',''
  ) );
#7067 = ORIENTED_EDGE('',*,*,#7068,.T.);
#7068 = EDGE_CURVE('',#7046,#7069,#7071,.T.);
#7069 = VERTEX_POINT('',#7070);
#7070 = CARTESIAN_POINT('',(-45.03429182594,47.163537745101,
    34.083657730866));
#7071 = SURFACE_CURVE('',#7072,(#7077,#7084),.PCURVE_S1.);
#7072 = CIRCLE('',#7073,4.1);
#7073 = AXIS2_PLACEMENT_3D('',#7074,#7075,#7076);
#7074 = CARTESIAN_POINT('',(-45.86032407686,43.847823728457,
    36.349427198457));
#7075 = DIRECTION('',(0.768592593328,-0.480269955675,-0.422618261741));
#7076 = DIRECTION('',(-3.905707932974E-02,-0.694605649714,0.718329684713
    ));
#7077 = PCURVE('',#3256,#7078);
#7078 = DEFINITIONAL_REPRESENTATION('',(#7079),#7083);
#7079 = CIRCLE('',#7080,4.1);
#7080 = AXIS2_PLACEMENT_2D('',#7081,#7082);
#7081 = CARTESIAN_POINT('',(-15.,-15.));
#7082 = DIRECTION('',(-0.609756097561,0.792589112647));
#7083 = ( GEOMETRIC_REPRESENTATION_CONTEXT(2) 
PARAMETRIC_REPRESENTATION_CONTEXT() REPRESENTATION_CONTEXT('2D SPACE',''
  ) );
#7084 = PCURVE('',#6555,#7085);
#7085 = DEFINITIONAL_REPRESENTATION('',(#7086),#7090);
#7086 = LINE('',#7087,#7088);
#7087 = CARTESIAN_POINT('',(-5.368141806142,-4.5));
#7088 = VECTOR('',#7089,1.);
#7089 = DIRECTION('',(-1.,0.));
#7090 = ( GEOMETRIC_REPRESENTATION_CONTEXT(2) 
PARAMETRIC_REPRESENTATION_CONTEXT() REPRESENTATION_CONTEXT('2D SPACE',''
  ) );
#7091 = ORIENTED_EDGE('',*,*,#7092,.T.);
#7092 = EDGE_CURVE('',#7069,#6975,#7093,.T.);
#7093 = SURFACE_CURVE('',#7094,(#7098,#7105),.PCURVE_S1.);
#7094 = LINE('',#7095,#7096);
#7095 = CARTESIAN_POINT('',(-48.08112376811,42.287587383849,
    34.083657730866));
#7096 = VECTOR('',#7097,1.);
#7097 = DIRECTION('',(0.529919264233,0.848048096156,2.773547628497E-17)
  );
#7098 = PCURVE('',#3256,#7099);
#7099 = DEFINITIONAL_REPRESENTATION('',(#7100),#7104);
#7100 = LINE('',#7101,#7102);
#7101 = CARTESIAN_POINT('',(-17.5,-17.5));
#7102 = VECTOR('',#7103,1.);
#7103 = DIRECTION('',(1.,3.575002263689E-17));
#7104 = ( GEOMETRIC_REPRESENTATION_CONTEXT(2) 
PARAMETRIC_REPRESENTATION_CONTEXT() REPRESENTATION_CONTEXT('2D SPACE',''
  ) );
#7105 = PCURVE('',#6583,#7106);
#7106 = DEFINITIONAL_REPRESENTATION('',(#7107),#7111);
#7107 = LINE('',#7108,#7109);
#7108 = CARTESIAN_POINT('',(-4.497402208902E-16,-4.5));
#7109 = VECTOR('',#7110,1.);
#7110 = DIRECTION('',(1.,-1.790107792182E-18));
#7111 = ( GEOMETRIC_REPRESENTATION_CONTEXT(2) 
PARAMETRIC_REPRESENTATION_CONTEXT() REPRESENTATION_CONTEXT('2D SPACE',''
  ) );
#7112 = ORIENTED_EDGE('',*,*,#6974,.F.);
#7113 = ORIENTED_EDGE('',*,*,#3218,.F.);
#7114 = ORIENTED_EDGE('',*,*,#7115,.F.);
#7115 = EDGE_CURVE('',#7116,#3192,#7118,.T.);
#7116 = VERTEX_POINT('',#7117);
#7117 = CARTESIAN_POINT('',(-35.21429608558,73.185030916753,
    22.371515053417));
#7118 = SURFACE_CURVE('',#7119,(#7126,#7136),.PCURVE_S1.);
#7119 = B_SPLINE_CURVE_WITH_KNOTS('',5,(#7120,#7121,#7122,#7123,#7124,
    #7125),.UNSPECIFIED.,.F.,.F.,(6,6),(0.,1.),
  .PIECEWISE_BEZIER_KNOTS.);
#7120 = CARTESIAN_POINT('',(-35.21429608558,73.185030916753,
    22.371515053417));
#7121 = CARTESIAN_POINT('',(-35.11761803648,72.036573601545,
    23.852462833027));
#7122 = CARTESIAN_POINT('',(-35.01956038753,70.871727751967,
    25.35454379997));
#7123 = CARTESIAN_POINT('',(-34.92011115379,69.690350996432,
    26.877941543904));
#7124 = CARTESIAN_POINT('',(-34.81926054683,68.492327056345,
    28.4228060073));
#7125 = CARTESIAN_POINT('',(-34.71700153471,67.277572397884,
    29.989244907898));
#7126 = PCURVE('',#3256,#7127);
#7127 = DEFINITIONAL_REPRESENTATION('',(#7128),#7135);
#7128 = B_SPLINE_CURVE_WITH_KNOTS('',5,(#7129,#7130,#7131,#7132,#7133,
    #7134),.UNSPECIFIED.,.F.,.F.,(6,6),(0.,1.),
  .PIECEWISE_BEZIER_KNOTS.);
#7129 = CARTESIAN_POINT('',(15.520898022724,-30.42291961403));
#7130 = CARTESIAN_POINT('',(14.598182543692,-28.78887453487));
#7131 = CARTESIAN_POINT('',(13.662299875823,-27.13151156345));
#7132 = CARTESIAN_POINT('',(12.71313563222,-25.450628131));
#7133 = CARTESIAN_POINT('',(11.750596390117,-23.7460587943));
#7134 = CARTESIAN_POINT('',(10.774615035177,-22.01768469998));
#7135 = ( GEOMETRIC_REPRESENTATION_CONTEXT(2) 
PARAMETRIC_REPRESENTATION_CONTEXT() REPRESENTATION_CONTEXT('2D SPACE',''
  ) );
#7136 = PCURVE('',#3206,#7137);
#7137 = DEFINITIONAL_REPRESENTATION('',(#7138),#7145);
#7138 = B_SPLINE_CURVE_WITH_KNOTS('',5,(#7139,#7140,#7141,#7142,#7143,
    #7144),.UNSPECIFIED.,.F.,.F.,(6,6),(0.,1.),
  .PIECEWISE_BEZIER_KNOTS.);
#7139 = CARTESIAN_POINT('',(14.350814036454,1.));
#7140 = CARTESIAN_POINT('',(11.444826133662,0.98651939917));
#7141 = CARTESIAN_POINT('',(8.556131360893,0.972846429598));
#7142 = CARTESIAN_POINT('',(5.685347131017,0.958979420124));
#7143 = CARTESIAN_POINT('',(2.833096329362,0.944917005869));
#7144 = CARTESIAN_POINT('',(0.,0.930658206312));
#7145 = ( GEOMETRIC_REPRESENTATION_CONTEXT(2) 
PARAMETRIC_REPRESENTATION_CONTEXT() REPRESENTATION_CONTEXT('2D SPACE',''
  ) );
#7146 = ORIENTED_EDGE('',*,*,#7147,.F.);
#7147 = EDGE_CURVE('',#5854,#7116,#7148,.T.);
#7148 = SURFACE_CURVE('',#7149,(#7153,#7159),.PCURVE_S1.);
#7149 = LINE('',#7150,#7151);
#7150 = CARTESIAN_POINT('',(-29.54106298502,67.802850819218,
    38.805505173934));
#7151 = VECTOR('',#7152,1.);
#7152 = DIRECTION('',(0.3117210603,-0.295728882806,0.902980846109));
#7153 = PCURVE('',#3256,#7154);
#7154 = DEFINITIONAL_REPRESENTATION('',(#7155),#7158);
#7155 = B_SPLINE_CURVE_WITH_KNOTS('',1,(#7156,#7157),.UNSPECIFIED.,.F.,
  .F.,(2,2),(-19.995931267,-10.79132425776),.PIECEWISE_BEZIER_KNOTS.);
#7156 = CARTESIAN_POINT('',(15.674664065558,-32.21254653427));
#7157 = CARTESIAN_POINT('',(14.88670072673,-23.04172846982));
#7158 = ( GEOMETRIC_REPRESENTATION_CONTEXT(2) 
PARAMETRIC_REPRESENTATION_CONTEXT() REPRESENTATION_CONTEXT('2D SPACE',''
  ) );
#7159 = PCURVE('',#5924,#7160);
#7160 = DEFINITIONAL_REPRESENTATION('',(#7161),#7164);
#7161 = B_SPLINE_CURVE_WITH_KNOTS('',1,(#7162,#7163),.UNSPECIFIED.,.F.,
  .F.,(2,2),(-19.995931267,-10.79132425776),.PIECEWISE_BEZIER_KNOTS.);
#7162 = CARTESIAN_POINT('',(15.620499351813,-0.878787512318));
#7163 = CARTESIAN_POINT('',(12.239070080632,7.682212795974));
#7164 = ( GEOMETRIC_REPRESENTATION_CONTEXT(2) 
PARAMETRIC_REPRESENTATION_CONTEXT() REPRESENTATION_CONTEXT('2D SPACE',''
  ) );
#7165 = ORIENTED_EDGE('',*,*,#5853,.F.);
#7166 = ORIENTED_EDGE('',*,*,#7167,.F.);
#7167 = EDGE_CURVE('',#7168,#5745,#7170,.T.);
#7168 = VERTEX_POINT('',#7169);
#7169 = CARTESIAN_POINT('',(-31.28581137697,74.983350364425,
    27.472396022784));
#7170 = SURFACE_CURVE('',#7171,(#7176,#7187),.PCURVE_S1.);
#7171 = CIRCLE('',#7172,10.);
#7172 = AXIS2_PLACEMENT_3D('',#7173,#7174,#7175);
#7173 = CARTESIAN_POINT('',(-37.46387753042,67.69620052723,
    24.517917074846));
#7174 = DIRECTION('',(-0.768592593328,0.480269955675,0.422618261741));
#7175 = DIRECTION('',(0.617806615345,0.72871498372,0.295447894794));
#7176 = PCURVE('',#3256,#7177);
#7177 = DEFINITIONAL_REPRESENTATION('',(#7178),#7186);
#7178 = ( BOUNDED_CURVE() B_SPLINE_CURVE(2,(#7179,#7180,#7181,#7182,
#7183,#7184,#7185),.UNSPECIFIED.,.T.,.F.) B_SPLINE_CURVE_WITH_KNOTS((1,2
    ,2,2,2,1),(-2.094395102393,0.,2.094395102393,4.188790204786,
6.28318530718,8.377580409573),.UNSPECIFIED.) CURVE() 
GEOMETRIC_REPRESENTATION_ITEM() RATIONAL_B_SPLINE_CURVE((1.,0.5,1.,0.5,
1.,0.5,1.)) REPRESENTATION_ITEM('') );
#7179 = CARTESIAN_POINT('',(19.127739132943,-24.79472018518));
#7180 = CARTESIAN_POINT('',(24.774063395976,-41.16906054797));
#7181 = CARTESIAN_POINT('',(7.770306540066,-37.87175061636));
#7182 = CARTESIAN_POINT('',(-9.233450315845,-34.57444068476));
#7183 = CARTESIAN_POINT('',(2.123982277033,-21.49741025357));
#7184 = CARTESIAN_POINT('',(13.48141486991,-8.420379822384));
#7185 = CARTESIAN_POINT('',(19.127739132943,-24.79472018518));
#7186 = ( GEOMETRIC_REPRESENTATION_CONTEXT(2) 
PARAMETRIC_REPRESENTATION_CONTEXT() REPRESENTATION_CONTEXT('2D SPACE',''
  ) );
#7187 = PCURVE('',#5814,#7188);
#7188 = DEFINITIONAL_REPRESENTATION('',(#7189),#7193);
#7189 = LINE('',#7190,#7191);
#7190 = CARTESIAN_POINT('',(0.,-4.5));
#7191 = VECTOR('',#7192,1.);
#7192 = DIRECTION('',(1.,0.));
#7193 = ( GEOMETRIC_REPRESENTATION_CONTEXT(2) 
PARAMETRIC_REPRESENTATION_CONTEXT() REPRESENTATION_CONTEXT('2D SPACE',''
  ) );
#7194 = ORIENTED_EDGE('',*,*,#7195,.F.);
#7195 = EDGE_CURVE('',#7196,#7168,#7198,.T.);
#7196 = VERTEX_POINT('',#7197);
#7197 = CARTESIAN_POINT('',(-30.19519287169,71.777461954639,
    33.099065301052));
#7198 = SURFACE_CURVE('',#7199,(#7203,#7210),.PCURVE_S1.);
#7199 = LINE('',#7200,#7201);
#7200 = CARTESIAN_POINT('',(-27.0217538254,62.44909331939,
    49.471327372337));
#7201 = VECTOR('',#7202,1.);
#7202 = DIRECTION('',(-0.166073512387,0.488175421522,-0.856798894902));
#7203 = PCURVE('',#3256,#7204);
#7204 = DEFINITIONAL_REPRESENTATION('',(#7205),#7209);
#7205 = LINE('',#7206,#7207);
#7206 = CARTESIAN_POINT('',(10.75769254954,-0.521585093311));
#7207 = VECTOR('',#7208,1.);
#7208 = DIRECTION('',(0.325990683319,-0.945372981626));
#7209 = ( GEOMETRIC_REPRESENTATION_CONTEXT(2) 
PARAMETRIC_REPRESENTATION_CONTEXT() REPRESENTATION_CONTEXT('2D SPACE',''
  ) );
#7210 = PCURVE('',#7211,#7216);
#7211 = PLANE('',#7212);
#7212 = AXIS2_PLACEMENT_3D('',#7213,#7214,#7215);
#7213 = CARTESIAN_POINT('',(-30.48042049538,64.610308119929,
    51.37310955017));
#7214 = DIRECTION('',(0.617806615345,0.72871498372,0.295447894794));
#7215 = DIRECTION('',(-0.166073512387,0.488175421522,-0.856798894902));
#7216 = DEFINITIONAL_REPRESENTATION('',(#7217),#7221);
#7217 = LINE('',#7218,#7219);
#7218 = CARTESIAN_POINT('',(1.277237158384E-16,-4.5));
#7219 = VECTOR('',#7220,1.);
#7220 = DIRECTION('',(1.,-9.923882946946E-18));
#7221 = ( GEOMETRIC_REPRESENTATION_CONTEXT(2) 
PARAMETRIC_REPRESENTATION_CONTEXT() REPRESENTATION_CONTEXT('2D SPACE',''
  ) );
#7222 = ORIENTED_EDGE('',*,*,#7223,.T.);
#7223 = EDGE_CURVE('',#7196,#7224,#7226,.T.);
#7224 = VERTEX_POINT('',#7225);
#7225 = CARTESIAN_POINT('',(-27.47328385395,70.681623930104,
    39.29457890578));
#7226 = SURFACE_CURVE('',#7227,(#7232,#7239),.PCURVE_S1.);
#7227 = CIRCLE('',#7228,4.1);
#7228 = AXIS2_PLACEMENT_3D('',#7229,#7230,#7231);
#7229 = CARTESIAN_POINT('',(-29.96274614986,69.28926661315,
    36.349427198457));
#7230 = DIRECTION('',(0.768592593328,-0.480269955675,-0.422618261741));
#7231 = DIRECTION('',(-0.529919264233,-0.848048096156,
    -2.773547628497E-17));
#7232 = PCURVE('',#3256,#7233);
#7233 = DEFINITIONAL_REPRESENTATION('',(#7234),#7238);
#7234 = CIRCLE('',#7235,4.1);
#7235 = AXIS2_PLACEMENT_2D('',#7236,#7237);
#7236 = CARTESIAN_POINT('',(15.,-15.));
#7237 = DIRECTION('',(-1.,-6.384452462249E-18));
#7238 = ( GEOMETRIC_REPRESENTATION_CONTEXT(2) 
PARAMETRIC_REPRESENTATION_CONTEXT() REPRESENTATION_CONTEXT('2D SPACE',''
  ) );
#7239 = PCURVE('',#7240,#7245);
#7240 = CYLINDRICAL_SURFACE('',#7241,4.1);
#7241 = AXIS2_PLACEMENT_3D('',#7242,#7243,#7244);
#7242 = CARTESIAN_POINT('',(-33.42141281984,71.450481413689,
    38.251209376291));
#7243 = DIRECTION('',(-0.768592593328,0.480269955675,0.422618261741));
#7244 = DIRECTION('',(-0.529919264233,-0.848048096156,
    -2.773547628497E-17));
#7245 = DEFINITIONAL_REPRESENTATION('',(#7246),#7250);
#7246 = LINE('',#7247,#7248);
#7247 = CARTESIAN_POINT('',(-0.,-4.5));
#7248 = VECTOR('',#7249,1.);
#7249 = DIRECTION('',(-1.,0.));
#7250 = ( GEOMETRIC_REPRESENTATION_CONTEXT(2) 
PARAMETRIC_REPRESENTATION_CONTEXT() REPRESENTATION_CONTEXT('2D SPACE',''
  ) );
#7251 = ORIENTED_EDGE('',*,*,#7252,.T.);
#7252 = EDGE_CURVE('',#7224,#7253,#7255,.T.);
#7253 = VERTEX_POINT('',#7254);
#7254 = CARTESIAN_POINT('',(-19.0505937565,65.418543027583,
    60.593509102234));
#7255 = SURFACE_CURVE('',#7256,(#7260,#7267),.PCURVE_S1.);
#7256 = LINE('',#7257,#7258);
#7257 = CARTESIAN_POINT('',(-29.53394951995,71.969270749324,
    34.083657730866));
#7258 = VECTOR('',#7259,1.);
#7259 = DIRECTION('',(0.35840061227,-0.223953558313,0.906307787037));
#7260 = PCURVE('',#3256,#7261);
#7261 = DEFINITIONAL_REPRESENTATION('',(#7262),#7266);
#7262 = LINE('',#7263,#7264);
#7263 = CARTESIAN_POINT('',(17.5,-17.5));
#7264 = VECTOR('',#7265,1.);
#7265 = DIRECTION('',(-3.750486997659E-17,1.));
#7266 = ( GEOMETRIC_REPRESENTATION_CONTEXT(2) 
PARAMETRIC_REPRESENTATION_CONTEXT() REPRESENTATION_CONTEXT('2D SPACE',''
  ) );
#7267 = PCURVE('',#7268,#7273);
#7268 = PLANE('',#7269);
#7269 = AXIS2_PLACEMENT_3D('',#7270,#7271,#7272);
#7270 = CARTESIAN_POINT('',(-32.99261618993,74.130485549863,
    35.985439908699));
#7271 = DIRECTION('',(-0.529919264233,-0.848048096156,
    -4.322952327307E-17));
#7272 = DIRECTION('',(0.35840061227,-0.223953558313,0.906307787037));
#7273 = DEFINITIONAL_REPRESENTATION('',(#7274),#7278);
#7274 = LINE('',#7275,#7276);
#7275 = CARTESIAN_POINT('',(1.018155161669E-16,-4.5));
#7276 = VECTOR('',#7277,1.);
#7277 = DIRECTION('',(1.,4.268913590151E-18));
#7278 = ( GEOMETRIC_REPRESENTATION_CONTEXT(2) 
PARAMETRIC_REPRESENTATION_CONTEXT() REPRESENTATION_CONTEXT('2D SPACE',''
  ) );
#7279 = ORIENTED_EDGE('',*,*,#7280,.T.);
#7280 = EDGE_CURVE('',#7253,#7281,#7283,.T.);
#7281 = VERTEX_POINT('',#7282);
#7282 = CARTESIAN_POINT('',(-20.03676003267,59.254945847111,
    65.804430277149));
#7283 = SURFACE_CURVE('',#7284,(#7289,#7296),.PCURVE_S1.);
#7284 = CIRCLE('',#7285,4.1);
#7285 = AXIS2_PLACEMENT_3D('',#7286,#7287,#7288);
#7286 = CARTESIAN_POINT('',(-19.21072778175,62.570659863755,
    63.538660809557));
#7287 = DIRECTION('',(0.768592593328,-0.480269955675,-0.422618261741));
#7288 = DIRECTION('',(-0.529919264233,-0.848048096156,
    -2.773547628497E-17));
#7289 = PCURVE('',#3256,#7290);
#7290 = DEFINITIONAL_REPRESENTATION('',(#7291),#7295);
#7291 = CIRCLE('',#7292,4.1);
#7292 = AXIS2_PLACEMENT_2D('',#7293,#7294);
#7293 = CARTESIAN_POINT('',(15.,15.));
#7294 = DIRECTION('',(-1.,-6.384452462249E-18));
#7295 = ( GEOMETRIC_REPRESENTATION_CONTEXT(2) 
PARAMETRIC_REPRESENTATION_CONTEXT() REPRESENTATION_CONTEXT('2D SPACE',''
  ) );
#7296 = PCURVE('',#7297,#7302);
#7297 = CYLINDRICAL_SURFACE('',#7298,4.1);
#7298 = AXIS2_PLACEMENT_3D('',#7299,#7300,#7301);
#7299 = CARTESIAN_POINT('',(-22.66939445173,64.731874664294,
    65.44044298739));
#7300 = DIRECTION('',(-0.768592593328,0.480269955675,0.422618261741));
#7301 = DIRECTION('',(-0.529919264233,-0.848048096156,
    -2.773547628497E-17));
#7302 = DEFINITIONAL_REPRESENTATION('',(#7303),#7307);
#7303 = LINE('',#7304,#7305);
#7304 = CARTESIAN_POINT('',(-0.,-4.5));
#7305 = VECTOR('',#7306,1.);
#7306 = DIRECTION('',(-1.,0.));
#7307 = ( GEOMETRIC_REPRESENTATION_CONTEXT(2) 
PARAMETRIC_REPRESENTATION_CONTEXT() REPRESENTATION_CONTEXT('2D SPACE',''
  ) );
#7308 = ORIENTED_EDGE('',*,*,#7309,.T.);
#7309 = EDGE_CURVE('',#7281,#7020,#7310,.T.);
#7310 = SURFACE_CURVE('',#7311,(#7315,#7322),.PCURVE_S1.);
#7311 = LINE('',#7312,#7313);
#7312 = CARTESIAN_POINT('',(-16.9899280905,64.130896208364,
    65.804430277149));
#7313 = VECTOR('',#7314,1.);
#7314 = DIRECTION('',(-0.529919264233,-0.848048096156,
    -2.773547628497E-17));
#7315 = PCURVE('',#3256,#7316);
#7316 = DEFINITIONAL_REPRESENTATION('',(#7317),#7321);
#7317 = LINE('',#7318,#7319);
#7318 = CARTESIAN_POINT('',(17.5,17.5));
#7319 = VECTOR('',#7320,1.);
#7320 = DIRECTION('',(-1.,-3.575002263689E-17));
#7321 = ( GEOMETRIC_REPRESENTATION_CONTEXT(2) 
PARAMETRIC_REPRESENTATION_CONTEXT() REPRESENTATION_CONTEXT('2D SPACE',''
  ) );
#7322 = PCURVE('',#6658,#7323);
#7323 = DEFINITIONAL_REPRESENTATION('',(#7324),#7328);
#7324 = LINE('',#7325,#7326);
#7325 = CARTESIAN_POINT('',(2.332391639591E-15,-4.5));
#7326 = VECTOR('',#7327,1.);
#7327 = DIRECTION('',(1.,1.790107792182E-18));
#7328 = ( GEOMETRIC_REPRESENTATION_CONTEXT(2) 
PARAMETRIC_REPRESENTATION_CONTEXT() REPRESENTATION_CONTEXT('2D SPACE',''
  ) );
#7329 = FACE_BOUND('',#7330,.T.);
#7330 = EDGE_LOOP('',(#7331,#7359,#7392,#7418));
#7331 = ORIENTED_EDGE('',*,*,#7332,.F.);
#7332 = EDGE_CURVE('',#7333,#7335,#7337,.T.);
#7333 = VERTEX_POINT('',#7334);
#7334 = CARTESIAN_POINT('',(-45.33663876877,46.772428505849,
    33.978258584851));
#7335 = VERTEX_POINT('',#7336);
#7336 = CARTESIAN_POINT('',(-43.68562641747,47.932357285573,
    35.662702882513));
#7337 = SURFACE_CURVE('',#7338,(#7342,#7348),.PCURVE_S1.);
#7338 = LINE('',#7339,#7340);
#7339 = CARTESIAN_POINT('',(-37.88014036977,52.011036855545,
    41.585746317354));
#7340 = VECTOR('',#7341,1.);
#7341 = DIRECTION('',(0.628137008538,0.44130147981,0.640856382056));
#7342 = PCURVE('',#3256,#7343);
#7343 = DEFINITIONAL_REPRESENTATION('',(#7344),#7347);
#7344 = B_SPLINE_CURVE_WITH_KNOTS('',1,(#7345,#7346),.UNSPECIFIED.,.F.,
  .F.,(2,2),(-11.87081528017,-9.242388155425),.PIECEWISE_BEZIER_KNOTS.);
#7345 = CARTESIAN_POINT('',(-12.24228355337,-17.61629509039));
#7346 = CARTESIAN_POINT('',(-10.38370490961,-15.75771644662));
#7347 = ( GEOMETRIC_REPRESENTATION_CONTEXT(2) 
PARAMETRIC_REPRESENTATION_CONTEXT() REPRESENTATION_CONTEXT('2D SPACE',''
  ) );
#7348 = PCURVE('',#7349,#7354);
#7349 = PLANE('',#7350);
#7350 = AXIS2_PLACEMENT_3D('',#7351,#7352,#7353);
#7351 = CARTESIAN_POINT('',(-44.4542190108,48.412627241249,
    36.085321144254));
#7352 = DIRECTION('',(0.121282001903,0.758019639319,-0.640856382056));
#7353 = DIRECTION('',(-0.628137008538,-0.44130147981,-0.640856382056));
#7354 = DEFINITIONAL_REPRESENTATION('',(#7355),#7358);
#7355 = B_SPLINE_CURVE_WITH_KNOTS('',1,(#7356,#7357),.UNSPECIFIED.,.F.,
  .F.,(2,2),(-11.87081528017,-9.242388155425),.PIECEWISE_BEZIER_KNOTS.);
#7356 = CARTESIAN_POINT('',(2.628427124746,-1.));
#7357 = CARTESIAN_POINT('',(0.,-1.));
#7358 = ( GEOMETRIC_REPRESENTATION_CONTEXT(2) 
PARAMETRIC_REPRESENTATION_CONTEXT() REPRESENTATION_CONTEXT('2D SPACE',''
  ) );
#7359 = ORIENTED_EDGE('',*,*,#7360,.T.);
#7360 = EDGE_CURVE('',#7333,#7361,#7363,.T.);
#7361 = VERTEX_POINT('',#7362);
#7362 = CARTESIAN_POINT('',(-46.25838198323,41.011479247027,
    38.848767088475));
#7363 = SURFACE_CURVE('',#7364,(#7369,#7380),.PCURVE_S1.);
#7364 = CIRCLE('',#7365,3.8);
#7365 = AXIS2_PLACEMENT_3D('',#7366,#7367,#7368);
#7366 = CARTESIAN_POINT('',(-45.797510376,43.891953876438,
    36.413512836663));
#7367 = DIRECTION('',(-0.768592593328,0.480269955675,0.422618261741));
#7368 = DIRECTION('',(0.121282001903,0.758019639319,-0.640856382056));
#7369 = PCURVE('',#3256,#7370);
#7370 = DEFINITIONAL_REPRESENTATION('',(#7371),#7379);
#7371 = ( BOUNDED_CURVE() B_SPLINE_CURVE(2,(#7372,#7373,#7374,#7375,
#7376,#7377,#7378),.UNSPECIFIED.,.T.,.F.) B_SPLINE_CURVE_WITH_KNOTS((1,2
    ,2,2,2,1),(-2.094395102393,0.,2.094395102393,4.188790204786,
6.28318530718,8.377580409573),.UNSPECIFIED.) CURVE() 
GEOMETRIC_REPRESENTATION_ITEM() RATIONAL_B_SPLINE_CURVE((1.,0.5,1.,0.5,
1.,0.5,1.)) REPRESENTATION_ITEM('') );
#7372 = CARTESIAN_POINT('',(-12.24228355337,-17.61629509039));
#7373 = CARTESIAN_POINT('',(-16.89631406466,-22.27032560167));
#7374 = CARTESIAN_POINT('',(-18.59980746178,-15.91280169327));
#7375 = CARTESIAN_POINT('',(-20.30330085889,-9.555277784864));
#7376 = CARTESIAN_POINT('',(-13.94577695049,-11.25877118198));
#7377 = CARTESIAN_POINT('',(-7.588253042084,-12.9622645791));
#7378 = CARTESIAN_POINT('',(-12.24228355337,-17.61629509039));
#7379 = ( GEOMETRIC_REPRESENTATION_CONTEXT(2) 
PARAMETRIC_REPRESENTATION_CONTEXT() REPRESENTATION_CONTEXT('2D SPACE',''
  ) );
#7380 = PCURVE('',#7381,#7386);
#7381 = CYLINDRICAL_SURFACE('',#7382,3.8);
#7382 = AXIS2_PLACEMENT_3D('',#7383,#7384,#7385);
#7383 = CARTESIAN_POINT('',(-46.56610296933,44.372223832113,
    36.836131098404));
#7384 = DIRECTION('',(-0.768592593328,0.480269955675,0.422618261741));
#7385 = DIRECTION('',(0.121282001903,0.758019639319,-0.640856382056));
#7386 = DEFINITIONAL_REPRESENTATION('',(#7387),#7391);
#7387 = LINE('',#7388,#7389);
#7388 = CARTESIAN_POINT('',(0.,-1.));
#7389 = VECTOR('',#7390,1.);
#7390 = DIRECTION('',(1.,0.));
#7391 = ( GEOMETRIC_REPRESENTATION_CONTEXT(2) 
PARAMETRIC_REPRESENTATION_CONTEXT() REPRESENTATION_CONTEXT('2D SPACE',''
  ) );
#7392 = ORIENTED_EDGE('',*,*,#7393,.F.);
#7393 = EDGE_CURVE('',#7394,#7361,#7396,.T.);
#7394 = VERTEX_POINT('',#7395);
#7395 = CARTESIAN_POINT('',(-44.60736963193,42.171408026752,
    40.533211386137));
#7396 = SURFACE_CURVE('',#7397,(#7401,#7407),.PCURVE_S1.);
#7397 = LINE('',#7398,#7399);
#7398 = CARTESIAN_POINT('',(-39.62738975988,45.670123206861,
    45.614032672147));
#7399 = VECTOR('',#7400,1.);
#7400 = DIRECTION('',(-0.628137008538,-0.44130147981,-0.640856382056));
#7401 = PCURVE('',#3256,#7402);
#7402 = DEFINITIONAL_REPRESENTATION('',(#7403),#7406);
#7403 = B_SPLINE_CURVE_WITH_KNOTS('',1,(#7404,#7405),.UNSPECIFIED.,.F.,
  .F.,(2,2),(7.928174593052,10.556601717798),.PIECEWISE_BEZIER_KNOTS.);
#7404 = CARTESIAN_POINT('',(-15.75771644662,-10.38370490961));
#7405 = CARTESIAN_POINT('',(-17.61629509039,-12.24228355337));
#7406 = ( GEOMETRIC_REPRESENTATION_CONTEXT(2) 
PARAMETRIC_REPRESENTATION_CONTEXT() REPRESENTATION_CONTEXT('2D SPACE',''
  ) );
#7407 = PCURVE('',#7408,#7413);
#7408 = PLANE('',#7409);
#7409 = AXIS2_PLACEMENT_3D('',#7410,#7411,#7412);
#7410 = CARTESIAN_POINT('',(-47.02697457656,41.491749202703,
    39.271385350216));
#7411 = DIRECTION('',(-0.121282001903,-0.758019639319,0.640856382056));
#7412 = DIRECTION('',(0.628137008538,0.44130147981,0.640856382056));
#7413 = DEFINITIONAL_REPRESENTATION('',(#7414),#7417);
#7414 = B_SPLINE_CURVE_WITH_KNOTS('',1,(#7415,#7416),.UNSPECIFIED.,.F.,
  .F.,(2,2),(7.928174593052,10.556601717798),.PIECEWISE_BEZIER_KNOTS.);
#7415 = CARTESIAN_POINT('',(2.628427124746,-1.));
#7416 = CARTESIAN_POINT('',(-3.552713678801E-15,-1.));
#7417 = ( GEOMETRIC_REPRESENTATION_CONTEXT(2) 
PARAMETRIC_REPRESENTATION_CONTEXT() REPRESENTATION_CONTEXT('2D SPACE',''
  ) );
#7418 = ORIENTED_EDGE('',*,*,#7419,.T.);
#7419 = EDGE_CURVE('',#7394,#7335,#7420,.T.);
#7420 = SURFACE_CURVE('',#7421,(#7426,#7437),.PCURVE_S1.);
#7421 = CIRCLE('',#7422,3.8);
#7422 = AXIS2_PLACEMENT_3D('',#7423,#7424,#7425);
#7423 = CARTESIAN_POINT('',(-44.1464980247,45.051882656163,
    38.097957134325));
#7424 = DIRECTION('',(-0.768592593328,0.480269955675,0.422618261741));
#7425 = DIRECTION('',(-0.121282001903,-0.758019639319,0.640856382056));
#7426 = PCURVE('',#3256,#7427);
#7427 = DEFINITIONAL_REPRESENTATION('',(#7428),#7436);
#7428 = ( BOUNDED_CURVE() B_SPLINE_CURVE(2,(#7429,#7430,#7431,#7432,
#7433,#7434,#7435),.UNSPECIFIED.,.T.,.F.) B_SPLINE_CURVE_WITH_KNOTS((1,2
    ,2,2,2,1),(-2.094395102393,0.,2.094395102393,4.188790204786,
6.28318530718,8.377580409573),.UNSPECIFIED.) CURVE() 
GEOMETRIC_REPRESENTATION_ITEM() RATIONAL_B_SPLINE_CURVE((1.,0.5,1.,0.5,
1.,0.5,1.)) REPRESENTATION_ITEM('') );
#7429 = CARTESIAN_POINT('',(-15.75771644662,-10.38370490961));
#7430 = CARTESIAN_POINT('',(-11.10368593534,-5.729674398322));
#7431 = CARTESIAN_POINT('',(-9.40019253822,-12.08719830672));
#7432 = CARTESIAN_POINT('',(-7.696699141101,-18.44472221513));
#7433 = CARTESIAN_POINT('',(-14.0542230495,-16.74122881801));
#7434 = CARTESIAN_POINT('',(-20.41174695791,-15.03773542089));
#7435 = CARTESIAN_POINT('',(-15.75771644662,-10.38370490961));
#7436 = ( GEOMETRIC_REPRESENTATION_CONTEXT(2) 
PARAMETRIC_REPRESENTATION_CONTEXT() REPRESENTATION_CONTEXT('2D SPACE',''
  ) );
#7437 = PCURVE('',#7438,#7443);
#7438 = CYLINDRICAL_SURFACE('',#7439,3.8);
#7439 = AXIS2_PLACEMENT_3D('',#7440,#7441,#7442);
#7440 = CARTESIAN_POINT('',(-44.91509061803,45.532152611838,
    38.520575396066));
#7441 = DIRECTION('',(-0.768592593328,0.480269955675,0.422618261741));
#7442 = DIRECTION('',(-0.121282001903,-0.758019639319,0.640856382056));
#7443 = DEFINITIONAL_REPRESENTATION('',(#7444),#7448);
#7444 = LINE('',#7445,#7446);
#7445 = CARTESIAN_POINT('',(0.,-1.));
#7446 = VECTOR('',#7447,1.);
#7447 = DIRECTION('',(1.,0.));
#7448 = ( GEOMETRIC_REPRESENTATION_CONTEXT(2) 
PARAMETRIC_REPRESENTATION_CONTEXT() REPRESENTATION_CONTEXT('2D SPACE',''
  ) );
#7449 = FACE_BOUND('',#7450,.T.);
#7450 = EDGE_LOOP('',(#7451,#7479,#7505,#7531));
#7451 = ORIENTED_EDGE('',*,*,#7452,.T.);
#7452 = EDGE_CURVE('',#7453,#7455,#7457,.T.);
#7453 = VERTEX_POINT('',#7454);
#7454 = CARTESIAN_POINT('',(-40.53040481784,47.592390955517,
    41.787273920677));
#7455 = VERTEX_POINT('',#7456);
#7456 = CARTESIAN_POINT('',(-34.07919379697,43.56122690588,
    58.100814087337));
#7457 = SURFACE_CURVE('',#7458,(#7462,#7468),.PCURVE_S1.);
#7458 = LINE('',#7459,#7460);
#7459 = CARTESIAN_POINT('',(-35.69199655219,44.569017918289,
    54.022429045672));
#7460 = VECTOR('',#7461,1.);
#7461 = DIRECTION('',(0.35840061227,-0.223953558313,0.906307787037));
#7462 = PCURVE('',#3256,#7463);
#7463 = DEFINITIONAL_REPRESENTATION('',(#7464),#7467);
#7464 = B_SPLINE_CURVE_WITH_KNOTS('',1,(#7465,#7466),.UNSPECIFIED.,.F.,
  .F.,(2,2),(-13.5,4.5),.PIECEWISE_BEZIER_KNOTS.);
#7465 = CARTESIAN_POINT('',(-9.,-9.));
#7466 = CARTESIAN_POINT('',(-9.,9.));
#7467 = ( GEOMETRIC_REPRESENTATION_CONTEXT(2) 
PARAMETRIC_REPRESENTATION_CONTEXT() REPRESENTATION_CONTEXT('2D SPACE',''
  ) );
#7468 = PCURVE('',#7469,#7474);
#7469 = PLANE('',#7470);
#7470 = AXIS2_PLACEMENT_3D('',#7471,#7472,#7473);
#7471 = CARTESIAN_POINT('',(-35.61637898363,44.521766817231,
    58.946050610818));
#7472 = DIRECTION('',(0.529919264233,0.848048096156,3.536917824654E-17)
  );
#7473 = DIRECTION('',(-0.35840061227,0.223953558313,-0.906307787037));
#7474 = DEFINITIONAL_REPRESENTATION('',(#7475),#7478);
#7475 = B_SPLINE_CURVE_WITH_KNOTS('',1,(#7476,#7477),.UNSPECIFIED.,.F.,
  .F.,(2,2),(-13.5,4.5),.PIECEWISE_BEZIER_KNOTS.);
#7476 = CARTESIAN_POINT('',(18.,-2.));
#7477 = CARTESIAN_POINT('',(0.,-2.));
#7478 = ( GEOMETRIC_REPRESENTATION_CONTEXT(2) 
PARAMETRIC_REPRESENTATION_CONTEXT() REPRESENTATION_CONTEXT('2D SPACE',''
  ) );
#7479 = ORIENTED_EDGE('',*,*,#7480,.T.);
#7480 = EDGE_CURVE('',#7455,#7481,#7483,.T.);
#7481 = VERTEX_POINT('',#7482);
#7482 = CARTESIAN_POINT('',(-24.54064704078,58.826092636696,
    58.100814087337));
#7483 = SURFACE_CURVE('',#7484,(#7488,#7494),.PCURVE_S1.);
#7484 = LINE('',#7485,#7486);
#7485 = CARTESIAN_POINT('',(-26.92528372982,55.009876203992,
    58.100814087337));
#7486 = VECTOR('',#7487,1.);
#7487 = DIRECTION('',(0.529919264233,0.848048096156,8.324662751623E-17)
  );
#7488 = PCURVE('',#3256,#7489);
#7489 = DEFINITIONAL_REPRESENTATION('',(#7490),#7493);
#7490 = B_SPLINE_CURVE_WITH_KNOTS('',1,(#7491,#7492),.UNSPECIFIED.,.F.,
  .F.,(2,2),(-13.5,4.5),.PIECEWISE_BEZIER_KNOTS.);
#7491 = CARTESIAN_POINT('',(-9.,9.));
#7492 = CARTESIAN_POINT('',(9.,9.));
#7493 = ( GEOMETRIC_REPRESENTATION_CONTEXT(2) 
PARAMETRIC_REPRESENTATION_CONTEXT() REPRESENTATION_CONTEXT('2D SPACE',''
  ) );
#7494 = PCURVE('',#7495,#7500);
#7495 = PLANE('',#7496);
#7496 = AXIS2_PLACEMENT_3D('',#7497,#7498,#7499);
#7497 = CARTESIAN_POINT('',(-26.07783222743,59.786632548046,
    58.946050610818));
#7498 = DIRECTION('',(-0.35840061227,0.223953558313,-0.906307787037));
#7499 = DIRECTION('',(-0.529919264233,-0.848048096156,
    -3.119463771049E-17));
#7500 = DEFINITIONAL_REPRESENTATION('',(#7501),#7504);
#7501 = B_SPLINE_CURVE_WITH_KNOTS('',1,(#7502,#7503),.UNSPECIFIED.,.F.,
  .F.,(2,2),(-13.5,4.5),.PIECEWISE_BEZIER_KNOTS.);
#7502 = CARTESIAN_POINT('',(18.,-2.));
#7503 = CARTESIAN_POINT('',(-1.7763568394E-15,-2.));
#7504 = ( GEOMETRIC_REPRESENTATION_CONTEXT(2) 
PARAMETRIC_REPRESENTATION_CONTEXT() REPRESENTATION_CONTEXT('2D SPACE',''
  ) );
#7505 = ORIENTED_EDGE('',*,*,#7506,.T.);
#7506 = EDGE_CURVE('',#7481,#7507,#7509,.T.);
#7507 = VERTEX_POINT('',#7508);
#7508 = CARTESIAN_POINT('',(-30.99185806164,62.857256686332,
    41.787273920677));
#7509 = SURFACE_CURVE('',#7510,(#7514,#7520),.PCURVE_S1.);
#7510 = LINE('',#7511,#7512);
#7511 = CARTESIAN_POINT('',(-29.37905530642,61.849465673923,
    45.865658962342));
#7512 = VECTOR('',#7513,1.);
#7513 = DIRECTION('',(-0.35840061227,0.223953558313,-0.906307787037));
#7514 = PCURVE('',#3256,#7515);
#7515 = DEFINITIONAL_REPRESENTATION('',(#7516),#7519);
#7516 = B_SPLINE_CURVE_WITH_KNOTS('',1,(#7517,#7518),.UNSPECIFIED.,.F.,
  .F.,(2,2),(-13.5,4.5),.PIECEWISE_BEZIER_KNOTS.);
#7517 = CARTESIAN_POINT('',(9.,9.));
#7518 = CARTESIAN_POINT('',(9.,-9.));
#7519 = ( GEOMETRIC_REPRESENTATION_CONTEXT(2) 
PARAMETRIC_REPRESENTATION_CONTEXT() REPRESENTATION_CONTEXT('2D SPACE',''
  ) );
#7520 = PCURVE('',#7521,#7526);
#7521 = PLANE('',#7522);
#7522 = AXIS2_PLACEMENT_3D('',#7523,#7524,#7525);
#7523 = CARTESIAN_POINT('',(-32.52904324829,63.817796597683,
    42.632510444159));
#7524 = DIRECTION('',(-0.529919264233,-0.848048096156,
    -3.536917824654E-17));
#7525 = DIRECTION('',(0.35840061227,-0.223953558313,0.906307787037));
#7526 = DEFINITIONAL_REPRESENTATION('',(#7527),#7530);
#7527 = B_SPLINE_CURVE_WITH_KNOTS('',1,(#7528,#7529),.UNSPECIFIED.,.F.,
  .F.,(2,2),(-13.5,4.5),.PIECEWISE_BEZIER_KNOTS.);
#7528 = CARTESIAN_POINT('',(18.,-2.));
#7529 = CARTESIAN_POINT('',(-8.881784197001E-16,-2.));
#7530 = ( GEOMETRIC_REPRESENTATION_CONTEXT(2) 
PARAMETRIC_REPRESENTATION_CONTEXT() REPRESENTATION_CONTEXT('2D SPACE',''
  ) );
#7531 = ORIENTED_EDGE('',*,*,#7532,.T.);
#7532 = EDGE_CURVE('',#7507,#7453,#7533,.T.);
#7533 = SURFACE_CURVE('',#7534,(#7538,#7544),.PCURVE_S1.);
#7534 = LINE('',#7535,#7536);
#7535 = CARTESIAN_POINT('',(-38.14576812879,51.408607388221,
    41.787273920677));
#7536 = VECTOR('',#7537,1.);
#7537 = DIRECTION('',(-0.529919264233,-0.848048096156,
    -8.324662751623E-17));
#7538 = PCURVE('',#3256,#7539);
#7539 = DEFINITIONAL_REPRESENTATION('',(#7540),#7543);
#7540 = B_SPLINE_CURVE_WITH_KNOTS('',1,(#7541,#7542),.UNSPECIFIED.,.F.,
  .F.,(2,2),(-13.5,4.5),.PIECEWISE_BEZIER_KNOTS.);
#7541 = CARTESIAN_POINT('',(9.,-9.));
#7542 = CARTESIAN_POINT('',(-9.,-9.));
#7543 = ( GEOMETRIC_REPRESENTATION_CONTEXT(2) 
PARAMETRIC_REPRESENTATION_CONTEXT() REPRESENTATION_CONTEXT('2D SPACE',''
  ) );
#7544 = PCURVE('',#7545,#7550);
#7545 = PLANE('',#7546);
#7546 = AXIS2_PLACEMENT_3D('',#7547,#7548,#7549);
#7547 = CARTESIAN_POINT('',(-42.06759000449,48.552930866867,
    42.632510444159));
#7548 = DIRECTION('',(0.35840061227,-0.223953558313,0.906307787037));
#7549 = DIRECTION('',(0.529919264233,0.848048096156,3.119463771049E-17)
  );
#7550 = DEFINITIONAL_REPRESENTATION('',(#7551),#7554);
#7551 = B_SPLINE_CURVE_WITH_KNOTS('',1,(#7552,#7553),.UNSPECIFIED.,.F.,
  .F.,(2,2),(-13.5,4.5),.PIECEWISE_BEZIER_KNOTS.);
#7552 = CARTESIAN_POINT('',(18.,-2.));
#7553 = CARTESIAN_POINT('',(0.,-2.));
#7554 = ( GEOMETRIC_REPRESENTATION_CONTEXT(2) 
PARAMETRIC_REPRESENTATION_CONTEXT() REPRESENTATION_CONTEXT('2D SPACE',''
  ) );
#7555 = FACE_BOUND('',#7556,.T.);
#7556 = EDGE_LOOP('',(#7557,#7585,#7618,#7644));
#7557 = ORIENTED_EDGE('',*,*,#7558,.F.);
#7558 = EDGE_CURVE('',#7559,#7561,#7563,.T.);
#7559 = VERTEX_POINT('',#7560);
#7560 = CARTESIAN_POINT('',(-32.68057588604,65.544119644863,
    35.662702882513));
#7561 = VERTEX_POINT('',#7562);
#7562 = CARTESIAN_POINT('',(-32.36179498249,67.536519025938,
    33.978258584851));
#7563 = SURFACE_CURVE('',#7564,(#7568,#7574),.PCURVE_S1.);
#7564 = LINE('',#7565,#7566);
#7565 = CARTESIAN_POINT('',(-33.64212077212,59.534407599382,
    40.743524168523));
#7566 = VECTOR('',#7567,1.);
#7567 = DIRECTION('',(0.121282001903,0.758019639319,-0.640856382056));
#7568 = PCURVE('',#3256,#7569);
#7569 = DEFINITIONAL_REPRESENTATION('',(#7570),#7573);
#7570 = B_SPLINE_CURVE_WITH_KNOTS('',1,(#7571,#7572),.UNSPECIFIED.,.F.,
  .F.,(2,2),(7.928174593052,10.556601717798),.PIECEWISE_BEZIER_KNOTS.);
#7571 = CARTESIAN_POINT('',(10.38370490961,-15.75771644662));
#7572 = CARTESIAN_POINT('',(12.242283553372,-17.61629509039));
#7573 = ( GEOMETRIC_REPRESENTATION_CONTEXT(2) 
PARAMETRIC_REPRESENTATION_CONTEXT() REPRESENTATION_CONTEXT('2D SPACE',''
  ) );
#7574 = PCURVE('',#7575,#7580);
#7575 = PLANE('',#7576);
#7576 = AXIS2_PLACEMENT_3D('',#7577,#7578,#7579);
#7577 = CARTESIAN_POINT('',(-33.13038757582,68.016788981614,
    34.400876846592));
#7578 = DIRECTION('',(-0.628137008538,-0.44130147981,-0.640856382056));
#7579 = DIRECTION('',(-0.121282001903,-0.758019639319,0.640856382056));
#7580 = DEFINITIONAL_REPRESENTATION('',(#7581),#7584);
#7581 = B_SPLINE_CURVE_WITH_KNOTS('',1,(#7582,#7583),.UNSPECIFIED.,.F.,
  .F.,(2,2),(7.928174593052,10.556601717798),.PIECEWISE_BEZIER_KNOTS.);
#7582 = CARTESIAN_POINT('',(2.628427124746,-1.));
#7583 = CARTESIAN_POINT('',(0.,-1.));
#7584 = ( GEOMETRIC_REPRESENTATION_CONTEXT(2) 
PARAMETRIC_REPRESENTATION_CONTEXT() REPRESENTATION_CONTEXT('2D SPACE',''
  ) );
#7585 = ORIENTED_EDGE('',*,*,#7586,.T.);
#7586 = EDGE_CURVE('',#7559,#7587,#7589,.T.);
#7587 = VERTEX_POINT('',#7588);
#7588 = CARTESIAN_POINT('',(-27.90673462115,68.898010891422,
    40.533211386137));
#7589 = SURFACE_CURVE('',#7590,(#7595,#7606),.PCURVE_S1.);
#7590 = CIRCLE('',#7591,3.8);
#7591 = AXIS2_PLACEMENT_3D('',#7592,#7593,#7594);
#7592 = CARTESIAN_POINT('',(-30.29365525359,67.221065268143,
    38.097957134325));
#7593 = DIRECTION('',(-0.768592593328,0.480269955675,0.422618261741));
#7594 = DIRECTION('',(-0.628137008538,-0.44130147981,-0.640856382056));
#7595 = PCURVE('',#3256,#7596);
#7596 = DEFINITIONAL_REPRESENTATION('',(#7597),#7605);
#7597 = ( BOUNDED_CURVE() B_SPLINE_CURVE(2,(#7598,#7599,#7600,#7601,
#7602,#7603,#7604),.UNSPECIFIED.,.T.,.F.) B_SPLINE_CURVE_WITH_KNOTS((1,2
    ,2,2,2,1),(-2.094395102393,0.,2.094395102393,4.188790204786,
6.28318530718,8.377580409573),.UNSPECIFIED.) CURVE() 
GEOMETRIC_REPRESENTATION_ITEM() RATIONAL_B_SPLINE_CURVE((1.,0.5,1.,0.5,
1.,0.5,1.)) REPRESENTATION_ITEM('') );
#7598 = CARTESIAN_POINT('',(10.38370490961,-15.75771644662));
#7599 = CARTESIAN_POINT('',(5.729674398322,-11.10368593534));
#7600 = CARTESIAN_POINT('',(12.087198306729,-9.40019253822));
#7601 = CARTESIAN_POINT('',(18.444722215136,-7.696699141101));
#7602 = CARTESIAN_POINT('',(16.741228818017,-14.0542230495));
#7603 = CARTESIAN_POINT('',(15.037735420898,-20.41174695791));
#7604 = CARTESIAN_POINT('',(10.38370490961,-15.75771644662));
#7605 = ( GEOMETRIC_REPRESENTATION_CONTEXT(2) 
PARAMETRIC_REPRESENTATION_CONTEXT() REPRESENTATION_CONTEXT('2D SPACE',''
  ) );
#7606 = PCURVE('',#7607,#7612);
#7607 = CYLINDRICAL_SURFACE('',#7608,3.8);
#7608 = AXIS2_PLACEMENT_3D('',#7609,#7610,#7611);
#7609 = CARTESIAN_POINT('',(-31.06224784692,67.701335223818,
    38.520575396066));
#7610 = DIRECTION('',(-0.768592593328,0.480269955675,0.422618261741));
#7611 = DIRECTION('',(-0.628137008538,-0.44130147981,-0.640856382056));
#7612 = DEFINITIONAL_REPRESENTATION('',(#7613),#7617);
#7613 = LINE('',#7614,#7615);
#7614 = CARTESIAN_POINT('',(2.425126572273E-17,-1.));
#7615 = VECTOR('',#7616,1.);
#7616 = DIRECTION('',(1.,0.));
#7617 = ( GEOMETRIC_REPRESENTATION_CONTEXT(2) 
PARAMETRIC_REPRESENTATION_CONTEXT() REPRESENTATION_CONTEXT('2D SPACE',''
  ) );
#7618 = ORIENTED_EDGE('',*,*,#7619,.F.);
#7619 = EDGE_CURVE('',#7620,#7587,#7622,.T.);
#7620 = VERTEX_POINT('',#7621);
#7621 = CARTESIAN_POINT('',(-27.5879537176,70.890410272498,
    38.848767088475));
#7622 = SURFACE_CURVE('',#7623,(#7627,#7633),.PCURVE_S1.);
#7623 = LINE('',#7624,#7625);
#7624 = CARTESIAN_POINT('',(-29.027669959,61.892099155404,
    46.456254820978));
#7625 = VECTOR('',#7626,1.);
#7626 = DIRECTION('',(-0.121282001903,-0.758019639319,0.640856382056));
#7627 = PCURVE('',#3256,#7628);
#7628 = DEFINITIONAL_REPRESENTATION('',(#7629),#7632);
#7629 = B_SPLINE_CURVE_WITH_KNOTS('',1,(#7630,#7631),.UNSPECIFIED.,.F.,
  .F.,(2,2),(-11.87081528017,-9.242388155425),.PIECEWISE_BEZIER_KNOTS.);
#7630 = CARTESIAN_POINT('',(17.61629509039,-12.24228355337));
#7631 = CARTESIAN_POINT('',(15.757716446628,-10.38370490961));
#7632 = ( GEOMETRIC_REPRESENTATION_CONTEXT(2) 
PARAMETRIC_REPRESENTATION_CONTEXT() REPRESENTATION_CONTEXT('2D SPACE',''
  ) );
#7633 = PCURVE('',#7634,#7639);
#7634 = PLANE('',#7635);
#7635 = AXIS2_PLACEMENT_3D('',#7636,#7637,#7638);
#7636 = CARTESIAN_POINT('',(-28.67532721448,69.378280847098,
    40.955829647878));
#7637 = DIRECTION('',(0.628137008538,0.44130147981,0.640856382056));
#7638 = DIRECTION('',(0.121282001903,0.758019639319,-0.640856382056));
#7639 = DEFINITIONAL_REPRESENTATION('',(#7640),#7643);
#7640 = B_SPLINE_CURVE_WITH_KNOTS('',1,(#7641,#7642),.UNSPECIFIED.,.F.,
  .F.,(2,2),(-11.87081528017,-9.242388155425),.PIECEWISE_BEZIER_KNOTS.);
#7641 = CARTESIAN_POINT('',(2.628427124746,-1.));
#7642 = CARTESIAN_POINT('',(0.,-1.));
#7643 = ( GEOMETRIC_REPRESENTATION_CONTEXT(2) 
PARAMETRIC_REPRESENTATION_CONTEXT() REPRESENTATION_CONTEXT('2D SPACE',''
  ) );
#7644 = ORIENTED_EDGE('',*,*,#7645,.T.);
#7645 = EDGE_CURVE('',#7620,#7561,#7646,.T.);
#7646 = SURFACE_CURVE('',#7647,(#7652,#7663),.PCURVE_S1.);
#7647 = CIRCLE('',#7648,3.8);
#7648 = AXIS2_PLACEMENT_3D('',#7649,#7650,#7651);
#7649 = CARTESIAN_POINT('',(-29.97487435005,69.213464649218,
    36.413512836663));
#7650 = DIRECTION('',(-0.768592593328,0.480269955675,0.422618261741));
#7651 = DIRECTION('',(0.628137008538,0.44130147981,0.640856382056));
#7652 = PCURVE('',#3256,#7653);
#7653 = DEFINITIONAL_REPRESENTATION('',(#7654),#7662);
#7654 = ( BOUNDED_CURVE() B_SPLINE_CURVE(2,(#7655,#7656,#7657,#7658,
#7659,#7660,#7661),.UNSPECIFIED.,.T.,.F.) B_SPLINE_CURVE_WITH_KNOTS((1,2
    ,2,2,2,1),(-2.094395102393,0.,2.094395102393,4.188790204786,
6.28318530718,8.377580409573),.UNSPECIFIED.) CURVE() 
GEOMETRIC_REPRESENTATION_ITEM() RATIONAL_B_SPLINE_CURVE((1.,0.5,1.,0.5,
1.,0.5,1.)) REPRESENTATION_ITEM('') );
#7655 = CARTESIAN_POINT('',(17.61629509039,-12.24228355337));
#7656 = CARTESIAN_POINT('',(22.270325601678,-16.89631406466));
#7657 = CARTESIAN_POINT('',(15.912801693271,-18.59980746178));
#7658 = CARTESIAN_POINT('',(9.555277784864,-20.30330085889));
#7659 = CARTESIAN_POINT('',(11.258771181983,-13.94577695049));
#7660 = CARTESIAN_POINT('',(12.962264579102,-7.588253042084));
#7661 = CARTESIAN_POINT('',(17.61629509039,-12.24228355337));
#7662 = ( GEOMETRIC_REPRESENTATION_CONTEXT(2) 
PARAMETRIC_REPRESENTATION_CONTEXT() REPRESENTATION_CONTEXT('2D SPACE',''
  ) );
#7663 = PCURVE('',#7664,#7669);
#7664 = CYLINDRICAL_SURFACE('',#7665,3.8);
#7665 = AXIS2_PLACEMENT_3D('',#7666,#7667,#7668);
#7666 = CARTESIAN_POINT('',(-30.74346694338,69.693734604893,
    36.836131098404));
#7667 = DIRECTION('',(-0.768592593328,0.480269955675,0.422618261741));
#7668 = DIRECTION('',(0.628137008538,0.44130147981,0.640856382056));
#7669 = DEFINITIONAL_REPRESENTATION('',(#7670),#7674);
#7670 = LINE('',#7671,#7672);
#7671 = CARTESIAN_POINT('',(2.425126572273E-17,-1.));
#7672 = VECTOR('',#7673,1.);
#7673 = DIRECTION('',(1.,0.));
#7674 = ( GEOMETRIC_REPRESENTATION_CONTEXT(2) 
PARAMETRIC_REPRESENTATION_CONTEXT() REPRESENTATION_CONTEXT('2D SPACE',''
  ) );
#7675 = FACE_BOUND('',#7676,.T.);
#7676 = EDGE_LOOP('',(#7677,#7705,#7738,#7764));
#7677 = ORIENTED_EDGE('',*,*,#7678,.F.);
#7678 = EDGE_CURVE('',#7679,#7681,#7683,.T.);
#7679 = VERTEX_POINT('',#7680);
#7680 = CARTESIAN_POINT('',(-37.48309814101,35.528073319715,
    61.039320919539));
#7681 = VERTEX_POINT('',#7682);
#7682 = CARTESIAN_POINT('',(-37.16431723746,37.52047270079,
    59.354876621877));
#7683 = SURFACE_CURVE('',#7684,(#7688,#7694),.PCURVE_S1.);
#7684 = LINE('',#7685,#7686);
#7685 = CARTESIAN_POINT('',(-36.04338189961,44.526384436808,
    53.431833187036));
#7686 = VECTOR('',#7687,1.);
#7687 = DIRECTION('',(0.121282001903,0.758019639319,-0.640856382056));
#7688 = PCURVE('',#3256,#7689);
#7689 = DEFINITIONAL_REPRESENTATION('',(#7690),#7693);
#7690 = B_SPLINE_CURVE_WITH_KNOTS('',1,(#7691,#7692),.UNSPECIFIED.,.F.,
  .F.,(2,2),(-11.87081528017,-9.242388155425),.PIECEWISE_BEZIER_KNOTS.);
#7691 = CARTESIAN_POINT('',(-17.61629509039,12.242283553372));
#7692 = CARTESIAN_POINT('',(-15.75771644662,10.38370490961));
#7693 = ( GEOMETRIC_REPRESENTATION_CONTEXT(2) 
PARAMETRIC_REPRESENTATION_CONTEXT() REPRESENTATION_CONTEXT('2D SPACE',''
  ) );
#7694 = PCURVE('',#7695,#7700);
#7695 = PLANE('',#7696);
#7696 = AXIS2_PLACEMENT_3D('',#7697,#7698,#7699);
#7697 = CARTESIAN_POINT('',(-37.93290983079,38.000742656466,
    59.777494883618));
#7698 = DIRECTION('',(-0.628137008538,-0.44130147981,-0.640856382056));
#7699 = DIRECTION('',(-0.121282001903,-0.758019639319,0.640856382056));
#7700 = DEFINITIONAL_REPRESENTATION('',(#7701),#7704);
#7701 = B_SPLINE_CURVE_WITH_KNOTS('',1,(#7702,#7703),.UNSPECIFIED.,.F.,
  .F.,(2,2),(-11.87081528017,-9.242388155425),.PIECEWISE_BEZIER_KNOTS.);
#7702 = CARTESIAN_POINT('',(2.628427124746,-1.));
#7703 = CARTESIAN_POINT('',(0.,-1.));
#7704 = ( GEOMETRIC_REPRESENTATION_CONTEXT(2) 
PARAMETRIC_REPRESENTATION_CONTEXT() REPRESENTATION_CONTEXT('2D SPACE',''
  ) );
#7705 = ORIENTED_EDGE('',*,*,#7706,.T.);
#7706 = EDGE_CURVE('',#7679,#7707,#7709,.T.);
#7707 = VERTEX_POINT('',#7708);
#7708 = CARTESIAN_POINT('',(-32.70925687612,38.881964566274,
    65.909829423163));
#7709 = SURFACE_CURVE('',#7710,(#7715,#7726),.PCURVE_S1.);
#7710 = CIRCLE('',#7711,3.8);
#7711 = AXIS2_PLACEMENT_3D('',#7712,#7713,#7714);
#7712 = CARTESIAN_POINT('',(-35.09617750856,37.205018942995,
    63.474575171351));
#7713 = DIRECTION('',(-0.768592593328,0.480269955675,0.422618261741));
#7714 = DIRECTION('',(-0.628137008538,-0.44130147981,-0.640856382056));
#7715 = PCURVE('',#3256,#7716);
#7716 = DEFINITIONAL_REPRESENTATION('',(#7717),#7725);
#7717 = ( BOUNDED_CURVE() B_SPLINE_CURVE(2,(#7718,#7719,#7720,#7721,
#7722,#7723,#7724),.UNSPECIFIED.,.T.,.F.) B_SPLINE_CURVE_WITH_KNOTS((1,2
    ,2,2,2,1),(-2.094395102393,0.,2.094395102393,4.188790204786,
6.28318530718,8.377580409573),.UNSPECIFIED.) CURVE() 
GEOMETRIC_REPRESENTATION_ITEM() RATIONAL_B_SPLINE_CURVE((1.,0.5,1.,0.5,
1.,0.5,1.)) REPRESENTATION_ITEM('') );
#7718 = CARTESIAN_POINT('',(-17.61629509039,12.242283553372));
#7719 = CARTESIAN_POINT('',(-22.27032560167,16.89631406466));
#7720 = CARTESIAN_POINT('',(-15.91280169327,18.59980746178));
#7721 = CARTESIAN_POINT('',(-9.555277784864,20.303300858899));
#7722 = CARTESIAN_POINT('',(-11.25877118198,13.945776950492));
#7723 = CARTESIAN_POINT('',(-12.9622645791,7.588253042084));
#7724 = CARTESIAN_POINT('',(-17.61629509039,12.242283553372));
#7725 = ( GEOMETRIC_REPRESENTATION_CONTEXT(2) 
PARAMETRIC_REPRESENTATION_CONTEXT() REPRESENTATION_CONTEXT('2D SPACE',''
  ) );
#7726 = PCURVE('',#7727,#7732);
#7727 = CYLINDRICAL_SURFACE('',#7728,3.8);
#7728 = AXIS2_PLACEMENT_3D('',#7729,#7730,#7731);
#7729 = CARTESIAN_POINT('',(-35.86477010189,37.68528889867,
    63.897193433092));
#7730 = DIRECTION('',(-0.768592593328,0.480269955675,0.422618261741));
#7731 = DIRECTION('',(-0.628137008538,-0.44130147981,-0.640856382056));
#7732 = DEFINITIONAL_REPRESENTATION('',(#7733),#7737);
#7733 = LINE('',#7734,#7735);
#7734 = CARTESIAN_POINT('',(2.425126572273E-17,-1.));
#7735 = VECTOR('',#7736,1.);
#7736 = DIRECTION('',(1.,0.));
#7737 = ( GEOMETRIC_REPRESENTATION_CONTEXT(2) 
PARAMETRIC_REPRESENTATION_CONTEXT() REPRESENTATION_CONTEXT('2D SPACE',''
  ) );
#7738 = ORIENTED_EDGE('',*,*,#7739,.F.);
#7739 = EDGE_CURVE('',#7740,#7707,#7742,.T.);
#7740 = VERTEX_POINT('',#7741);
#7741 = CARTESIAN_POINT('',(-32.39047597257,40.87436394735,
    64.225385125501));
#7742 = SURFACE_CURVE('',#7743,(#7747,#7753),.PCURVE_S1.);
#7743 = LINE('',#7744,#7745);
#7744 = CARTESIAN_POINT('',(-31.42893108649,46.88407599283,
    59.144563839491));
#7745 = VECTOR('',#7746,1.);
#7746 = DIRECTION('',(-0.121282001903,-0.758019639319,0.640856382056));
#7747 = PCURVE('',#3256,#7748);
#7748 = DEFINITIONAL_REPRESENTATION('',(#7749),#7752);
#7749 = B_SPLINE_CURVE_WITH_KNOTS('',1,(#7750,#7751),.UNSPECIFIED.,.F.,
  .F.,(2,2),(7.928174593052,10.556601717798),.PIECEWISE_BEZIER_KNOTS.);
#7750 = CARTESIAN_POINT('',(-10.38370490961,15.757716446628));
#7751 = CARTESIAN_POINT('',(-12.24228355337,17.61629509039));
#7752 = ( GEOMETRIC_REPRESENTATION_CONTEXT(2) 
PARAMETRIC_REPRESENTATION_CONTEXT() REPRESENTATION_CONTEXT('2D SPACE',''
  ) );
#7753 = PCURVE('',#7754,#7759);
#7754 = PLANE('',#7755);
#7755 = AXIS2_PLACEMENT_3D('',#7756,#7757,#7758);
#7756 = CARTESIAN_POINT('',(-33.47784946944,39.36223452195,
    66.332447684904));
#7757 = DIRECTION('',(0.628137008538,0.44130147981,0.640856382056));
#7758 = DIRECTION('',(0.121282001903,0.758019639319,-0.640856382056));
#7759 = DEFINITIONAL_REPRESENTATION('',(#7760),#7763);
#7760 = B_SPLINE_CURVE_WITH_KNOTS('',1,(#7761,#7762),.UNSPECIFIED.,.F.,
  .F.,(2,2),(7.928174593052,10.556601717798),.PIECEWISE_BEZIER_KNOTS.);
#7761 = CARTESIAN_POINT('',(2.628427124746,-1.));
#7762 = CARTESIAN_POINT('',(-3.552713678801E-15,-1.));
#7763 = ( GEOMETRIC_REPRESENTATION_CONTEXT(2) 
PARAMETRIC_REPRESENTATION_CONTEXT() REPRESENTATION_CONTEXT('2D SPACE',''
  ) );
#7764 = ORIENTED_EDGE('',*,*,#7765,.T.);
#7765 = EDGE_CURVE('',#7740,#7681,#7766,.T.);
#7766 = SURFACE_CURVE('',#7767,(#7772,#7783),.PCURVE_S1.);
#7767 = CIRCLE('',#7768,3.8);
#7768 = AXIS2_PLACEMENT_3D('',#7769,#7770,#7771);
#7769 = CARTESIAN_POINT('',(-34.77739660502,39.19741832407,
    61.790130873689));
#7770 = DIRECTION('',(-0.768592593328,0.480269955675,0.422618261741));
#7771 = DIRECTION('',(0.628137008538,0.44130147981,0.640856382056));
#7772 = PCURVE('',#3256,#7773);
#7773 = DEFINITIONAL_REPRESENTATION('',(#7774),#7782);
#7774 = ( BOUNDED_CURVE() B_SPLINE_CURVE(2,(#7775,#7776,#7777,#7778,
#7779,#7780,#7781),.UNSPECIFIED.,.T.,.F.) B_SPLINE_CURVE_WITH_KNOTS((1,2
    ,2,2,2,1),(-2.094395102393,0.,2.094395102393,4.188790204786,
6.28318530718,8.377580409573),.UNSPECIFIED.) CURVE() 
GEOMETRIC_REPRESENTATION_ITEM() RATIONAL_B_SPLINE_CURVE((1.,0.5,1.,0.5,
1.,0.5,1.)) REPRESENTATION_ITEM('') );
#7775 = CARTESIAN_POINT('',(-10.38370490961,15.757716446628));
#7776 = CARTESIAN_POINT('',(-5.729674398322,11.103685935339));
#7777 = CARTESIAN_POINT('',(-12.08719830672,9.40019253822));
#7778 = CARTESIAN_POINT('',(-18.44472221513,7.696699141101));
#7779 = CARTESIAN_POINT('',(-16.74122881801,14.054223049508));
#7780 = CARTESIAN_POINT('',(-15.03773542089,20.411746957916));
#7781 = CARTESIAN_POINT('',(-10.38370490961,15.757716446628));
#7782 = ( GEOMETRIC_REPRESENTATION_CONTEXT(2) 
PARAMETRIC_REPRESENTATION_CONTEXT() REPRESENTATION_CONTEXT('2D SPACE',''
  ) );
#7783 = PCURVE('',#7784,#7789);
#7784 = CYLINDRICAL_SURFACE('',#7785,3.8);
#7785 = AXIS2_PLACEMENT_3D('',#7786,#7787,#7788);
#7786 = CARTESIAN_POINT('',(-35.54598919834,39.677688279745,
    62.21274913543));
#7787 = DIRECTION('',(-0.768592593328,0.480269955675,0.422618261741));
#7788 = DIRECTION('',(0.628137008538,0.44130147981,0.640856382056));
#7789 = DEFINITIONAL_REPRESENTATION('',(#7790),#7794);
#7790 = LINE('',#7791,#7792);
#7791 = CARTESIAN_POINT('',(0.,-1.));
#7792 = VECTOR('',#7793,1.);
#7793 = DIRECTION('',(1.,0.));
#7794 = ( GEOMETRIC_REPRESENTATION_CONTEXT(2) 
PARAMETRIC_REPRESENTATION_CONTEXT() REPRESENTATION_CONTEXT('2D SPACE',''
  ) );
#7795 = FACE_BOUND('',#7796,.T.);
#7796 = EDGE_LOOP('',(#7797,#7825,#7858,#7884));
#7797 = ORIENTED_EDGE('',*,*,#7798,.F.);
#7798 = EDGE_CURVE('',#7799,#7801,#7803,.T.);
#7799 = VERTEX_POINT('',#7800);
#7800 = CARTESIAN_POINT('',(-20.46368222668,64.247075565461,
    59.354876621877));
#7801 = VERTEX_POINT('',#7802);
#7802 = CARTESIAN_POINT('',(-18.81266987538,65.407004345185,
    61.039320919539));
#7803 = SURFACE_CURVE('',#7804,(#7808,#7814),.PCURVE_S1.);
#7804 = LINE('',#7805,#7806);
#7805 = CARTESIAN_POINT('',(-25.44366209873,60.748360385351,
    54.274055335867));
#7806 = VECTOR('',#7807,1.);
#7807 = DIRECTION('',(0.628137008538,0.44130147981,0.640856382056));
#7808 = PCURVE('',#3256,#7809);
#7809 = DEFINITIONAL_REPRESENTATION('',(#7810),#7813);
#7810 = B_SPLINE_CURVE_WITH_KNOTS('',1,(#7811,#7812),.UNSPECIFIED.,.F.,
  .F.,(2,2),(7.928174593052,10.556601717798),.PIECEWISE_BEZIER_KNOTS.);
#7811 = CARTESIAN_POINT('',(15.757716446628,10.38370490961));
#7812 = CARTESIAN_POINT('',(17.61629509039,12.242283553372));
#7813 = ( GEOMETRIC_REPRESENTATION_CONTEXT(2) 
PARAMETRIC_REPRESENTATION_CONTEXT() REPRESENTATION_CONTEXT('2D SPACE',''
  ) );
#7814 = PCURVE('',#7815,#7820);
#7815 = PLANE('',#7816);
#7816 = AXIS2_PLACEMENT_3D('',#7817,#7818,#7819);
#7817 = CARTESIAN_POINT('',(-19.58126246871,65.887274300861,
    61.46193918128));
#7818 = DIRECTION('',(0.121282001903,0.758019639319,-0.640856382056));
#7819 = DIRECTION('',(-0.628137008538,-0.44130147981,-0.640856382056));
#7820 = DEFINITIONAL_REPRESENTATION('',(#7821),#7824);
#7821 = B_SPLINE_CURVE_WITH_KNOTS('',1,(#7822,#7823),.UNSPECIFIED.,.F.,
  .F.,(2,2),(7.928174593052,10.556601717798),.PIECEWISE_BEZIER_KNOTS.);
#7822 = CARTESIAN_POINT('',(2.628427124746,-1.));
#7823 = CARTESIAN_POINT('',(0.,-1.));
#7824 = ( GEOMETRIC_REPRESENTATION_CONTEXT(2) 
PARAMETRIC_REPRESENTATION_CONTEXT() REPRESENTATION_CONTEXT('2D SPACE',''
  ) );
#7825 = ORIENTED_EDGE('',*,*,#7826,.T.);
#7826 = EDGE_CURVE('',#7799,#7827,#7829,.T.);
#7827 = VERTEX_POINT('',#7828);
#7828 = CARTESIAN_POINT('',(-21.38542544114,58.486126306639,
    64.225385125501));
#7829 = SURFACE_CURVE('',#7830,(#7835,#7846),.PCURVE_S1.);
#7830 = CIRCLE('',#7831,3.8);
#7831 = AXIS2_PLACEMENT_3D('',#7832,#7833,#7834);
#7832 = CARTESIAN_POINT('',(-20.92455383391,61.36660093605,
    61.790130873689));
#7833 = DIRECTION('',(-0.768592593328,0.480269955675,0.422618261741));
#7834 = DIRECTION('',(0.121282001903,0.758019639319,-0.640856382056));
#7835 = PCURVE('',#3256,#7836);
#7836 = DEFINITIONAL_REPRESENTATION('',(#7837),#7845);
#7837 = ( BOUNDED_CURVE() B_SPLINE_CURVE(2,(#7838,#7839,#7840,#7841,
#7842,#7843,#7844),.UNSPECIFIED.,.T.,.F.) B_SPLINE_CURVE_WITH_KNOTS((1,2
    ,2,2,2,1),(-2.094395102393,0.,2.094395102393,4.188790204786,
6.28318530718,8.377580409573),.UNSPECIFIED.) CURVE() 
GEOMETRIC_REPRESENTATION_ITEM() RATIONAL_B_SPLINE_CURVE((1.,0.5,1.,0.5,
1.,0.5,1.)) REPRESENTATION_ITEM('') );
#7838 = CARTESIAN_POINT('',(15.757716446628,10.38370490961));
#7839 = CARTESIAN_POINT('',(11.103685935339,5.729674398322));
#7840 = CARTESIAN_POINT('',(9.40019253822,12.087198306729));
#7841 = CARTESIAN_POINT('',(7.696699141101,18.444722215136));
#7842 = CARTESIAN_POINT('',(14.054223049508,16.741228818017));
#7843 = CARTESIAN_POINT('',(20.411746957916,15.037735420898));
#7844 = CARTESIAN_POINT('',(15.757716446628,10.38370490961));
#7845 = ( GEOMETRIC_REPRESENTATION_CONTEXT(2) 
PARAMETRIC_REPRESENTATION_CONTEXT() REPRESENTATION_CONTEXT('2D SPACE',''
  ) );
#7846 = PCURVE('',#7847,#7852);
#7847 = CYLINDRICAL_SURFACE('',#7848,3.8);
#7848 = AXIS2_PLACEMENT_3D('',#7849,#7850,#7851);
#7849 = CARTESIAN_POINT('',(-21.69314642724,61.846870891725,
    62.21274913543));
#7850 = DIRECTION('',(-0.768592593328,0.480269955675,0.422618261741));
#7851 = DIRECTION('',(0.121282001903,0.758019639319,-0.640856382056));
#7852 = DEFINITIONAL_REPRESENTATION('',(#7853),#7857);
#7853 = LINE('',#7854,#7855);
#7854 = CARTESIAN_POINT('',(-1.039694087983E-16,-1.));
#7855 = VECTOR('',#7856,1.);
#7856 = DIRECTION('',(1.,0.));
#7857 = ( GEOMETRIC_REPRESENTATION_CONTEXT(2) 
PARAMETRIC_REPRESENTATION_CONTEXT() REPRESENTATION_CONTEXT('2D SPACE',''
  ) );
#7858 = ORIENTED_EDGE('',*,*,#7859,.F.);
#7859 = EDGE_CURVE('',#7860,#7827,#7862,.T.);
#7860 = VERTEX_POINT('',#7861);
#7861 = CARTESIAN_POINT('',(-19.73441308984,59.646055086364,
    65.909829423163));
#7862 = SURFACE_CURVE('',#7863,(#7867,#7873),.PCURVE_S1.);
#7863 = LINE('',#7864,#7865);
#7864 = CARTESIAN_POINT('',(-27.19091148884,54.407446736667,
    58.30234169066));
#7865 = VECTOR('',#7866,1.);
#7866 = DIRECTION('',(-0.628137008538,-0.44130147981,-0.640856382056));
#7867 = PCURVE('',#3256,#7868);
#7868 = DEFINITIONAL_REPRESENTATION('',(#7869),#7872);
#7869 = B_SPLINE_CURVE_WITH_KNOTS('',1,(#7870,#7871),.UNSPECIFIED.,.F.,
  .F.,(2,2),(-11.87081528017,-9.242388155425),.PIECEWISE_BEZIER_KNOTS.);
#7870 = CARTESIAN_POINT('',(12.242283553372,17.61629509039));
#7871 = CARTESIAN_POINT('',(10.38370490961,15.757716446628));
#7872 = ( GEOMETRIC_REPRESENTATION_CONTEXT(2) 
PARAMETRIC_REPRESENTATION_CONTEXT() REPRESENTATION_CONTEXT('2D SPACE',''
  ) );
#7873 = PCURVE('',#7874,#7879);
#7874 = PLANE('',#7875);
#7875 = AXIS2_PLACEMENT_3D('',#7876,#7877,#7878);
#7876 = CARTESIAN_POINT('',(-22.15401803447,58.966396262314,
    64.648003387242));
#7877 = DIRECTION('',(-0.121282001903,-0.758019639319,0.640856382056));
#7878 = DIRECTION('',(0.628137008538,0.44130147981,0.640856382056));
#7879 = DEFINITIONAL_REPRESENTATION('',(#7880),#7883);
#7880 = B_SPLINE_CURVE_WITH_KNOTS('',1,(#7881,#7882),.UNSPECIFIED.,.F.,
  .F.,(2,2),(-11.87081528017,-9.242388155425),.PIECEWISE_BEZIER_KNOTS.);
#7881 = CARTESIAN_POINT('',(2.628427124746,-1.));
#7882 = CARTESIAN_POINT('',(-1.7763568394E-15,-1.));
#7883 = ( GEOMETRIC_REPRESENTATION_CONTEXT(2) 
PARAMETRIC_REPRESENTATION_CONTEXT() REPRESENTATION_CONTEXT('2D SPACE',''
  ) );
#7884 = ORIENTED_EDGE('',*,*,#7885,.T.);
#7885 = EDGE_CURVE('',#7860,#7801,#7886,.T.);
#7886 = SURFACE_CURVE('',#7887,(#7892,#7903),.PCURVE_S1.);
#7887 = CIRCLE('',#7888,3.8);
#7888 = AXIS2_PLACEMENT_3D('',#7889,#7890,#7891);
#7889 = CARTESIAN_POINT('',(-19.27354148261,62.526529715774,
    63.474575171351));
#7890 = DIRECTION('',(-0.768592593328,0.480269955675,0.422618261741));
#7891 = DIRECTION('',(-0.121282001903,-0.758019639319,0.640856382056));
#7892 = PCURVE('',#3256,#7893);
#7893 = DEFINITIONAL_REPRESENTATION('',(#7894),#7902);
#7894 = ( BOUNDED_CURVE() B_SPLINE_CURVE(2,(#7895,#7896,#7897,#7898,
#7899,#7900,#7901),.UNSPECIFIED.,.T.,.F.) B_SPLINE_CURVE_WITH_KNOTS((1,2
    ,2,2,2,1),(-2.094395102393,0.,2.094395102393,4.188790204786,
6.28318530718,8.377580409573),.UNSPECIFIED.) CURVE() 
GEOMETRIC_REPRESENTATION_ITEM() RATIONAL_B_SPLINE_CURVE((1.,0.5,1.,0.5,
1.,0.5,1.)) REPRESENTATION_ITEM('') );
#7895 = CARTESIAN_POINT('',(12.242283553372,17.61629509039));
#7896 = CARTESIAN_POINT('',(16.896314064661,22.270325601678));
#7897 = CARTESIAN_POINT('',(18.59980746178,15.912801693271));
#7898 = CARTESIAN_POINT('',(20.303300858899,9.555277784864));
#7899 = CARTESIAN_POINT('',(13.945776950492,11.258771181983));
#7900 = CARTESIAN_POINT('',(7.588253042084,12.962264579102));
#7901 = CARTESIAN_POINT('',(12.242283553372,17.61629509039));
#7902 = ( GEOMETRIC_REPRESENTATION_CONTEXT(2) 
PARAMETRIC_REPRESENTATION_CONTEXT() REPRESENTATION_CONTEXT('2D SPACE',''
  ) );
#7903 = PCURVE('',#7904,#7909);
#7904 = CYLINDRICAL_SURFACE('',#7905,3.8);
#7905 = AXIS2_PLACEMENT_3D('',#7906,#7907,#7908);
#7906 = CARTESIAN_POINT('',(-20.04213407594,63.00679967145,
    63.897193433092));
#7907 = DIRECTION('',(-0.768592593328,0.480269955675,0.422618261741));
#7908 = DIRECTION('',(-0.121282001903,-0.758019639319,0.640856382056));
#7909 = DEFINITIONAL_REPRESENTATION('',(#7910),#7914);
#7910 = LINE('',#7911,#7912);
#7911 = CARTESIAN_POINT('',(0.,-1.));
#7912 = VECTOR('',#7913,1.);
#7913 = DIRECTION('',(1.,0.));
#7914 = ( GEOMETRIC_REPRESENTATION_CONTEXT(2) 
PARAMETRIC_REPRESENTATION_CONTEXT() REPRESENTATION_CONTEXT('2D SPACE',''
  ) );
#7915 = ADVANCED_FACE('',(#7916),#3206,.T.);
#7916 = FACE_BOUND('',#7917,.T.);
#7917 = EDGE_LOOP('',(#7918,#7919,#7955,#7956,#7976));
#7918 = ORIENTED_EDGE('',*,*,#3191,.F.);
#7919 = ORIENTED_EDGE('',*,*,#7920,.F.);
#7920 = EDGE_CURVE('',#5937,#3158,#7921,.T.);
#7921 = SURFACE_CURVE('',#7922,(#7931,#7943),.PCURVE_S1.);
#7922 = B_SPLINE_CURVE_WITH_KNOTS('',4,(#7923,#7924,#7925,#7926,#7927,
    #7928,#7929,#7930),.UNSPECIFIED.,.F.,.F.,(5,3,5),(0.,0.496161754452,
    1.),.UNSPECIFIED.);
#7923 = CARTESIAN_POINT('',(-34.45084867618,69.388936123387,
    19.555570250925));
#7924 = CARTESIAN_POINT('',(-34.379870933,68.545777731966,
    20.642831859258));
#7925 = CARTESIAN_POINT('',(-34.30817337775,67.694068553134,
    21.741119797836));
#7926 = CARTESIAN_POINT('',(-34.23575237875,66.833765445619,
    22.850489697783));
#7927 = CARTESIAN_POINT('',(-34.08832698642,65.082470587694,
    25.108802825265));
#7928 = CARTESIAN_POINT('',(-34.01329996181,64.191209995906,
    26.258092726581));
#7929 = CARTESIAN_POINT('',(-33.93752195371,63.291028325476,
    27.418886452578));
#7930 = CARTESIAN_POINT('',(-33.86099186423,62.381912534362,
    28.591200821106));
#7931 = PCURVE('',#3206,#7932);
#7932 = DEFINITIONAL_REPRESENTATION('',(#7933),#7942);
#7933 = B_SPLINE_CURVE_WITH_KNOTS('',4,(#7934,#7935,#7936,#7937,#7938,
    #7939,#7940,#7941),.UNSPECIFIED.,.F.,.F.,(5,3,5),(0.,0.496161754452,
    1.),.UNSPECIFIED.);
#7934 = CARTESIAN_POINT('',(16.,0.893546364701));
#7935 = CARTESIAN_POINT('',(13.985405628528,0.883649364995));
#7936 = CARTESIAN_POINT('',(11.980366617747,0.87365199608));
#7937 = CARTESIAN_POINT('',(9.985144685003,0.863553751565));
#7938 = CARTESIAN_POINT('',(5.98414166908,0.842997039006));
#7939 = CARTESIAN_POINT('',(3.978674699383,0.832535415301));
#7940 = CARTESIAN_POINT('',(1.983871589371,0.821969075906));
#7941 = CARTESIAN_POINT('',(0.,0.811297867733));
#7942 = ( GEOMETRIC_REPRESENTATION_CONTEXT(2) 
PARAMETRIC_REPRESENTATION_CONTEXT() REPRESENTATION_CONTEXT('2D SPACE',''
  ) );
#7943 = PCURVE('',#3177,#7944);
#7944 = DEFINITIONAL_REPRESENTATION('',(#7945),#7954);
#7945 = B_SPLINE_CURVE_WITH_KNOTS('',4,(#7946,#7947,#7948,#7949,#7950,
    #7951,#7952,#7953),.UNSPECIFIED.,.F.,.F.,(5,3,5),(0.,0.496161754452,
    1.),.UNSPECIFIED.);
#7946 = CARTESIAN_POINT('',(2.706192549852,-3.351263360764));
#7947 = CARTESIAN_POINT('',(2.02876615469,-2.151602909994));
#7948 = CARTESIAN_POINT('',(1.344469722829,-0.939776249904));
#7949 = CARTESIAN_POINT('',(0.653268592887,0.284278001659));
#7950 = CARTESIAN_POINT('',(-0.753790121753,2.776050840626));
#7951 = CARTESIAN_POINT('',(-1.469863704117,4.044151940225));
#7952 = CARTESIAN_POINT('',(-2.193104829622,5.32494610596));
#7953 = CARTESIAN_POINT('',(-2.923523976755,6.618451894276));
#7954 = ( GEOMETRIC_REPRESENTATION_CONTEXT(2) 
PARAMETRIC_REPRESENTATION_CONTEXT() REPRESENTATION_CONTEXT('2D SPACE',''
  ) );
#7955 = ORIENTED_EDGE('',*,*,#5936,.T.);
#7956 = ORIENTED_EDGE('',*,*,#7957,.F.);
#7957 = EDGE_CURVE('',#7116,#5910,#7958,.T.);
#7958 = SURFACE_CURVE('',#7959,(#7963,#7969),.PCURVE_S1.);
#7959 = LINE('',#7960,#7961);
#7960 = CARTESIAN_POINT('',(-35.21429608558,70.121681590801,
    30.801431650889));
#7961 = VECTOR('',#7962,1.);
#7962 = DIRECTION('',(-5.89612390437E-18,0.341538738435,-0.939867698215)
  );
#7963 = PCURVE('',#3206,#7964);
#7964 = DEFINITIONAL_REPRESENTATION('',(#7965),#7968);
#7965 = B_SPLINE_CURVE_WITH_KNOTS('',1,(#7966,#7967),.UNSPECIFIED.,.F.,
  .F.,(2,2),(0.,10.),.PIECEWISE_BEZIER_KNOTS.);
#7966 = CARTESIAN_POINT('',(0.,1.));
#7967 = CARTESIAN_POINT('',(16.,1.));
#7968 = ( GEOMETRIC_REPRESENTATION_CONTEXT(2) 
PARAMETRIC_REPRESENTATION_CONTEXT() REPRESENTATION_CONTEXT('2D SPACE',''
  ) );
#7969 = PCURVE('',#5924,#7970);
#7970 = DEFINITIONAL_REPRESENTATION('',(#7971),#7975);
#7971 = LINE('',#7972,#7973);
#7972 = CARTESIAN_POINT('',(9.218655355169,7.682212795974));
#7973 = VECTOR('',#7974,1.);
#7974 = DIRECTION('',(0.640184399664,-0.768221279597));
#7975 = ( GEOMETRIC_REPRESENTATION_CONTEXT(2) 
PARAMETRIC_REPRESENTATION_CONTEXT() REPRESENTATION_CONTEXT('2D SPACE',''
  ) );
#7976 = ORIENTED_EDGE('',*,*,#7115,.T.);
#7977 = ADVANCED_FACE('',(#7978),#3177,.T.);
#7978 = FACE_BOUND('',#7979,.T.);
#7979 = EDGE_LOOP('',(#7980,#7981,#7982,#7983));
#7980 = ORIENTED_EDGE('',*,*,#5545,.T.);
#7981 = ORIENTED_EDGE('',*,*,#5958,.T.);
#7982 = ORIENTED_EDGE('',*,*,#7920,.T.);
#7983 = ORIENTED_EDGE('',*,*,#3157,.T.);
#7984 = ADVANCED_FACE('',(#7985),#3532,.T.);
#7985 = FACE_BOUND('',#7986,.F.);
#7986 = EDGE_LOOP('',(#7987,#7988,#8012,#8040,#8062,#8063));
#7987 = ORIENTED_EDGE('',*,*,#5666,.T.);
#7988 = ORIENTED_EDGE('',*,*,#7989,.T.);
#7989 = EDGE_CURVE('',#5667,#7990,#7992,.T.);
#7990 = VERTEX_POINT('',#7991);
#7991 = CARTESIAN_POINT('',(-37.71392504549,75.694231494652,
    25.621989936736));
#7992 = SURFACE_CURVE('',#7993,(#7998,#8005),.PCURVE_S1.);
#7993 = CIRCLE('',#7994,6.);
#7994 = AXIS2_PLACEMENT_3D('',#7995,#7996,#7997);
#7995 = CARTESIAN_POINT('',(-41.42076473756,71.321941592335,
    23.849302567974));
#7996 = DIRECTION('',(0.768592593328,-0.480269955675,-0.422618261741));
#7997 = DIRECTION('',(0.617806615345,0.72871498372,0.295447894794));
#7998 = PCURVE('',#3532,#7999);
#7999 = DEFINITIONAL_REPRESENTATION('',(#8000),#8004);
#8000 = LINE('',#8001,#8002);
#8001 = CARTESIAN_POINT('',(-6.28318530718,-0.5));
#8002 = VECTOR('',#8003,1.);
#8003 = DIRECTION('',(1.,-0.));
#8004 = ( GEOMETRIC_REPRESENTATION_CONTEXT(2) 
PARAMETRIC_REPRESENTATION_CONTEXT() REPRESENTATION_CONTEXT('2D SPACE',''
  ) );
#8005 = PCURVE('',#5730,#8006);
#8006 = DEFINITIONAL_REPRESENTATION('',(#8007),#8011);
#8007 = CIRCLE('',#8008,6.);
#8008 = AXIS2_PLACEMENT_2D('',#8009,#8010);
#8009 = CARTESIAN_POINT('',(10.651981366639,-30.89074596325));
#8010 = DIRECTION('',(0.945372981626,0.325990683319));
#8011 = ( GEOMETRIC_REPRESENTATION_CONTEXT(2) 
PARAMETRIC_REPRESENTATION_CONTEXT() REPRESENTATION_CONTEXT('2D SPACE',''
  ) );
#8012 = ORIENTED_EDGE('',*,*,#8013,.T.);
#8013 = EDGE_CURVE('',#7990,#8014,#8016,.T.);
#8014 = VERTEX_POINT('',#8015);
#8015 = CARTESIAN_POINT('',(-42.32548060545,78.575851228704,
    28.15769950718));
#8016 = SURFACE_CURVE('',#8017,(#8021,#8028),.PCURVE_S1.);
#8017 = LINE('',#8018,#8019);
#8018 = CARTESIAN_POINT('',(-37.32962874882,75.454096516815,
    25.410680805866));
#8019 = VECTOR('',#8020,1.);
#8020 = DIRECTION('',(-0.768592593328,0.480269955675,0.422618261741));
#8021 = PCURVE('',#3532,#8022);
#8022 = DEFINITIONAL_REPRESENTATION('',(#8023),#8027);
#8023 = LINE('',#8024,#8025);
#8024 = CARTESIAN_POINT('',(-0.,0.));
#8025 = VECTOR('',#8026,1.);
#8026 = DIRECTION('',(-0.,-1.));
#8027 = ( GEOMETRIC_REPRESENTATION_CONTEXT(2) 
PARAMETRIC_REPRESENTATION_CONTEXT() REPRESENTATION_CONTEXT('2D SPACE',''
  ) );
#8028 = PCURVE('',#8029,#8034);
#8029 = PLANE('',#8030);
#8030 = AXIS2_PLACEMENT_3D('',#8031,#8032,#8033);
#8031 = CARTESIAN_POINT('',(-29.24588041235,51.691804776772,
    67.115986738164));
#8032 = DIRECTION('',(-0.617806615345,-0.72871498372,-0.295447894794));
#8033 = DIRECTION('',(-0.166073512387,0.488175421522,-0.856798894902));
#8034 = DEFINITIONAL_REPRESENTATION('',(#8035),#8039);
#8035 = LINE('',#8036,#8037);
#8036 = CARTESIAN_POINT('',(48.675723300356,-4.028103390167E-15));
#8037 = VECTOR('',#8038,1.);
#8038 = DIRECTION('',(-5.748577597662E-17,-1.));
#8039 = ( GEOMETRIC_REPRESENTATION_CONTEXT(2) 
PARAMETRIC_REPRESENTATION_CONTEXT() REPRESENTATION_CONTEXT('2D SPACE',''
  ) );
#8040 = ORIENTED_EDGE('',*,*,#8041,.T.);
#8041 = EDGE_CURVE('',#8014,#6453,#8042,.T.);
#8042 = SURFACE_CURVE('',#8043,(#8048,#8055),.PCURVE_S1.);
#8043 = CIRCLE('',#8044,6.);
#8044 = AXIS2_PLACEMENT_3D('',#8045,#8046,#8047);
#8045 = CARTESIAN_POINT('',(-46.03232029753,74.203561326386,
    26.385012138418));
#8046 = DIRECTION('',(-0.768592593328,0.480269955675,0.422618261741));
#8047 = DIRECTION('',(0.617806615345,0.72871498372,0.295447894794));
#8048 = PCURVE('',#3532,#8049);
#8049 = DEFINITIONAL_REPRESENTATION('',(#8050),#8054);
#8050 = LINE('',#8051,#8052);
#8051 = CARTESIAN_POINT('',(-0.,-6.5));
#8052 = VECTOR('',#8053,1.);
#8053 = DIRECTION('',(-1.,0.));
#8054 = ( GEOMETRIC_REPRESENTATION_CONTEXT(2) 
PARAMETRIC_REPRESENTATION_CONTEXT() REPRESENTATION_CONTEXT('2D SPACE',''
  ) );
#8055 = PCURVE('',#6491,#8056);
#8056 = DEFINITIONAL_REPRESENTATION('',(#8057),#8061);
#8057 = CIRCLE('',#8058,6.);
#8058 = AXIS2_PLACEMENT_2D('',#8059,#8060);
#8059 = CARTESIAN_POINT('',(-7.933916149875,-23.00835683463));
#8060 = DIRECTION('',(-0.945372981626,0.325990683319));
#8061 = ( GEOMETRIC_REPRESENTATION_CONTEXT(2) 
PARAMETRIC_REPRESENTATION_CONTEXT() REPRESENTATION_CONTEXT('2D SPACE',''
  ) );
#8062 = ORIENTED_EDGE('',*,*,#6452,.F.);
#8063 = ORIENTED_EDGE('',*,*,#3500,.T.);
#8064 = ADVANCED_FACE('',(#8065),#3583,.F.);
#8065 = FACE_BOUND('',#8066,.F.);
#8066 = EDGE_LOOP('',(#8067,#8068,#8091));
#8067 = ORIENTED_EDGE('',*,*,#3555,.F.);
#8068 = ORIENTED_EDGE('',*,*,#8069,.F.);
#8069 = EDGE_CURVE('',#8070,#3556,#8072,.T.);
#8070 = VERTEX_POINT('',#8071);
#8071 = CARTESIAN_POINT('',(-47.10061035385,62.570265490573,
    23.465220304742));
#8072 = SURFACE_CURVE('',#8073,(#8077,#8084),.PCURVE_S1.);
#8073 = LINE('',#8074,#8075);
#8074 = CARTESIAN_POINT('',(-47.10061035385,62.570265490573,
    23.465220304742));
#8075 = VECTOR('',#8076,1.);
#8076 = DIRECTION('',(0.166073512387,-0.488175421522,0.856798894902));
#8077 = PCURVE('',#3583,#8078);
#8078 = DEFINITIONAL_REPRESENTATION('',(#8079),#8083);
#8079 = LINE('',#8080,#8081);
#8080 = CARTESIAN_POINT('',(0.220279500418,-31.31453385156));
#8081 = VECTOR('',#8082,1.);
#8082 = DIRECTION('',(-0.325990683319,0.945372981626));
#8083 = ( GEOMETRIC_REPRESENTATION_CONTEXT(2) 
PARAMETRIC_REPRESENTATION_CONTEXT() REPRESENTATION_CONTEXT('2D SPACE',''
  ) );
#8084 = PCURVE('',#3620,#8085);
#8085 = DEFINITIONAL_REPRESENTATION('',(#8086),#8090);
#8086 = LINE('',#8087,#8088);
#8087 = CARTESIAN_POINT('',(0.,0.));
#8088 = VECTOR('',#8089,1.);
#8089 = DIRECTION('',(1.,9.923882946946E-18));
#8090 = ( GEOMETRIC_REPRESENTATION_CONTEXT(2) 
PARAMETRIC_REPRESENTATION_CONTEXT() REPRESENTATION_CONTEXT('2D SPACE',''
  ) );
#8091 = ORIENTED_EDGE('',*,*,#8092,.F.);
#8092 = EDGE_CURVE('',#3558,#8070,#8093,.T.);
#8093 = SURFACE_CURVE('',#8094,(#8099,#8110),.PCURVE_S1.);
#8094 = CIRCLE('',#8095,10.);
#8095 = AXIS2_PLACEMENT_3D('',#8096,#8097,#8098);
#8096 = CARTESIAN_POINT('',(-40.9225442004,69.857415327769,
    26.419699252679));
#8097 = DIRECTION('',(-0.768592593328,0.480269955675,0.422618261741));
#8098 = DIRECTION('',(0.617806615345,0.72871498372,0.295447894794));
#8099 = PCURVE('',#3583,#8100);
#8100 = DEFINITIONAL_REPRESENTATION('',(#8101),#8109);
#8101 = ( BOUNDED_CURVE() B_SPLINE_CURVE(2,(#8102,#8103,#8104,#8105,
#8106,#8107,#8108),.UNSPECIFIED.,.T.,.F.) B_SPLINE_CURVE_WITH_KNOTS((1,2
    ,2,2,2,1),(-2.094395102393,0.,2.094395102393,4.188790204786,
6.28318530718,8.377580409573),.UNSPECIFIED.) CURVE() 
GEOMETRIC_REPRESENTATION_ITEM() RATIONAL_B_SPLINE_CURVE((1.,0.5,1.,0.5,
1.,0.5,1.)) REPRESENTATION_ITEM('') );
#8102 = CARTESIAN_POINT('',(19.127739132943,-24.79472018518));
#8103 = CARTESIAN_POINT('',(24.774063395976,-41.16906054797));
#8104 = CARTESIAN_POINT('',(7.770306540066,-37.87175061636));
#8105 = CARTESIAN_POINT('',(-9.233450315845,-34.57444068476));
#8106 = CARTESIAN_POINT('',(2.123982277033,-21.49741025357));
#8107 = CARTESIAN_POINT('',(13.48141486991,-8.420379822384));
#8108 = CARTESIAN_POINT('',(19.127739132943,-24.79472018518));
#8109 = ( GEOMETRIC_REPRESENTATION_CONTEXT(2) 
PARAMETRIC_REPRESENTATION_CONTEXT() REPRESENTATION_CONTEXT('2D SPACE',''
  ) );
#8110 = PCURVE('',#3666,#8111);
#8111 = DEFINITIONAL_REPRESENTATION('',(#8112),#8116);
#8112 = LINE('',#8113,#8114);
#8113 = CARTESIAN_POINT('',(0.,0.));
#8114 = VECTOR('',#8115,1.);
#8115 = DIRECTION('',(1.,0.));
#8116 = ( GEOMETRIC_REPRESENTATION_CONTEXT(2) 
PARAMETRIC_REPRESENTATION_CONTEXT() REPRESENTATION_CONTEXT('2D SPACE',''
  ) );
#8117 = ADVANCED_FACE('',(#8118),#3666,.T.);
#8118 = FACE_BOUND('',#8119,.T.);
#8119 = EDGE_LOOP('',(#8120,#8121,#8122));
#8120 = ORIENTED_EDGE('',*,*,#8092,.F.);
#8121 = ORIENTED_EDGE('',*,*,#3634,.F.);
#8122 = ORIENTED_EDGE('',*,*,#8123,.F.);
#8123 = EDGE_CURVE('',#8070,#3601,#8124,.T.);
#8124 = SURFACE_CURVE('',#8125,(#8129,#8136),.PCURVE_S1.);
#8125 = LINE('',#8126,#8127);
#8126 = CARTESIAN_POINT('',(-47.10061035385,62.570265490573,
    23.465220304742));
#8127 = VECTOR('',#8128,1.);
#8128 = DIRECTION('',(0.768592593328,-0.480269955675,-0.422618261741));
#8129 = PCURVE('',#3666,#8130);
#8130 = DEFINITIONAL_REPRESENTATION('',(#8131),#8135);
#8131 = LINE('',#8132,#8133);
#8132 = CARTESIAN_POINT('',(3.14159265359,0.));
#8133 = VECTOR('',#8134,1.);
#8134 = DIRECTION('',(0.,-1.));
#8135 = ( GEOMETRIC_REPRESENTATION_CONTEXT(2) 
PARAMETRIC_REPRESENTATION_CONTEXT() REPRESENTATION_CONTEXT('2D SPACE',''
  ) );
#8136 = PCURVE('',#3620,#8137);
#8137 = DEFINITIONAL_REPRESENTATION('',(#8138),#8142);
#8138 = LINE('',#8139,#8140);
#8139 = CARTESIAN_POINT('',(0.,0.));
#8140 = VECTOR('',#8141,1.);
#8141 = DIRECTION('',(-5.748577597662E-17,-1.));
#8142 = ( GEOMETRIC_REPRESENTATION_CONTEXT(2) 
PARAMETRIC_REPRESENTATION_CONTEXT() REPRESENTATION_CONTEXT('2D SPACE',''
  ) );
#8143 = ADVANCED_FACE('',(#8144),#3620,.T.);
#8144 = FACE_BOUND('',#8145,.T.);
#8145 = EDGE_LOOP('',(#8146,#8147,#8148));
#8146 = ORIENTED_EDGE('',*,*,#8069,.F.);
#8147 = ORIENTED_EDGE('',*,*,#8123,.T.);
#8148 = ORIENTED_EDGE('',*,*,#3600,.F.);
#8149 = ADVANCED_FACE('',(#8150),#3835,.F.);
#8150 = FACE_BOUND('',#8151,.F.);
#8151 = EDGE_LOOP('',(#8152,#8173,#8174,#8175,#8196,#8222,#8248,#8267,
    #8268,#8291,#8312));
#8152 = ORIENTED_EDGE('',*,*,#8153,.F.);
#8153 = EDGE_CURVE('',#3795,#6252,#8154,.T.);
#8154 = SURFACE_CURVE('',#8155,(#8159,#8166),.PCURVE_S1.);
#8155 = LINE('',#8156,#8157);
#8156 = CARTESIAN_POINT('',(-45.33796828539,48.839840721397,
    1.314599127065));
#8157 = VECTOR('',#8158,1.);
#8158 = DIRECTION('',(4.591374864885E-06,-0.341538316803,0.939867851421)
  );
#8159 = PCURVE('',#3835,#8160);
#8160 = DEFINITIONAL_REPRESENTATION('',(#8161),#8165);
#8161 = LINE('',#8162,#8163);
#8162 = CARTESIAN_POINT('',(0.,0.));
#8163 = VECTOR('',#8164,1.);
#8164 = DIRECTION('',(1.,-7.248865211231E-17));
#8165 = ( GEOMETRIC_REPRESENTATION_CONTEXT(2) 
PARAMETRIC_REPRESENTATION_CONTEXT() REPRESENTATION_CONTEXT('2D SPACE',''
  ) );
#8166 = PCURVE('',#3809,#8167);
#8167 = DEFINITIONAL_REPRESENTATION('',(#8168),#8172);
#8168 = LINE('',#8169,#8170);
#8169 = CARTESIAN_POINT('',(-4.899967707279,-7.000022604793));
#8170 = VECTOR('',#8171,1.);
#8171 = DIRECTION('',(0.999999999989,4.613238354657E-06));
#8172 = ( GEOMETRIC_REPRESENTATION_CONTEXT(2) 
PARAMETRIC_REPRESENTATION_CONTEXT() REPRESENTATION_CONTEXT('2D SPACE',''
  ) );
#8173 = ORIENTED_EDGE('',*,*,#3820,.T.);
#8174 = ORIENTED_EDGE('',*,*,#5007,.F.);
#8175 = ORIENTED_EDGE('',*,*,#8176,.T.);
#8176 = EDGE_CURVE('',#4975,#8177,#8179,.T.);
#8177 = VERTEX_POINT('',#8178);
#8178 = CARTESIAN_POINT('',(-46.00891292917,53.279097881442,
    9.205251970738));
#8179 = SURFACE_CURVE('',#8180,(#8184,#8190),.PCURVE_S1.);
#8180 = LINE('',#8181,#8182);
#8181 = CARTESIAN_POINT('',(-45.47894183707,48.181105950369,
    7.352691513562));
#8182 = VECTOR('',#8183,1.);
#8183 = DIRECTION('',(-9.724261283803E-02,0.935413389505,0.339920086171)
  );
#8184 = PCURVE('',#3835,#8185);
#8185 = DEFINITIONAL_REPRESENTATION('',(#8186),#8189);
#8186 = B_SPLINE_CURVE_WITH_KNOTS('',1,(#8187,#8188),.UNSPECIFIED.,.F.,
  .F.,(2,2),(1.449988195881,5.449988195881),.PIECEWISE_BEZIER_KNOTS.);
#8187 = CARTESIAN_POINT('',(5.899991435631,-2.899976391762));
#8188 = CARTESIAN_POINT('',(5.899991435631,-6.899976391762));
#8189 = ( GEOMETRIC_REPRESENTATION_CONTEXT(2) 
PARAMETRIC_REPRESENTATION_CONTEXT() REPRESENTATION_CONTEXT('2D SPACE',''
  ) );
#8190 = PCURVE('',#4995,#8191);
#8191 = DEFINITIONAL_REPRESENTATION('',(#8192),#8195);
#8192 = B_SPLINE_CURVE_WITH_KNOTS('',1,(#8193,#8194),.UNSPECIFIED.,.F.,
  .F.,(2,2),(1.449988195881,5.449988195881),.PIECEWISE_BEZIER_KNOTS.);
#8193 = CARTESIAN_POINT('',(3.,2.22044604925E-16));
#8194 = CARTESIAN_POINT('',(3.,-4.));
#8195 = ( GEOMETRIC_REPRESENTATION_CONTEXT(2) 
PARAMETRIC_REPRESENTATION_CONTEXT() REPRESENTATION_CONTEXT('2D SPACE',''
  ) );
#8196 = ORIENTED_EDGE('',*,*,#8197,.F.);
#8197 = EDGE_CURVE('',#8198,#8177,#8200,.T.);
#8198 = VERTEX_POINT('',#8199);
#8199 = CARTESIAN_POINT('',(-46.0089267033,54.303712831852,
    6.385648416476));
#8200 = SURFACE_CURVE('',#8201,(#8205,#8211),.PCURVE_S1.);
#8201 = LINE('',#8202,#8203);
#8202 = CARTESIAN_POINT('',(-46.00892991724,54.542788191085,
    5.727744945169));
#8203 = VECTOR('',#8204,1.);
#8204 = DIRECTION('',(4.591374864881E-06,-0.341538316803,0.939867851421)
  );
#8205 = PCURVE('',#3835,#8206);
#8206 = DEFINITIONAL_REPRESENTATION('',(#8207),#8210);
#8207 = B_SPLINE_CURVE_WITH_KNOTS('',1,(#8208,#8209),.UNSPECIFIED.,.F.,
  .F.,(2,2),(0.699917292763,3.70000955753),.PIECEWISE_BEZIER_KNOTS.);
#8208 = CARTESIAN_POINT('',(2.899913010579,-6.899976391762));
#8209 = CARTESIAN_POINT('',(5.900005275346,-6.899976391762));
#8210 = ( GEOMETRIC_REPRESENTATION_CONTEXT(2) 
PARAMETRIC_REPRESENTATION_CONTEXT() REPRESENTATION_CONTEXT('2D SPACE',''
  ) );
#8211 = PCURVE('',#8212,#8217);
#8212 = PLANE('',#8213);
#8213 = AXIS2_PLACEMENT_3D('',#8214,#8215,#8216);
#8214 = CARTESIAN_POINT('',(-39.04209486959,54.431182720713,
    8.027904677944));
#8215 = DIRECTION('',(-9.724261283803E-02,0.935413389505,0.339920086171)
  );
#8216 = DIRECTION('',(1.979856981797E-18,-0.341538738435,0.939867698215)
  );
#8217 = DEFINITIONAL_REPRESENTATION('',(#8218),#8221);
#8218 = B_SPLINE_CURVE_WITH_KNOTS('',1,(#8219,#8220),.UNSPECIFIED.,.F.,
  .F.,(2,2),(0.699917292763,3.70000955753),.PIECEWISE_BEZIER_KNOTS.);
#8219 = CARTESIAN_POINT('',(-1.500046132368,-7.000006920145));
#8220 = CARTESIAN_POINT('',(1.500046132368,-6.999993080004));
#8221 = ( GEOMETRIC_REPRESENTATION_CONTEXT(2) 
PARAMETRIC_REPRESENTATION_CONTEXT() REPRESENTATION_CONTEXT('2D SPACE',''
  ) );
#8222 = ORIENTED_EDGE('',*,*,#8223,.T.);
#8223 = EDGE_CURVE('',#8198,#8224,#8226,.T.);
#8224 = VERTEX_POINT('',#8225);
#8225 = CARTESIAN_POINT('',(-45.61995625195,50.562059273831,
    5.025968071791));
#8226 = SURFACE_CURVE('',#8227,(#8231,#8237),.PCURVE_S1.);
#8227 = LINE('',#8228,#8229);
#8228 = CARTESIAN_POINT('',(-45.47895561119,49.205720900779,4.5330879593
    ));
#8229 = VECTOR('',#8230,1.);
#8230 = DIRECTION('',(9.724261283803E-02,-0.935413389505,-0.339920086171
    ));
#8231 = PCURVE('',#3835,#8232);
#8232 = DEFINITIONAL_REPRESENTATION('',(#8233),#8236);
#8233 = B_SPLINE_CURVE_WITH_KNOTS('',1,(#8234,#8235),.UNSPECIFIED.,.F.,
  .F.,(2,2),(-5.449988195881,-1.449988195881),.PIECEWISE_BEZIER_KNOTS.);
#8234 = CARTESIAN_POINT('',(2.899991435631,-6.899976391762));
#8235 = CARTESIAN_POINT('',(2.899991435631,-2.899976391762));
#8236 = ( GEOMETRIC_REPRESENTATION_CONTEXT(2) 
PARAMETRIC_REPRESENTATION_CONTEXT() REPRESENTATION_CONTEXT('2D SPACE',''
  ) );
#8237 = PCURVE('',#8238,#8243);
#8238 = PLANE('',#8239);
#8239 = AXIS2_PLACEMENT_3D('',#8240,#8241,#8242);
#8240 = CARTESIAN_POINT('',(-28.70052423867,52.115804300849,
    5.590500390896));
#8241 = DIRECTION('',(4.591374864897E-06,-0.341538316803,0.939867851421)
  );
#8242 = DIRECTION('',(-0.995260706663,-9.139676629514E-02,
    -3.320778347674E-02));
#8243 = DEFINITIONAL_REPRESENTATION('',(#8244),#8247);
#8244 = B_SPLINE_CURVE_WITH_KNOTS('',1,(#8245,#8246),.UNSPECIFIED.,.F.,
  .F.,(2,2),(-5.449988195881,-1.449988195881),.PIECEWISE_BEZIER_KNOTS.);
#8245 = CARTESIAN_POINT('',(17.,-4.));
#8246 = CARTESIAN_POINT('',(17.,6.217248937901E-15));
#8247 = ( GEOMETRIC_REPRESENTATION_CONTEXT(2) 
PARAMETRIC_REPRESENTATION_CONTEXT() REPRESENTATION_CONTEXT('2D SPACE',''
  ) );
#8248 = ORIENTED_EDGE('',*,*,#8249,.T.);
#8249 = EDGE_CURVE('',#8224,#4886,#8250,.T.);
#8250 = SURFACE_CURVE('',#8251,(#8255,#8261),.PCURVE_S1.);
#8251 = LINE('',#8252,#8253);
#8252 = CARTESIAN_POINT('',(-45.61995946589,50.801134633063,
    4.368064600485));
#8253 = VECTOR('',#8254,1.);
#8254 = DIRECTION('',(4.591374864881E-06,-0.341538316803,0.939867851421)
  );
#8255 = PCURVE('',#3835,#8256);
#8256 = DEFINITIONAL_REPRESENTATION('',(#8257),#8260);
#8257 = B_SPLINE_CURVE_WITH_KNOTS('',1,(#8258,#8259),.UNSPECIFIED.,.F.,
  .F.,(2,2),(0.699917292763,3.70000955753),.PIECEWISE_BEZIER_KNOTS.);
#8258 = CARTESIAN_POINT('',(2.899913010579,-2.899976391762));
#8259 = CARTESIAN_POINT('',(5.900005275346,-2.899976391762));
#8260 = ( GEOMETRIC_REPRESENTATION_CONTEXT(2) 
PARAMETRIC_REPRESENTATION_CONTEXT() REPRESENTATION_CONTEXT('2D SPACE',''
  ) );
#8261 = PCURVE('',#4934,#8262);
#8262 = DEFINITIONAL_REPRESENTATION('',(#8263),#8266);
#8263 = B_SPLINE_CURVE_WITH_KNOTS('',1,(#8264,#8265),.UNSPECIFIED.,.F.,
  .F.,(2,2),(0.699917292763,3.70000955753),.PIECEWISE_BEZIER_KNOTS.);
#8264 = CARTESIAN_POINT('',(-1.500046132368,-7.000006920145));
#8265 = CARTESIAN_POINT('',(1.500046132368,-6.999993080004));
#8266 = ( GEOMETRIC_REPRESENTATION_CONTEXT(2) 
PARAMETRIC_REPRESENTATION_CONTEXT() REPRESENTATION_CONTEXT('2D SPACE',''
  ) );
#8267 = ORIENTED_EDGE('',*,*,#4885,.F.);
#8268 = ORIENTED_EDGE('',*,*,#8269,.T.);
#8269 = EDGE_CURVE('',#4852,#8270,#8272,.T.);
#8270 = VERTEX_POINT('',#8271);
#8271 = CARTESIAN_POINT('',(-46.2909458912,58.00689193855,4.645815971542
    ));
#8272 = SURFACE_CURVE('',#8273,(#8277,#8284),.PCURVE_S1.);
#8273 = LINE('',#8274,#8275);
#8274 = CARTESIAN_POINT('',(-45.33796828539,48.839840721397,
    1.314599127065));
#8275 = VECTOR('',#8276,1.);
#8276 = DIRECTION('',(-9.724261283803E-02,0.935413389505,0.339920086171)
  );
#8277 = PCURVE('',#3835,#8278);
#8278 = DEFINITIONAL_REPRESENTATION('',(#8279),#8283);
#8279 = LINE('',#8280,#8281);
#8280 = CARTESIAN_POINT('',(0.,0.));
#8281 = VECTOR('',#8282,1.);
#8282 = DIRECTION('',(1.068893579386E-16,-1.));
#8283 = ( GEOMETRIC_REPRESENTATION_CONTEXT(2) 
PARAMETRIC_REPRESENTATION_CONTEXT() REPRESENTATION_CONTEXT('2D SPACE',''
  ) );
#8284 = PCURVE('',#4873,#8285);
#8285 = DEFINITIONAL_REPRESENTATION('',(#8286),#8290);
#8286 = LINE('',#8287,#8288);
#8287 = CARTESIAN_POINT('',(14.,-1.130300637901E-15));
#8288 = VECTOR('',#8289,1.);
#8289 = DIRECTION('',(-8.656904692726E-18,-1.));
#8290 = ( GEOMETRIC_REPRESENTATION_CONTEXT(2) 
PARAMETRIC_REPRESENTATION_CONTEXT() REPRESENTATION_CONTEXT('2D SPACE',''
  ) );
#8291 = ORIENTED_EDGE('',*,*,#8292,.T.);
#8292 = EDGE_CURVE('',#8270,#6227,#8293,.T.);
#8293 = SURFACE_CURVE('',#8294,(#8298,#8305),.PCURVE_S1.);
#8294 = LINE('',#8295,#8296);
#8295 = CARTESIAN_POINT('',(-46.2909458912,58.00689193855,4.645815971542
    ));
#8296 = VECTOR('',#8297,1.);
#8297 = DIRECTION('',(4.591374864885E-06,-0.341538316803,0.939867851421)
  );
#8298 = PCURVE('',#3835,#8299);
#8299 = DEFINITIONAL_REPRESENTATION('',(#8300),#8304);
#8300 = LINE('',#8301,#8302);
#8301 = CARTESIAN_POINT('',(1.917915887665E-15,-9.8));
#8302 = VECTOR('',#8303,1.);
#8303 = DIRECTION('',(1.,-7.248865211231E-17));
#8304 = ( GEOMETRIC_REPRESENTATION_CONTEXT(2) 
PARAMETRIC_REPRESENTATION_CONTEXT() REPRESENTATION_CONTEXT('2D SPACE',''
  ) );
#8305 = PCURVE('',#6240,#8306);
#8306 = DEFINITIONAL_REPRESENTATION('',(#8307),#8311);
#8307 = LINE('',#8308,#8309);
#8308 = CARTESIAN_POINT('',(-4.899967707279,-7.000022604793));
#8309 = VECTOR('',#8310,1.);
#8310 = DIRECTION('',(0.999999999989,4.613238354657E-06));
#8311 = ( GEOMETRIC_REPRESENTATION_CONTEXT(2) 
PARAMETRIC_REPRESENTATION_CONTEXT() REPRESENTATION_CONTEXT('2D SPACE',''
  ) );
#8312 = ORIENTED_EDGE('',*,*,#6251,.F.);
#8313 = ADVANCED_FACE('',(#8314),#3809,.F.);
#8314 = FACE_BOUND('',#8315,.F.);
#8315 = EDGE_LOOP('',(#8316,#8317,#8318,#8319));
#8316 = ORIENTED_EDGE('',*,*,#3794,.T.);
#8317 = ORIENTED_EDGE('',*,*,#8153,.T.);
#8318 = ORIENTED_EDGE('',*,*,#6334,.T.);
#8319 = ORIENTED_EDGE('',*,*,#8320,.T.);
#8320 = EDGE_CURVE('',#6335,#3769,#8321,.T.);
#8321 = SURFACE_CURVE('',#8322,(#8326,#8332),.PCURVE_S1.);
#8322 = LINE('',#8323,#8324);
#8323 = CARTESIAN_POINT('',(-44.,47.926255380051,4.211419682182));
#8324 = VECTOR('',#8325,1.);
#8325 = DIRECTION('',(0.,0.341538738435,-0.939867698215));
#8326 = PCURVE('',#3809,#8327);
#8327 = DEFINITIONAL_REPRESENTATION('',(#8328),#8331);
#8328 = B_SPLINE_CURVE_WITH_KNOTS('',1,(#8329,#8330),.UNSPECIFIED.,.F.,
  .F.,(2,2),(-5.393141087348,-4.647736955657),.PIECEWISE_BEZIER_KNOTS.);
#8329 = CARTESIAN_POINT('',(3.527826232285,-5.655683100157));
#8330 = CARTESIAN_POINT('',(2.782422100594,-5.655683100157));
#8331 = ( GEOMETRIC_REPRESENTATION_CONTEXT(2) 
PARAMETRIC_REPRESENTATION_CONTEXT() REPRESENTATION_CONTEXT('2D SPACE',''
  ) );
#8332 = PCURVE('',#3783,#8333);
#8333 = DEFINITIONAL_REPRESENTATION('',(#8334),#8337);
#8334 = B_SPLINE_CURVE_WITH_KNOTS('',1,(#8335,#8336),.UNSPECIFIED.,.F.,
  .F.,(2,2),(-5.393141087348,-4.647736955657),.PIECEWISE_BEZIER_KNOTS.);
#8335 = CARTESIAN_POINT('',(8.480258782098,-2.084288776877));
#8336 = CARTESIAN_POINT('',(7.779677516605,-2.338873163638));
#8337 = ( GEOMETRIC_REPRESENTATION_CONTEXT(2) 
PARAMETRIC_REPRESENTATION_CONTEXT() REPRESENTATION_CONTEXT('2D SPACE',''
  ) );
#8338 = ADVANCED_FACE('',(#8339),#3783,.F.);
#8339 = FACE_BOUND('',#8340,.F.);
#8340 = EDGE_LOOP('',(#8341,#8342,#8343));
#8341 = ORIENTED_EDGE('',*,*,#6354,.F.);
#8342 = ORIENTED_EDGE('',*,*,#3768,.T.);
#8343 = ORIENTED_EDGE('',*,*,#8320,.F.);
#8344 = ADVANCED_FACE('',(#8345),#4156,.T.);
#8345 = FACE_BOUND('',#8346,.T.);
#8346 = EDGE_LOOP('',(#8347,#8348,#8349,#8350,#8351));
#8347 = ORIENTED_EDGE('',*,*,#4420,.F.);
#8348 = ORIENTED_EDGE('',*,*,#4138,.F.);
#8349 = ORIENTED_EDGE('',*,*,#4245,.T.);
#8350 = ORIENTED_EDGE('',*,*,#4300,.T.);
#8351 = ORIENTED_EDGE('',*,*,#4350,.T.);
#8352 = ADVANCED_FACE('',(#8353,#8356),#4492,.T.);
#8353 = FACE_BOUND('',#8354,.T.);
#8354 = EDGE_LOOP('',(#8355));
#8355 = ORIENTED_EDGE('',*,*,#4566,.T.);
#8356 = FACE_BOUND('',#8357,.T.);
#8357 = EDGE_LOOP('',(#8358));
#8358 = ORIENTED_EDGE('',*,*,#4477,.T.);
#8359 = ADVANCED_FACE('',(#8360),#4550,.F.);
#8360 = FACE_BOUND('',#8361,.F.);
#8361 = EDGE_LOOP('',(#8362));
#8362 = ORIENTED_EDGE('',*,*,#4535,.T.);
#8363 = ADVANCED_FACE('',(#8364),#4676,.T.);
#8364 = FACE_BOUND('',#8365,.T.);
#8365 = EDGE_LOOP('',(#8366,#8367,#8368,#8369,#8370));
#8366 = ORIENTED_EDGE('',*,*,#5273,.F.);
#8367 = ORIENTED_EDGE('',*,*,#4788,.F.);
#8368 = ORIENTED_EDGE('',*,*,#4660,.T.);
#8369 = ORIENTED_EDGE('',*,*,#5108,.F.);
#8370 = ORIENTED_EDGE('',*,*,#5247,.T.);
#8371 = ADVANCED_FACE('',(#8372),#4728,.F.);
#8372 = FACE_BOUND('',#8373,.T.);
#8373 = EDGE_LOOP('',(#8374,#8375,#8396,#8397));
#8374 = ORIENTED_EDGE('',*,*,#5298,.F.);
#8375 = ORIENTED_EDGE('',*,*,#8376,.T.);
#8376 = EDGE_CURVE('',#5299,#4712,#8377,.T.);
#8377 = SEAM_CURVE('',#8378,(#8382,#8389),.PCURVE_S1.);
#8378 = LINE('',#8379,#8380);
#8379 = CARTESIAN_POINT('',(-9.25,58.7,3.9));
#8380 = VECTOR('',#8381,1.);
#8381 = DIRECTION('',(0.,-1.,1.110223024625E-16));
#8382 = PCURVE('',#4728,#8383);
#8383 = DEFINITIONAL_REPRESENTATION('',(#8384),#8388);
#8384 = LINE('',#8385,#8386);
#8385 = CARTESIAN_POINT('',(-6.28318530718,0.));
#8386 = VECTOR('',#8387,1.);
#8387 = DIRECTION('',(-0.,-1.));
#8388 = ( GEOMETRIC_REPRESENTATION_CONTEXT(2) 
PARAMETRIC_REPRESENTATION_CONTEXT() REPRESENTATION_CONTEXT('2D SPACE',''
  ) );
#8389 = PCURVE('',#4728,#8390);
#8390 = DEFINITIONAL_REPRESENTATION('',(#8391),#8395);
#8391 = LINE('',#8392,#8393);
#8392 = CARTESIAN_POINT('',(-0.,0.));
#8393 = VECTOR('',#8394,1.);
#8394 = DIRECTION('',(-0.,-1.));
#8395 = ( GEOMETRIC_REPRESENTATION_CONTEXT(2) 
PARAMETRIC_REPRESENTATION_CONTEXT() REPRESENTATION_CONTEXT('2D SPACE',''
  ) );
#8396 = ORIENTED_EDGE('',*,*,#4711,.F.);
#8397 = ORIENTED_EDGE('',*,*,#8376,.F.);
#8398 = ADVANCED_FACE('',(#8399),#4995,.T.);
#8399 = FACE_BOUND('',#8400,.T.);
#8400 = EDGE_LOOP('',(#8401,#8426,#8445,#8446,#8447,#8470));
#8401 = ORIENTED_EDGE('',*,*,#8402,.F.);
#8402 = EDGE_CURVE('',#8403,#8405,#8407,.T.);
#8403 = VERTEX_POINT('',#8404);
#8404 = CARTESIAN_POINT('',(-34.04929335741,50.6,8.231636913373));
#8405 = VERTEX_POINT('',#8406);
#8406 = CARTESIAN_POINT('',(-31.68629258454,50.816999051553,
    8.310480594728));
#8407 = SURFACE_CURVE('',#8408,(#8412,#8419),.PCURVE_S1.);
#8408 = LINE('',#8409,#8410);
#8409 = CARTESIAN_POINT('',(-48.60572459781,49.263254024535,
    7.745948275623));
#8410 = VECTOR('',#8411,1.);
#8411 = DIRECTION('',(0.995260706663,9.139676629514E-02,
    3.320778347674E-02));
#8412 = PCURVE('',#4995,#8413);
#8413 = DEFINITIONAL_REPRESENTATION('',(#8414),#8418);
#8414 = LINE('',#8415,#8416);
#8415 = CARTESIAN_POINT('',(0.,0.));
#8416 = VECTOR('',#8417,1.);
#8417 = DIRECTION('',(1.,1.091188514345E-17));
#8418 = ( GEOMETRIC_REPRESENTATION_CONTEXT(2) 
PARAMETRIC_REPRESENTATION_CONTEXT() REPRESENTATION_CONTEXT('2D SPACE',''
  ) );
#8419 = PCURVE('',#4934,#8420);
#8420 = DEFINITIONAL_REPRESENTATION('',(#8421),#8425);
#8421 = LINE('',#8422,#8423);
#8422 = CARTESIAN_POINT('',(1.500046132368,-9.999993080036));
#8423 = VECTOR('',#8424,1.);
#8424 = DIRECTION('',(-4.613238354628E-06,0.999999999989));
#8425 = ( GEOMETRIC_REPRESENTATION_CONTEXT(2) 
PARAMETRIC_REPRESENTATION_CONTEXT() REPRESENTATION_CONTEXT('2D SPACE',''
  ) );
#8426 = ORIENTED_EDGE('',*,*,#8427,.T.);
#8427 = EDGE_CURVE('',#8403,#4947,#8428,.T.);
#8428 = SURFACE_CURVE('',#8429,(#8433,#8439),.PCURVE_S1.);
#8429 = LINE('',#8430,#8431);
#8430 = CARTESIAN_POINT('',(-47.80284296,50.6,8.231704101225));
#8431 = VECTOR('',#8432,1.);
#8432 = DIRECTION('',(-0.999999999988,0.,4.88512811445E-06));
#8433 = PCURVE('',#4995,#8434);
#8434 = DEFINITIONAL_REPRESENTATION('',(#8435),#8438);
#8435 = B_SPLINE_CURVE_WITH_KNOTS('',1,(#8436,#8437),.UNSPECIFIED.,.F.,
  .F.,(2,2),(-13.75354960275,-3.802842960049),.PIECEWISE_BEZIER_KNOTS.);
#8436 = CARTESIAN_POINT('',(14.625746945444,1.901599836527E-16));
#8437 = CARTESIAN_POINT('',(4.722201234797,-0.967649237187));
#8438 = ( GEOMETRIC_REPRESENTATION_CONTEXT(2) 
PARAMETRIC_REPRESENTATION_CONTEXT() REPRESENTATION_CONTEXT('2D SPACE',''
  ) );
#8439 = PCURVE('',#4962,#8440);
#8440 = DEFINITIONAL_REPRESENTATION('',(#8441),#8444);
#8441 = B_SPLINE_CURVE_WITH_KNOTS('',1,(#8442,#8443),.UNSPECIFIED.,.F.,
  .F.,(2,2),(-13.75354960275,-3.802842960049),.PIECEWISE_BEZIER_KNOTS.);
#8442 = CARTESIAN_POINT('',(7.431636913373,12.950706642582));
#8443 = CARTESIAN_POINT('',(7.43168552385,3.));
#8444 = ( GEOMETRIC_REPRESENTATION_CONTEXT(2) 
PARAMETRIC_REPRESENTATION_CONTEXT() REPRESENTATION_CONTEXT('2D SPACE',''
  ) );
#8445 = ORIENTED_EDGE('',*,*,#4974,.F.);
#8446 = ORIENTED_EDGE('',*,*,#8176,.T.);
#8447 = ORIENTED_EDGE('',*,*,#8448,.T.);
#8448 = EDGE_CURVE('',#8177,#8449,#8451,.T.);
#8449 = VERTEX_POINT('',#8450);
#8450 = CARTESIAN_POINT('',(-32.07526303589,54.558652609574,
    9.670160939412));
#8451 = SURFACE_CURVE('',#8452,(#8456,#8463),.PCURVE_S1.);
#8452 = LINE('',#8453,#8454);
#8453 = CARTESIAN_POINT('',(-48.99469504916,53.004907582557,
    9.105628620307));
#8454 = VECTOR('',#8455,1.);
#8455 = DIRECTION('',(0.995260706663,9.139676629514E-02,
    3.320778347674E-02));
#8456 = PCURVE('',#4995,#8457);
#8457 = DEFINITIONAL_REPRESENTATION('',(#8458),#8462);
#8458 = LINE('',#8459,#8460);
#8459 = CARTESIAN_POINT('',(9.338670693599E-16,-4.));
#8460 = VECTOR('',#8461,1.);
#8461 = DIRECTION('',(1.,1.091188514345E-17));
#8462 = ( GEOMETRIC_REPRESENTATION_CONTEXT(2) 
PARAMETRIC_REPRESENTATION_CONTEXT() REPRESENTATION_CONTEXT('2D SPACE',''
  ) );
#8463 = PCURVE('',#8212,#8464);
#8464 = DEFINITIONAL_REPRESENTATION('',(#8465),#8469);
#8465 = LINE('',#8466,#8467);
#8466 = CARTESIAN_POINT('',(1.500046132368,-9.999993080036));
#8467 = VECTOR('',#8468,1.);
#8468 = DIRECTION('',(-4.613238354628E-06,0.999999999989));
#8469 = ( GEOMETRIC_REPRESENTATION_CONTEXT(2) 
PARAMETRIC_REPRESENTATION_CONTEXT() REPRESENTATION_CONTEXT('2D SPACE',''
  ) );
#8470 = ORIENTED_EDGE('',*,*,#8471,.T.);
#8471 = EDGE_CURVE('',#8449,#8405,#8472,.T.);
#8472 = SURFACE_CURVE('',#8473,(#8477,#8483),.PCURVE_S1.);
#8473 = LINE('',#8474,#8475);
#8474 = CARTESIAN_POINT('',(-31.54529194379,49.460660678501,
    7.817600482237));
#8475 = VECTOR('',#8476,1.);
#8476 = DIRECTION('',(9.724261283803E-02,-0.935413389505,-0.339920086171
    ));
#8477 = PCURVE('',#4995,#8478);
#8478 = DEFINITIONAL_REPRESENTATION('',(#8479),#8482);
#8479 = B_SPLINE_CURVE_WITH_KNOTS('',1,(#8480,#8481),.UNSPECIFIED.,.F.,
  .F.,(2,2),(-5.449988195881,-1.449988195881),.PIECEWISE_BEZIER_KNOTS.);
#8480 = CARTESIAN_POINT('',(17.,-4.));
#8481 = CARTESIAN_POINT('',(17.,2.22044604925E-16));
#8482 = ( GEOMETRIC_REPRESENTATION_CONTEXT(2) 
PARAMETRIC_REPRESENTATION_CONTEXT() REPRESENTATION_CONTEXT('2D SPACE',''
  ) );
#8483 = PCURVE('',#5185,#8484);
#8484 = DEFINITIONAL_REPRESENTATION('',(#8485),#8488);
#8485 = B_SPLINE_CURVE_WITH_KNOTS('',1,(#8486,#8487),.UNSPECIFIED.,.F.,
  .F.,(2,2),(-5.449988195881,-1.449988195881),.PIECEWISE_BEZIER_KNOTS.);
#8486 = CARTESIAN_POINT('',(3.900008564369,-6.899976391762));
#8487 = CARTESIAN_POINT('',(3.900008564369,-2.899976391762));
#8488 = ( GEOMETRIC_REPRESENTATION_CONTEXT(2) 
PARAMETRIC_REPRESENTATION_CONTEXT() REPRESENTATION_CONTEXT('2D SPACE',''
  ) );
#8489 = ADVANCED_FACE('',(#8490),#4962,.T.);
#8490 = FACE_BOUND('',#8491,.T.);
#8491 = EDGE_LOOP('',(#8492,#8511,#8512));
#8492 = ORIENTED_EDGE('',*,*,#8493,.F.);
#8493 = EDGE_CURVE('',#4913,#8403,#8494,.T.);
#8494 = SURFACE_CURVE('',#8495,(#8499,#8505),.PCURVE_S1.);
#8495 = LINE('',#8496,#8497);
#8496 = CARTESIAN_POINT('',(-43.35187829307,50.6,5.570400634338));
#8497 = VECTOR('',#8498,1.);
#8498 = DIRECTION('',(0.961432305318,-0.,0.275041673733));
#8499 = PCURVE('',#4962,#8500);
#8500 = DEFINITIONAL_REPRESENTATION('',(#8501),#8504);
#8501 = B_SPLINE_CURVE_WITH_KNOTS('',1,(#8502,#8503),.UNSPECIFIED.,.F.,
  .F.,(2,2),(-0.674120999824,9.675964033471),.PIECEWISE_BEZIER_KNOTS.);
#8502 = CARTESIAN_POINT('',(4.584989266248,3.));
#8503 = CARTESIAN_POINT('',(7.431693977087,12.950906113803));
#8504 = ( GEOMETRIC_REPRESENTATION_CONTEXT(2) 
PARAMETRIC_REPRESENTATION_CONTEXT() REPRESENTATION_CONTEXT('2D SPACE',''
  ) );
#8505 = PCURVE('',#4934,#8506);
#8506 = DEFINITIONAL_REPRESENTATION('',(#8507),#8510);
#8507 = B_SPLINE_CURVE_WITH_KNOTS('',1,(#8508,#8509),.UNSPECIFIED.,.F.,
  .F.,(2,2),(-0.674120999824,9.675964033471),.PIECEWISE_BEZIER_KNOTS.);
#8508 = CARTESIAN_POINT('',(-1.175493511422,-5.372336661038));
#8509 = CARTESIAN_POINT('',(1.500032292653,4.625954286327));
#8510 = ( GEOMETRIC_REPRESENTATION_CONTEXT(2) 
PARAMETRIC_REPRESENTATION_CONTEXT() REPRESENTATION_CONTEXT('2D SPACE',''
  ) );
#8511 = ORIENTED_EDGE('',*,*,#4946,.T.);
#8512 = ORIENTED_EDGE('',*,*,#8427,.F.);
#8513 = ADVANCED_FACE('',(#8514),#4934,.T.);
#8514 = FACE_BOUND('',#8515,.T.);
#8515 = EDGE_LOOP('',(#8516,#8517,#8518,#8539,#8560,#8561));
#8516 = ORIENTED_EDGE('',*,*,#8493,.T.);
#8517 = ORIENTED_EDGE('',*,*,#8402,.T.);
#8518 = ORIENTED_EDGE('',*,*,#8519,.T.);
#8519 = EDGE_CURVE('',#8405,#8520,#8522,.T.);
#8520 = VERTEX_POINT('',#8521);
#8521 = CARTESIAN_POINT('',(-31.68630635866,51.841614001963,
    5.490877040466));
#8522 = SURFACE_CURVE('',#8523,(#8527,#8533),.PCURVE_S1.);
#8523 = LINE('',#8524,#8525);
#8524 = CARTESIAN_POINT('',(-31.68628707487,50.407151608859,
    9.43832604112));
#8525 = VECTOR('',#8526,1.);
#8526 = DIRECTION('',(-4.591374864881E-06,0.341538316803,-0.939867851421
    ));
#8527 = PCURVE('',#4934,#8528);
#8528 = DEFINITIONAL_REPRESENTATION('',(#8529),#8532);
#8529 = B_SPLINE_CURVE_WITH_KNOTS('',1,(#8530,#8531),.UNSPECIFIED.,.F.,
  .F.,(2,2),(1.199925857133,4.2000181219),.PIECEWISE_BEZIER_KNOTS.);
#8530 = CARTESIAN_POINT('',(1.500046132368,7.000006920145));
#8531 = CARTESIAN_POINT('',(-1.500046132368,6.999993080004));
#8532 = ( GEOMETRIC_REPRESENTATION_CONTEXT(2) 
PARAMETRIC_REPRESENTATION_CONTEXT() REPRESENTATION_CONTEXT('2D SPACE',''
  ) );
#8533 = PCURVE('',#5185,#8534);
#8534 = DEFINITIONAL_REPRESENTATION('',(#8535),#8538);
#8535 = B_SPLINE_CURVE_WITH_KNOTS('',1,(#8536,#8537),.UNSPECIFIED.,.F.,
  .F.,(2,2),(1.199925857133,4.2000181219),.PIECEWISE_BEZIER_KNOTS.);
#8536 = CARTESIAN_POINT('',(3.899930139317,-2.899976391762));
#8537 = CARTESIAN_POINT('',(6.900022404084,-2.899976391762));
#8538 = ( GEOMETRIC_REPRESENTATION_CONTEXT(2) 
PARAMETRIC_REPRESENTATION_CONTEXT() REPRESENTATION_CONTEXT('2D SPACE',''
  ) );
#8539 = ORIENTED_EDGE('',*,*,#8540,.T.);
#8540 = EDGE_CURVE('',#8520,#8224,#8541,.T.);
#8541 = SURFACE_CURVE('',#8542,(#8546,#8553),.PCURVE_S1.);
#8542 = LINE('',#8543,#8544);
#8543 = CARTESIAN_POINT('',(-28.70052423867,52.115804300849,
    5.590500390896));
#8544 = VECTOR('',#8545,1.);
#8545 = DIRECTION('',(-0.995260706663,-9.139676629514E-02,
    -3.320778347674E-02));
#8546 = PCURVE('',#4934,#8547);
#8547 = DEFINITIONAL_REPRESENTATION('',(#8548),#8552);
#8548 = LINE('',#8549,#8550);
#8549 = CARTESIAN_POINT('',(-1.500046132368,9.999993080036));
#8550 = VECTOR('',#8551,1.);
#8551 = DIRECTION('',(4.613238354628E-06,-0.999999999989));
#8552 = ( GEOMETRIC_REPRESENTATION_CONTEXT(2) 
PARAMETRIC_REPRESENTATION_CONTEXT() REPRESENTATION_CONTEXT('2D SPACE',''
  ) );
#8553 = PCURVE('',#8238,#8554);
#8554 = DEFINITIONAL_REPRESENTATION('',(#8555),#8559);
#8555 = LINE('',#8556,#8557);
#8556 = CARTESIAN_POINT('',(-0.,0.));
#8557 = VECTOR('',#8558,1.);
#8558 = DIRECTION('',(1.,-1.091188514345E-17));
#8559 = ( GEOMETRIC_REPRESENTATION_CONTEXT(2) 
PARAMETRIC_REPRESENTATION_CONTEXT() REPRESENTATION_CONTEXT('2D SPACE',''
  ) );
#8560 = ORIENTED_EDGE('',*,*,#8249,.T.);
#8561 = ORIENTED_EDGE('',*,*,#4912,.F.);
#8562 = ADVANCED_FACE('',(#8563),#4873,.F.);
#8563 = FACE_BOUND('',#8564,.F.);
#8564 = EDGE_LOOP('',(#8565,#8566,#8589,#8610,#8611,#8612));
#8565 = ORIENTED_EDGE('',*,*,#5137,.F.);
#8566 = ORIENTED_EDGE('',*,*,#8567,.T.);
#8567 = EDGE_CURVE('',#5138,#8568,#8570,.T.);
#8568 = VERTEX_POINT('',#8569);
#8569 = CARTESIAN_POINT('',(-32.35729599792,59.286446666682,
    5.110724940216));
#8570 = SURFACE_CURVE('',#8571,(#8575,#8582),.PCURVE_S1.);
#8571 = LINE('',#8572,#8573);
#8572 = CARTESIAN_POINT('',(-31.40431839211,50.119395449529,
    1.77950809574));
#8573 = VECTOR('',#8574,1.);
#8574 = DIRECTION('',(-9.724261283803E-02,0.935413389505,0.339920086171)
  );
#8575 = PCURVE('',#4873,#8576);
#8576 = DEFINITIONAL_REPRESENTATION('',(#8577),#8581);
#8577 = LINE('',#8578,#8579);
#8578 = CARTESIAN_POINT('',(-0.,0.));
#8579 = VECTOR('',#8580,1.);
#8580 = DIRECTION('',(-8.656904692726E-18,-1.));
#8581 = ( GEOMETRIC_REPRESENTATION_CONTEXT(2) 
PARAMETRIC_REPRESENTATION_CONTEXT() REPRESENTATION_CONTEXT('2D SPACE',''
  ) );
#8582 = PCURVE('',#5185,#8583);
#8583 = DEFINITIONAL_REPRESENTATION('',(#8584),#8588);
#8584 = LINE('',#8585,#8586);
#8585 = CARTESIAN_POINT('',(9.8,-4.514408533269E-16));
#8586 = VECTOR('',#8587,1.);
#8587 = DIRECTION('',(-1.068893579386E-16,-1.));
#8588 = ( GEOMETRIC_REPRESENTATION_CONTEXT(2) 
PARAMETRIC_REPRESENTATION_CONTEXT() REPRESENTATION_CONTEXT('2D SPACE',''
  ) );
#8589 = ORIENTED_EDGE('',*,*,#8590,.T.);
#8590 = EDGE_CURVE('',#8568,#8270,#8591,.T.);
#8591 = SURFACE_CURVE('',#8592,(#8596,#8603),.PCURVE_S1.);
#8592 = LINE('',#8593,#8594);
#8593 = CARTESIAN_POINT('',(-32.35729599792,59.286446666682,
    5.110724940216));
#8594 = VECTOR('',#8595,1.);
#8595 = DIRECTION('',(-0.995260706663,-9.139676629514E-02,
    -3.320778347674E-02));
#8596 = PCURVE('',#4873,#8597);
#8597 = DEFINITIONAL_REPRESENTATION('',(#8598),#8602);
#8598 = LINE('',#8599,#8600);
#8599 = CARTESIAN_POINT('',(-1.724030038838E-15,-9.8));
#8600 = VECTOR('',#8601,1.);
#8601 = DIRECTION('',(1.,-1.142715226657E-17));
#8602 = ( GEOMETRIC_REPRESENTATION_CONTEXT(2) 
PARAMETRIC_REPRESENTATION_CONTEXT() REPRESENTATION_CONTEXT('2D SPACE',''
  ) );
#8603 = PCURVE('',#6240,#8604);
#8604 = DEFINITIONAL_REPRESENTATION('',(#8605),#8609);
#8605 = LINE('',#8606,#8607);
#8606 = CARTESIAN_POINT('',(-4.900032292616,6.999977395058));
#8607 = VECTOR('',#8608,1.);
#8608 = DIRECTION('',(4.613238354663E-06,-0.999999999989));
#8609 = ( GEOMETRIC_REPRESENTATION_CONTEXT(2) 
PARAMETRIC_REPRESENTATION_CONTEXT() REPRESENTATION_CONTEXT('2D SPACE',''
  ) );
#8610 = ORIENTED_EDGE('',*,*,#8269,.F.);
#8611 = ORIENTED_EDGE('',*,*,#4851,.F.);
#8612 = ORIENTED_EDGE('',*,*,#5038,.T.);
#8613 = ADVANCED_FACE('',(#8614,#8662),#5185,.F.);
#8614 = FACE_BOUND('',#8615,.F.);
#8615 = EDGE_LOOP('',(#8616,#8637,#8638,#8659,#8660,#8661));
#8616 = ORIENTED_EDGE('',*,*,#8617,.F.);
#8617 = EDGE_CURVE('',#6124,#5440,#8618,.T.);
#8618 = SURFACE_CURVE('',#8619,(#8623,#8630),.PCURVE_S1.);
#8619 = LINE('',#8620,#8621);
#8620 = CARTESIAN_POINT('',(-31.40427339663,46.772319944856,
    10.990213039662));
#8621 = VECTOR('',#8622,1.);
#8622 = DIRECTION('',(-4.591374864885E-06,0.341538316803,-0.939867851421
    ));
#8623 = PCURVE('',#5185,#8624);
#8624 = DEFINITIONAL_REPRESENTATION('',(#8625),#8629);
#8625 = LINE('',#8626,#8627);
#8626 = CARTESIAN_POINT('',(0.,0.));
#8627 = VECTOR('',#8628,1.);
#8628 = DIRECTION('',(1.,7.248865211231E-17));
#8629 = ( GEOMETRIC_REPRESENTATION_CONTEXT(2) 
PARAMETRIC_REPRESENTATION_CONTEXT() REPRESENTATION_CONTEXT('2D SPACE',''
  ) );
#8630 = PCURVE('',#5456,#8631);
#8631 = DEFINITIONAL_REPRESENTATION('',(#8632),#8636);
#8632 = LINE('',#8633,#8634);
#8633 = CARTESIAN_POINT('',(4.899967707279,7.000022604793));
#8634 = VECTOR('',#8635,1.);
#8635 = DIRECTION('',(-0.999999999989,-4.613238354657E-06));
#8636 = ( GEOMETRIC_REPRESENTATION_CONTEXT(2) 
PARAMETRIC_REPRESENTATION_CONTEXT() REPRESENTATION_CONTEXT('2D SPACE',''
  ) );
#8637 = ORIENTED_EDGE('',*,*,#6143,.T.);
#8638 = ORIENTED_EDGE('',*,*,#8639,.T.);
#8639 = EDGE_CURVE('',#6144,#8568,#8640,.T.);
#8640 = SURFACE_CURVE('',#8641,(#8645,#8652),.PCURVE_S1.);
#8641 = LINE('',#8642,#8643);
#8642 = CARTESIAN_POINT('',(-32.35725100245,55.939371162008,
    14.321429884138));
#8643 = VECTOR('',#8644,1.);
#8644 = DIRECTION('',(-4.591374864885E-06,0.341538316803,-0.939867851421
    ));
#8645 = PCURVE('',#5185,#8646);
#8646 = DEFINITIONAL_REPRESENTATION('',(#8647),#8651);
#8647 = LINE('',#8648,#8649);
#8648 = CARTESIAN_POINT('',(-1.917915887665E-15,-9.8));
#8649 = VECTOR('',#8650,1.);
#8650 = DIRECTION('',(1.,7.248865211231E-17));
#8651 = ( GEOMETRIC_REPRESENTATION_CONTEXT(2) 
PARAMETRIC_REPRESENTATION_CONTEXT() REPRESENTATION_CONTEXT('2D SPACE',''
  ) );
#8652 = PCURVE('',#6240,#8653);
#8653 = DEFINITIONAL_REPRESENTATION('',(#8654),#8658);
#8654 = LINE('',#8655,#8656);
#8655 = CARTESIAN_POINT('',(4.899967707279,7.000022604793));
#8656 = VECTOR('',#8657,1.);
#8657 = DIRECTION('',(-0.999999999989,-4.613238354657E-06));
#8658 = ( GEOMETRIC_REPRESENTATION_CONTEXT(2) 
PARAMETRIC_REPRESENTATION_CONTEXT() REPRESENTATION_CONTEXT('2D SPACE',''
  ) );
#8659 = ORIENTED_EDGE('',*,*,#8567,.F.);
#8660 = ORIENTED_EDGE('',*,*,#5165,.F.);
#8661 = ORIENTED_EDGE('',*,*,#5523,.T.);
#8662 = FACE_BOUND('',#8663,.F.);
#8663 = EDGE_LOOP('',(#8664,#8665,#8686,#8705));
#8664 = ORIENTED_EDGE('',*,*,#8519,.T.);
#8665 = ORIENTED_EDGE('',*,*,#8666,.T.);
#8666 = EDGE_CURVE('',#8520,#8667,#8669,.T.);
#8667 = VERTEX_POINT('',#8668);
#8668 = CARTESIAN_POINT('',(-32.07527681002,55.583267559984,
    6.85055738515));
#8669 = SURFACE_CURVE('',#8670,(#8674,#8680),.PCURVE_S1.);
#8670 = LINE('',#8671,#8672);
#8671 = CARTESIAN_POINT('',(-31.54530571791,50.485275628911,
    4.997996927975));
#8672 = VECTOR('',#8673,1.);
#8673 = DIRECTION('',(-9.724261283803E-02,0.935413389505,0.339920086171)
  );
#8674 = PCURVE('',#5185,#8675);
#8675 = DEFINITIONAL_REPRESENTATION('',(#8676),#8679);
#8676 = B_SPLINE_CURVE_WITH_KNOTS('',1,(#8677,#8678),.UNSPECIFIED.,.F.,
  .F.,(2,2),(1.449988195881,5.449988195881),.PIECEWISE_BEZIER_KNOTS.);
#8677 = CARTESIAN_POINT('',(6.900008564369,-2.899976391762));
#8678 = CARTESIAN_POINT('',(6.900008564369,-6.899976391762));
#8679 = ( GEOMETRIC_REPRESENTATION_CONTEXT(2) 
PARAMETRIC_REPRESENTATION_CONTEXT() REPRESENTATION_CONTEXT('2D SPACE',''
  ) );
#8680 = PCURVE('',#8238,#8681);
#8681 = DEFINITIONAL_REPRESENTATION('',(#8682),#8685);
#8682 = B_SPLINE_CURVE_WITH_KNOTS('',1,(#8683,#8684),.UNSPECIFIED.,.F.,
  .F.,(2,2),(1.449988195881,5.449988195881),.PIECEWISE_BEZIER_KNOTS.);
#8683 = CARTESIAN_POINT('',(3.,6.217248937901E-15));
#8684 = CARTESIAN_POINT('',(3.,-4.));
#8685 = ( GEOMETRIC_REPRESENTATION_CONTEXT(2) 
PARAMETRIC_REPRESENTATION_CONTEXT() REPRESENTATION_CONTEXT('2D SPACE',''
  ) );
#8686 = ORIENTED_EDGE('',*,*,#8687,.F.);
#8687 = EDGE_CURVE('',#8449,#8667,#8688,.T.);
#8688 = SURFACE_CURVE('',#8689,(#8693,#8699),.PCURVE_S1.);
#8689 = LINE('',#8690,#8691);
#8690 = CARTESIAN_POINT('',(-32.07525752622,54.14880516688,
    10.798006385804));
#8691 = VECTOR('',#8692,1.);
#8692 = DIRECTION('',(-4.591374864881E-06,0.341538316803,-0.939867851421
    ));
#8693 = PCURVE('',#5185,#8694);
#8694 = DEFINITIONAL_REPRESENTATION('',(#8695),#8698);
#8695 = B_SPLINE_CURVE_WITH_KNOTS('',1,(#8696,#8697),.UNSPECIFIED.,.F.,
  .F.,(2,2),(1.199925857133,4.2000181219),.PIECEWISE_BEZIER_KNOTS.);
#8696 = CARTESIAN_POINT('',(3.899930139317,-6.899976391762));
#8697 = CARTESIAN_POINT('',(6.900022404084,-6.899976391762));
#8698 = ( GEOMETRIC_REPRESENTATION_CONTEXT(2) 
PARAMETRIC_REPRESENTATION_CONTEXT() REPRESENTATION_CONTEXT('2D SPACE',''
  ) );
#8699 = PCURVE('',#8212,#8700);
#8700 = DEFINITIONAL_REPRESENTATION('',(#8701),#8704);
#8701 = B_SPLINE_CURVE_WITH_KNOTS('',1,(#8702,#8703),.UNSPECIFIED.,.F.,
  .F.,(2,2),(1.199925857133,4.2000181219),.PIECEWISE_BEZIER_KNOTS.);
#8702 = CARTESIAN_POINT('',(1.500046132368,7.000006920145));
#8703 = CARTESIAN_POINT('',(-1.500046132368,6.999993080004));
#8704 = ( GEOMETRIC_REPRESENTATION_CONTEXT(2) 
PARAMETRIC_REPRESENTATION_CONTEXT() REPRESENTATION_CONTEXT('2D SPACE',''
  ) );
#8705 = ORIENTED_EDGE('',*,*,#8471,.T.);
#8706 = ADVANCED_FACE('',(#8707),#5368,.F.);
#8707 = FACE_BOUND('',#8708,.F.);
#8708 = EDGE_LOOP('',(#8709));
#8709 = ORIENTED_EDGE('',*,*,#5353,.T.);
#8710 = ADVANCED_FACE('',(#8711),#5423,.F.);
#8711 = FACE_BOUND('',#8712,.F.);
#8712 = EDGE_LOOP('',(#8713));
#8713 = ORIENTED_EDGE('',*,*,#5408,.T.);
#8714 = ADVANCED_FACE('',(#8715),#5456,.F.);
#8715 = FACE_BOUND('',#8716,.F.);
#8716 = EDGE_LOOP('',(#8717,#8718,#8737,#8738));
#8717 = ORIENTED_EDGE('',*,*,#5439,.T.);
#8718 = ORIENTED_EDGE('',*,*,#8719,.F.);
#8719 = EDGE_CURVE('',#5999,#5442,#8720,.T.);
#8720 = SURFACE_CURVE('',#8721,(#8725,#8731),.PCURVE_S1.);
#8721 = LINE('',#8722,#8723);
#8722 = CARTESIAN_POINT('',(-34.,48.844559399125,4.545122390308));
#8723 = VECTOR('',#8724,1.);
#8724 = DIRECTION('',(0.,0.341538738435,-0.939867698215));
#8725 = PCURVE('',#5456,#8726);
#8726 = DEFINITIONAL_REPRESENTATION('',(#8727),#8730);
#8727 = B_SPLINE_CURVE_WITH_KNOTS('',1,(#8728,#8729),.UNSPECIFIED.,.F.,
  .F.,(2,2),(-5.393141087348,-4.647736955657),.PIECEWISE_BEZIER_KNOTS.);
#8728 = CARTESIAN_POINT('',(3.527826232285,4.391935511677));
#8729 = CARTESIAN_POINT('',(2.782422100594,4.391935511677));
#8730 = ( GEOMETRIC_REPRESENTATION_CONTEXT(2) 
PARAMETRIC_REPRESENTATION_CONTEXT() REPRESENTATION_CONTEXT('2D SPACE',''
  ) );
#8731 = PCURVE('',#5482,#8732);
#8732 = DEFINITIONAL_REPRESENTATION('',(#8733),#8736);
#8733 = B_SPLINE_CURVE_WITH_KNOTS('',1,(#8734,#8735),.UNSPECIFIED.,.F.,
  .F.,(2,2),(-5.393141087348,-4.647736955657),.PIECEWISE_BEZIER_KNOTS.);
#8734 = CARTESIAN_POINT('',(8.813961490224,-3.002592795951));
#8735 = CARTESIAN_POINT('',(8.113380224731,-3.257177182713));
#8736 = ( GEOMETRIC_REPRESENTATION_CONTEXT(2) 
PARAMETRIC_REPRESENTATION_CONTEXT() REPRESENTATION_CONTEXT('2D SPACE',''
  ) );
#8737 = ORIENTED_EDGE('',*,*,#6123,.T.);
#8738 = ORIENTED_EDGE('',*,*,#8617,.T.);
#8739 = ADVANCED_FACE('',(#8740),#5482,.T.);
#8740 = FACE_BOUND('',#8741,.T.);
#8741 = EDGE_LOOP('',(#8742,#8743,#8744));
#8742 = ORIENTED_EDGE('',*,*,#5998,.F.);
#8743 = ORIENTED_EDGE('',*,*,#5467,.T.);
#8744 = ORIENTED_EDGE('',*,*,#8719,.F.);
#8745 = ADVANCED_FACE('',(#8746),#6240,.T.);
#8746 = FACE_BOUND('',#8747,.T.);
#8747 = EDGE_LOOP('',(#8748,#8749,#8750,#8751));
#8748 = ORIENTED_EDGE('',*,*,#6226,.T.);
#8749 = ORIENTED_EDGE('',*,*,#8639,.T.);
#8750 = ORIENTED_EDGE('',*,*,#8590,.T.);
#8751 = ORIENTED_EDGE('',*,*,#8292,.T.);
#8752 = ADVANCED_FACE('',(#8753),#5924,.F.);
#8753 = FACE_BOUND('',#8754,.F.);
#8754 = EDGE_LOOP('',(#8755,#8756,#8757));
#8755 = ORIENTED_EDGE('',*,*,#7957,.F.);
#8756 = ORIENTED_EDGE('',*,*,#7147,.F.);
#8757 = ORIENTED_EDGE('',*,*,#5909,.F.);
#8758 = ADVANCED_FACE('',(#8759),#5814,.T.);
#8759 = FACE_BOUND('',#8760,.T.);
#8760 = EDGE_LOOP('',(#8761,#8789,#8810,#8811));
#8761 = ORIENTED_EDGE('',*,*,#8762,.F.);
#8762 = EDGE_CURVE('',#8763,#5711,#8765,.T.);
#8763 = VERTEX_POINT('',#8764);
#8764 = CARTESIAN_POINT('',(-34.74447804694,77.144565164964,
    29.374178200617));
#8765 = SURFACE_CURVE('',#8766,(#8771,#8778),.PCURVE_S1.);
#8766 = CIRCLE('',#8767,10.);
#8767 = AXIS2_PLACEMENT_3D('',#8768,#8769,#8770);
#8768 = CARTESIAN_POINT('',(-40.9225442004,69.857415327769,
    26.419699252679));
#8769 = DIRECTION('',(-0.768592593328,0.480269955675,0.422618261741));
#8770 = DIRECTION('',(0.617806615345,0.72871498372,0.295447894794));
#8771 = PCURVE('',#5814,#8772);
#8772 = DEFINITIONAL_REPRESENTATION('',(#8773),#8777);
#8773 = LINE('',#8774,#8775);
#8774 = CARTESIAN_POINT('',(0.,0.));
#8775 = VECTOR('',#8776,1.);
#8776 = DIRECTION('',(1.,0.));
#8777 = ( GEOMETRIC_REPRESENTATION_CONTEXT(2) 
PARAMETRIC_REPRESENTATION_CONTEXT() REPRESENTATION_CONTEXT('2D SPACE',''
  ) );
#8778 = PCURVE('',#5730,#8779);
#8779 = DEFINITIONAL_REPRESENTATION('',(#8780),#8788);
#8780 = ( BOUNDED_CURVE() B_SPLINE_CURVE(2,(#8781,#8782,#8783,#8784,
#8785,#8786,#8787),.UNSPECIFIED.,.T.,.F.) B_SPLINE_CURVE_WITH_KNOTS((1,2
    ,2,2,2,1),(-2.094395102393,0.,2.094395102393,4.188790204786,
6.28318530718,8.377580409573),.UNSPECIFIED.) CURVE() 
GEOMETRIC_REPRESENTATION_ITEM() RATIONAL_B_SPLINE_CURVE((1.,0.5,1.,0.5,
1.,0.5,1.)) REPRESENTATION_ITEM('') );
#8781 = CARTESIAN_POINT('',(19.127739132943,-24.79472018518));
#8782 = CARTESIAN_POINT('',(24.774063395976,-41.16906054797));
#8783 = CARTESIAN_POINT('',(7.770306540066,-37.87175061636));
#8784 = CARTESIAN_POINT('',(-9.233450315845,-34.57444068476));
#8785 = CARTESIAN_POINT('',(2.123982277033,-21.49741025357));
#8786 = CARTESIAN_POINT('',(13.48141486991,-8.420379822384));
#8787 = CARTESIAN_POINT('',(19.127739132943,-24.79472018518));
#8788 = ( GEOMETRIC_REPRESENTATION_CONTEXT(2) 
PARAMETRIC_REPRESENTATION_CONTEXT() REPRESENTATION_CONTEXT('2D SPACE',''
  ) );
#8789 = ORIENTED_EDGE('',*,*,#8790,.T.);
#8790 = EDGE_CURVE('',#8763,#7168,#8791,.T.);
#8791 = SURFACE_CURVE('',#8792,(#8796,#8803),.PCURVE_S1.);
#8792 = LINE('',#8793,#8794);
#8793 = CARTESIAN_POINT('',(-34.74447804694,77.144565164964,
    29.374178200617));
#8794 = VECTOR('',#8795,1.);
#8795 = DIRECTION('',(0.768592593328,-0.480269955675,-0.422618261741));
#8796 = PCURVE('',#5814,#8797);
#8797 = DEFINITIONAL_REPRESENTATION('',(#8798),#8802);
#8798 = LINE('',#8799,#8800);
#8799 = CARTESIAN_POINT('',(0.,0.));
#8800 = VECTOR('',#8801,1.);
#8801 = DIRECTION('',(0.,-1.));
#8802 = ( GEOMETRIC_REPRESENTATION_CONTEXT(2) 
PARAMETRIC_REPRESENTATION_CONTEXT() REPRESENTATION_CONTEXT('2D SPACE',''
  ) );
#8803 = PCURVE('',#7211,#8804);
#8804 = DEFINITIONAL_REPRESENTATION('',(#8805),#8809);
#8805 = LINE('',#8806,#8807);
#8806 = CARTESIAN_POINT('',(25.675723300356,1.27989728769E-15));
#8807 = VECTOR('',#8808,1.);
#8808 = DIRECTION('',(5.748577597662E-17,-1.));
#8809 = ( GEOMETRIC_REPRESENTATION_CONTEXT(2) 
PARAMETRIC_REPRESENTATION_CONTEXT() REPRESENTATION_CONTEXT('2D SPACE',''
  ) );
#8810 = ORIENTED_EDGE('',*,*,#7167,.T.);
#8811 = ORIENTED_EDGE('',*,*,#5744,.F.);
#8812 = ADVANCED_FACE('',(#8813,#8978,#9098),#5730,.F.);
#8813 = FACE_BOUND('',#8814,.F.);
#8814 = EDGE_LOOP('',(#8815,#8816,#8817,#8840,#8864,#8887,#8911,#8934,
    #8958,#8977));
#8815 = ORIENTED_EDGE('',*,*,#5710,.F.);
#8816 = ORIENTED_EDGE('',*,*,#8762,.F.);
#8817 = ORIENTED_EDGE('',*,*,#8818,.F.);
#8818 = EDGE_CURVE('',#8819,#8763,#8821,.T.);
#8819 = VERTEX_POINT('',#8820);
#8820 = CARTESIAN_POINT('',(-33.65385954166,73.938676755178,
    35.000847478886));
#8821 = SURFACE_CURVE('',#8822,(#8826,#8833),.PCURVE_S1.);
#8822 = LINE('',#8823,#8824);
#8823 = CARTESIAN_POINT('',(-30.48042049538,64.610308119929,
    51.37310955017));
#8824 = VECTOR('',#8825,1.);
#8825 = DIRECTION('',(-0.166073512387,0.488175421522,-0.856798894902));
#8826 = PCURVE('',#5730,#8827);
#8827 = DEFINITIONAL_REPRESENTATION('',(#8828),#8832);
#8828 = LINE('',#8829,#8830);
#8829 = CARTESIAN_POINT('',(10.75769254954,-0.521585093311));
#8830 = VECTOR('',#8831,1.);
#8831 = DIRECTION('',(0.325990683319,-0.945372981626));
#8832 = ( GEOMETRIC_REPRESENTATION_CONTEXT(2) 
PARAMETRIC_REPRESENTATION_CONTEXT() REPRESENTATION_CONTEXT('2D SPACE',''
  ) );
#8833 = PCURVE('',#7211,#8834);
#8834 = DEFINITIONAL_REPRESENTATION('',(#8835),#8839);
#8835 = LINE('',#8836,#8837);
#8836 = CARTESIAN_POINT('',(0.,0.));
#8837 = VECTOR('',#8838,1.);
#8838 = DIRECTION('',(1.,-9.923882946946E-18));
#8839 = ( GEOMETRIC_REPRESENTATION_CONTEXT(2) 
PARAMETRIC_REPRESENTATION_CONTEXT() REPRESENTATION_CONTEXT('2D SPACE',''
  ) );
#8840 = ORIENTED_EDGE('',*,*,#8841,.T.);
#8841 = EDGE_CURVE('',#8819,#8842,#8844,.T.);
#8842 = VERTEX_POINT('',#8843);
#8843 = CARTESIAN_POINT('',(-30.93195052392,72.842838730643,
    41.196361083613));
#8844 = SURFACE_CURVE('',#8845,(#8850,#8857),.PCURVE_S1.);
#8845 = CIRCLE('',#8846,4.1);
#8846 = AXIS2_PLACEMENT_3D('',#8847,#8848,#8849);
#8847 = CARTESIAN_POINT('',(-33.42141281984,71.450481413689,
    38.251209376291));
#8848 = DIRECTION('',(0.768592593328,-0.480269955675,-0.422618261741));
#8849 = DIRECTION('',(-0.529919264233,-0.848048096156,
    -2.773547628497E-17));
#8850 = PCURVE('',#5730,#8851);
#8851 = DEFINITIONAL_REPRESENTATION('',(#8852),#8856);
#8852 = CIRCLE('',#8853,4.1);
#8853 = AXIS2_PLACEMENT_2D('',#8854,#8855);
#8854 = CARTESIAN_POINT('',(15.,-15.));
#8855 = DIRECTION('',(-1.,-6.384452462249E-18));
#8856 = ( GEOMETRIC_REPRESENTATION_CONTEXT(2) 
PARAMETRIC_REPRESENTATION_CONTEXT() REPRESENTATION_CONTEXT('2D SPACE',''
  ) );
#8857 = PCURVE('',#7240,#8858);
#8858 = DEFINITIONAL_REPRESENTATION('',(#8859),#8863);
#8859 = LINE('',#8860,#8861);
#8860 = CARTESIAN_POINT('',(-0.,0.));
#8861 = VECTOR('',#8862,1.);
#8862 = DIRECTION('',(-1.,0.));
#8863 = ( GEOMETRIC_REPRESENTATION_CONTEXT(2) 
PARAMETRIC_REPRESENTATION_CONTEXT() REPRESENTATION_CONTEXT('2D SPACE',''
  ) );
#8864 = ORIENTED_EDGE('',*,*,#8865,.T.);
#8865 = EDGE_CURVE('',#8842,#8866,#8868,.T.);
#8866 = VERTEX_POINT('',#8867);
#8867 = CARTESIAN_POINT('',(-22.50926042648,67.579757828122,
    62.495291280068));
#8868 = SURFACE_CURVE('',#8869,(#8873,#8880),.PCURVE_S1.);
#8869 = LINE('',#8870,#8871);
#8870 = CARTESIAN_POINT('',(-32.99261618993,74.130485549863,
    35.985439908699));
#8871 = VECTOR('',#8872,1.);
#8872 = DIRECTION('',(0.35840061227,-0.223953558313,0.906307787037));
#8873 = PCURVE('',#5730,#8874);
#8874 = DEFINITIONAL_REPRESENTATION('',(#8875),#8879);
#8875 = LINE('',#8876,#8877);
#8876 = CARTESIAN_POINT('',(17.5,-17.5));
#8877 = VECTOR('',#8878,1.);
#8878 = DIRECTION('',(-3.750486997659E-17,1.));
#8879 = ( GEOMETRIC_REPRESENTATION_CONTEXT(2) 
PARAMETRIC_REPRESENTATION_CONTEXT() REPRESENTATION_CONTEXT('2D SPACE',''
  ) );
#8880 = PCURVE('',#7268,#8881);
#8881 = DEFINITIONAL_REPRESENTATION('',(#8882),#8886);
#8882 = LINE('',#8883,#8884);
#8883 = CARTESIAN_POINT('',(0.,0.));
#8884 = VECTOR('',#8885,1.);
#8885 = DIRECTION('',(1.,4.268913590151E-18));
#8886 = ( GEOMETRIC_REPRESENTATION_CONTEXT(2) 
PARAMETRIC_REPRESENTATION_CONTEXT() REPRESENTATION_CONTEXT('2D SPACE',''
  ) );
#8887 = ORIENTED_EDGE('',*,*,#8888,.T.);
#8888 = EDGE_CURVE('',#8866,#8889,#8891,.T.);
#8889 = VERTEX_POINT('',#8890);
#8890 = CARTESIAN_POINT('',(-23.49542670265,61.41616064765,
    67.706212454982));
#8891 = SURFACE_CURVE('',#8892,(#8897,#8904),.PCURVE_S1.);
#8892 = CIRCLE('',#8893,4.1);
#8893 = AXIS2_PLACEMENT_3D('',#8894,#8895,#8896);
#8894 = CARTESIAN_POINT('',(-22.66939445173,64.731874664294,
    65.44044298739));
#8895 = DIRECTION('',(0.768592593328,-0.480269955675,-0.422618261741));
#8896 = DIRECTION('',(-0.529919264233,-0.848048096156,
    -2.773547628497E-17));
#8897 = PCURVE('',#5730,#8898);
#8898 = DEFINITIONAL_REPRESENTATION('',(#8899),#8903);
#8899 = CIRCLE('',#8900,4.1);
#8900 = AXIS2_PLACEMENT_2D('',#8901,#8902);
#8901 = CARTESIAN_POINT('',(15.,15.));
#8902 = DIRECTION('',(-1.,-6.384452462249E-18));
#8903 = ( GEOMETRIC_REPRESENTATION_CONTEXT(2) 
PARAMETRIC_REPRESENTATION_CONTEXT() REPRESENTATION_CONTEXT('2D SPACE',''
  ) );
#8904 = PCURVE('',#7297,#8905);
#8905 = DEFINITIONAL_REPRESENTATION('',(#8906),#8910);
#8906 = LINE('',#8907,#8908);
#8907 = CARTESIAN_POINT('',(-0.,0.));
#8908 = VECTOR('',#8909,1.);
#8909 = DIRECTION('',(-1.,0.));
#8910 = ( GEOMETRIC_REPRESENTATION_CONTEXT(2) 
PARAMETRIC_REPRESENTATION_CONTEXT() REPRESENTATION_CONTEXT('2D SPACE',''
  ) );
#8911 = ORIENTED_EDGE('',*,*,#8912,.T.);
#8912 = EDGE_CURVE('',#8889,#8913,#8915,.T.);
#8913 = VERTEX_POINT('',#8914);
#8914 = CARTESIAN_POINT('',(-29.56612050443,51.701019741427,
    67.706212454982));
#8915 = SURFACE_CURVE('',#8916,(#8920,#8927),.PCURVE_S1.);
#8916 = LINE('',#8917,#8918);
#8917 = CARTESIAN_POINT('',(-20.44859476047,66.292111008902,
    67.706212454982));
#8918 = VECTOR('',#8919,1.);
#8919 = DIRECTION('',(-0.529919264233,-0.848048096156,
    -2.773547628497E-17));
#8920 = PCURVE('',#5730,#8921);
#8921 = DEFINITIONAL_REPRESENTATION('',(#8922),#8926);
#8922 = LINE('',#8923,#8924);
#8923 = CARTESIAN_POINT('',(17.5,17.5));
#8924 = VECTOR('',#8925,1.);
#8925 = DIRECTION('',(-1.,-3.575002263689E-17));
#8926 = ( GEOMETRIC_REPRESENTATION_CONTEXT(2) 
PARAMETRIC_REPRESENTATION_CONTEXT() REPRESENTATION_CONTEXT('2D SPACE',''
  ) );
#8927 = PCURVE('',#6658,#8928);
#8928 = DEFINITIONAL_REPRESENTATION('',(#8929),#8933);
#8929 = LINE('',#8930,#8931);
#8930 = CARTESIAN_POINT('',(-0.,0.));
#8931 = VECTOR('',#8932,1.);
#8932 = DIRECTION('',(1.,1.790107792182E-18));
#8933 = ( GEOMETRIC_REPRESENTATION_CONTEXT(2) 
PARAMETRIC_REPRESENTATION_CONTEXT() REPRESENTATION_CONTEXT('2D SPACE',''
  ) );
#8934 = ORIENTED_EDGE('',*,*,#8935,.F.);
#8935 = EDGE_CURVE('',#8936,#8913,#8938,.T.);
#8936 = VERTEX_POINT('',#8937);
#8937 = CARTESIAN_POINT('',(-29.63017670902,51.931939754609,
    67.327295869034));
#8938 = SURFACE_CURVE('',#8939,(#8944,#8951),.PCURVE_S1.);
#8939 = CIRCLE('',#8940,6.);
#8940 = AXIS2_PLACEMENT_3D('',#8941,#8942,#8943);
#8941 = CARTESIAN_POINT('',(-33.33701640109,47.559649852292,
    65.554608500272));
#8942 = DIRECTION('',(0.768592593328,-0.480269955675,-0.422618261741));
#8943 = DIRECTION('',(-0.617806615345,-0.72871498372,-0.295447894794));
#8944 = PCURVE('',#5730,#8945);
#8945 = DEFINITIONAL_REPRESENTATION('',(#8946),#8950);
#8946 = CIRCLE('',#8947,6.);
#8947 = AXIS2_PLACEMENT_2D('',#8948,#8949);
#8948 = CARTESIAN_POINT('',(-5.21585093311,15.12596770602));
#8949 = DIRECTION('',(-0.945372981626,-0.325990683319));
#8950 = ( GEOMETRIC_REPRESENTATION_CONTEXT(2) 
PARAMETRIC_REPRESENTATION_CONTEXT() REPRESENTATION_CONTEXT('2D SPACE',''
  ) );
#8951 = PCURVE('',#6517,#8952);
#8952 = DEFINITIONAL_REPRESENTATION('',(#8953),#8957);
#8953 = LINE('',#8954,#8955);
#8954 = CARTESIAN_POINT('',(-6.28318530718,-0.5));
#8955 = VECTOR('',#8956,1.);
#8956 = DIRECTION('',(1.,-0.));
#8957 = ( GEOMETRIC_REPRESENTATION_CONTEXT(2) 
PARAMETRIC_REPRESENTATION_CONTEXT() REPRESENTATION_CONTEXT('2D SPACE',''
  ) );
#8958 = ORIENTED_EDGE('',*,*,#8959,.T.);
#8959 = EDGE_CURVE('',#8936,#7990,#8960,.T.);
#8960 = SURFACE_CURVE('',#8961,(#8965,#8971),.PCURVE_S1.);
#8961 = LINE('',#8962,#8963);
#8962 = CARTESIAN_POINT('',(-30.95876480811,55.837343126786,
    60.472904709819));
#8963 = VECTOR('',#8964,1.);
#8964 = DIRECTION('',(-0.166073512387,0.488175421522,-0.856798894902));
#8965 = PCURVE('',#5730,#8966);
#8966 = DEFINITIONAL_REPRESENTATION('',(#8967),#8970);
#8967 = B_SPLINE_CURVE_WITH_KNOTS('',1,(#8968,#8969),.UNSPECIFIED.,.F.,
  .F.,(2,2),(-8.,40.675723300356),.PIECEWISE_BEZIER_KNOTS.);
#8968 = CARTESIAN_POINT('',(0.456386956647,17.081911805937));
#8969 = CARTESIAN_POINT('',(16.324219256396,-28.93480186333));
#8970 = ( GEOMETRIC_REPRESENTATION_CONTEXT(2) 
PARAMETRIC_REPRESENTATION_CONTEXT() REPRESENTATION_CONTEXT('2D SPACE',''
  ) );
#8971 = PCURVE('',#8029,#8972);
#8972 = DEFINITIONAL_REPRESENTATION('',(#8973),#8976);
#8973 = B_SPLINE_CURVE_WITH_KNOTS('',1,(#8974,#8975),.UNSPECIFIED.,.F.,
  .F.,(2,2),(-8.,40.675723300356),.PIECEWISE_BEZIER_KNOTS.);
#8974 = CARTESIAN_POINT('',(0.,-0.5));
#8975 = CARTESIAN_POINT('',(48.675723300356,-0.5));
#8976 = ( GEOMETRIC_REPRESENTATION_CONTEXT(2) 
PARAMETRIC_REPRESENTATION_CONTEXT() REPRESENTATION_CONTEXT('2D SPACE',''
  ) );
#8977 = ORIENTED_EDGE('',*,*,#7989,.F.);
#8978 = FACE_BOUND('',#8979,.F.);
#8979 = EDGE_LOOP('',(#8980,#9008,#9041,#9067));
#8980 = ORIENTED_EDGE('',*,*,#8981,.F.);
#8981 = EDGE_CURVE('',#8982,#8984,#8986,.T.);
#8982 = VERTEX_POINT('',#8983);
#8983 = CARTESIAN_POINT('',(-34.58102823486,68.732786180996,
    39.230711653691));
#8984 = VERTEX_POINT('',#8985);
#8985 = CARTESIAN_POINT('',(-34.23799093094,70.876789489935,
    37.418096079618));
#8986 = SURFACE_CURVE('',#8987,(#8991,#8997),.PCURVE_S1.);
#8987 = LINE('',#8988,#8989);
#8988 = CARTESIAN_POINT('',(-35.52438082066,62.836777081413,
    44.215404482393));
#8989 = VECTOR('',#8990,1.);
#8990 = DIRECTION('',(0.121282001903,0.758019639319,-0.640856382056));
#8991 = PCURVE('',#5730,#8992);
#8992 = DEFINITIONAL_REPRESENTATION('',(#8993),#8996);
#8993 = B_SPLINE_CURVE_WITH_KNOTS('',1,(#8994,#8995),.UNSPECIFIED.,.F.,
  .F.,(2,2),(7.778174593052,10.606601717798),.PIECEWISE_BEZIER_KNOTS.);
#8994 = CARTESIAN_POINT('',(12.080761184457,-13.91923881554));
#8995 = CARTESIAN_POINT('',(14.080761184457,-15.91923881554));
#8996 = ( GEOMETRIC_REPRESENTATION_CONTEXT(2) 
PARAMETRIC_REPRESENTATION_CONTEXT() REPRESENTATION_CONTEXT('2D SPACE',''
  ) );
#8997 = PCURVE('',#8998,#9003);
#8998 = PLANE('',#8999);
#8999 = AXIS2_PLACEMENT_3D('',#9000,#9001,#9002);
#9000 = CARTESIAN_POINT('',(-35.00658352426,71.35705944561,
    37.840714341359));
#9001 = DIRECTION('',(-0.628137008538,-0.44130147981,-0.640856382056));
#9002 = DIRECTION('',(-0.121282001903,-0.758019639319,0.640856382056));
#9003 = DEFINITIONAL_REPRESENTATION('',(#9004),#9007);
#9004 = B_SPLINE_CURVE_WITH_KNOTS('',1,(#9005,#9006),.UNSPECIFIED.,.F.,
  .F.,(2,2),(7.778174593052,10.606601717798),.PIECEWISE_BEZIER_KNOTS.);
#9005 = CARTESIAN_POINT('',(2.828427124746,-1.));
#9006 = CARTESIAN_POINT('',(0.,-1.));
#9007 = ( GEOMETRIC_REPRESENTATION_CONTEXT(2) 
PARAMETRIC_REPRESENTATION_CONTEXT() REPRESENTATION_CONTEXT('2D SPACE',''
  ) );
#9008 = ORIENTED_EDGE('',*,*,#9009,.T.);
#9009 = EDGE_CURVE('',#8982,#9010,#9012,.T.);
#9010 = VERTEX_POINT('',#9011);
#9011 = CARTESIAN_POINT('',(-32.94787201266,69.880170028503,
    40.896938247036));
#9012 = SURFACE_CURVE('',#9013,(#9018,#9029),.PCURVE_S1.);
#9013 = CIRCLE('',#9014,1.3);
#9014 = AXIS2_PLACEMENT_3D('',#9015,#9016,#9017);
#9015 = CARTESIAN_POINT('',(-33.76445012376,69.30647810475,
    40.063824950364));
#9016 = DIRECTION('',(-0.768592593328,0.480269955675,0.422618261741));
#9017 = DIRECTION('',(-0.628137008538,-0.44130147981,-0.640856382056));
#9018 = PCURVE('',#5730,#9019);
#9019 = DEFINITIONAL_REPRESENTATION('',(#9020),#9028);
#9020 = ( BOUNDED_CURVE() B_SPLINE_CURVE(2,(#9021,#9022,#9023,#9024,
#9025,#9026,#9027),.UNSPECIFIED.,.T.,.F.) B_SPLINE_CURVE_WITH_KNOTS((1,2
    ,2,2,2,1),(-2.094395102393,0.,2.094395102393,4.188790204786,
6.28318530718,8.377580409573),.UNSPECIFIED.) CURVE() 
GEOMETRIC_REPRESENTATION_ITEM() RATIONAL_B_SPLINE_CURVE((1.,0.5,1.,0.5,
1.,0.5,1.)) REPRESENTATION_ITEM('') );
#9021 = CARTESIAN_POINT('',(12.080761184457,-13.91923881554));
#9022 = CARTESIAN_POINT('',(10.488592851648,-12.32707048273));
#9023 = CARTESIAN_POINT('',(12.663535241367,-11.74429642582));
#9024 = CARTESIAN_POINT('',(14.838477631085,-11.16152236891));
#9025 = CARTESIAN_POINT('',(14.255703574176,-13.33646475863));
#9026 = CARTESIAN_POINT('',(13.672929517267,-15.51140714835));
#9027 = CARTESIAN_POINT('',(12.080761184457,-13.91923881554));
#9028 = ( GEOMETRIC_REPRESENTATION_CONTEXT(2) 
PARAMETRIC_REPRESENTATION_CONTEXT() REPRESENTATION_CONTEXT('2D SPACE',''
  ) );
#9029 = PCURVE('',#9030,#9035);
#9030 = CYLINDRICAL_SURFACE('',#9031,1.3);
#9031 = AXIS2_PLACEMENT_3D('',#9032,#9033,#9034);
#9032 = CARTESIAN_POINT('',(-34.53304271709,69.786748060425,
    40.486443212105));
#9033 = DIRECTION('',(-0.768592593328,0.480269955675,0.422618261741));
#9034 = DIRECTION('',(-0.628137008538,-0.44130147981,-0.640856382056));
#9035 = DEFINITIONAL_REPRESENTATION('',(#9036),#9040);
#9036 = LINE('',#9037,#9038);
#9037 = CARTESIAN_POINT('',(0.,-1.));
#9038 = VECTOR('',#9039,1.);
#9039 = DIRECTION('',(1.,0.));
#9040 = ( GEOMETRIC_REPRESENTATION_CONTEXT(2) 
PARAMETRIC_REPRESENTATION_CONTEXT() REPRESENTATION_CONTEXT('2D SPACE',''
  ) );
#9041 = ORIENTED_EDGE('',*,*,#9042,.F.);
#9042 = EDGE_CURVE('',#9043,#9010,#9045,.T.);
#9043 = VERTEX_POINT('',#9044);
#9044 = CARTESIAN_POINT('',(-32.60483470874,72.024173337442,
    39.084322672963));
#9045 = SURFACE_CURVE('',#9046,(#9050,#9056),.PCURVE_S1.);
#9046 = LINE('',#9047,#9048);
#9047 = CARTESIAN_POINT('',(-34.06274325042,62.912159274451,
    46.787938862775));
#9048 = VECTOR('',#9049,1.);
#9049 = DIRECTION('',(-0.121282001903,-0.758019639319,0.640856382056));
#9050 = PCURVE('',#5730,#9051);
#9051 = DEFINITIONAL_REPRESENTATION('',(#9052),#9055);
#9052 = B_SPLINE_CURVE_WITH_KNOTS('',1,(#9053,#9054),.UNSPECIFIED.,.F.,
  .F.,(2,2),(-12.02081528017,-9.192388155425),.PIECEWISE_BEZIER_KNOTS.);
#9053 = CARTESIAN_POINT('',(15.919238815542,-14.08076118445));
#9054 = CARTESIAN_POINT('',(13.919238815542,-12.08076118445));
#9055 = ( GEOMETRIC_REPRESENTATION_CONTEXT(2) 
PARAMETRIC_REPRESENTATION_CONTEXT() REPRESENTATION_CONTEXT('2D SPACE',''
  ) );
#9056 = PCURVE('',#9057,#9062);
#9057 = PLANE('',#9058);
#9058 = AXIS2_PLACEMENT_3D('',#9059,#9060,#9061);
#9059 = CARTESIAN_POINT('',(-33.71646460599,70.360439984178,
    41.319556508777));
#9060 = DIRECTION('',(0.628137008538,0.44130147981,0.640856382056));
#9061 = DIRECTION('',(0.121282001903,0.758019639319,-0.640856382056));
#9062 = DEFINITIONAL_REPRESENTATION('',(#9063),#9066);
#9063 = B_SPLINE_CURVE_WITH_KNOTS('',1,(#9064,#9065),.UNSPECIFIED.,.F.,
  .F.,(2,2),(-12.02081528017,-9.192388155425),.PIECEWISE_BEZIER_KNOTS.);
#9064 = CARTESIAN_POINT('',(2.828427124746,-1.));
#9065 = CARTESIAN_POINT('',(0.,-1.));
#9066 = ( GEOMETRIC_REPRESENTATION_CONTEXT(2) 
PARAMETRIC_REPRESENTATION_CONTEXT() REPRESENTATION_CONTEXT('2D SPACE',''
  ) );
#9067 = ORIENTED_EDGE('',*,*,#9068,.T.);
#9068 = EDGE_CURVE('',#9043,#8984,#9069,.T.);
#9069 = SURFACE_CURVE('',#9070,(#9075,#9086),.PCURVE_S1.);
#9070 = CIRCLE('',#9071,1.3);
#9071 = AXIS2_PLACEMENT_3D('',#9072,#9073,#9074);
#9072 = CARTESIAN_POINT('',(-33.42141281984,71.450481413689,
    38.251209376291));
#9073 = DIRECTION('',(-0.768592593328,0.480269955675,0.422618261741));
#9074 = DIRECTION('',(0.628137008538,0.44130147981,0.640856382056));
#9075 = PCURVE('',#5730,#9076);
#9076 = DEFINITIONAL_REPRESENTATION('',(#9077),#9085);
#9077 = ( BOUNDED_CURVE() B_SPLINE_CURVE(2,(#9078,#9079,#9080,#9081,
#9082,#9083,#9084),.UNSPECIFIED.,.T.,.F.) B_SPLINE_CURVE_WITH_KNOTS((1,2
    ,2,2,2,1),(-2.094395102393,0.,2.094395102393,4.188790204786,
6.28318530718,8.377580409573),.UNSPECIFIED.) CURVE() 
GEOMETRIC_REPRESENTATION_ITEM() RATIONAL_B_SPLINE_CURVE((1.,0.5,1.,0.5,
1.,0.5,1.)) REPRESENTATION_ITEM('') );
#9078 = CARTESIAN_POINT('',(15.919238815542,-14.08076118445));
#9079 = CARTESIAN_POINT('',(17.511407148352,-15.67292951726));
#9080 = CARTESIAN_POINT('',(15.336464758633,-16.25570357417));
#9081 = CARTESIAN_POINT('',(13.161522368915,-16.83847763108));
#9082 = CARTESIAN_POINT('',(13.744296425824,-14.66353524136));
#9083 = CARTESIAN_POINT('',(14.327070482733,-12.48859285164));
#9084 = CARTESIAN_POINT('',(15.919238815542,-14.08076118445));
#9085 = ( GEOMETRIC_REPRESENTATION_CONTEXT(2) 
PARAMETRIC_REPRESENTATION_CONTEXT() REPRESENTATION_CONTEXT('2D SPACE',''
  ) );
#9086 = PCURVE('',#9087,#9092);
#9087 = CYLINDRICAL_SURFACE('',#9088,1.3);
#9088 = AXIS2_PLACEMENT_3D('',#9089,#9090,#9091);
#9089 = CARTESIAN_POINT('',(-34.19000541316,71.930751369364,
    38.673827638031));
#9090 = DIRECTION('',(-0.768592593328,0.480269955675,0.422618261741));
#9091 = DIRECTION('',(0.628137008538,0.44130147981,0.640856382056));
#9092 = DEFINITIONAL_REPRESENTATION('',(#9093),#9097);
#9093 = LINE('',#9094,#9095);
#9094 = CARTESIAN_POINT('',(0.,-1.));
#9095 = VECTOR('',#9096,1.);
#9096 = DIRECTION('',(1.,0.));
#9097 = ( GEOMETRIC_REPRESENTATION_CONTEXT(2) 
PARAMETRIC_REPRESENTATION_CONTEXT() REPRESENTATION_CONTEXT('2D SPACE',''
  ) );
#9098 = FACE_BOUND('',#9099,.F.);
#9099 = EDGE_LOOP('',(#9100,#9128,#9161,#9187));
#9100 = ORIENTED_EDGE('',*,*,#9101,.F.);
#9101 = EDGE_CURVE('',#9102,#9104,#9106,.T.);
#9102 = VERTEX_POINT('',#9103);
#9103 = CARTESIAN_POINT('',(-24.28836760226,64.469111119722,
    62.794714116644));
#9104 = VERTEX_POINT('',#9105);
#9105 = CARTESIAN_POINT('',(-22.51172784926,65.717300195409,
    64.607329690718));
#9106 = SURFACE_CURVE('',#9107,(#9111,#9117),.PCURVE_S1.);
#9107 = LINE('',#9108,#9109);
#9108 = CARTESIAN_POINT('',(-29.17412692303,61.036591161584,
    57.810021287943));
#9109 = VECTOR('',#9110,1.);
#9110 = DIRECTION('',(0.628137008538,0.44130147981,0.640856382056));
#9111 = PCURVE('',#5730,#9112);
#9112 = DEFINITIONAL_REPRESENTATION('',(#9113),#9116);
#9113 = B_SPLINE_CURVE_WITH_KNOTS('',1,(#9114,#9115),.UNSPECIFIED.,.F.,
  .F.,(2,2),(7.778174593052,10.606601717798),.PIECEWISE_BEZIER_KNOTS.);
#9114 = CARTESIAN_POINT('',(13.919238815543,12.080761184457));
#9115 = CARTESIAN_POINT('',(15.919238815543,14.080761184457));
#9116 = ( GEOMETRIC_REPRESENTATION_CONTEXT(2) 
PARAMETRIC_REPRESENTATION_CONTEXT() REPRESENTATION_CONTEXT('2D SPACE',''
  ) );
#9117 = PCURVE('',#9118,#9123);
#9118 = PLANE('',#9119);
#9119 = AXIS2_PLACEMENT_3D('',#9120,#9121,#9122);
#9120 = CARTESIAN_POINT('',(-23.28032044259,66.197570151084,
    65.029947952458));
#9121 = DIRECTION('',(0.121282001903,0.758019639319,-0.640856382056));
#9122 = DIRECTION('',(-0.628137008538,-0.44130147981,-0.640856382056));
#9123 = DEFINITIONAL_REPRESENTATION('',(#9124),#9127);
#9124 = B_SPLINE_CURVE_WITH_KNOTS('',1,(#9125,#9126),.UNSPECIFIED.,.F.,
  .F.,(2,2),(7.778174593052,10.606601717798),.PIECEWISE_BEZIER_KNOTS.);
#9125 = CARTESIAN_POINT('',(2.828427124746,-1.));
#9126 = CARTESIAN_POINT('',(-1.7763568394E-15,-1.));
#9127 = ( GEOMETRIC_REPRESENTATION_CONTEXT(2) 
PARAMETRIC_REPRESENTATION_CONTEXT() REPRESENTATION_CONTEXT('2D SPACE',''
  ) );
#9128 = ORIENTED_EDGE('',*,*,#9129,.T.);
#9129 = EDGE_CURVE('',#9102,#9130,#9132,.T.);
#9130 = VERTEX_POINT('',#9131);
#9131 = CARTESIAN_POINT('',(-24.60370080721,62.498260057494,
    64.460940709989));
#9132 = SURFACE_CURVE('',#9133,(#9138,#9149),.PCURVE_S1.);
#9133 = CIRCLE('',#9134,1.3);
#9134 = AXIS2_PLACEMENT_3D('',#9135,#9136,#9137);
#9135 = CARTESIAN_POINT('',(-24.44603420474,63.483685588608,
    63.627827413317));
#9136 = DIRECTION('',(-0.768592593328,0.480269955675,0.422618261741));
#9137 = DIRECTION('',(0.121282001903,0.758019639319,-0.640856382056));
#9138 = PCURVE('',#5730,#9139);
#9139 = DEFINITIONAL_REPRESENTATION('',(#9140),#9148);
#9140 = ( BOUNDED_CURVE() B_SPLINE_CURVE(2,(#9141,#9142,#9143,#9144,
#9145,#9146,#9147),.UNSPECIFIED.,.T.,.F.) B_SPLINE_CURVE_WITH_KNOTS((1,2
    ,2,2,2,1),(-2.094395102393,0.,2.094395102393,4.188790204786,
6.28318530718,8.377580409573),.UNSPECIFIED.) CURVE() 
GEOMETRIC_REPRESENTATION_ITEM() RATIONAL_B_SPLINE_CURVE((1.,0.5,1.,0.5,
1.,0.5,1.)) REPRESENTATION_ITEM('') );
#9141 = CARTESIAN_POINT('',(13.919238815543,12.080761184457));
#9142 = CARTESIAN_POINT('',(12.327070482733,10.488592851648));
#9143 = CARTESIAN_POINT('',(11.744296425824,12.663535241367));
#9144 = CARTESIAN_POINT('',(11.161522368915,14.838477631085));
#9145 = CARTESIAN_POINT('',(13.336464758633,14.255703574176));
#9146 = CARTESIAN_POINT('',(15.511407148352,13.672929517267));
#9147 = CARTESIAN_POINT('',(13.919238815543,12.080761184457));
#9148 = ( GEOMETRIC_REPRESENTATION_CONTEXT(2) 
PARAMETRIC_REPRESENTATION_CONTEXT() REPRESENTATION_CONTEXT('2D SPACE',''
  ) );
#9149 = PCURVE('',#9150,#9155);
#9150 = CYLINDRICAL_SURFACE('',#9151,1.3);
#9151 = AXIS2_PLACEMENT_3D('',#9152,#9153,#9154);
#9152 = CARTESIAN_POINT('',(-25.21462679807,63.963955544283,
    64.050445675058));
#9153 = DIRECTION('',(-0.768592593328,0.480269955675,0.422618261741));
#9154 = DIRECTION('',(0.121282001903,0.758019639319,-0.640856382056));
#9155 = DEFINITIONAL_REPRESENTATION('',(#9156),#9160);
#9156 = LINE('',#9157,#9158);
#9157 = CARTESIAN_POINT('',(-4.919160339616E-17,-1.));
#9158 = VECTOR('',#9159,1.);
#9159 = DIRECTION('',(1.,0.));
#9160 = ( GEOMETRIC_REPRESENTATION_CONTEXT(2) 
PARAMETRIC_REPRESENTATION_CONTEXT() REPRESENTATION_CONTEXT('2D SPACE',''
  ) );
#9161 = ORIENTED_EDGE('',*,*,#9162,.F.);
#9162 = EDGE_CURVE('',#9163,#9130,#9165,.T.);
#9163 = VERTEX_POINT('',#9164);
#9164 = CARTESIAN_POINT('',(-22.82706105421,63.74644913318,
    66.273556284063));
#9165 = SURFACE_CURVE('',#9166,(#9170,#9176),.PCURVE_S1.);
#9166 = LINE('',#9167,#9168);
#9167 = CARTESIAN_POINT('',(-30.37778000448,58.441645561512,
    58.569940094251));
#9168 = VECTOR('',#9169,1.);
#9169 = DIRECTION('',(-0.628137008538,-0.44130147981,-0.640856382056));
#9170 = PCURVE('',#5730,#9171);
#9171 = DEFINITIONAL_REPRESENTATION('',(#9172),#9175);
#9172 = B_SPLINE_CURVE_WITH_KNOTS('',1,(#9173,#9174),.UNSPECIFIED.,.F.,
  .F.,(2,2),(-12.02081528017,-9.192388155425),.PIECEWISE_BEZIER_KNOTS.);
#9173 = CARTESIAN_POINT('',(14.080761184457,15.919238815542));
#9174 = CARTESIAN_POINT('',(12.080761184457,13.919238815542));
#9175 = ( GEOMETRIC_REPRESENTATION_CONTEXT(2) 
PARAMETRIC_REPRESENTATION_CONTEXT() REPRESENTATION_CONTEXT('2D SPACE',''
  ) );
#9176 = PCURVE('',#9177,#9182);
#9177 = PLANE('',#9178);
#9178 = AXIS2_PLACEMENT_3D('',#9179,#9180,#9181);
#9179 = CARTESIAN_POINT('',(-25.37229340054,62.978530013169,
    64.88355897173));
#9180 = DIRECTION('',(-0.121282001903,-0.758019639319,0.640856382056));
#9181 = DIRECTION('',(0.628137008538,0.44130147981,0.640856382056));
#9182 = DEFINITIONAL_REPRESENTATION('',(#9183),#9186);
#9183 = B_SPLINE_CURVE_WITH_KNOTS('',1,(#9184,#9185),.UNSPECIFIED.,.F.,
  .F.,(2,2),(-12.02081528017,-9.192388155425),.PIECEWISE_BEZIER_KNOTS.);
#9184 = CARTESIAN_POINT('',(2.828427124746,-1.));
#9185 = CARTESIAN_POINT('',(0.,-1.));
#9186 = ( GEOMETRIC_REPRESENTATION_CONTEXT(2) 
PARAMETRIC_REPRESENTATION_CONTEXT() REPRESENTATION_CONTEXT('2D SPACE',''
  ) );
#9187 = ORIENTED_EDGE('',*,*,#9188,.T.);
#9188 = EDGE_CURVE('',#9163,#9104,#9189,.T.);
#9189 = SURFACE_CURVE('',#9190,(#9195,#9206),.PCURVE_S1.);
#9190 = CIRCLE('',#9191,1.3);
#9191 = AXIS2_PLACEMENT_3D('',#9192,#9193,#9194);
#9192 = CARTESIAN_POINT('',(-22.66939445173,64.731874664294,
    65.44044298739));
#9193 = DIRECTION('',(-0.768592593328,0.480269955675,0.422618261741));
#9194 = DIRECTION('',(-0.121282001903,-0.758019639319,0.640856382056));
#9195 = PCURVE('',#5730,#9196);
#9196 = DEFINITIONAL_REPRESENTATION('',(#9197),#9205);
#9197 = ( BOUNDED_CURVE() B_SPLINE_CURVE(2,(#9198,#9199,#9200,#9201,
#9202,#9203,#9204),.UNSPECIFIED.,.T.,.F.) B_SPLINE_CURVE_WITH_KNOTS((1,2
    ,2,2,2,1),(-2.094395102393,0.,2.094395102393,4.188790204786,
6.28318530718,8.377580409573),.UNSPECIFIED.) CURVE() 
GEOMETRIC_REPRESENTATION_ITEM() RATIONAL_B_SPLINE_CURVE((1.,0.5,1.,0.5,
1.,0.5,1.)) REPRESENTATION_ITEM('') );
#9198 = CARTESIAN_POINT('',(14.080761184457,15.919238815542));
#9199 = CARTESIAN_POINT('',(15.672929517267,17.511407148352));
#9200 = CARTESIAN_POINT('',(16.255703574176,15.336464758633));
#9201 = CARTESIAN_POINT('',(16.838477631085,13.161522368915));
#9202 = CARTESIAN_POINT('',(14.663535241367,13.744296425824));
#9203 = CARTESIAN_POINT('',(12.488592851648,14.327070482733));
#9204 = CARTESIAN_POINT('',(14.080761184457,15.919238815542));
#9205 = ( GEOMETRIC_REPRESENTATION_CONTEXT(2) 
PARAMETRIC_REPRESENTATION_CONTEXT() REPRESENTATION_CONTEXT('2D SPACE',''
  ) );
#9206 = PCURVE('',#9207,#9212);
#9207 = CYLINDRICAL_SURFACE('',#9208,1.3);
#9208 = AXIS2_PLACEMENT_3D('',#9209,#9210,#9211);
#9209 = CARTESIAN_POINT('',(-23.43798704506,65.21214461997,
    65.863061249131));
#9210 = DIRECTION('',(-0.768592593328,0.480269955675,0.422618261741));
#9211 = DIRECTION('',(-0.121282001903,-0.758019639319,0.640856382056));
#9212 = DEFINITIONAL_REPRESENTATION('',(#9213),#9217);
#9213 = LINE('',#9214,#9215);
#9214 = CARTESIAN_POINT('',(0.,-1.));
#9215 = VECTOR('',#9216,1.);
#9216 = DIRECTION('',(1.,0.));
#9217 = ( GEOMETRIC_REPRESENTATION_CONTEXT(2) 
PARAMETRIC_REPRESENTATION_CONTEXT() REPRESENTATION_CONTEXT('2D SPACE',''
  ) );
#9218 = ADVANCED_FACE('',(#9219),#6517,.T.);
#9219 = FACE_BOUND('',#9220,.F.);
#9220 = EDGE_LOOP('',(#9221,#9222,#9223,#9247,#9268,#9269,#9290,#9319));
#9221 = ORIENTED_EDGE('',*,*,#6618,.T.);
#9222 = ORIENTED_EDGE('',*,*,#6503,.T.);
#9223 = ORIENTED_EDGE('',*,*,#9224,.T.);
#9224 = EDGE_CURVE('',#6476,#9225,#9227,.T.);
#9225 = VERTEX_POINT('',#9226);
#9226 = CARTESIAN_POINT('',(-34.24173226899,54.813559488661,
    69.863005439478));
#9227 = SURFACE_CURVE('',#9228,(#9233,#9240),.PCURVE_S1.);
#9228 = CIRCLE('',#9229,6.);
#9229 = AXIS2_PLACEMENT_3D('',#9230,#9231,#9232);
#9230 = CARTESIAN_POINT('',(-37.94857196106,50.441269586344,
    68.090318070716));
#9231 = DIRECTION('',(-0.768592593328,0.480269955675,0.422618261741));
#9232 = DIRECTION('',(-0.617806615345,-0.72871498372,-0.295447894794));
#9233 = PCURVE('',#6517,#9234);
#9234 = DEFINITIONAL_REPRESENTATION('',(#9235),#9239);
#9235 = LINE('',#9236,#9237);
#9236 = CARTESIAN_POINT('',(-0.,-6.5));
#9237 = VECTOR('',#9238,1.);
#9238 = DIRECTION('',(-1.,0.));
#9239 = ( GEOMETRIC_REPRESENTATION_CONTEXT(2) 
PARAMETRIC_REPRESENTATION_CONTEXT() REPRESENTATION_CONTEXT('2D SPACE',''
  ) );
#9240 = PCURVE('',#6491,#9241);
#9241 = DEFINITIONAL_REPRESENTATION('',(#9242),#9246);
#9242 = CIRCLE('',#9243,6.);
#9243 = AXIS2_PLACEMENT_2D('',#9244,#9245);
#9244 = CARTESIAN_POINT('',(7.933916149875,23.008356834636));
#9245 = DIRECTION('',(0.945372981626,-0.325990683319));
#9246 = ( GEOMETRIC_REPRESENTATION_CONTEXT(2) 
PARAMETRIC_REPRESENTATION_CONTEXT() REPRESENTATION_CONTEXT('2D SPACE',''
  ) );
#9247 = ORIENTED_EDGE('',*,*,#9248,.F.);
#9248 = EDGE_CURVE('',#8936,#9225,#9249,.T.);
#9249 = SURFACE_CURVE('',#9250,(#9254,#9261),.PCURVE_S1.);
#9250 = LINE('',#9251,#9252);
#9251 = CARTESIAN_POINT('',(-29.24588041235,51.691804776772,
    67.115986738164));
#9252 = VECTOR('',#9253,1.);
#9253 = DIRECTION('',(-0.768592593328,0.480269955675,0.422618261741));
#9254 = PCURVE('',#6517,#9255);
#9255 = DEFINITIONAL_REPRESENTATION('',(#9256),#9260);
#9256 = LINE('',#9257,#9258);
#9257 = CARTESIAN_POINT('',(-3.14159265359,0.));
#9258 = VECTOR('',#9259,1.);
#9259 = DIRECTION('',(-0.,-1.));
#9260 = ( GEOMETRIC_REPRESENTATION_CONTEXT(2) 
PARAMETRIC_REPRESENTATION_CONTEXT() REPRESENTATION_CONTEXT('2D SPACE',''
  ) );
#9261 = PCURVE('',#8029,#9262);
#9262 = DEFINITIONAL_REPRESENTATION('',(#9263),#9267);
#9263 = LINE('',#9264,#9265);
#9264 = CARTESIAN_POINT('',(0.,0.));
#9265 = VECTOR('',#9266,1.);
#9266 = DIRECTION('',(-5.748577597662E-17,-1.));
#9267 = ( GEOMETRIC_REPRESENTATION_CONTEXT(2) 
PARAMETRIC_REPRESENTATION_CONTEXT() REPRESENTATION_CONTEXT('2D SPACE',''
  ) );
#9268 = ORIENTED_EDGE('',*,*,#8935,.T.);
#9269 = ORIENTED_EDGE('',*,*,#9270,.T.);
#9270 = EDGE_CURVE('',#8913,#9271,#9273,.T.);
#9271 = VERTEX_POINT('',#9272);
#9272 = CARTESIAN_POINT('',(-29.18182420777,51.460884763589,
    67.494903324111));
#9273 = SURFACE_CURVE('',#9274,(#9278,#9284),.PCURVE_S1.);
#9274 = LINE('',#9275,#9276);
#9275 = CARTESIAN_POINT('',(-29.18182420777,51.460884763589,
    67.494903324111));
#9276 = VECTOR('',#9277,1.);
#9277 = DIRECTION('',(0.768592593328,-0.480269955675,-0.422618261741));
#9278 = PCURVE('',#6517,#9279);
#9279 = DEFINITIONAL_REPRESENTATION('',(#9280),#9283);
#9280 = B_SPLINE_CURVE_WITH_KNOTS('',1,(#9281,#9282),.UNSPECIFIED.,.F.,
  .F.,(2,2),(-0.95,5.999999960935E-07),.PIECEWISE_BEZIER_KNOTS.);
#9281 = CARTESIAN_POINT('',(-3.066852618181,-0.95));
#9282 = CARTESIAN_POINT('',(-3.066852618181,6.000000014688E-07));
#9283 = ( GEOMETRIC_REPRESENTATION_CONTEXT(2) 
PARAMETRIC_REPRESENTATION_CONTEXT() REPRESENTATION_CONTEXT('2D SPACE',''
  ) );
#9284 = PCURVE('',#6658,#9285);
#9285 = DEFINITIONAL_REPRESENTATION('',(#9286),#9289);
#9286 = B_SPLINE_CURVE_WITH_KNOTS('',1,(#9287,#9288),.UNSPECIFIED.,.F.,
  .F.,(2,2),(-0.95,5.999999960935E-07),.PIECEWISE_BEZIER_KNOTS.);
#9287 = CARTESIAN_POINT('',(17.205499704092,0.45));
#9288 = CARTESIAN_POINT('',(17.205499704092,-0.5000006));
#9289 = ( GEOMETRIC_REPRESENTATION_CONTEXT(2) 
PARAMETRIC_REPRESENTATION_CONTEXT() REPRESENTATION_CONTEXT('2D SPACE',''
  ) );
#9290 = ORIENTED_EDGE('',*,*,#9291,.F.);
#9291 = EDGE_CURVE('',#9292,#9271,#9294,.T.);
#9292 = VERTEX_POINT('',#9293);
#9293 = CARTESIAN_POINT('',(-35.02190674566,42.114799025745,
    67.494903324111));
#9294 = SURFACE_CURVE('',#9295,(#9300,#9307),.PCURVE_S1.);
#9295 = CIRCLE('',#9296,6.);
#9296 = AXIS2_PLACEMENT_3D('',#9297,#9298,#9299);
#9297 = CARTESIAN_POINT('',(-32.95272010443,47.319514874454,
    65.343299369401));
#9298 = DIRECTION('',(-0.768592593328,0.480269955675,0.422618261741));
#9299 = DIRECTION('',(-0.617806615345,-0.72871498372,-0.295447894794));
#9300 = PCURVE('',#6517,#9301);
#9301 = DEFINITIONAL_REPRESENTATION('',(#9302),#9306);
#9302 = LINE('',#9303,#9304);
#9303 = CARTESIAN_POINT('',(-0.,0.));
#9304 = VECTOR('',#9305,1.);
#9305 = DIRECTION('',(-1.,0.));
#9306 = ( GEOMETRIC_REPRESENTATION_CONTEXT(2) 
PARAMETRIC_REPRESENTATION_CONTEXT() REPRESENTATION_CONTEXT('2D SPACE',''
  ) );
#9307 = PCURVE('',#9308,#9313);
#9308 = PLANE('',#9309);
#9309 = AXIS2_PLACEMENT_3D('',#9310,#9311,#9312);
#9310 = CARTESIAN_POINT('',(-36.99459427266,59.200660744476,
    44.490646403252));
#9311 = DIRECTION('',(-0.768592593328,0.480269955675,0.422618261741));
#9312 = DIRECTION('',(-0.529919264233,-0.848048096156,8.422940171363E-18
    ));
#9313 = DEFINITIONAL_REPRESENTATION('',(#9314),#9318);
#9314 = CIRCLE('',#9315,6.);
#9315 = AXIS2_PLACEMENT_2D('',#9316,#9317);
#9316 = CARTESIAN_POINT('',(7.933916149875,23.008356834636));
#9317 = DIRECTION('',(0.945372981626,-0.325990683319));
#9318 = ( GEOMETRIC_REPRESENTATION_CONTEXT(2) 
PARAMETRIC_REPRESENTATION_CONTEXT() REPRESENTATION_CONTEXT('2D SPACE',''
  ) );
#9319 = ORIENTED_EDGE('',*,*,#9320,.F.);
#9320 = EDGE_CURVE('',#6619,#9292,#9321,.T.);
#9321 = SURFACE_CURVE('',#9322,(#9326,#9332),.PCURVE_S1.);
#9322 = LINE('',#9323,#9324);
#9323 = CARTESIAN_POINT('',(-35.02190674566,42.114799025745,
    67.494903324111));
#9324 = VECTOR('',#9325,1.);
#9325 = DIRECTION('',(0.768592593328,-0.480269955675,-0.422618261741));
#9326 = PCURVE('',#6517,#9327);
#9327 = DEFINITIONAL_REPRESENTATION('',(#9328),#9331);
#9328 = B_SPLINE_CURVE_WITH_KNOTS('',1,(#9329,#9330),.UNSPECIFIED.,.F.,
  .F.,(2,2),(-0.95,5.999999960935E-07),.PIECEWISE_BEZIER_KNOTS.);
#9329 = CARTESIAN_POINT('',(-0.738858970494,-0.95));
#9330 = CARTESIAN_POINT('',(-0.738858970494,5.999999990263E-07));
#9331 = ( GEOMETRIC_REPRESENTATION_CONTEXT(2) 
PARAMETRIC_REPRESENTATION_CONTEXT() REPRESENTATION_CONTEXT('2D SPACE',''
  ) );
#9332 = PCURVE('',#6658,#9333);
#9333 = DEFINITIONAL_REPRESENTATION('',(#9334),#9337);
#9334 = B_SPLINE_CURVE_WITH_KNOTS('',1,(#9335,#9336),.UNSPECIFIED.,.F.,
  .F.,(2,2),(-0.95,5.999999960935E-07),.PIECEWISE_BEZIER_KNOTS.);
#9335 = CARTESIAN_POINT('',(28.226202162129,0.45));
#9336 = CARTESIAN_POINT('',(28.226202162129,-0.5000006));
#9337 = ( GEOMETRIC_REPRESENTATION_CONTEXT(2) 
PARAMETRIC_REPRESENTATION_CONTEXT() REPRESENTATION_CONTEXT('2D SPACE',''
  ) );
#9338 = ADVANCED_FACE('',(#9339),#6491,.T.);
#9339 = FACE_BOUND('',#9340,.T.);
#9340 = EDGE_LOOP('',(#9341,#9362,#9363,#9364));
#9341 = ORIENTED_EDGE('',*,*,#9342,.T.);
#9342 = EDGE_CURVE('',#9225,#8014,#9343,.T.);
#9343 = SURFACE_CURVE('',#9344,(#9348,#9355),.PCURVE_S1.);
#9344 = LINE('',#9345,#9346);
#9345 = CARTESIAN_POINT('',(-34.24173226899,54.813559488661,
    69.863005439478));
#9346 = VECTOR('',#9347,1.);
#9347 = DIRECTION('',(-0.166073512387,0.488175421522,-0.856798894902));
#9348 = PCURVE('',#6491,#9349);
#9349 = DEFINITIONAL_REPRESENTATION('',(#9350),#9354);
#9350 = LINE('',#9351,#9352);
#9351 = CARTESIAN_POINT('',(2.261678260117,24.964300934553));
#9352 = VECTOR('',#9353,1.);
#9353 = DIRECTION('',(-0.325990683319,-0.945372981626));
#9354 = ( GEOMETRIC_REPRESENTATION_CONTEXT(2) 
PARAMETRIC_REPRESENTATION_CONTEXT() REPRESENTATION_CONTEXT('2D SPACE',''
  ) );
#9355 = PCURVE('',#8029,#9356);
#9356 = DEFINITIONAL_REPRESENTATION('',(#9357),#9361);
#9357 = LINE('',#9358,#9359);
#9358 = CARTESIAN_POINT('',(2.658981175558E-15,-6.5));
#9359 = VECTOR('',#9360,1.);
#9360 = DIRECTION('',(1.,9.923882946946E-18));
#9361 = ( GEOMETRIC_REPRESENTATION_CONTEXT(2) 
PARAMETRIC_REPRESENTATION_CONTEXT() REPRESENTATION_CONTEXT('2D SPACE',''
  ) );
#9362 = ORIENTED_EDGE('',*,*,#8041,.T.);
#9363 = ORIENTED_EDGE('',*,*,#6475,.T.);
#9364 = ORIENTED_EDGE('',*,*,#9224,.T.);
#9365 = ADVANCED_FACE('',(#9366),#6555,.T.);
#9366 = FACE_BOUND('',#9367,.F.);
#9367 = EDGE_LOOP('',(#9368,#9369,#9388,#9389));
#9368 = ORIENTED_EDGE('',*,*,#6532,.T.);
#9369 = ORIENTED_EDGE('',*,*,#9370,.F.);
#9370 = EDGE_CURVE('',#7046,#6535,#9371,.T.);
#9371 = SURFACE_CURVE('',#9372,(#9376,#9382),.PCURVE_S1.);
#9372 = LINE('',#9373,#9374);
#9373 = CARTESIAN_POINT('',(-49.47912477208,43.161155365169,
    41.196361083613));
#9374 = VECTOR('',#9375,1.);
#9375 = DIRECTION('',(-0.768592593328,0.480269955675,0.422618261741));
#9376 = PCURVE('',#6555,#9377);
#9377 = DEFINITIONAL_REPRESENTATION('',(#9378),#9381);
#9378 = B_SPLINE_CURVE_WITH_KNOTS('',1,(#9379,#9380),.UNSPECIFIED.,.F.,
  .F.,(2,2),(-4.5,-1.037776980086E-14),.PIECEWISE_BEZIER_KNOTS.);
#9379 = CARTESIAN_POINT('',(-5.368141806142,-4.5));
#9380 = CARTESIAN_POINT('',(-5.368141806142,-5.739695607915E-15));
#9381 = ( GEOMETRIC_REPRESENTATION_CONTEXT(2) 
PARAMETRIC_REPRESENTATION_CONTEXT() REPRESENTATION_CONTEXT('2D SPACE',''
  ) );
#9382 = PCURVE('',#6717,#9383);
#9383 = DEFINITIONAL_REPRESENTATION('',(#9384),#9387);
#9384 = B_SPLINE_CURVE_WITH_KNOTS('',1,(#9385,#9386),.UNSPECIFIED.,.F.,
  .F.,(2,2),(-4.5000006,5.999999930906E-07),.PIECEWISE_BEZIER_KNOTS.);
#9385 = CARTESIAN_POINT('',(29.250384638146,-4.5000006));
#9386 = CARTESIAN_POINT('',(29.250384638146,6.000000024853E-07));
#9387 = ( GEOMETRIC_REPRESENTATION_CONTEXT(2) 
PARAMETRIC_REPRESENTATION_CONTEXT() REPRESENTATION_CONTEXT('2D SPACE',''
  ) );
#9388 = ORIENTED_EDGE('',*,*,#7068,.T.);
#9389 = ORIENTED_EDGE('',*,*,#9390,.T.);
#9390 = EDGE_CURVE('',#7069,#6533,#9391,.T.);
#9391 = SURFACE_CURVE('',#9392,(#9396,#9402),.PCURVE_S1.);
#9392 = LINE('',#9393,#9394);
#9393 = CARTESIAN_POINT('',(-48.49295849591,49.32475254564,
    35.985439908699));
#9394 = VECTOR('',#9395,1.);
#9395 = DIRECTION('',(-0.768592593328,0.480269955675,0.422618261741));
#9396 = PCURVE('',#6555,#9397);
#9397 = DEFINITIONAL_REPRESENTATION('',(#9398),#9401);
#9398 = B_SPLINE_CURVE_WITH_KNOTS('',1,(#9399,#9400),.UNSPECIFIED.,.F.,
  .F.,(2,2),(-4.5,-2.582283495008E-15),.PIECEWISE_BEZIER_KNOTS.);
#9399 = CARTESIAN_POINT('',(-8.769025135012,-4.5));
#9400 = CARTESIAN_POINT('',(-8.769025135012,-5.249654065501E-15));
#9401 = ( GEOMETRIC_REPRESENTATION_CONTEXT(2) 
PARAMETRIC_REPRESENTATION_CONTEXT() REPRESENTATION_CONTEXT('2D SPACE',''
  ) );
#9402 = PCURVE('',#6583,#9403);
#9403 = DEFINITIONAL_REPRESENTATION('',(#9404),#9407);
#9404 = B_SPLINE_CURVE_WITH_KNOTS('',1,(#9405,#9406),.UNSPECIFIED.,.F.,
  .F.,(2,2),(-4.5000006,6.000000049672E-07),.PIECEWISE_BEZIER_KNOTS.);
#9405 = CARTESIAN_POINT('',(5.749615361854,-4.5000006));
#9406 = CARTESIAN_POINT('',(5.749615361854,6.000000099936E-07));
#9407 = ( GEOMETRIC_REPRESENTATION_CONTEXT(2) 
PARAMETRIC_REPRESENTATION_CONTEXT() REPRESENTATION_CONTEXT('2D SPACE',''
  ) );
#9408 = ADVANCED_FACE('',(#9409),#6717,.F.);
#9409 = FACE_BOUND('',#9410,.F.);
#9410 = EDGE_LOOP('',(#9411,#9412,#9431,#9432));
#9411 = ORIENTED_EDGE('',*,*,#6703,.F.);
#9412 = ORIENTED_EDGE('',*,*,#9413,.F.);
#9413 = EDGE_CURVE('',#7022,#6671,#9414,.T.);
#9414 = SURFACE_CURVE('',#9415,(#9419,#9425),.PCURVE_S1.);
#9415 = LINE('',#9416,#9417);
#9416 = CARTESIAN_POINT('',(-41.05643467464,37.898074462647,
    62.495291280068));
#9417 = VECTOR('',#9418,1.);
#9418 = DIRECTION('',(-0.768592593328,0.480269955675,0.422618261741));
#9419 = PCURVE('',#6717,#9420);
#9420 = DEFINITIONAL_REPRESENTATION('',(#9421),#9424);
#9421 = B_SPLINE_CURVE_WITH_KNOTS('',1,(#9422,#9423),.UNSPECIFIED.,.F.,
  .F.,(2,2),(-4.5000006,6.000000019643E-07),.PIECEWISE_BEZIER_KNOTS.);
#9422 = CARTESIAN_POINT('',(5.749615361854,-4.5000006));
#9423 = CARTESIAN_POINT('',(5.749615361854,5.999999992448E-07));
#9424 = ( GEOMETRIC_REPRESENTATION_CONTEXT(2) 
PARAMETRIC_REPRESENTATION_CONTEXT() REPRESENTATION_CONTEXT('2D SPACE',''
  ) );
#9425 = PCURVE('',#6691,#9426);
#9426 = DEFINITIONAL_REPRESENTATION('',(#9427),#9430);
#9427 = B_SPLINE_CURVE_WITH_KNOTS('',1,(#9428,#9429),.UNSPECIFIED.,.F.,
  .F.,(2,2),(-4.5,2.461723716794E-15),.PIECEWISE_BEZIER_KNOTS.);
#9428 = CARTESIAN_POINT('',(-7.198228808217,-4.5));
#9429 = CARTESIAN_POINT('',(-7.198228808217,1.714711302341E-15));
#9430 = ( GEOMETRIC_REPRESENTATION_CONTEXT(2) 
PARAMETRIC_REPRESENTATION_CONTEXT() REPRESENTATION_CONTEXT('2D SPACE',''
  ) );
#9431 = ORIENTED_EDGE('',*,*,#7045,.T.);
#9432 = ORIENTED_EDGE('',*,*,#9370,.T.);
#9433 = ADVANCED_FACE('',(#9434),#6691,.T.);
#9434 = FACE_BOUND('',#9435,.F.);
#9435 = EDGE_LOOP('',(#9436,#9437,#9456,#9457));
#9436 = ORIENTED_EDGE('',*,*,#6670,.T.);
#9437 = ORIENTED_EDGE('',*,*,#9438,.F.);
#9438 = EDGE_CURVE('',#7020,#6643,#9439,.T.);
#9439 = SURFACE_CURVE('',#9440,(#9444,#9450),.PCURVE_S1.);
#9440 = LINE('',#9441,#9442);
#9441 = CARTESIAN_POINT('',(-35.94893706646,41.48637800468,
    67.706212454982));
#9442 = VECTOR('',#9443,1.);
#9443 = DIRECTION('',(-0.768592593328,0.480269955675,0.422618261741));
#9444 = PCURVE('',#6691,#9445);
#9445 = DEFINITIONAL_REPRESENTATION('',(#9446),#9449);
#9446 = B_SPLINE_CURVE_WITH_KNOTS('',1,(#9447,#9448),.UNSPECIFIED.,.F.,
  .F.,(2,2),(-4.5,3.278031268199E-15),.PIECEWISE_BEZIER_KNOTS.);
#9447 = CARTESIAN_POINT('',(-3.797345479348,-4.5));
#9448 = CARTESIAN_POINT('',(-3.797345479348,3.164563084822E-15));
#9449 = ( GEOMETRIC_REPRESENTATION_CONTEXT(2) 
PARAMETRIC_REPRESENTATION_CONTEXT() REPRESENTATION_CONTEXT('2D SPACE',''
  ) );
#9450 = PCURVE('',#6658,#9451);
#9451 = DEFINITIONAL_REPRESENTATION('',(#9452),#9455);
#9452 = B_SPLINE_CURVE_WITH_KNOTS('',1,(#9453,#9454),.UNSPECIFIED.,.F.,
  .F.,(2,2),(-4.5000006,6.000000015547E-07),.PIECEWISE_BEZIER_KNOTS.);
#9453 = CARTESIAN_POINT('',(29.250384638146,-4.5000006));
#9454 = CARTESIAN_POINT('',(29.250384638146,5.99999999299E-07));
#9455 = ( GEOMETRIC_REPRESENTATION_CONTEXT(2) 
PARAMETRIC_REPRESENTATION_CONTEXT() REPRESENTATION_CONTEXT('2D SPACE',''
  ) );
#9456 = ORIENTED_EDGE('',*,*,#7019,.T.);
#9457 = ORIENTED_EDGE('',*,*,#9413,.T.);
#9458 = ADVANCED_FACE('',(#9459),#6658,.F.);
#9459 = FACE_BOUND('',#9460,.F.);
#9460 = EDGE_LOOP('',(#9461,#9462,#9481,#9482,#9483,#9484,#9485,#9504));
#9461 = ORIENTED_EDGE('',*,*,#8912,.F.);
#9462 = ORIENTED_EDGE('',*,*,#9463,.F.);
#9463 = EDGE_CURVE('',#7281,#8889,#9464,.T.);
#9464 = SURFACE_CURVE('',#9465,(#9469,#9475),.PCURVE_S1.);
#9465 = LINE('',#9466,#9467);
#9466 = CARTESIAN_POINT('',(-23.49542670265,61.41616064765,
    67.706212454982));
#9467 = VECTOR('',#9468,1.);
#9468 = DIRECTION('',(-0.768592593328,0.480269955675,0.422618261741));
#9469 = PCURVE('',#6658,#9470);
#9470 = DEFINITIONAL_REPRESENTATION('',(#9471),#9474);
#9471 = B_SPLINE_CURVE_WITH_KNOTS('',1,(#9472,#9473),.UNSPECIFIED.,.F.,
  .F.,(2,2),(-4.5000006,6.000000056491E-07),.PIECEWISE_BEZIER_KNOTS.);
#9472 = CARTESIAN_POINT('',(5.749615361854,-4.5000006));
#9473 = CARTESIAN_POINT('',(5.749615361854,5.999999958698E-07));
#9474 = ( GEOMETRIC_REPRESENTATION_CONTEXT(2) 
PARAMETRIC_REPRESENTATION_CONTEXT() REPRESENTATION_CONTEXT('2D SPACE',''
  ) );
#9475 = PCURVE('',#7297,#9476);
#9476 = DEFINITIONAL_REPRESENTATION('',(#9477),#9480);
#9477 = B_SPLINE_CURVE_WITH_KNOTS('',1,(#9478,#9479),.UNSPECIFIED.,.F.,
  .F.,(2,2),(-4.5000006,6.000000056491E-07),.PIECEWISE_BEZIER_KNOTS.);
#9478 = CARTESIAN_POINT('',(-5.627432481422,-4.5000006));
#9479 = CARTESIAN_POINT('',(-5.627432481422,6.000000010948E-07));
#9480 = ( GEOMETRIC_REPRESENTATION_CONTEXT(2) 
PARAMETRIC_REPRESENTATION_CONTEXT() REPRESENTATION_CONTEXT('2D SPACE',''
  ) );
#9481 = ORIENTED_EDGE('',*,*,#7309,.T.);
#9482 = ORIENTED_EDGE('',*,*,#9438,.T.);
#9483 = ORIENTED_EDGE('',*,*,#6642,.F.);
#9484 = ORIENTED_EDGE('',*,*,#9320,.T.);
#9485 = ORIENTED_EDGE('',*,*,#9486,.T.);
#9486 = EDGE_CURVE('',#9292,#9271,#9487,.T.);
#9487 = SURFACE_CURVE('',#9488,(#9492,#9498),.PCURVE_S1.);
#9488 = LINE('',#9489,#9490);
#9489 = CARTESIAN_POINT('',(-23.98091446595,59.784080205849,
    67.494903324111));
#9490 = VECTOR('',#9491,1.);
#9491 = DIRECTION('',(0.529919264233,0.848048096156,4.496009815104E-16)
  );
#9492 = PCURVE('',#6658,#9493);
#9493 = DEFINITIONAL_REPRESENTATION('',(#9494),#9497);
#9494 = B_SPLINE_CURVE_WITH_KNOTS('',1,(#9495,#9496),.UNSPECIFIED.,.F.,
  .F.,(2,2),(-21.32488354149,1.641352029764),.PIECEWISE_BEZIER_KNOTS.);
#9495 = CARTESIAN_POINT('',(28.71585093311,-0.5));
#9496 = CARTESIAN_POINT('',(5.749615361854,-0.5));
#9497 = ( GEOMETRIC_REPRESENTATION_CONTEXT(2) 
PARAMETRIC_REPRESENTATION_CONTEXT() REPRESENTATION_CONTEXT('2D SPACE',''
  ) );
#9498 = PCURVE('',#9308,#9499);
#9499 = DEFINITIONAL_REPRESENTATION('',(#9500),#9503);
#9500 = B_SPLINE_CURVE_WITH_KNOTS('',1,(#9501,#9502),.UNSPECIFIED.,.F.,
  .F.,(2,2),(-21.32488354149,1.641352029764),.PIECEWISE_BEZIER_KNOTS.);
#9501 = CARTESIAN_POINT('',(13.933916149875,25.382389128616));
#9502 = CARTESIAN_POINT('',(-9.032319421381,25.382389128616));
#9503 = ( GEOMETRIC_REPRESENTATION_CONTEXT(2) 
PARAMETRIC_REPRESENTATION_CONTEXT() REPRESENTATION_CONTEXT('2D SPACE',''
  ) );
#9504 = ORIENTED_EDGE('',*,*,#9270,.F.);
#9505 = ADVANCED_FACE('',(#9506),#6583,.F.);
#9506 = FACE_BOUND('',#9507,.F.);
#9507 = EDGE_LOOP('',(#9508,#9509,#9510,#9511));
#9508 = ORIENTED_EDGE('',*,*,#6567,.F.);
#9509 = ORIENTED_EDGE('',*,*,#9390,.F.);
#9510 = ORIENTED_EDGE('',*,*,#7092,.T.);
#9511 = ORIENTED_EDGE('',*,*,#6997,.F.);
#9512 = ADVANCED_FACE('',(#9513),#6748,.F.);
#9513 = FACE_BOUND('',#9514,.F.);
#9514 = EDGE_LOOP('',(#9515,#9516,#9539,#9565));
#9515 = ORIENTED_EDGE('',*,*,#6731,.T.);
#9516 = ORIENTED_EDGE('',*,*,#9517,.T.);
#9517 = EDGE_CURVE('',#6734,#9518,#9520,.T.);
#9518 = VERTEX_POINT('',#9519);
#9519 = CARTESIAN_POINT('',(-41.62023994139,44.640628468232,
    36.061074690636));
#9520 = SURFACE_CURVE('',#9521,(#9525,#9532),.PCURVE_S1.);
#9521 = LINE('',#9522,#9523);
#9522 = CARTESIAN_POINT('',(-48.15327698468,48.722923091472,
    39.653329915432));
#9523 = VECTOR('',#9524,1.);
#9524 = DIRECTION('',(0.768592593328,-0.480269955675,-0.422618261741));
#9525 = PCURVE('',#6748,#9526);
#9526 = DEFINITIONAL_REPRESENTATION('',(#9527),#9531);
#9527 = LINE('',#9528,#9529);
#9528 = CARTESIAN_POINT('',(-0.,0.));
#9529 = VECTOR('',#9530,1.);
#9530 = DIRECTION('',(-1.775206544715E-17,-1.));
#9531 = ( GEOMETRIC_REPRESENTATION_CONTEXT(2) 
PARAMETRIC_REPRESENTATION_CONTEXT() REPRESENTATION_CONTEXT('2D SPACE',''
  ) );
#9532 = PCURVE('',#6837,#9533);
#9533 = DEFINITIONAL_REPRESENTATION('',(#9534),#9538);
#9534 = LINE('',#9535,#9536);
#9535 = CARTESIAN_POINT('',(3.14159265359,0.));
#9536 = VECTOR('',#9537,1.);
#9537 = DIRECTION('',(0.,-1.));
#9538 = ( GEOMETRIC_REPRESENTATION_CONTEXT(2) 
PARAMETRIC_REPRESENTATION_CONTEXT() REPRESENTATION_CONTEXT('2D SPACE',''
  ) );
#9539 = ORIENTED_EDGE('',*,*,#9540,.T.);
#9540 = EDGE_CURVE('',#9518,#9541,#9543,.T.);
#9541 = VERTEX_POINT('',#9542);
#9542 = CARTESIAN_POINT('',(-43.3968796944,43.392439392546,
    34.248459116563));
#9543 = SURFACE_CURVE('',#9544,(#9548,#9554),.PCURVE_S1.);
#9544 = LINE('',#9545,#9546);
#9545 = CARTESIAN_POINT('',(-42.06439987964,44.32858119931,
    35.607920797118));
#9546 = VECTOR('',#9547,1.);
#9547 = DIRECTION('',(-0.628137008538,-0.44130147981,-0.640856382056));
#9548 = PCURVE('',#6748,#9549);
#9549 = DEFINITIONAL_REPRESENTATION('',(#9550),#9553);
#9550 = B_SPLINE_CURVE_WITH_KNOTS('',1,(#9551,#9552),.UNSPECIFIED.,.F.,
  .F.,(2,2),(-0.707106781187,2.12132034356),.PIECEWISE_BEZIER_KNOTS.);
#9551 = CARTESIAN_POINT('',(-3.330669073875E-15,-8.5));
#9552 = CARTESIAN_POINT('',(2.828427124746,-8.5));
#9553 = ( GEOMETRIC_REPRESENTATION_CONTEXT(2) 
PARAMETRIC_REPRESENTATION_CONTEXT() REPRESENTATION_CONTEXT('2D SPACE',''
  ) );
#9554 = PCURVE('',#9555,#9560);
#9555 = PLANE('',#9556);
#9556 = AXIS2_PLACEMENT_3D('',#9557,#9558,#9559);
#9557 = CARTESIAN_POINT('',(-42.66622642037,43.031108399275,
    35.987880200272));
#9558 = DIRECTION('',(-0.768592593328,0.480269955675,0.422618261741));
#9559 = DIRECTION('',(-0.529919264233,-0.848048096156,
    -4.935829116417E-18));
#9560 = DEFINITIONAL_REPRESENTATION('',(#9561),#9564);
#9561 = B_SPLINE_CURVE_WITH_KNOTS('',1,(#9562,#9563),.UNSPECIFIED.,.F.,
  .F.,(2,2),(-0.707106781187,2.12132034356),.PIECEWISE_BEZIER_KNOTS.);
#9562 = CARTESIAN_POINT('',(-1.919238815543,8.076118445749E-02));
#9563 = CARTESIAN_POINT('',(8.076118445749E-02,-1.919238815543));
#9564 = ( GEOMETRIC_REPRESENTATION_CONTEXT(2) 
PARAMETRIC_REPRESENTATION_CONTEXT() REPRESENTATION_CONTEXT('2D SPACE',''
  ) );
#9565 = ORIENTED_EDGE('',*,*,#9566,.F.);
#9566 = EDGE_CURVE('',#6732,#9541,#9567,.T.);
#9567 = SURFACE_CURVE('',#9568,(#9572,#9579),.PCURVE_S1.);
#9568 = LINE('',#9569,#9570);
#9569 = CARTESIAN_POINT('',(-49.92991673769,47.474734015785,
    37.840714341359));
#9570 = VECTOR('',#9571,1.);
#9571 = DIRECTION('',(0.768592593328,-0.480269955675,-0.422618261741));
#9572 = PCURVE('',#6748,#9573);
#9573 = DEFINITIONAL_REPRESENTATION('',(#9574),#9578);
#9574 = LINE('',#9575,#9576);
#9575 = CARTESIAN_POINT('',(2.828427124746,2.146556229119E-16));
#9576 = VECTOR('',#9577,1.);
#9577 = DIRECTION('',(-1.775206544715E-17,-1.));
#9578 = ( GEOMETRIC_REPRESENTATION_CONTEXT(2) 
PARAMETRIC_REPRESENTATION_CONTEXT() REPRESENTATION_CONTEXT('2D SPACE',''
  ) );
#9579 = PCURVE('',#6780,#9580);
#9580 = DEFINITIONAL_REPRESENTATION('',(#9581),#9585);
#9581 = LINE('',#9582,#9583);
#9582 = CARTESIAN_POINT('',(0.,0.));
#9583 = VECTOR('',#9584,1.);
#9584 = DIRECTION('',(0.,-1.));
#9585 = ( GEOMETRIC_REPRESENTATION_CONTEXT(2) 
PARAMETRIC_REPRESENTATION_CONTEXT() REPRESENTATION_CONTEXT('2D SPACE',''
  ) );
#9586 = ADVANCED_FACE('',(#9587),#6780,.F.);
#9587 = FACE_BOUND('',#9588,.F.);
#9588 = EDGE_LOOP('',(#9589,#9590,#9591,#9615));
#9589 = ORIENTED_EDGE('',*,*,#6759,.F.);
#9590 = ORIENTED_EDGE('',*,*,#9566,.T.);
#9591 = ORIENTED_EDGE('',*,*,#9592,.T.);
#9592 = EDGE_CURVE('',#9541,#9593,#9595,.T.);
#9593 = VERTEX_POINT('',#9594);
#9594 = CARTESIAN_POINT('',(-43.71221289934,41.421588330317,
    35.914685709908));
#9595 = SURFACE_CURVE('',#9596,(#9601,#9608),.PCURVE_S1.);
#9596 = CIRCLE('',#9597,1.3);
#9597 = AXIS2_PLACEMENT_3D('',#9598,#9599,#9600);
#9598 = CARTESIAN_POINT('',(-43.55454629687,42.407013861431,
    35.081572413235));
#9599 = DIRECTION('',(-0.768592593328,0.480269955675,0.422618261741));
#9600 = DIRECTION('',(0.121282001903,0.758019639319,-0.640856382056));
#9601 = PCURVE('',#6780,#9602);
#9602 = DEFINITIONAL_REPRESENTATION('',(#9603),#9607);
#9603 = LINE('',#9604,#9605);
#9604 = CARTESIAN_POINT('',(0.,-8.5));
#9605 = VECTOR('',#9606,1.);
#9606 = DIRECTION('',(1.,0.));
#9607 = ( GEOMETRIC_REPRESENTATION_CONTEXT(2) 
PARAMETRIC_REPRESENTATION_CONTEXT() REPRESENTATION_CONTEXT('2D SPACE',''
  ) );
#9608 = PCURVE('',#9555,#9609);
#9609 = DEFINITIONAL_REPRESENTATION('',(#9610),#9614);
#9610 = CIRCLE('',#9611,1.3);
#9611 = AXIS2_PLACEMENT_2D('',#9612,#9613);
#9612 = CARTESIAN_POINT('',(1.,-1.));
#9613 = DIRECTION('',(-0.707106781187,-0.707106781187));
#9614 = ( GEOMETRIC_REPRESENTATION_CONTEXT(2) 
PARAMETRIC_REPRESENTATION_CONTEXT() REPRESENTATION_CONTEXT('2D SPACE',''
  ) );
#9615 = ORIENTED_EDGE('',*,*,#9616,.F.);
#9616 = EDGE_CURVE('',#6760,#9593,#9617,.T.);
#9617 = SURFACE_CURVE('',#9618,(#9622,#9629),.PCURVE_S1.);
#9618 = LINE('',#9619,#9620);
#9619 = CARTESIAN_POINT('',(-50.24524994263,45.503882953557,
    39.506940934704));
#9620 = VECTOR('',#9621,1.);
#9621 = DIRECTION('',(0.768592593328,-0.480269955675,-0.422618261741));
#9622 = PCURVE('',#6780,#9623);
#9623 = DEFINITIONAL_REPRESENTATION('',(#9624),#9628);
#9624 = LINE('',#9625,#9626);
#9625 = CARTESIAN_POINT('',(3.14159265359,0.));
#9626 = VECTOR('',#9627,1.);
#9627 = DIRECTION('',(0.,-1.));
#9628 = ( GEOMETRIC_REPRESENTATION_CONTEXT(2) 
PARAMETRIC_REPRESENTATION_CONTEXT() REPRESENTATION_CONTEXT('2D SPACE',''
  ) );
#9629 = PCURVE('',#6807,#9630);
#9630 = DEFINITIONAL_REPRESENTATION('',(#9631),#9635);
#9631 = LINE('',#9632,#9633);
#9632 = CARTESIAN_POINT('',(0.,0.));
#9633 = VECTOR('',#9634,1.);
#9634 = DIRECTION('',(1.775206544715E-17,-1.));
#9635 = ( GEOMETRIC_REPRESENTATION_CONTEXT(2) 
PARAMETRIC_REPRESENTATION_CONTEXT() REPRESENTATION_CONTEXT('2D SPACE',''
  ) );
#9636 = ADVANCED_FACE('',(#9637),#6837,.F.);
#9637 = FACE_BOUND('',#9638,.F.);
#9638 = EDGE_LOOP('',(#9639,#9640,#9663,#9685));
#9639 = ORIENTED_EDGE('',*,*,#6818,.F.);
#9640 = ORIENTED_EDGE('',*,*,#9641,.T.);
#9641 = EDGE_CURVE('',#6793,#9642,#9644,.T.);
#9642 = VERTEX_POINT('',#9643);
#9643 = CARTESIAN_POINT('',(-41.93557314634,42.669777406004,
    37.727301283981));
#9644 = SURFACE_CURVE('',#9645,(#9649,#9656),.PCURVE_S1.);
#9645 = LINE('',#9646,#9647);
#9646 = CARTESIAN_POINT('',(-48.46861018963,46.752072029244,
    41.319556508777));
#9647 = VECTOR('',#9648,1.);
#9648 = DIRECTION('',(0.768592593328,-0.480269955675,-0.422618261741));
#9649 = PCURVE('',#6837,#9650);
#9650 = DEFINITIONAL_REPRESENTATION('',(#9651),#9655);
#9651 = LINE('',#9652,#9653);
#9652 = CARTESIAN_POINT('',(0.,0.));
#9653 = VECTOR('',#9654,1.);
#9654 = DIRECTION('',(0.,-1.));
#9655 = ( GEOMETRIC_REPRESENTATION_CONTEXT(2) 
PARAMETRIC_REPRESENTATION_CONTEXT() REPRESENTATION_CONTEXT('2D SPACE',''
  ) );
#9656 = PCURVE('',#6807,#9657);
#9657 = DEFINITIONAL_REPRESENTATION('',(#9658),#9662);
#9658 = LINE('',#9659,#9660);
#9659 = CARTESIAN_POINT('',(2.828427124746,-2.146556229119E-16));
#9660 = VECTOR('',#9661,1.);
#9661 = DIRECTION('',(1.775206544715E-17,-1.));
#9662 = ( GEOMETRIC_REPRESENTATION_CONTEXT(2) 
PARAMETRIC_REPRESENTATION_CONTEXT() REPRESENTATION_CONTEXT('2D SPACE',''
  ) );
#9663 = ORIENTED_EDGE('',*,*,#9664,.T.);
#9664 = EDGE_CURVE('',#9642,#9518,#9665,.T.);
#9665 = SURFACE_CURVE('',#9666,(#9671,#9678),.PCURVE_S1.);
#9666 = CIRCLE('',#9667,1.3);
#9667 = AXIS2_PLACEMENT_3D('',#9668,#9669,#9670);
#9668 = CARTESIAN_POINT('',(-41.77790654386,43.655202937118,
    36.894187987309));
#9669 = DIRECTION('',(-0.768592593328,0.480269955675,0.422618261741));
#9670 = DIRECTION('',(-0.121282001903,-0.758019639319,0.640856382056));
#9671 = PCURVE('',#6837,#9672);
#9672 = DEFINITIONAL_REPRESENTATION('',(#9673),#9677);
#9673 = LINE('',#9674,#9675);
#9674 = CARTESIAN_POINT('',(-4.919160339616E-17,-8.5));
#9675 = VECTOR('',#9676,1.);
#9676 = DIRECTION('',(1.,0.));
#9677 = ( GEOMETRIC_REPRESENTATION_CONTEXT(2) 
PARAMETRIC_REPRESENTATION_CONTEXT() REPRESENTATION_CONTEXT('2D SPACE',''
  ) );
#9678 = PCURVE('',#9555,#9679);
#9679 = DEFINITIONAL_REPRESENTATION('',(#9680),#9684);
#9680 = CIRCLE('',#9681,1.3);
#9681 = AXIS2_PLACEMENT_2D('',#9682,#9683);
#9682 = CARTESIAN_POINT('',(-1.,1.));
#9683 = DIRECTION('',(0.707106781187,0.707106781187));
#9684 = ( GEOMETRIC_REPRESENTATION_CONTEXT(2) 
PARAMETRIC_REPRESENTATION_CONTEXT() REPRESENTATION_CONTEXT('2D SPACE',''
  ) );
#9685 = ORIENTED_EDGE('',*,*,#9517,.F.);
#9686 = ADVANCED_FACE('',(#9687),#6807,.F.);
#9687 = FACE_BOUND('',#9688,.F.);
#9688 = EDGE_LOOP('',(#9689,#9690,#9691,#9710));
#9689 = ORIENTED_EDGE('',*,*,#6792,.T.);
#9690 = ORIENTED_EDGE('',*,*,#9616,.T.);
#9691 = ORIENTED_EDGE('',*,*,#9692,.T.);
#9692 = EDGE_CURVE('',#9593,#9642,#9693,.T.);
#9693 = SURFACE_CURVE('',#9694,(#9698,#9704),.PCURVE_S1.);
#9694 = LINE('',#9695,#9696);
#9695 = CARTESIAN_POINT('',(-43.26805296109,41.733635599239,
    36.367839603426));
#9696 = VECTOR('',#9697,1.);
#9697 = DIRECTION('',(0.628137008538,0.44130147981,0.640856382056));
#9698 = PCURVE('',#6807,#9699);
#9699 = DEFINITIONAL_REPRESENTATION('',(#9700),#9703);
#9700 = B_SPLINE_CURVE_WITH_KNOTS('',1,(#9701,#9702),.UNSPECIFIED.,.F.,
  .F.,(2,2),(-0.707106781187,2.12132034356),.PIECEWISE_BEZIER_KNOTS.);
#9701 = CARTESIAN_POINT('',(0.,-8.5));
#9702 = CARTESIAN_POINT('',(2.828427124746,-8.5));
#9703 = ( GEOMETRIC_REPRESENTATION_CONTEXT(2) 
PARAMETRIC_REPRESENTATION_CONTEXT() REPRESENTATION_CONTEXT('2D SPACE',''
  ) );
#9704 = PCURVE('',#9555,#9705);
#9705 = DEFINITIONAL_REPRESENTATION('',(#9706),#9709);
#9706 = B_SPLINE_CURVE_WITH_KNOTS('',1,(#9707,#9708),.UNSPECIFIED.,.F.,
  .F.,(2,2),(-0.707106781187,2.12132034356),.PIECEWISE_BEZIER_KNOTS.);
#9707 = CARTESIAN_POINT('',(1.919238815543,-8.076118445749E-02));
#9708 = CARTESIAN_POINT('',(-8.076118445749E-02,1.919238815543));
#9709 = ( GEOMETRIC_REPRESENTATION_CONTEXT(2) 
PARAMETRIC_REPRESENTATION_CONTEXT() REPRESENTATION_CONTEXT('2D SPACE',''
  ) );
#9710 = ORIENTED_EDGE('',*,*,#9641,.F.);
#9711 = ADVANCED_FACE('',(#9712),#6868,.F.);
#9712 = FACE_BOUND('',#9713,.F.);
#9713 = EDGE_LOOP('',(#9714,#9715,#9738,#9764));
#9714 = ORIENTED_EDGE('',*,*,#6851,.T.);
#9715 = ORIENTED_EDGE('',*,*,#9716,.T.);
#9716 = EDGE_CURVE('',#6854,#9717,#9719,.T.);
#9717 = VERTEX_POINT('',#9718);
#9718 = CARTESIAN_POINT('',(-33.27606873594,37.258718497222,
    59.625077153589));
#9719 = SURFACE_CURVE('',#9720,(#9724,#9731),.PCURVE_S1.);
#9720 = LINE('',#9721,#9722);
#9721 = CARTESIAN_POINT('',(-39.80910577923,41.341013120462,
    63.217332378385));
#9722 = VECTOR('',#9723,1.);
#9723 = DIRECTION('',(0.768592593328,-0.480269955675,-0.422618261741));
#9724 = PCURVE('',#6868,#9725);
#9725 = DEFINITIONAL_REPRESENTATION('',(#9726),#9730);
#9726 = LINE('',#9727,#9728);
#9727 = CARTESIAN_POINT('',(0.,0.));
#9728 = VECTOR('',#9729,1.);
#9729 = DIRECTION('',(-3.775908578411E-17,-1.));
#9730 = ( GEOMETRIC_REPRESENTATION_CONTEXT(2) 
PARAMETRIC_REPRESENTATION_CONTEXT() REPRESENTATION_CONTEXT('2D SPACE',''
  ) );
#9731 = PCURVE('',#6957,#9732);
#9732 = DEFINITIONAL_REPRESENTATION('',(#9733),#9737);
#9733 = LINE('',#9734,#9735);
#9734 = CARTESIAN_POINT('',(3.14159265359,0.));
#9735 = VECTOR('',#9736,1.);
#9736 = DIRECTION('',(0.,-1.));
#9737 = ( GEOMETRIC_REPRESENTATION_CONTEXT(2) 
PARAMETRIC_REPRESENTATION_CONTEXT() REPRESENTATION_CONTEXT('2D SPACE',''
  ) );
#9738 = ORIENTED_EDGE('',*,*,#9739,.T.);
#9739 = EDGE_CURVE('',#9717,#9740,#9742,.T.);
#9740 = VERTEX_POINT('',#9741);
#9741 = CARTESIAN_POINT('',(-33.61910603987,35.114715188283,
    61.437692727662));
#9742 = SURFACE_CURVE('',#9743,(#9747,#9753),.PCURVE_S1.);
#9743 = LINE('',#9744,#9745);
#9744 = CARTESIAN_POINT('',(-33.36182806192,36.722717669988,
    60.078231047107));
#9745 = VECTOR('',#9746,1.);
#9746 = DIRECTION('',(-0.121282001903,-0.758019639319,0.640856382056));
#9747 = PCURVE('',#6868,#9748);
#9748 = DEFINITIONAL_REPRESENTATION('',(#9749),#9752);
#9749 = B_SPLINE_CURVE_WITH_KNOTS('',1,(#9750,#9751),.UNSPECIFIED.,.F.,
  .F.,(2,2),(-0.707106781187,2.12132034356),.PIECEWISE_BEZIER_KNOTS.);
#9750 = CARTESIAN_POINT('',(-3.330669073875E-16,-8.5));
#9751 = CARTESIAN_POINT('',(2.828427124746,-8.5));
#9752 = ( GEOMETRIC_REPRESENTATION_CONTEXT(2) 
PARAMETRIC_REPRESENTATION_CONTEXT() REPRESENTATION_CONTEXT('2D SPACE',''
  ) );
#9753 = PCURVE('',#9754,#9759);
#9754 = PLANE('',#9755);
#9755 = AXIS2_PLACEMENT_3D('',#9756,#9757,#9758);
#9756 = CARTESIAN_POINT('',(-32.6310092768,36.760408766506,
    61.364498237298));
#9757 = DIRECTION('',(-0.768592593328,0.480269955675,0.422618261741));
#9758 = DIRECTION('',(-0.529919264233,-0.848048096156,2.084291850699E-18
    ));
#9759 = DEFINITIONAL_REPRESENTATION('',(#9760),#9763);
#9760 = B_SPLINE_CURVE_WITH_KNOTS('',1,(#9761,#9762),.UNSPECIFIED.,.F.,
  .F.,(2,2),(-0.707106781187,2.12132034356),.PIECEWISE_BEZIER_KNOTS.);
#9761 = CARTESIAN_POINT('',(-8.076118445748E-02,-1.919238815543));
#9762 = CARTESIAN_POINT('',(1.919238815543,8.076118445749E-02));
#9763 = ( GEOMETRIC_REPRESENTATION_CONTEXT(2) 
PARAMETRIC_REPRESENTATION_CONTEXT() REPRESENTATION_CONTEXT('2D SPACE',''
  ) );
#9764 = ORIENTED_EDGE('',*,*,#9765,.F.);
#9765 = EDGE_CURVE('',#6852,#9740,#9766,.T.);
#9766 = SURFACE_CURVE('',#9767,(#9771,#9778),.PCURVE_S1.);
#9767 = LINE('',#9768,#9769);
#9768 = CARTESIAN_POINT('',(-40.15214308316,39.197009811523,
    65.029947952458));
#9769 = VECTOR('',#9770,1.);
#9770 = DIRECTION('',(0.768592593328,-0.480269955675,-0.422618261741));
#9771 = PCURVE('',#6868,#9772);
#9772 = DEFINITIONAL_REPRESENTATION('',(#9773),#9777);
#9773 = LINE('',#9774,#9775);
#9774 = CARTESIAN_POINT('',(2.828427124746,1.444963271939E-16));
#9775 = VECTOR('',#9776,1.);
#9776 = DIRECTION('',(-3.775908578411E-17,-1.));
#9777 = ( GEOMETRIC_REPRESENTATION_CONTEXT(2) 
PARAMETRIC_REPRESENTATION_CONTEXT() REPRESENTATION_CONTEXT('2D SPACE',''
  ) );
#9778 = PCURVE('',#6900,#9779);
#9779 = DEFINITIONAL_REPRESENTATION('',(#9780),#9784);
#9780 = LINE('',#9781,#9782);
#9781 = CARTESIAN_POINT('',(0.,0.));
#9782 = VECTOR('',#9783,1.);
#9783 = DIRECTION('',(0.,-1.));
#9784 = ( GEOMETRIC_REPRESENTATION_CONTEXT(2) 
PARAMETRIC_REPRESENTATION_CONTEXT() REPRESENTATION_CONTEXT('2D SPACE',''
  ) );
#9785 = ADVANCED_FACE('',(#9786),#6900,.F.);
#9786 = FACE_BOUND('',#9787,.F.);
#9787 = EDGE_LOOP('',(#9788,#9789,#9790,#9814));
#9788 = ORIENTED_EDGE('',*,*,#6879,.F.);
#9789 = ORIENTED_EDGE('',*,*,#9765,.T.);
#9790 = ORIENTED_EDGE('',*,*,#9791,.T.);
#9791 = EDGE_CURVE('',#9740,#9792,#9794,.T.);
#9792 = VERTEX_POINT('',#9793);
#9793 = CARTESIAN_POINT('',(-31.98594981767,36.26209903579,
    63.103919321007));
#9794 = SURFACE_CURVE('',#9795,(#9800,#9807),.PCURVE_S1.);
#9795 = CIRCLE('',#9796,1.3);
#9796 = AXIS2_PLACEMENT_3D('',#9797,#9798,#9799);
#9797 = CARTESIAN_POINT('',(-32.80252792877,35.688407112037,
    62.270806024335));
#9798 = DIRECTION('',(-0.768592593328,0.480269955675,0.422618261741));
#9799 = DIRECTION('',(-0.628137008538,-0.44130147981,-0.640856382056));
#9800 = PCURVE('',#6900,#9801);
#9801 = DEFINITIONAL_REPRESENTATION('',(#9802),#9806);
#9802 = LINE('',#9803,#9804);
#9803 = CARTESIAN_POINT('',(0.,-8.5));
#9804 = VECTOR('',#9805,1.);
#9805 = DIRECTION('',(1.,0.));
#9806 = ( GEOMETRIC_REPRESENTATION_CONTEXT(2) 
PARAMETRIC_REPRESENTATION_CONTEXT() REPRESENTATION_CONTEXT('2D SPACE',''
  ) );
#9807 = PCURVE('',#9754,#9808);
#9808 = DEFINITIONAL_REPRESENTATION('',(#9809),#9813);
#9809 = CIRCLE('',#9810,1.3);
#9810 = AXIS2_PLACEMENT_2D('',#9811,#9812);
#9811 = CARTESIAN_POINT('',(1.,1.));
#9812 = DIRECTION('',(0.707106781187,-0.707106781187));
#9813 = ( GEOMETRIC_REPRESENTATION_CONTEXT(2) 
PARAMETRIC_REPRESENTATION_CONTEXT() REPRESENTATION_CONTEXT('2D SPACE',''
  ) );
#9814 = ORIENTED_EDGE('',*,*,#9815,.F.);
#9815 = EDGE_CURVE('',#6880,#9792,#9816,.T.);
#9816 = SURFACE_CURVE('',#9817,(#9821,#9828),.PCURVE_S1.);
#9817 = LINE('',#9818,#9819);
#9818 = CARTESIAN_POINT('',(-38.51898686096,40.34439365903,
    66.696174545803));
#9819 = VECTOR('',#9820,1.);
#9820 = DIRECTION('',(0.768592593328,-0.480269955675,-0.422618261741));
#9821 = PCURVE('',#6900,#9822);
#9822 = DEFINITIONAL_REPRESENTATION('',(#9823),#9827);
#9823 = LINE('',#9824,#9825);
#9824 = CARTESIAN_POINT('',(3.14159265359,0.));
#9825 = VECTOR('',#9826,1.);
#9826 = DIRECTION('',(0.,-1.));
#9827 = ( GEOMETRIC_REPRESENTATION_CONTEXT(2) 
PARAMETRIC_REPRESENTATION_CONTEXT() REPRESENTATION_CONTEXT('2D SPACE',''
  ) );
#9828 = PCURVE('',#6927,#9829);
#9829 = DEFINITIONAL_REPRESENTATION('',(#9830),#9834);
#9830 = LINE('',#9831,#9832);
#9831 = CARTESIAN_POINT('',(0.,0.));
#9832 = VECTOR('',#9833,1.);
#9833 = DIRECTION('',(3.775908578411E-17,-1.));
#9834 = ( GEOMETRIC_REPRESENTATION_CONTEXT(2) 
PARAMETRIC_REPRESENTATION_CONTEXT() REPRESENTATION_CONTEXT('2D SPACE',''
  ) );
#9835 = ADVANCED_FACE('',(#9836),#6957,.F.);
#9836 = FACE_BOUND('',#9837,.F.);
#9837 = EDGE_LOOP('',(#9838,#9839,#9862,#9884));
#9838 = ORIENTED_EDGE('',*,*,#6938,.F.);
#9839 = ORIENTED_EDGE('',*,*,#9840,.T.);
#9840 = EDGE_CURVE('',#6913,#9841,#9843,.T.);
#9841 = VERTEX_POINT('',#9842);
#9842 = CARTESIAN_POINT('',(-31.64291251374,38.40610234473,
    61.291303746934));
#9843 = SURFACE_CURVE('',#9844,(#9848,#9855),.PCURVE_S1.);
#9844 = LINE('',#9845,#9846);
#9845 = CARTESIAN_POINT('',(-38.17594955703,42.48839696797,
    64.88355897173));
#9846 = VECTOR('',#9847,1.);
#9847 = DIRECTION('',(0.768592593328,-0.480269955675,-0.422618261741));
#9848 = PCURVE('',#6957,#9849);
#9849 = DEFINITIONAL_REPRESENTATION('',(#9850),#9854);
#9850 = LINE('',#9851,#9852);
#9851 = CARTESIAN_POINT('',(0.,0.));
#9852 = VECTOR('',#9853,1.);
#9853 = DIRECTION('',(0.,-1.));
#9854 = ( GEOMETRIC_REPRESENTATION_CONTEXT(2) 
PARAMETRIC_REPRESENTATION_CONTEXT() REPRESENTATION_CONTEXT('2D SPACE',''
  ) );
#9855 = PCURVE('',#6927,#9856);
#9856 = DEFINITIONAL_REPRESENTATION('',(#9857),#9861);
#9857 = LINE('',#9858,#9859);
#9858 = CARTESIAN_POINT('',(2.828427124746,-1.444963271939E-16));
#9859 = VECTOR('',#9860,1.);
#9860 = DIRECTION('',(3.775908578411E-17,-1.));
#9861 = ( GEOMETRIC_REPRESENTATION_CONTEXT(2) 
PARAMETRIC_REPRESENTATION_CONTEXT() REPRESENTATION_CONTEXT('2D SPACE',''
  ) );
#9862 = ORIENTED_EDGE('',*,*,#9863,.T.);
#9863 = EDGE_CURVE('',#9841,#9717,#9864,.T.);
#9864 = SURFACE_CURVE('',#9865,(#9870,#9877),.PCURVE_S1.);
#9865 = CIRCLE('',#9866,1.3);
#9866 = AXIS2_PLACEMENT_3D('',#9867,#9868,#9869);
#9867 = CARTESIAN_POINT('',(-32.45949062484,37.832410420976,
    60.458190450262));
#9868 = DIRECTION('',(-0.768592593328,0.480269955675,0.422618261741));
#9869 = DIRECTION('',(0.628137008538,0.44130147981,0.640856382056));
#9870 = PCURVE('',#6957,#9871);
#9871 = DEFINITIONAL_REPRESENTATION('',(#9872),#9876);
#9872 = LINE('',#9873,#9874);
#9873 = CARTESIAN_POINT('',(-1.080608752412E-16,-8.5));
#9874 = VECTOR('',#9875,1.);
#9875 = DIRECTION('',(1.,0.));
#9876 = ( GEOMETRIC_REPRESENTATION_CONTEXT(2) 
PARAMETRIC_REPRESENTATION_CONTEXT() REPRESENTATION_CONTEXT('2D SPACE',''
  ) );
#9877 = PCURVE('',#9754,#9878);
#9878 = DEFINITIONAL_REPRESENTATION('',(#9879),#9883);
#9879 = CIRCLE('',#9880,1.3);
#9880 = AXIS2_PLACEMENT_2D('',#9881,#9882);
#9881 = CARTESIAN_POINT('',(-1.,-1.));
#9882 = DIRECTION('',(-0.707106781187,0.707106781187));
#9883 = ( GEOMETRIC_REPRESENTATION_CONTEXT(2) 
PARAMETRIC_REPRESENTATION_CONTEXT() REPRESENTATION_CONTEXT('2D SPACE',''
  ) );
#9884 = ORIENTED_EDGE('',*,*,#9716,.F.);
#9885 = ADVANCED_FACE('',(#9886),#6927,.F.);
#9886 = FACE_BOUND('',#9887,.F.);
#9887 = EDGE_LOOP('',(#9888,#9889,#9890,#9909));
#9888 = ORIENTED_EDGE('',*,*,#6912,.T.);
#9889 = ORIENTED_EDGE('',*,*,#9815,.T.);
#9890 = ORIENTED_EDGE('',*,*,#9891,.T.);
#9891 = EDGE_CURVE('',#9792,#9841,#9892,.T.);
#9892 = SURFACE_CURVE('',#9893,(#9897,#9903),.PCURVE_S1.);
#9893 = LINE('',#9894,#9895);
#9894 = CARTESIAN_POINT('',(-31.90019049169,36.798099863025,
    62.650765427489));
#9895 = VECTOR('',#9896,1.);
#9896 = DIRECTION('',(0.121282001903,0.758019639319,-0.640856382056));
#9897 = PCURVE('',#6927,#9898);
#9898 = DEFINITIONAL_REPRESENTATION('',(#9899),#9902);
#9899 = B_SPLINE_CURVE_WITH_KNOTS('',1,(#9900,#9901),.UNSPECIFIED.,.F.,
  .F.,(2,2),(-0.707106781187,2.12132034356),.PIECEWISE_BEZIER_KNOTS.);
#9900 = CARTESIAN_POINT('',(-6.661338147751E-16,-8.5));
#9901 = CARTESIAN_POINT('',(2.828427124746,-8.5));
#9902 = ( GEOMETRIC_REPRESENTATION_CONTEXT(2) 
PARAMETRIC_REPRESENTATION_CONTEXT() REPRESENTATION_CONTEXT('2D SPACE',''
  ) );
#9903 = PCURVE('',#9754,#9904);
#9904 = DEFINITIONAL_REPRESENTATION('',(#9905),#9908);
#9905 = B_SPLINE_CURVE_WITH_KNOTS('',1,(#9906,#9907),.UNSPECIFIED.,.F.,
  .F.,(2,2),(-0.707106781187,2.12132034356),.PIECEWISE_BEZIER_KNOTS.);
#9906 = CARTESIAN_POINT('',(8.076118445749E-02,1.919238815543));
#9907 = CARTESIAN_POINT('',(-1.919238815543,-8.076118445749E-02));
#9908 = ( GEOMETRIC_REPRESENTATION_CONTEXT(2) 
PARAMETRIC_REPRESENTATION_CONTEXT() REPRESENTATION_CONTEXT('2D SPACE',''
  ) );
#9909 = ORIENTED_EDGE('',*,*,#9840,.F.);
#9910 = ADVANCED_FACE('',(#9911),#7297,.T.);
#9911 = FACE_BOUND('',#9912,.F.);
#9912 = EDGE_LOOP('',(#9913,#9914,#9933,#9934));
#9913 = ORIENTED_EDGE('',*,*,#8888,.F.);
#9914 = ORIENTED_EDGE('',*,*,#9915,.F.);
#9915 = EDGE_CURVE('',#7253,#8866,#9916,.T.);
#9916 = SURFACE_CURVE('',#9917,(#9921,#9927),.PCURVE_S1.);
#9917 = LINE('',#9918,#9919);
#9918 = CARTESIAN_POINT('',(-22.50926042648,67.579757828122,
    62.495291280068));
#9919 = VECTOR('',#9920,1.);
#9920 = DIRECTION('',(-0.768592593328,0.480269955675,0.422618261741));
#9921 = PCURVE('',#7297,#9922);
#9922 = DEFINITIONAL_REPRESENTATION('',(#9923),#9926);
#9923 = B_SPLINE_CURVE_WITH_KNOTS('',1,(#9924,#9925),.UNSPECIFIED.,.F.,
  .F.,(2,2),(-4.5000006,5.999999958212E-07),.PIECEWISE_BEZIER_KNOTS.);
#9924 = CARTESIAN_POINT('',(-2.226549152553,-4.5000006));
#9925 = CARTESIAN_POINT('',(-2.226549152553,6.000000018518E-07));
#9926 = ( GEOMETRIC_REPRESENTATION_CONTEXT(2) 
PARAMETRIC_REPRESENTATION_CONTEXT() REPRESENTATION_CONTEXT('2D SPACE',''
  ) );
#9927 = PCURVE('',#7268,#9928);
#9928 = DEFINITIONAL_REPRESENTATION('',(#9929),#9932);
#9929 = B_SPLINE_CURVE_WITH_KNOTS('',1,(#9930,#9931),.UNSPECIFIED.,.F.,
  .F.,(2,2),(-4.5000006,5.999999958212E-07),.PIECEWISE_BEZIER_KNOTS.);
#9930 = CARTESIAN_POINT('',(29.250384638146,-4.5000006));
#9931 = CARTESIAN_POINT('',(29.250384638146,5.999999972115E-07));
#9932 = ( GEOMETRIC_REPRESENTATION_CONTEXT(2) 
PARAMETRIC_REPRESENTATION_CONTEXT() REPRESENTATION_CONTEXT('2D SPACE',''
  ) );
#9933 = ORIENTED_EDGE('',*,*,#7280,.T.);
#9934 = ORIENTED_EDGE('',*,*,#9463,.T.);
#9935 = ADVANCED_FACE('',(#9936),#7268,.F.);
#9936 = FACE_BOUND('',#9937,.F.);
#9937 = EDGE_LOOP('',(#9938,#9939,#9958,#9959));
#9938 = ORIENTED_EDGE('',*,*,#8865,.F.);
#9939 = ORIENTED_EDGE('',*,*,#9940,.F.);
#9940 = EDGE_CURVE('',#7224,#8842,#9941,.T.);
#9941 = SURFACE_CURVE('',#9942,(#9946,#9952),.PCURVE_S1.);
#9942 = LINE('',#9943,#9944);
#9943 = CARTESIAN_POINT('',(-30.93195052392,72.842838730643,
    41.196361083613));
#9944 = VECTOR('',#9945,1.);
#9945 = DIRECTION('',(-0.768592593328,0.480269955675,0.422618261741));
#9946 = PCURVE('',#7268,#9947);
#9947 = DEFINITIONAL_REPRESENTATION('',(#9948),#9951);
#9948 = B_SPLINE_CURVE_WITH_KNOTS('',1,(#9949,#9950),.UNSPECIFIED.,.F.,
  .F.,(2,2),(-4.5000006,5.999999958212E-07),.PIECEWISE_BEZIER_KNOTS.);
#9949 = CARTESIAN_POINT('',(5.749615361854,-4.5000006));
#9950 = CARTESIAN_POINT('',(5.749615361854,5.999999971027E-07));
#9951 = ( GEOMETRIC_REPRESENTATION_CONTEXT(2) 
PARAMETRIC_REPRESENTATION_CONTEXT() REPRESENTATION_CONTEXT('2D SPACE',''
  ) );
#9952 = PCURVE('',#7240,#9953);
#9953 = DEFINITIONAL_REPRESENTATION('',(#9954),#9957);
#9954 = B_SPLINE_CURVE_WITH_KNOTS('',1,(#9955,#9956),.UNSPECIFIED.,.F.,
  .F.,(2,2),(-4.5000006,5.999999958212E-07),.PIECEWISE_BEZIER_KNOTS.);
#9955 = CARTESIAN_POINT('',(-4.056636154627,-4.5000006));
#9956 = CARTESIAN_POINT('',(-4.056636154627,5.999999969066E-07));
#9957 = ( GEOMETRIC_REPRESENTATION_CONTEXT(2) 
PARAMETRIC_REPRESENTATION_CONTEXT() REPRESENTATION_CONTEXT('2D SPACE',''
  ) );
#9958 = ORIENTED_EDGE('',*,*,#7252,.T.);
#9959 = ORIENTED_EDGE('',*,*,#9915,.T.);
#9960 = ADVANCED_FACE('',(#9961),#7240,.T.);
#9961 = FACE_BOUND('',#9962,.F.);
#9962 = EDGE_LOOP('',(#9963,#9964,#9983,#9984));
#9963 = ORIENTED_EDGE('',*,*,#8841,.F.);
#9964 = ORIENTED_EDGE('',*,*,#9965,.F.);
#9965 = EDGE_CURVE('',#7196,#8819,#9966,.T.);
#9966 = SURFACE_CURVE('',#9967,(#9971,#9977),.PCURVE_S1.);
#9967 = LINE('',#9968,#9969);
#9968 = CARTESIAN_POINT('',(-33.65385954166,73.938676755178,
    35.000847478886));
#9969 = VECTOR('',#9970,1.);
#9970 = DIRECTION('',(-0.768592593328,0.480269955675,0.422618261741));
#9971 = PCURVE('',#7240,#9972);
#9972 = DEFINITIONAL_REPRESENTATION('',(#9973),#9976);
#9973 = B_SPLINE_CURVE_WITH_KNOTS('',1,(#9974,#9975),.UNSPECIFIED.,.F.,
  .F.,(2,2),(-4.5000006,6.000000015547E-07),.PIECEWISE_BEZIER_KNOTS.);
#9974 = CARTESIAN_POINT('',(-2.076722043667,-4.5000006));
#9975 = CARTESIAN_POINT('',(-2.076722043667,5.999999974289E-07));
#9976 = ( GEOMETRIC_REPRESENTATION_CONTEXT(2) 
PARAMETRIC_REPRESENTATION_CONTEXT() REPRESENTATION_CONTEXT('2D SPACE',''
  ) );
#9977 = PCURVE('',#7211,#9978);
#9978 = DEFINITIONAL_REPRESENTATION('',(#9979),#9982);
#9979 = B_SPLINE_CURVE_WITH_KNOTS('',1,(#9980,#9981),.UNSPECIFIED.,.F.,
  .F.,(2,2),(-4.5000006,6.000000015547E-07),.PIECEWISE_BEZIER_KNOTS.);
#9980 = CARTESIAN_POINT('',(19.108640509111,-4.5000006));
#9981 = CARTESIAN_POINT('',(19.108640509111,6.00000001796E-07));
#9982 = ( GEOMETRIC_REPRESENTATION_CONTEXT(2) 
PARAMETRIC_REPRESENTATION_CONTEXT() REPRESENTATION_CONTEXT('2D SPACE',''
  ) );
#9983 = ORIENTED_EDGE('',*,*,#7223,.T.);
#9984 = ORIENTED_EDGE('',*,*,#9940,.T.);
#9985 = ADVANCED_FACE('',(#9986),#7211,.T.);
#9986 = FACE_BOUND('',#9987,.T.);
#9987 = EDGE_LOOP('',(#9988,#9989,#9990,#9991));
#9988 = ORIENTED_EDGE('',*,*,#8818,.F.);
#9989 = ORIENTED_EDGE('',*,*,#9965,.F.);
#9990 = ORIENTED_EDGE('',*,*,#7195,.T.);
#9991 = ORIENTED_EDGE('',*,*,#8790,.F.);
#9992 = ADVANCED_FACE('',(#9993),#7349,.T.);
#9993 = FACE_BOUND('',#9994,.T.);
#9994 = EDGE_LOOP('',(#9995,#9996,#10019,#10042));
#9995 = ORIENTED_EDGE('',*,*,#7332,.T.);
#9996 = ORIENTED_EDGE('',*,*,#9997,.T.);
#9997 = EDGE_CURVE('',#7335,#9998,#10000,.T.);
#9998 = VERTEX_POINT('',#9999);
#9999 = CARTESIAN_POINT('',(-41.37984863749,46.491547418548,
    34.394848097291));
#10000 = SURFACE_CURVE('',#10001,(#10005,#10012),.PCURVE_S1.);
#10001 = LINE('',#10002,#10003);
#10002 = CARTESIAN_POINT('',(-44.4542190108,48.412627241249,
    36.085321144254));
#10003 = VECTOR('',#10004,1.);
#10004 = DIRECTION('',(0.768592593328,-0.480269955675,-0.422618261741));
#10005 = PCURVE('',#7349,#10006);
#10006 = DEFINITIONAL_REPRESENTATION('',(#10007),#10011);
#10007 = LINE('',#10008,#10009);
#10008 = CARTESIAN_POINT('',(-0.,0.));
#10009 = VECTOR('',#10010,1.);
#10010 = DIRECTION('',(-1.775206544715E-17,-1.));
#10011 = ( GEOMETRIC_REPRESENTATION_CONTEXT(2) 
PARAMETRIC_REPRESENTATION_CONTEXT() REPRESENTATION_CONTEXT('2D SPACE',''
  ) );
#10012 = PCURVE('',#7438,#10013);
#10013 = DEFINITIONAL_REPRESENTATION('',(#10014),#10018);
#10014 = LINE('',#10015,#10016);
#10015 = CARTESIAN_POINT('',(3.14159265359,0.));
#10016 = VECTOR('',#10017,1.);
#10017 = DIRECTION('',(0.,-1.));
#10018 = ( GEOMETRIC_REPRESENTATION_CONTEXT(2) 
PARAMETRIC_REPRESENTATION_CONTEXT() REPRESENTATION_CONTEXT('2D SPACE',''
  ) );
#10019 = ORIENTED_EDGE('',*,*,#10020,.T.);
#10020 = EDGE_CURVE('',#9998,#10021,#10023,.T.);
#10021 = VERTEX_POINT('',#10022);
#10022 = CARTESIAN_POINT('',(-43.03086098879,45.331618638823,
    32.710403799629));
#10023 = SURFACE_CURVE('',#10024,(#10028,#10035),.PCURVE_S1.);
#10024 = LINE('',#10025,#10026);
#10025 = CARTESIAN_POINT('',(-41.37984863749,46.491547418548,
    34.394848097291));
#10026 = VECTOR('',#10027,1.);
#10027 = DIRECTION('',(-0.628137008538,-0.44130147981,-0.640856382056));
#10028 = PCURVE('',#7349,#10029);
#10029 = DEFINITIONAL_REPRESENTATION('',(#10030),#10034);
#10030 = LINE('',#10031,#10032);
#10031 = CARTESIAN_POINT('',(4.079066818394E-15,-4.));
#10032 = VECTOR('',#10033,1.);
#10033 = DIRECTION('',(1.,-4.635018453421E-17));
#10034 = ( GEOMETRIC_REPRESENTATION_CONTEXT(2) 
PARAMETRIC_REPRESENTATION_CONTEXT() REPRESENTATION_CONTEXT('2D SPACE',''
  ) );
#10035 = PCURVE('',#9555,#10036);
#10036 = DEFINITIONAL_REPRESENTATION('',(#10037),#10041);
#10037 = LINE('',#10038,#10039);
#10038 = CARTESIAN_POINT('',(-3.61629509039,-1.757716446628));
#10039 = VECTOR('',#10040,1.);
#10040 = DIRECTION('',(0.707106781187,-0.707106781187));
#10041 = ( GEOMETRIC_REPRESENTATION_CONTEXT(2) 
PARAMETRIC_REPRESENTATION_CONTEXT() REPRESENTATION_CONTEXT('2D SPACE',''
  ) );
#10042 = ORIENTED_EDGE('',*,*,#10043,.F.);
#10043 = EDGE_CURVE('',#7333,#10021,#10044,.T.);
#10044 = SURFACE_CURVE('',#10045,(#10049,#10056),.PCURVE_S1.);
#10045 = LINE('',#10046,#10047);
#10046 = CARTESIAN_POINT('',(-46.1052313621,47.252698461524,
    34.400876846592));
#10047 = VECTOR('',#10048,1.);
#10048 = DIRECTION('',(0.768592593328,-0.480269955675,-0.422618261741));
#10049 = PCURVE('',#7349,#10050);
#10050 = DEFINITIONAL_REPRESENTATION('',(#10051),#10055);
#10051 = LINE('',#10052,#10053);
#10052 = CARTESIAN_POINT('',(2.628427124746,2.062929856165E-15));
#10053 = VECTOR('',#10054,1.);
#10054 = DIRECTION('',(-1.775206544715E-17,-1.));
#10055 = ( GEOMETRIC_REPRESENTATION_CONTEXT(2) 
PARAMETRIC_REPRESENTATION_CONTEXT() REPRESENTATION_CONTEXT('2D SPACE',''
  ) );
#10056 = PCURVE('',#7381,#10057);
#10057 = DEFINITIONAL_REPRESENTATION('',(#10058),#10062);
#10058 = LINE('',#10059,#10060);
#10059 = CARTESIAN_POINT('',(0.,0.));
#10060 = VECTOR('',#10061,1.);
#10061 = DIRECTION('',(0.,-1.));
#10062 = ( GEOMETRIC_REPRESENTATION_CONTEXT(2) 
PARAMETRIC_REPRESENTATION_CONTEXT() REPRESENTATION_CONTEXT('2D SPACE',''
  ) );
#10063 = ADVANCED_FACE('',(#10064),#7381,.T.);
#10064 = FACE_BOUND('',#10065,.T.);
#10065 = EDGE_LOOP('',(#10066,#10067,#10068,#10092));
#10066 = ORIENTED_EDGE('',*,*,#7360,.F.);
#10067 = ORIENTED_EDGE('',*,*,#10043,.T.);
#10068 = ORIENTED_EDGE('',*,*,#10069,.T.);
#10069 = EDGE_CURVE('',#10021,#10070,#10072,.T.);
#10070 = VERTEX_POINT('',#10071);
#10071 = CARTESIAN_POINT('',(-43.95260420325,39.570669380002,
    37.580912303253));
#10072 = SURFACE_CURVE('',#10073,(#10078,#10085),.PCURVE_S1.);
#10073 = CIRCLE('',#10074,3.8);
#10074 = AXIS2_PLACEMENT_3D('',#10075,#10076,#10077);
#10075 = CARTESIAN_POINT('',(-43.49173259602,42.451144009412,
    35.145658051441));
#10076 = DIRECTION('',(-0.768592593328,0.480269955675,0.422618261741));
#10077 = DIRECTION('',(0.121282001903,0.758019639319,-0.640856382056));
#10078 = PCURVE('',#7381,#10079);
#10079 = DEFINITIONAL_REPRESENTATION('',(#10080),#10084);
#10080 = LINE('',#10081,#10082);
#10081 = CARTESIAN_POINT('',(0.,-4.));
#10082 = VECTOR('',#10083,1.);
#10083 = DIRECTION('',(1.,0.));
#10084 = ( GEOMETRIC_REPRESENTATION_CONTEXT(2) 
PARAMETRIC_REPRESENTATION_CONTEXT() REPRESENTATION_CONTEXT('2D SPACE',''
  ) );
#10085 = PCURVE('',#9555,#10086);
#10086 = DEFINITIONAL_REPRESENTATION('',(#10087),#10091);
#10087 = CIRCLE('',#10088,3.8);
#10088 = AXIS2_PLACEMENT_2D('',#10089,#10090);
#10089 = CARTESIAN_POINT('',(0.929289321881,-0.929289321881));
#10090 = DIRECTION('',(-0.707106781187,-0.707106781187));
#10091 = ( GEOMETRIC_REPRESENTATION_CONTEXT(2) 
PARAMETRIC_REPRESENTATION_CONTEXT() REPRESENTATION_CONTEXT('2D SPACE',''
  ) );
#10092 = ORIENTED_EDGE('',*,*,#10093,.F.);
#10093 = EDGE_CURVE('',#7361,#10070,#10094,.T.);
#10094 = SURFACE_CURVE('',#10095,(#10099,#10106),.PCURVE_S1.);
#10095 = LINE('',#10096,#10097);
#10096 = CARTESIAN_POINT('',(-47.02697457656,41.491749202703,
    39.271385350216));
#10097 = VECTOR('',#10098,1.);
#10098 = DIRECTION('',(0.768592593328,-0.480269955675,-0.422618261741));
#10099 = PCURVE('',#7381,#10100);
#10100 = DEFINITIONAL_REPRESENTATION('',(#10101),#10105);
#10101 = LINE('',#10102,#10103);
#10102 = CARTESIAN_POINT('',(3.14159265359,0.));
#10103 = VECTOR('',#10104,1.);
#10104 = DIRECTION('',(0.,-1.));
#10105 = ( GEOMETRIC_REPRESENTATION_CONTEXT(2) 
PARAMETRIC_REPRESENTATION_CONTEXT() REPRESENTATION_CONTEXT('2D SPACE',''
  ) );
#10106 = PCURVE('',#7408,#10107);
#10107 = DEFINITIONAL_REPRESENTATION('',(#10108),#10112);
#10108 = LINE('',#10109,#10110);
#10109 = CARTESIAN_POINT('',(0.,0.));
#10110 = VECTOR('',#10111,1.);
#10111 = DIRECTION('',(1.775206544715E-17,-1.));
#10112 = ( GEOMETRIC_REPRESENTATION_CONTEXT(2) 
PARAMETRIC_REPRESENTATION_CONTEXT() REPRESENTATION_CONTEXT('2D SPACE',''
  ) );
#10113 = ADVANCED_FACE('',(#10114),#7438,.T.);
#10114 = FACE_BOUND('',#10115,.T.);
#10115 = EDGE_LOOP('',(#10116,#10117,#10140,#10162));
#10116 = ORIENTED_EDGE('',*,*,#7419,.F.);
#10117 = ORIENTED_EDGE('',*,*,#10118,.T.);
#10118 = EDGE_CURVE('',#7394,#10119,#10121,.T.);
#10119 = VERTEX_POINT('',#10120);
#10120 = CARTESIAN_POINT('',(-42.30159185195,40.730598159726,
    39.265356600915));
#10121 = SURFACE_CURVE('',#10122,(#10126,#10133),.PCURVE_S1.);
#10122 = LINE('',#10123,#10124);
#10123 = CARTESIAN_POINT('',(-45.37596222526,42.651677982427,
    40.955829647878));
#10124 = VECTOR('',#10125,1.);
#10125 = DIRECTION('',(0.768592593328,-0.480269955675,-0.422618261741));
#10126 = PCURVE('',#7438,#10127);
#10127 = DEFINITIONAL_REPRESENTATION('',(#10128),#10132);
#10128 = LINE('',#10129,#10130);
#10129 = CARTESIAN_POINT('',(0.,0.));
#10130 = VECTOR('',#10131,1.);
#10131 = DIRECTION('',(0.,-1.));
#10132 = ( GEOMETRIC_REPRESENTATION_CONTEXT(2) 
PARAMETRIC_REPRESENTATION_CONTEXT() REPRESENTATION_CONTEXT('2D SPACE',''
  ) );
#10133 = PCURVE('',#7408,#10134);
#10134 = DEFINITIONAL_REPRESENTATION('',(#10135),#10139);
#10135 = LINE('',#10136,#10137);
#10136 = CARTESIAN_POINT('',(2.628427124746,-2.062929856165E-15));
#10137 = VECTOR('',#10138,1.);
#10138 = DIRECTION('',(1.775206544715E-17,-1.));
#10139 = ( GEOMETRIC_REPRESENTATION_CONTEXT(2) 
PARAMETRIC_REPRESENTATION_CONTEXT() REPRESENTATION_CONTEXT('2D SPACE',''
  ) );
#10140 = ORIENTED_EDGE('',*,*,#10141,.T.);
#10141 = EDGE_CURVE('',#10119,#9998,#10142,.T.);
#10142 = SURFACE_CURVE('',#10143,(#10148,#10155),.PCURVE_S1.);
#10143 = CIRCLE('',#10144,3.8);
#10144 = AXIS2_PLACEMENT_3D('',#10145,#10146,#10147);
#10145 = CARTESIAN_POINT('',(-41.84072024472,43.611072789137,
    36.830102349103));
#10146 = DIRECTION('',(-0.768592593328,0.480269955675,0.422618261741));
#10147 = DIRECTION('',(-0.121282001903,-0.758019639319,0.640856382056));
#10148 = PCURVE('',#7438,#10149);
#10149 = DEFINITIONAL_REPRESENTATION('',(#10150),#10154);
#10150 = LINE('',#10151,#10152);
#10151 = CARTESIAN_POINT('',(0.,-4.));
#10152 = VECTOR('',#10153,1.);
#10153 = DIRECTION('',(1.,0.));
#10154 = ( GEOMETRIC_REPRESENTATION_CONTEXT(2) 
PARAMETRIC_REPRESENTATION_CONTEXT() REPRESENTATION_CONTEXT('2D SPACE',''
  ) );
#10155 = PCURVE('',#9555,#10156);
#10156 = DEFINITIONAL_REPRESENTATION('',(#10157),#10161);
#10157 = CIRCLE('',#10158,3.8);
#10158 = AXIS2_PLACEMENT_2D('',#10159,#10160);
#10159 = CARTESIAN_POINT('',(-0.929289321881,0.929289321881));
#10160 = DIRECTION('',(0.707106781187,0.707106781187));
#10161 = ( GEOMETRIC_REPRESENTATION_CONTEXT(2) 
PARAMETRIC_REPRESENTATION_CONTEXT() REPRESENTATION_CONTEXT('2D SPACE',''
  ) );
#10162 = ORIENTED_EDGE('',*,*,#9997,.F.);
#10163 = ADVANCED_FACE('',(#10164),#7408,.T.);
#10164 = FACE_BOUND('',#10165,.T.);
#10165 = EDGE_LOOP('',(#10166,#10167,#10168,#10189));
#10166 = ORIENTED_EDGE('',*,*,#7393,.T.);
#10167 = ORIENTED_EDGE('',*,*,#10093,.T.);
#10168 = ORIENTED_EDGE('',*,*,#10169,.T.);
#10169 = EDGE_CURVE('',#10070,#10119,#10170,.T.);
#10170 = SURFACE_CURVE('',#10171,(#10175,#10182),.PCURVE_S1.);
#10171 = LINE('',#10172,#10173);
#10172 = CARTESIAN_POINT('',(-43.95260420325,39.570669380002,
    37.580912303253));
#10173 = VECTOR('',#10174,1.);
#10174 = DIRECTION('',(0.628137008538,0.44130147981,0.640856382056));
#10175 = PCURVE('',#7408,#10176);
#10176 = DEFINITIONAL_REPRESENTATION('',(#10177),#10181);
#10177 = LINE('',#10178,#10179);
#10178 = CARTESIAN_POINT('',(-4.079066818394E-15,-4.));
#10179 = VECTOR('',#10180,1.);
#10180 = DIRECTION('',(1.,4.635018453421E-17));
#10181 = ( GEOMETRIC_REPRESENTATION_CONTEXT(2) 
PARAMETRIC_REPRESENTATION_CONTEXT() REPRESENTATION_CONTEXT('2D SPACE',''
  ) );
#10182 = PCURVE('',#9555,#10183);
#10183 = DEFINITIONAL_REPRESENTATION('',(#10184),#10188);
#10184 = LINE('',#10185,#10186);
#10185 = CARTESIAN_POINT('',(3.61629509039,1.757716446628));
#10186 = VECTOR('',#10187,1.);
#10187 = DIRECTION('',(-0.707106781187,0.707106781187));
#10188 = ( GEOMETRIC_REPRESENTATION_CONTEXT(2) 
PARAMETRIC_REPRESENTATION_CONTEXT() REPRESENTATION_CONTEXT('2D SPACE',''
  ) );
#10189 = ORIENTED_EDGE('',*,*,#10118,.F.);
#10190 = ADVANCED_FACE('',(#10191),#7469,.T.);
#10191 = FACE_BOUND('',#10192,.T.);
#10192 = EDGE_LOOP('',(#10193,#10223,#10244,#10245));
#10193 = ORIENTED_EDGE('',*,*,#10194,.F.);
#10194 = EDGE_CURVE('',#10195,#10197,#10199,.T.);
#10195 = VERTEX_POINT('',#10196);
#10196 = CARTESIAN_POINT('',(-35.61637898363,44.521766817231,
    58.946050610818));
#10197 = VERTEX_POINT('',#10198);
#10198 = CARTESIAN_POINT('',(-42.06759000449,48.552930866867,
    42.632510444159));
#10199 = SURFACE_CURVE('',#10200,(#10204,#10211),.PCURVE_S1.);
#10200 = LINE('',#10201,#10202);
#10201 = CARTESIAN_POINT('',(-35.61637898363,44.521766817231,
    58.946050610818));
#10202 = VECTOR('',#10203,1.);
#10203 = DIRECTION('',(-0.35840061227,0.223953558313,-0.906307787037));
#10204 = PCURVE('',#7469,#10205);
#10205 = DEFINITIONAL_REPRESENTATION('',(#10206),#10210);
#10206 = LINE('',#10207,#10208);
#10207 = CARTESIAN_POINT('',(0.,0.));
#10208 = VECTOR('',#10209,1.);
#10209 = DIRECTION('',(1.,-4.268913590151E-18));
#10210 = ( GEOMETRIC_REPRESENTATION_CONTEXT(2) 
PARAMETRIC_REPRESENTATION_CONTEXT() REPRESENTATION_CONTEXT('2D SPACE',''
  ) );
#10211 = PCURVE('',#10212,#10217);
#10212 = PLANE('',#10213);
#10213 = AXIS2_PLACEMENT_3D('',#10214,#10215,#10216);
#10214 = CARTESIAN_POINT('',(-34.07271111596,54.169781707457,
    50.789280527489));
#10215 = DIRECTION('',(0.768592593328,-0.480269955675,-0.422618261741));
#10216 = DIRECTION('',(0.529919264233,0.848048096156,-3.551209177523E-18
    ));
#10217 = DEFINITIONAL_REPRESENTATION('',(#10218),#10222);
#10218 = LINE('',#10219,#10220);
#10219 = CARTESIAN_POINT('',(-9.,9.));
#10220 = VECTOR('',#10221,1.);
#10221 = DIRECTION('',(6.938091724323E-17,-1.));
#10222 = ( GEOMETRIC_REPRESENTATION_CONTEXT(2) 
PARAMETRIC_REPRESENTATION_CONTEXT() REPRESENTATION_CONTEXT('2D SPACE',''
  ) );
#10223 = ORIENTED_EDGE('',*,*,#10224,.T.);
#10224 = EDGE_CURVE('',#10195,#7455,#10225,.T.);
#10225 = SURFACE_CURVE('',#10226,(#10230,#10237),.PCURVE_S1.);
#10226 = LINE('',#10227,#10228);
#10227 = CARTESIAN_POINT('',(-35.61637898363,44.521766817231,
    58.946050610818));
#10228 = VECTOR('',#10229,1.);
#10229 = DIRECTION('',(0.768592593328,-0.480269955675,-0.422618261741));
#10230 = PCURVE('',#7469,#10231);
#10231 = DEFINITIONAL_REPRESENTATION('',(#10232),#10236);
#10232 = LINE('',#10233,#10234);
#10233 = CARTESIAN_POINT('',(0.,0.));
#10234 = VECTOR('',#10235,1.);
#10235 = DIRECTION('',(-9.523147762948E-18,-1.));
#10236 = ( GEOMETRIC_REPRESENTATION_CONTEXT(2) 
PARAMETRIC_REPRESENTATION_CONTEXT() REPRESENTATION_CONTEXT('2D SPACE',''
  ) );
#10237 = PCURVE('',#7495,#10238);
#10238 = DEFINITIONAL_REPRESENTATION('',(#10239),#10243);
#10239 = LINE('',#10240,#10241);
#10240 = CARTESIAN_POINT('',(18.,-1.470337228133E-15));
#10241 = VECTOR('',#10242,1.);
#10242 = DIRECTION('',(-1.124440797397E-16,-1.));
#10243 = ( GEOMETRIC_REPRESENTATION_CONTEXT(2) 
PARAMETRIC_REPRESENTATION_CONTEXT() REPRESENTATION_CONTEXT('2D SPACE',''
  ) );
#10244 = ORIENTED_EDGE('',*,*,#7452,.F.);
#10245 = ORIENTED_EDGE('',*,*,#10246,.F.);
#10246 = EDGE_CURVE('',#10197,#7453,#10247,.T.);
#10247 = SURFACE_CURVE('',#10248,(#10252,#10259),.PCURVE_S1.);
#10248 = LINE('',#10249,#10250);
#10249 = CARTESIAN_POINT('',(-42.06759000449,48.552930866867,
    42.632510444159));
#10250 = VECTOR('',#10251,1.);
#10251 = DIRECTION('',(0.768592593328,-0.480269955675,-0.422618261741));
#10252 = PCURVE('',#7469,#10253);
#10253 = DEFINITIONAL_REPRESENTATION('',(#10254),#10258);
#10254 = LINE('',#10255,#10256);
#10255 = CARTESIAN_POINT('',(18.,2.721180506747E-15));
#10256 = VECTOR('',#10257,1.);
#10257 = DIRECTION('',(-9.523147762948E-18,-1.));
#10258 = ( GEOMETRIC_REPRESENTATION_CONTEXT(2) 
PARAMETRIC_REPRESENTATION_CONTEXT() REPRESENTATION_CONTEXT('2D SPACE',''
  ) );
#10259 = PCURVE('',#7545,#10260);
#10260 = DEFINITIONAL_REPRESENTATION('',(#10261),#10265);
#10261 = LINE('',#10262,#10263);
#10262 = CARTESIAN_POINT('',(0.,0.));
#10263 = VECTOR('',#10264,1.);
#10264 = DIRECTION('',(1.124440797397E-16,-1.));
#10265 = ( GEOMETRIC_REPRESENTATION_CONTEXT(2) 
PARAMETRIC_REPRESENTATION_CONTEXT() REPRESENTATION_CONTEXT('2D SPACE',''
  ) );
#10266 = ADVANCED_FACE('',(#10267),#7545,.T.);
#10267 = FACE_BOUND('',#10268,.T.);
#10268 = EDGE_LOOP('',(#10269,#10292,#10293,#10294));
#10269 = ORIENTED_EDGE('',*,*,#10270,.F.);
#10270 = EDGE_CURVE('',#10197,#10271,#10273,.T.);
#10271 = VERTEX_POINT('',#10272);
#10272 = CARTESIAN_POINT('',(-32.52904324829,63.817796597683,
    42.632510444159));
#10273 = SURFACE_CURVE('',#10274,(#10278,#10285),.PCURVE_S1.);
#10274 = LINE('',#10275,#10276);
#10275 = CARTESIAN_POINT('',(-42.06759000449,48.552930866867,
    42.632510444159));
#10276 = VECTOR('',#10277,1.);
#10277 = DIRECTION('',(0.529919264233,0.848048096156,2.773547628497E-17)
  );
#10278 = PCURVE('',#7545,#10279);
#10279 = DEFINITIONAL_REPRESENTATION('',(#10280),#10284);
#10280 = LINE('',#10281,#10282);
#10281 = CARTESIAN_POINT('',(0.,0.));
#10282 = VECTOR('',#10283,1.);
#10283 = DIRECTION('',(1.,-4.475669865594E-18));
#10284 = ( GEOMETRIC_REPRESENTATION_CONTEXT(2) 
PARAMETRIC_REPRESENTATION_CONTEXT() REPRESENTATION_CONTEXT('2D SPACE',''
  ) );
#10285 = PCURVE('',#10212,#10286);
#10286 = DEFINITIONAL_REPRESENTATION('',(#10287),#10291);
#10287 = LINE('',#10288,#10289);
#10288 = CARTESIAN_POINT('',(-9.,-9.));
#10289 = VECTOR('',#10290,1.);
#10290 = DIRECTION('',(1.,9.663229801497E-17));
#10291 = ( GEOMETRIC_REPRESENTATION_CONTEXT(2) 
PARAMETRIC_REPRESENTATION_CONTEXT() REPRESENTATION_CONTEXT('2D SPACE',''
  ) );
#10292 = ORIENTED_EDGE('',*,*,#10246,.T.);
#10293 = ORIENTED_EDGE('',*,*,#7532,.F.);
#10294 = ORIENTED_EDGE('',*,*,#10295,.F.);
#10295 = EDGE_CURVE('',#10271,#7507,#10296,.T.);
#10296 = SURFACE_CURVE('',#10297,(#10301,#10308),.PCURVE_S1.);
#10297 = LINE('',#10298,#10299);
#10298 = CARTESIAN_POINT('',(-32.52904324829,63.817796597683,
    42.632510444159));
#10299 = VECTOR('',#10300,1.);
#10300 = DIRECTION('',(0.768592593328,-0.480269955675,-0.422618261741));
#10301 = PCURVE('',#7545,#10302);
#10302 = DEFINITIONAL_REPRESENTATION('',(#10303),#10307);
#10303 = LINE('',#10304,#10305);
#10304 = CARTESIAN_POINT('',(18.,1.470337228133E-15));
#10305 = VECTOR('',#10306,1.);
#10306 = DIRECTION('',(1.124440797397E-16,-1.));
#10307 = ( GEOMETRIC_REPRESENTATION_CONTEXT(2) 
PARAMETRIC_REPRESENTATION_CONTEXT() REPRESENTATION_CONTEXT('2D SPACE',''
  ) );
#10308 = PCURVE('',#7521,#10309);
#10309 = DEFINITIONAL_REPRESENTATION('',(#10310),#10314);
#10310 = LINE('',#10311,#10312);
#10311 = CARTESIAN_POINT('',(0.,0.));
#10312 = VECTOR('',#10313,1.);
#10313 = DIRECTION('',(9.523147762948E-18,-1.));
#10314 = ( GEOMETRIC_REPRESENTATION_CONTEXT(2) 
PARAMETRIC_REPRESENTATION_CONTEXT() REPRESENTATION_CONTEXT('2D SPACE',''
  ) );
#10315 = ADVANCED_FACE('',(#10316),#7495,.T.);
#10316 = FACE_BOUND('',#10317,.T.);
#10317 = EDGE_LOOP('',(#10318,#10341,#10362,#10363));
#10318 = ORIENTED_EDGE('',*,*,#10319,.F.);
#10319 = EDGE_CURVE('',#10320,#10195,#10322,.T.);
#10320 = VERTEX_POINT('',#10321);
#10321 = CARTESIAN_POINT('',(-26.07783222743,59.786632548046,
    58.946050610818));
#10322 = SURFACE_CURVE('',#10323,(#10327,#10334),.PCURVE_S1.);
#10323 = LINE('',#10324,#10325);
#10324 = CARTESIAN_POINT('',(-26.07783222743,59.786632548046,
    58.946050610818));
#10325 = VECTOR('',#10326,1.);
#10326 = DIRECTION('',(-0.529919264233,-0.848048096156,
    -2.773547628497E-17));
#10327 = PCURVE('',#7495,#10328);
#10328 = DEFINITIONAL_REPRESENTATION('',(#10329),#10333);
#10329 = LINE('',#10330,#10331);
#10330 = CARTESIAN_POINT('',(-0.,0.));
#10331 = VECTOR('',#10332,1.);
#10332 = DIRECTION('',(1.,4.475669865594E-18));
#10333 = ( GEOMETRIC_REPRESENTATION_CONTEXT(2) 
PARAMETRIC_REPRESENTATION_CONTEXT() REPRESENTATION_CONTEXT('2D SPACE',''
  ) );
#10334 = PCURVE('',#10212,#10335);
#10335 = DEFINITIONAL_REPRESENTATION('',(#10336),#10340);
#10336 = LINE('',#10337,#10338);
#10337 = CARTESIAN_POINT('',(9.,9.));
#10338 = VECTOR('',#10339,1.);
#10339 = DIRECTION('',(-1.,-9.663229801497E-17));
#10340 = ( GEOMETRIC_REPRESENTATION_CONTEXT(2) 
PARAMETRIC_REPRESENTATION_CONTEXT() REPRESENTATION_CONTEXT('2D SPACE',''
  ) );
#10341 = ORIENTED_EDGE('',*,*,#10342,.T.);
#10342 = EDGE_CURVE('',#10320,#7481,#10343,.T.);
#10343 = SURFACE_CURVE('',#10344,(#10348,#10355),.PCURVE_S1.);
#10344 = LINE('',#10345,#10346);
#10345 = CARTESIAN_POINT('',(-26.07783222743,59.786632548046,
    58.946050610818));
#10346 = VECTOR('',#10347,1.);
#10347 = DIRECTION('',(0.768592593328,-0.480269955675,-0.422618261741));
#10348 = PCURVE('',#7495,#10349);
#10349 = DEFINITIONAL_REPRESENTATION('',(#10350),#10354);
#10350 = LINE('',#10351,#10352);
#10351 = CARTESIAN_POINT('',(-0.,0.));
#10352 = VECTOR('',#10353,1.);
#10353 = DIRECTION('',(-1.124440797397E-16,-1.));
#10354 = ( GEOMETRIC_REPRESENTATION_CONTEXT(2) 
PARAMETRIC_REPRESENTATION_CONTEXT() REPRESENTATION_CONTEXT('2D SPACE',''
  ) );
#10355 = PCURVE('',#7521,#10356);
#10356 = DEFINITIONAL_REPRESENTATION('',(#10357),#10361);
#10357 = LINE('',#10358,#10359);
#10358 = CARTESIAN_POINT('',(18.,-5.385715765847E-15));
#10359 = VECTOR('',#10360,1.);
#10360 = DIRECTION('',(9.523147762948E-18,-1.));
#10361 = ( GEOMETRIC_REPRESENTATION_CONTEXT(2) 
PARAMETRIC_REPRESENTATION_CONTEXT() REPRESENTATION_CONTEXT('2D SPACE',''
  ) );
#10362 = ORIENTED_EDGE('',*,*,#7480,.F.);
#10363 = ORIENTED_EDGE('',*,*,#10224,.F.);
#10364 = ADVANCED_FACE('',(#10365),#7521,.T.);
#10365 = FACE_BOUND('',#10366,.T.);
#10366 = EDGE_LOOP('',(#10367,#10388,#10389,#10390));
#10367 = ORIENTED_EDGE('',*,*,#10368,.F.);
#10368 = EDGE_CURVE('',#10271,#10320,#10369,.T.);
#10369 = SURFACE_CURVE('',#10370,(#10374,#10381),.PCURVE_S1.);
#10370 = LINE('',#10371,#10372);
#10371 = CARTESIAN_POINT('',(-32.52904324829,63.817796597683,
    42.632510444159));
#10372 = VECTOR('',#10373,1.);
#10373 = DIRECTION('',(0.35840061227,-0.223953558313,0.906307787037));
#10374 = PCURVE('',#7521,#10375);
#10375 = DEFINITIONAL_REPRESENTATION('',(#10376),#10380);
#10376 = LINE('',#10377,#10378);
#10377 = CARTESIAN_POINT('',(0.,0.));
#10378 = VECTOR('',#10379,1.);
#10379 = DIRECTION('',(1.,4.268913590151E-18));
#10380 = ( GEOMETRIC_REPRESENTATION_CONTEXT(2) 
PARAMETRIC_REPRESENTATION_CONTEXT() REPRESENTATION_CONTEXT('2D SPACE',''
  ) );
#10381 = PCURVE('',#10212,#10382);
#10382 = DEFINITIONAL_REPRESENTATION('',(#10383),#10387);
#10383 = LINE('',#10384,#10385);
#10384 = CARTESIAN_POINT('',(9.,-9.));
#10385 = VECTOR('',#10386,1.);
#10386 = DIRECTION('',(-6.938091724323E-17,1.));
#10387 = ( GEOMETRIC_REPRESENTATION_CONTEXT(2) 
PARAMETRIC_REPRESENTATION_CONTEXT() REPRESENTATION_CONTEXT('2D SPACE',''
  ) );
#10388 = ORIENTED_EDGE('',*,*,#10295,.T.);
#10389 = ORIENTED_EDGE('',*,*,#7506,.F.);
#10390 = ORIENTED_EDGE('',*,*,#10342,.F.);
#10391 = ADVANCED_FACE('',(#10392),#7575,.T.);
#10392 = FACE_BOUND('',#10393,.T.);
#10393 = EDGE_LOOP('',(#10394,#10395,#10418,#10446));
#10394 = ORIENTED_EDGE('',*,*,#7558,.T.);
#10395 = ORIENTED_EDGE('',*,*,#10396,.T.);
#10396 = EDGE_CURVE('',#7561,#10397,#10399,.T.);
#10397 = VERTEX_POINT('',#10398);
#10398 = CARTESIAN_POINT('',(-30.05601720251,66.095709158912,
    32.710403799629));
#10399 = SURFACE_CURVE('',#10400,(#10404,#10411),.PCURVE_S1.);
#10400 = LINE('',#10401,#10402);
#10401 = CARTESIAN_POINT('',(-33.13038757582,68.016788981614,
    34.400876846592));
#10402 = VECTOR('',#10403,1.);
#10403 = DIRECTION('',(0.768592593328,-0.480269955675,-0.422618261741));
#10404 = PCURVE('',#7575,#10405);
#10405 = DEFINITIONAL_REPRESENTATION('',(#10406),#10410);
#10406 = LINE('',#10407,#10408);
#10407 = CARTESIAN_POINT('',(0.,0.));
#10408 = VECTOR('',#10409,1.);
#10409 = DIRECTION('',(-3.775908578411E-17,-1.));
#10410 = ( GEOMETRIC_REPRESENTATION_CONTEXT(2) 
PARAMETRIC_REPRESENTATION_CONTEXT() REPRESENTATION_CONTEXT('2D SPACE',''
  ) );
#10411 = PCURVE('',#7664,#10412);
#10412 = DEFINITIONAL_REPRESENTATION('',(#10413),#10417);
#10413 = LINE('',#10414,#10415);
#10414 = CARTESIAN_POINT('',(3.14159265359,0.));
#10415 = VECTOR('',#10416,1.);
#10416 = DIRECTION('',(0.,-1.));
#10417 = ( GEOMETRIC_REPRESENTATION_CONTEXT(2) 
PARAMETRIC_REPRESENTATION_CONTEXT() REPRESENTATION_CONTEXT('2D SPACE',''
  ) );
#10418 = ORIENTED_EDGE('',*,*,#10419,.T.);
#10419 = EDGE_CURVE('',#10397,#10420,#10422,.T.);
#10420 = VERTEX_POINT('',#10421);
#10421 = CARTESIAN_POINT('',(-30.37479810606,64.103309777837,
    34.394848097291));
#10422 = SURFACE_CURVE('',#10423,(#10427,#10434),.PCURVE_S1.);
#10423 = LINE('',#10424,#10425);
#10424 = CARTESIAN_POINT('',(-30.05601720251,66.095709158912,
    32.710403799629));
#10425 = VECTOR('',#10426,1.);
#10426 = DIRECTION('',(-0.121282001903,-0.758019639319,0.640856382056));
#10427 = PCURVE('',#7575,#10428);
#10428 = DEFINITIONAL_REPRESENTATION('',(#10429),#10433);
#10429 = LINE('',#10430,#10431);
#10430 = CARTESIAN_POINT('',(-5.263531395934E-16,-4.));
#10431 = VECTOR('',#10432,1.);
#10432 = DIRECTION('',(1.,-8.031031778068E-17));
#10433 = ( GEOMETRIC_REPRESENTATION_CONTEXT(2) 
PARAMETRIC_REPRESENTATION_CONTEXT() REPRESENTATION_CONTEXT('2D SPACE',''
  ) );
#10434 = PCURVE('',#10435,#10440);
#10435 = PLANE('',#10436);
#10436 = AXIS2_PLACEMENT_3D('',#10437,#10438,#10439);
#10437 = CARTESIAN_POINT('',(-27.82848702184,66.776455091654,
    35.987880200272));
#10438 = DIRECTION('',(-0.768592593328,0.480269955675,0.422618261741));
#10439 = DIRECTION('',(-0.529919264233,-0.848048096156,
    -7.869663770064E-18));
#10440 = DEFINITIONAL_REPRESENTATION('',(#10441),#10445);
#10441 = LINE('',#10442,#10443);
#10442 = CARTESIAN_POINT('',(1.757716446628,-3.61629509039));
#10443 = VECTOR('',#10444,1.);
#10444 = DIRECTION('',(0.707106781187,0.707106781187));
#10445 = ( GEOMETRIC_REPRESENTATION_CONTEXT(2) 
PARAMETRIC_REPRESENTATION_CONTEXT() REPRESENTATION_CONTEXT('2D SPACE',''
  ) );
#10446 = ORIENTED_EDGE('',*,*,#10447,.F.);
#10447 = EDGE_CURVE('',#7559,#10420,#10448,.T.);
#10448 = SURFACE_CURVE('',#10449,(#10453,#10460),.PCURVE_S1.);
#10449 = LINE('',#10450,#10451);
#10450 = CARTESIAN_POINT('',(-33.44916847937,66.024389600538,
    36.085321144254));
#10451 = VECTOR('',#10452,1.);
#10452 = DIRECTION('',(0.768592593328,-0.480269955675,-0.422618261741));
#10453 = PCURVE('',#7575,#10454);
#10454 = DEFINITIONAL_REPRESENTATION('',(#10455),#10459);
#10455 = LINE('',#10456,#10457);
#10456 = CARTESIAN_POINT('',(2.628427124746,2.301973660501E-15));
#10457 = VECTOR('',#10458,1.);
#10458 = DIRECTION('',(-3.775908578411E-17,-1.));
#10459 = ( GEOMETRIC_REPRESENTATION_CONTEXT(2) 
PARAMETRIC_REPRESENTATION_CONTEXT() REPRESENTATION_CONTEXT('2D SPACE',''
  ) );
#10460 = PCURVE('',#7607,#10461);
#10461 = DEFINITIONAL_REPRESENTATION('',(#10462),#10466);
#10462 = LINE('',#10463,#10464);
#10463 = CARTESIAN_POINT('',(0.,0.));
#10464 = VECTOR('',#10465,1.);
#10465 = DIRECTION('',(0.,-1.));
#10466 = ( GEOMETRIC_REPRESENTATION_CONTEXT(2) 
PARAMETRIC_REPRESENTATION_CONTEXT() REPRESENTATION_CONTEXT('2D SPACE',''
  ) );
#10467 = ADVANCED_FACE('',(#10468),#7607,.T.);
#10468 = FACE_BOUND('',#10469,.T.);
#10469 = EDGE_LOOP('',(#10470,#10471,#10472,#10496));
#10470 = ORIENTED_EDGE('',*,*,#7586,.F.);
#10471 = ORIENTED_EDGE('',*,*,#10447,.T.);
#10472 = ORIENTED_EDGE('',*,*,#10473,.T.);
#10473 = EDGE_CURVE('',#10420,#10474,#10476,.T.);
#10474 = VERTEX_POINT('',#10475);
#10475 = CARTESIAN_POINT('',(-25.60095684116,67.457201024397,
    39.265356600915));
#10476 = SURFACE_CURVE('',#10477,(#10482,#10489),.PCURVE_S1.);
#10477 = CIRCLE('',#10478,3.8);
#10478 = AXIS2_PLACEMENT_3D('',#10479,#10480,#10481);
#10479 = CARTESIAN_POINT('',(-27.98787747361,65.780255401117,
    36.830102349103));
#10480 = DIRECTION('',(-0.768592593328,0.480269955675,0.422618261741));
#10481 = DIRECTION('',(-0.628137008538,-0.44130147981,-0.640856382056));
#10482 = PCURVE('',#7607,#10483);
#10483 = DEFINITIONAL_REPRESENTATION('',(#10484),#10488);
#10484 = LINE('',#10485,#10486);
#10485 = CARTESIAN_POINT('',(0.,-4.));
#10486 = VECTOR('',#10487,1.);
#10487 = DIRECTION('',(1.,0.));
#10488 = ( GEOMETRIC_REPRESENTATION_CONTEXT(2) 
PARAMETRIC_REPRESENTATION_CONTEXT() REPRESENTATION_CONTEXT('2D SPACE',''
  ) );
#10489 = PCURVE('',#10435,#10490);
#10490 = DEFINITIONAL_REPRESENTATION('',(#10491),#10495);
#10491 = CIRCLE('',#10492,3.8);
#10492 = AXIS2_PLACEMENT_2D('',#10493,#10494);
#10493 = CARTESIAN_POINT('',(0.929289321881,0.929289321881));
#10494 = DIRECTION('',(0.707106781187,-0.707106781187));
#10495 = ( GEOMETRIC_REPRESENTATION_CONTEXT(2) 
PARAMETRIC_REPRESENTATION_CONTEXT() REPRESENTATION_CONTEXT('2D SPACE',''
  ) );
#10496 = ORIENTED_EDGE('',*,*,#10497,.F.);
#10497 = EDGE_CURVE('',#7587,#10474,#10498,.T.);
#10498 = SURFACE_CURVE('',#10499,(#10503,#10510),.PCURVE_S1.);
#10499 = LINE('',#10500,#10501);
#10500 = CARTESIAN_POINT('',(-28.67532721448,69.378280847098,
    40.955829647878));
#10501 = VECTOR('',#10502,1.);
#10502 = DIRECTION('',(0.768592593328,-0.480269955675,-0.422618261741));
#10503 = PCURVE('',#7607,#10504);
#10504 = DEFINITIONAL_REPRESENTATION('',(#10505),#10509);
#10505 = LINE('',#10506,#10507);
#10506 = CARTESIAN_POINT('',(3.14159265359,0.));
#10507 = VECTOR('',#10508,1.);
#10508 = DIRECTION('',(0.,-1.));
#10509 = ( GEOMETRIC_REPRESENTATION_CONTEXT(2) 
PARAMETRIC_REPRESENTATION_CONTEXT() REPRESENTATION_CONTEXT('2D SPACE',''
  ) );
#10510 = PCURVE('',#7634,#10511);
#10511 = DEFINITIONAL_REPRESENTATION('',(#10512),#10516);
#10512 = LINE('',#10513,#10514);
#10513 = CARTESIAN_POINT('',(0.,0.));
#10514 = VECTOR('',#10515,1.);
#10515 = DIRECTION('',(3.775908578411E-17,-1.));
#10516 = ( GEOMETRIC_REPRESENTATION_CONTEXT(2) 
PARAMETRIC_REPRESENTATION_CONTEXT() REPRESENTATION_CONTEXT('2D SPACE',''
  ) );
#10517 = ADVANCED_FACE('',(#10518),#7664,.T.);
#10518 = FACE_BOUND('',#10519,.T.);
#10519 = EDGE_LOOP('',(#10520,#10521,#10544,#10566));
#10520 = ORIENTED_EDGE('',*,*,#7645,.F.);
#10521 = ORIENTED_EDGE('',*,*,#10522,.T.);
#10522 = EDGE_CURVE('',#7620,#10523,#10525,.T.);
#10523 = VERTEX_POINT('',#10524);
#10524 = CARTESIAN_POINT('',(-25.28217593762,69.449600405472,
    37.580912303253));
#10525 = SURFACE_CURVE('',#10526,(#10530,#10537),.PCURVE_S1.);
#10526 = LINE('',#10527,#10528);
#10527 = CARTESIAN_POINT('',(-28.35654631093,71.370680228173,
    39.271385350216));
#10528 = VECTOR('',#10529,1.);
#10529 = DIRECTION('',(0.768592593328,-0.480269955675,-0.422618261741));
#10530 = PCURVE('',#7664,#10531);
#10531 = DEFINITIONAL_REPRESENTATION('',(#10532),#10536);
#10532 = LINE('',#10533,#10534);
#10533 = CARTESIAN_POINT('',(0.,0.));
#10534 = VECTOR('',#10535,1.);
#10535 = DIRECTION('',(0.,-1.));
#10536 = ( GEOMETRIC_REPRESENTATION_CONTEXT(2) 
PARAMETRIC_REPRESENTATION_CONTEXT() REPRESENTATION_CONTEXT('2D SPACE',''
  ) );
#10537 = PCURVE('',#7634,#10538);
#10538 = DEFINITIONAL_REPRESENTATION('',(#10539),#10543);
#10539 = LINE('',#10540,#10541);
#10540 = CARTESIAN_POINT('',(2.628427124746,-2.301973660501E-15));
#10541 = VECTOR('',#10542,1.);
#10542 = DIRECTION('',(3.775908578411E-17,-1.));
#10543 = ( GEOMETRIC_REPRESENTATION_CONTEXT(2) 
PARAMETRIC_REPRESENTATION_CONTEXT() REPRESENTATION_CONTEXT('2D SPACE',''
  ) );
#10544 = ORIENTED_EDGE('',*,*,#10545,.T.);
#10545 = EDGE_CURVE('',#10523,#10397,#10546,.T.);
#10546 = SURFACE_CURVE('',#10547,(#10552,#10559),.PCURVE_S1.);
#10547 = CIRCLE('',#10548,3.8);
#10548 = AXIS2_PLACEMENT_3D('',#10549,#10550,#10551);
#10549 = CARTESIAN_POINT('',(-27.66909657006,67.772654782192,
    35.145658051441));
#10550 = DIRECTION('',(-0.768592593328,0.480269955675,0.422618261741));
#10551 = DIRECTION('',(0.628137008538,0.44130147981,0.640856382056));
#10552 = PCURVE('',#7664,#10553);
#10553 = DEFINITIONAL_REPRESENTATION('',(#10554),#10558);
#10554 = LINE('',#10555,#10556);
#10555 = CARTESIAN_POINT('',(0.,-4.));
#10556 = VECTOR('',#10557,1.);
#10557 = DIRECTION('',(1.,0.));
#10558 = ( GEOMETRIC_REPRESENTATION_CONTEXT(2) 
PARAMETRIC_REPRESENTATION_CONTEXT() REPRESENTATION_CONTEXT('2D SPACE',''
  ) );
#10559 = PCURVE('',#10435,#10560);
#10560 = DEFINITIONAL_REPRESENTATION('',(#10561),#10565);
#10561 = CIRCLE('',#10562,3.8);
#10562 = AXIS2_PLACEMENT_2D('',#10563,#10564);
#10563 = CARTESIAN_POINT('',(-0.929289321881,-0.929289321881));
#10564 = DIRECTION('',(-0.707106781187,0.707106781187));
#10565 = ( GEOMETRIC_REPRESENTATION_CONTEXT(2) 
PARAMETRIC_REPRESENTATION_CONTEXT() REPRESENTATION_CONTEXT('2D SPACE',''
  ) );
#10566 = ORIENTED_EDGE('',*,*,#10396,.F.);
#10567 = ADVANCED_FACE('',(#10568),#7634,.T.);
#10568 = FACE_BOUND('',#10569,.T.);
#10569 = EDGE_LOOP('',(#10570,#10571,#10572,#10593));
#10570 = ORIENTED_EDGE('',*,*,#7619,.T.);
#10571 = ORIENTED_EDGE('',*,*,#10497,.T.);
#10572 = ORIENTED_EDGE('',*,*,#10573,.T.);
#10573 = EDGE_CURVE('',#10474,#10523,#10574,.T.);
#10574 = SURFACE_CURVE('',#10575,(#10579,#10586),.PCURVE_S1.);
#10575 = LINE('',#10576,#10577);
#10576 = CARTESIAN_POINT('',(-25.60095684116,67.457201024397,
    39.265356600915));
#10577 = VECTOR('',#10578,1.);
#10578 = DIRECTION('',(0.121282001903,0.758019639319,-0.640856382056));
#10579 = PCURVE('',#7634,#10580);
#10580 = DEFINITIONAL_REPRESENTATION('',(#10581),#10585);
#10581 = LINE('',#10582,#10583);
#10582 = CARTESIAN_POINT('',(5.263531395934E-16,-4.));
#10583 = VECTOR('',#10584,1.);
#10584 = DIRECTION('',(1.,8.031031778068E-17));
#10585 = ( GEOMETRIC_REPRESENTATION_CONTEXT(2) 
PARAMETRIC_REPRESENTATION_CONTEXT() REPRESENTATION_CONTEXT('2D SPACE',''
  ) );
#10586 = PCURVE('',#10435,#10587);
#10587 = DEFINITIONAL_REPRESENTATION('',(#10588),#10592);
#10588 = LINE('',#10589,#10590);
#10589 = CARTESIAN_POINT('',(-1.757716446628,3.61629509039));
#10590 = VECTOR('',#10591,1.);
#10591 = DIRECTION('',(-0.707106781187,-0.707106781187));
#10592 = ( GEOMETRIC_REPRESENTATION_CONTEXT(2) 
PARAMETRIC_REPRESENTATION_CONTEXT() REPRESENTATION_CONTEXT('2D SPACE',''
  ) );
#10593 = ORIENTED_EDGE('',*,*,#10522,.F.);
#10594 = ADVANCED_FACE('',(#10595),#7695,.T.);
#10595 = FACE_BOUND('',#10596,.T.);
#10596 = EDGE_LOOP('',(#10597,#10598,#10621,#10644));
#10597 = ORIENTED_EDGE('',*,*,#7678,.T.);
#10598 = ORIENTED_EDGE('',*,*,#10599,.T.);
#10599 = EDGE_CURVE('',#7681,#10600,#10602,.T.);
#10600 = VERTEX_POINT('',#10601);
#10601 = CARTESIAN_POINT('',(-34.85853945748,36.079662833764,
    58.087021836655));
#10602 = SURFACE_CURVE('',#10603,(#10607,#10614),.PCURVE_S1.);
#10603 = LINE('',#10604,#10605);
#10604 = CARTESIAN_POINT('',(-37.93290983079,38.000742656466,
    59.777494883618));
#10605 = VECTOR('',#10606,1.);
#10606 = DIRECTION('',(0.768592593328,-0.480269955675,-0.422618261741));
#10607 = PCURVE('',#7695,#10608);
#10608 = DEFINITIONAL_REPRESENTATION('',(#10609),#10613);
#10609 = LINE('',#10610,#10611);
#10610 = CARTESIAN_POINT('',(0.,0.));
#10611 = VECTOR('',#10612,1.);
#10612 = DIRECTION('',(-3.775908578411E-17,-1.));
#10613 = ( GEOMETRIC_REPRESENTATION_CONTEXT(2) 
PARAMETRIC_REPRESENTATION_CONTEXT() REPRESENTATION_CONTEXT('2D SPACE',''
  ) );
#10614 = PCURVE('',#7784,#10615);
#10615 = DEFINITIONAL_REPRESENTATION('',(#10616),#10620);
#10616 = LINE('',#10617,#10618);
#10617 = CARTESIAN_POINT('',(3.14159265359,0.));
#10618 = VECTOR('',#10619,1.);
#10619 = DIRECTION('',(0.,-1.));
#10620 = ( GEOMETRIC_REPRESENTATION_CONTEXT(2) 
PARAMETRIC_REPRESENTATION_CONTEXT() REPRESENTATION_CONTEXT('2D SPACE',''
  ) );
#10621 = ORIENTED_EDGE('',*,*,#10622,.T.);
#10622 = EDGE_CURVE('',#10600,#10623,#10625,.T.);
#10623 = VERTEX_POINT('',#10624);
#10624 = CARTESIAN_POINT('',(-35.17732036102,34.087263452689,
    59.771466134317));
#10625 = SURFACE_CURVE('',#10626,(#10630,#10637),.PCURVE_S1.);
#10626 = LINE('',#10627,#10628);
#10627 = CARTESIAN_POINT('',(-34.85853945748,36.079662833764,
    58.087021836655));
#10628 = VECTOR('',#10629,1.);
#10629 = DIRECTION('',(-0.121282001903,-0.758019639319,0.640856382056));
#10630 = PCURVE('',#7695,#10631);
#10631 = DEFINITIONAL_REPRESENTATION('',(#10632),#10636);
#10632 = LINE('',#10633,#10634);
#10633 = CARTESIAN_POINT('',(-8.226392974332E-17,-4.));
#10634 = VECTOR('',#10635,1.);
#10635 = DIRECTION('',(1.,-8.031031778068E-17));
#10636 = ( GEOMETRIC_REPRESENTATION_CONTEXT(2) 
PARAMETRIC_REPRESENTATION_CONTEXT() REPRESENTATION_CONTEXT('2D SPACE',''
  ) );
#10637 = PCURVE('',#9754,#10638);
#10638 = DEFINITIONAL_REPRESENTATION('',(#10639),#10643);
#10639 = LINE('',#10640,#10641);
#10640 = CARTESIAN_POINT('',(1.757716446628,-3.61629509039));
#10641 = VECTOR('',#10642,1.);
#10642 = DIRECTION('',(0.707106781187,0.707106781187));
#10643 = ( GEOMETRIC_REPRESENTATION_CONTEXT(2) 
PARAMETRIC_REPRESENTATION_CONTEXT() REPRESENTATION_CONTEXT('2D SPACE',''
  ) );
#10644 = ORIENTED_EDGE('',*,*,#10645,.F.);
#10645 = EDGE_CURVE('',#7679,#10623,#10646,.T.);
#10646 = SURFACE_CURVE('',#10647,(#10651,#10658),.PCURVE_S1.);
#10647 = LINE('',#10648,#10649);
#10648 = CARTESIAN_POINT('',(-38.25169073433,36.00834327539,
    61.46193918128));
#10649 = VECTOR('',#10650,1.);
#10650 = DIRECTION('',(0.768592593328,-0.480269955675,-0.422618261741));
#10651 = PCURVE('',#7695,#10652);
#10652 = DEFINITIONAL_REPRESENTATION('',(#10653),#10657);
#10653 = LINE('',#10654,#10655);
#10654 = CARTESIAN_POINT('',(2.628427124746,-6.5798105365E-15));
#10655 = VECTOR('',#10656,1.);
#10656 = DIRECTION('',(-3.775908578411E-17,-1.));
#10657 = ( GEOMETRIC_REPRESENTATION_CONTEXT(2) 
PARAMETRIC_REPRESENTATION_CONTEXT() REPRESENTATION_CONTEXT('2D SPACE',''
  ) );
#10658 = PCURVE('',#7727,#10659);
#10659 = DEFINITIONAL_REPRESENTATION('',(#10660),#10664);
#10660 = LINE('',#10661,#10662);
#10661 = CARTESIAN_POINT('',(0.,0.));
#10662 = VECTOR('',#10663,1.);
#10663 = DIRECTION('',(0.,-1.));
#10664 = ( GEOMETRIC_REPRESENTATION_CONTEXT(2) 
PARAMETRIC_REPRESENTATION_CONTEXT() REPRESENTATION_CONTEXT('2D SPACE',''
  ) );
#10665 = ADVANCED_FACE('',(#10666),#7727,.T.);
#10666 = FACE_BOUND('',#10667,.T.);
#10667 = EDGE_LOOP('',(#10668,#10669,#10670,#10694));
#10668 = ORIENTED_EDGE('',*,*,#7706,.F.);
#10669 = ORIENTED_EDGE('',*,*,#10645,.T.);
#10670 = ORIENTED_EDGE('',*,*,#10671,.T.);
#10671 = EDGE_CURVE('',#10623,#10672,#10674,.T.);
#10672 = VERTEX_POINT('',#10673);
#10673 = CARTESIAN_POINT('',(-30.40347909613,37.441154699248,
    64.641974637941));
#10674 = SURFACE_CURVE('',#10675,(#10680,#10687),.PCURVE_S1.);
#10675 = CIRCLE('',#10676,3.8);
#10676 = AXIS2_PLACEMENT_3D('',#10677,#10678,#10679);
#10677 = CARTESIAN_POINT('',(-32.79039972858,35.764209075969,
    62.206720386129));
#10678 = DIRECTION('',(-0.768592593328,0.480269955675,0.422618261741));
#10679 = DIRECTION('',(-0.628137008538,-0.44130147981,-0.640856382056));
#10680 = PCURVE('',#7727,#10681);
#10681 = DEFINITIONAL_REPRESENTATION('',(#10682),#10686);
#10682 = LINE('',#10683,#10684);
#10683 = CARTESIAN_POINT('',(0.,-4.));
#10684 = VECTOR('',#10685,1.);
#10685 = DIRECTION('',(1.,0.));
#10686 = ( GEOMETRIC_REPRESENTATION_CONTEXT(2) 
PARAMETRIC_REPRESENTATION_CONTEXT() REPRESENTATION_CONTEXT('2D SPACE',''
  ) );
#10687 = PCURVE('',#9754,#10688);
#10688 = DEFINITIONAL_REPRESENTATION('',(#10689),#10693);
#10689 = CIRCLE('',#10690,3.8);
#10690 = AXIS2_PLACEMENT_2D('',#10691,#10692);
#10691 = CARTESIAN_POINT('',(0.929289321881,0.929289321881));
#10692 = DIRECTION('',(0.707106781187,-0.707106781187));
#10693 = ( GEOMETRIC_REPRESENTATION_CONTEXT(2) 
PARAMETRIC_REPRESENTATION_CONTEXT() REPRESENTATION_CONTEXT('2D SPACE',''
  ) );
#10694 = ORIENTED_EDGE('',*,*,#10695,.F.);
#10695 = EDGE_CURVE('',#7707,#10672,#10696,.T.);
#10696 = SURFACE_CURVE('',#10697,(#10701,#10708),.PCURVE_S1.);
#10697 = LINE('',#10698,#10699);
#10698 = CARTESIAN_POINT('',(-33.47784946944,39.36223452195,
    66.332447684904));
#10699 = VECTOR('',#10700,1.);
#10700 = DIRECTION('',(0.768592593328,-0.480269955675,-0.422618261741));
#10701 = PCURVE('',#7727,#10702);
#10702 = DEFINITIONAL_REPRESENTATION('',(#10703),#10707);
#10703 = LINE('',#10704,#10705);
#10704 = CARTESIAN_POINT('',(3.14159265359,0.));
#10705 = VECTOR('',#10706,1.);
#10706 = DIRECTION('',(0.,-1.));
#10707 = ( GEOMETRIC_REPRESENTATION_CONTEXT(2) 
PARAMETRIC_REPRESENTATION_CONTEXT() REPRESENTATION_CONTEXT('2D SPACE',''
  ) );
#10708 = PCURVE('',#7754,#10709);
#10709 = DEFINITIONAL_REPRESENTATION('',(#10710),#10714);
#10710 = LINE('',#10711,#10712);
#10711 = CARTESIAN_POINT('',(0.,0.));
#10712 = VECTOR('',#10713,1.);
#10713 = DIRECTION('',(3.775908578411E-17,-1.));
#10714 = ( GEOMETRIC_REPRESENTATION_CONTEXT(2) 
PARAMETRIC_REPRESENTATION_CONTEXT() REPRESENTATION_CONTEXT('2D SPACE',''
  ) );
#10715 = ADVANCED_FACE('',(#10716),#7784,.T.);
#10716 = FACE_BOUND('',#10717,.T.);
#10717 = EDGE_LOOP('',(#10718,#10719,#10742,#10764));
#10718 = ORIENTED_EDGE('',*,*,#7765,.F.);
#10719 = ORIENTED_EDGE('',*,*,#10720,.T.);
#10720 = EDGE_CURVE('',#7740,#10721,#10723,.T.);
#10721 = VERTEX_POINT('',#10722);
#10722 = CARTESIAN_POINT('',(-30.08469819259,39.433554080324,
    62.957530340279));
#10723 = SURFACE_CURVE('',#10724,(#10728,#10735),.PCURVE_S1.);
#10724 = LINE('',#10725,#10726);
#10725 = CARTESIAN_POINT('',(-33.1590685659,41.354633903025,
    64.648003387242));
#10726 = VECTOR('',#10727,1.);
#10727 = DIRECTION('',(0.768592593328,-0.480269955675,-0.422618261741));
#10728 = PCURVE('',#7784,#10729);
#10729 = DEFINITIONAL_REPRESENTATION('',(#10730),#10734);
#10730 = LINE('',#10731,#10732);
#10731 = CARTESIAN_POINT('',(0.,0.));
#10732 = VECTOR('',#10733,1.);
#10733 = DIRECTION('',(0.,-1.));
#10734 = ( GEOMETRIC_REPRESENTATION_CONTEXT(2) 
PARAMETRIC_REPRESENTATION_CONTEXT() REPRESENTATION_CONTEXT('2D SPACE',''
  ) );
#10735 = PCURVE('',#7754,#10736);
#10736 = DEFINITIONAL_REPRESENTATION('',(#10737),#10741);
#10737 = LINE('',#10738,#10739);
#10738 = CARTESIAN_POINT('',(2.628427124746,6.5798105365E-15));
#10739 = VECTOR('',#10740,1.);
#10740 = DIRECTION('',(3.775908578411E-17,-1.));
#10741 = ( GEOMETRIC_REPRESENTATION_CONTEXT(2) 
PARAMETRIC_REPRESENTATION_CONTEXT() REPRESENTATION_CONTEXT('2D SPACE',''
  ) );
#10742 = ORIENTED_EDGE('',*,*,#10743,.T.);
#10743 = EDGE_CURVE('',#10721,#10600,#10744,.T.);
#10744 = SURFACE_CURVE('',#10745,(#10750,#10757),.PCURVE_S1.);
#10745 = CIRCLE('',#10746,3.8);
#10746 = AXIS2_PLACEMENT_3D('',#10747,#10748,#10749);
#10747 = CARTESIAN_POINT('',(-32.47161882503,37.756608457044,
    60.522276088467));
#10748 = DIRECTION('',(-0.768592593328,0.480269955675,0.422618261741));
#10749 = DIRECTION('',(0.628137008538,0.44130147981,0.640856382056));
#10750 = PCURVE('',#7784,#10751);
#10751 = DEFINITIONAL_REPRESENTATION('',(#10752),#10756);
#10752 = LINE('',#10753,#10754);
#10753 = CARTESIAN_POINT('',(0.,-4.));
#10754 = VECTOR('',#10755,1.);
#10755 = DIRECTION('',(1.,0.));
#10756 = ( GEOMETRIC_REPRESENTATION_CONTEXT(2) 
PARAMETRIC_REPRESENTATION_CONTEXT() REPRESENTATION_CONTEXT('2D SPACE',''
  ) );
#10757 = PCURVE('',#9754,#10758);
#10758 = DEFINITIONAL_REPRESENTATION('',(#10759),#10763);
#10759 = CIRCLE('',#10760,3.8);
#10760 = AXIS2_PLACEMENT_2D('',#10761,#10762);
#10761 = CARTESIAN_POINT('',(-0.929289321881,-0.929289321881));
#10762 = DIRECTION('',(-0.707106781187,0.707106781187));
#10763 = ( GEOMETRIC_REPRESENTATION_CONTEXT(2) 
PARAMETRIC_REPRESENTATION_CONTEXT() REPRESENTATION_CONTEXT('2D SPACE',''
  ) );
#10764 = ORIENTED_EDGE('',*,*,#10599,.F.);
#10765 = ADVANCED_FACE('',(#10766),#7754,.T.);
#10766 = FACE_BOUND('',#10767,.T.);
#10767 = EDGE_LOOP('',(#10768,#10769,#10770,#10791));
#10768 = ORIENTED_EDGE('',*,*,#7739,.T.);
#10769 = ORIENTED_EDGE('',*,*,#10695,.T.);
#10770 = ORIENTED_EDGE('',*,*,#10771,.T.);
#10771 = EDGE_CURVE('',#10672,#10721,#10772,.T.);
#10772 = SURFACE_CURVE('',#10773,(#10777,#10784),.PCURVE_S1.);
#10773 = LINE('',#10774,#10775);
#10774 = CARTESIAN_POINT('',(-30.40347909613,37.441154699248,
    64.641974637941));
#10775 = VECTOR('',#10776,1.);
#10776 = DIRECTION('',(0.121282001903,0.758019639319,-0.640856382056));
#10777 = PCURVE('',#7754,#10778);
#10778 = DEFINITIONAL_REPRESENTATION('',(#10779),#10783);
#10779 = LINE('',#10780,#10781);
#10780 = CARTESIAN_POINT('',(-4.027205329759E-15,-4.));
#10781 = VECTOR('',#10782,1.);
#10782 = DIRECTION('',(1.,8.031031778068E-17));
#10783 = ( GEOMETRIC_REPRESENTATION_CONTEXT(2) 
PARAMETRIC_REPRESENTATION_CONTEXT() REPRESENTATION_CONTEXT('2D SPACE',''
  ) );
#10784 = PCURVE('',#9754,#10785);
#10785 = DEFINITIONAL_REPRESENTATION('',(#10786),#10790);
#10786 = LINE('',#10787,#10788);
#10787 = CARTESIAN_POINT('',(-1.757716446628,3.61629509039));
#10788 = VECTOR('',#10789,1.);
#10789 = DIRECTION('',(-0.707106781187,-0.707106781187));
#10790 = ( GEOMETRIC_REPRESENTATION_CONTEXT(2) 
PARAMETRIC_REPRESENTATION_CONTEXT() REPRESENTATION_CONTEXT('2D SPACE',''
  ) );
#10791 = ORIENTED_EDGE('',*,*,#10720,.F.);
#10792 = ADVANCED_FACE('',(#10793),#7815,.T.);
#10793 = FACE_BOUND('',#10794,.T.);
#10794 = EDGE_LOOP('',(#10795,#10796,#10819,#10847));
#10795 = ORIENTED_EDGE('',*,*,#7798,.T.);
#10796 = ORIENTED_EDGE('',*,*,#10797,.T.);
#10797 = EDGE_CURVE('',#7801,#10798,#10800,.T.);
#10798 = VERTEX_POINT('',#10799);
#10799 = CARTESIAN_POINT('',(-16.50689209539,63.966194478159,
    59.771466134317));
#10800 = SURFACE_CURVE('',#10801,(#10805,#10812),.PCURVE_S1.);
#10801 = LINE('',#10802,#10803);
#10802 = CARTESIAN_POINT('',(-19.58126246871,65.887274300861,
    61.46193918128));
#10803 = VECTOR('',#10804,1.);
#10804 = DIRECTION('',(0.768592593328,-0.480269955675,-0.422618261741));
#10805 = PCURVE('',#7815,#10806);
#10806 = DEFINITIONAL_REPRESENTATION('',(#10807),#10811);
#10807 = LINE('',#10808,#10809);
#10808 = CARTESIAN_POINT('',(-0.,0.));
#10809 = VECTOR('',#10810,1.);
#10810 = DIRECTION('',(-1.775206544715E-17,-1.));
#10811 = ( GEOMETRIC_REPRESENTATION_CONTEXT(2) 
PARAMETRIC_REPRESENTATION_CONTEXT() REPRESENTATION_CONTEXT('2D SPACE',''
  ) );
#10812 = PCURVE('',#7904,#10813);
#10813 = DEFINITIONAL_REPRESENTATION('',(#10814),#10818);
#10814 = LINE('',#10815,#10816);
#10815 = CARTESIAN_POINT('',(3.14159265359,0.));
#10816 = VECTOR('',#10817,1.);
#10817 = DIRECTION('',(0.,-1.));
#10818 = ( GEOMETRIC_REPRESENTATION_CONTEXT(2) 
PARAMETRIC_REPRESENTATION_CONTEXT() REPRESENTATION_CONTEXT('2D SPACE',''
  ) );
#10819 = ORIENTED_EDGE('',*,*,#10820,.T.);
#10820 = EDGE_CURVE('',#10798,#10821,#10823,.T.);
#10821 = VERTEX_POINT('',#10822);
#10822 = CARTESIAN_POINT('',(-18.15790444669,62.806265698435,
    58.087021836655));
#10823 = SURFACE_CURVE('',#10824,(#10828,#10835),.PCURVE_S1.);
#10824 = LINE('',#10825,#10826);
#10825 = CARTESIAN_POINT('',(-16.50689209539,63.966194478159,
    59.771466134317));
#10826 = VECTOR('',#10827,1.);
#10827 = DIRECTION('',(-0.628137008538,-0.44130147981,-0.640856382056));
#10828 = PCURVE('',#7815,#10829);
#10829 = DEFINITIONAL_REPRESENTATION('',(#10830),#10834);
#10830 = LINE('',#10831,#10832);
#10831 = CARTESIAN_POINT('',(1.636576164219E-15,-4.));
#10832 = VECTOR('',#10833,1.);
#10833 = DIRECTION('',(1.,-4.635018453421E-17));
#10834 = ( GEOMETRIC_REPRESENTATION_CONTEXT(2) 
PARAMETRIC_REPRESENTATION_CONTEXT() REPRESENTATION_CONTEXT('2D SPACE',''
  ) );
#10835 = PCURVE('',#10836,#10841);
#10836 = PLANE('',#10837);
#10837 = AXIS2_PLACEMENT_3D('',#10838,#10839,#10840);
#10838 = CARTESIAN_POINT('',(-17.79326987827,60.505755458886,
    61.364498237298));
#10839 = DIRECTION('',(-0.768592593328,0.480269955675,0.422618261741));
#10840 = DIRECTION('',(-0.529919264233,-0.848048096156,
    -3.415832205887E-17));
#10841 = DEFINITIONAL_REPRESENTATION('',(#10842),#10846);
#10842 = LINE('',#10843,#10844);
#10843 = CARTESIAN_POINT('',(-3.61629509039,-1.757716446628));
#10844 = VECTOR('',#10845,1.);
#10845 = DIRECTION('',(0.707106781187,-0.707106781187));
#10846 = ( GEOMETRIC_REPRESENTATION_CONTEXT(2) 
PARAMETRIC_REPRESENTATION_CONTEXT() REPRESENTATION_CONTEXT('2D SPACE',''
  ) );
#10847 = ORIENTED_EDGE('',*,*,#10848,.F.);
#10848 = EDGE_CURVE('',#7799,#10821,#10849,.T.);
#10849 = SURFACE_CURVE('',#10850,(#10854,#10861),.PCURVE_S1.);
#10850 = LINE('',#10851,#10852);
#10851 = CARTESIAN_POINT('',(-21.23227482,64.727345521136,
    59.777494883618));
#10852 = VECTOR('',#10853,1.);
#10853 = DIRECTION('',(0.768592593328,-0.480269955675,-0.422618261741));
#10854 = PCURVE('',#7815,#10855);
#10855 = DEFINITIONAL_REPRESENTATION('',(#10856),#10860);
#10856 = LINE('',#10857,#10858);
#10857 = CARTESIAN_POINT('',(2.628427124746,-1.26773921771E-15));
#10858 = VECTOR('',#10859,1.);
#10859 = DIRECTION('',(-1.775206544715E-17,-1.));
#10860 = ( GEOMETRIC_REPRESENTATION_CONTEXT(2) 
PARAMETRIC_REPRESENTATION_CONTEXT() REPRESENTATION_CONTEXT('2D SPACE',''
  ) );
#10861 = PCURVE('',#7847,#10862);
#10862 = DEFINITIONAL_REPRESENTATION('',(#10863),#10867);
#10863 = LINE('',#10864,#10865);
#10864 = CARTESIAN_POINT('',(0.,0.));
#10865 = VECTOR('',#10866,1.);
#10866 = DIRECTION('',(0.,-1.));
#10867 = ( GEOMETRIC_REPRESENTATION_CONTEXT(2) 
PARAMETRIC_REPRESENTATION_CONTEXT() REPRESENTATION_CONTEXT('2D SPACE',''
  ) );
#10868 = ADVANCED_FACE('',(#10869),#7847,.T.);
#10869 = FACE_BOUND('',#10870,.T.);
#10870 = EDGE_LOOP('',(#10871,#10872,#10873,#10897));
#10871 = ORIENTED_EDGE('',*,*,#7826,.F.);
#10872 = ORIENTED_EDGE('',*,*,#10848,.T.);
#10873 = ORIENTED_EDGE('',*,*,#10874,.T.);
#10874 = EDGE_CURVE('',#10821,#10875,#10877,.T.);
#10875 = VERTEX_POINT('',#10876);
#10876 = CARTESIAN_POINT('',(-19.07964766115,57.045316439613,
    62.957530340279));
#10877 = SURFACE_CURVE('',#10878,(#10883,#10890),.PCURVE_S1.);
#10878 = CIRCLE('',#10879,3.8);
#10879 = AXIS2_PLACEMENT_3D('',#10880,#10881,#10882);
#10880 = CARTESIAN_POINT('',(-18.61877605392,59.925791069024,
    60.522276088467));
#10881 = DIRECTION('',(-0.768592593328,0.480269955675,0.422618261741));
#10882 = DIRECTION('',(0.121282001903,0.758019639319,-0.640856382056));
#10883 = PCURVE('',#7847,#10884);
#10884 = DEFINITIONAL_REPRESENTATION('',(#10885),#10889);
#10885 = LINE('',#10886,#10887);
#10886 = CARTESIAN_POINT('',(0.,-4.));
#10887 = VECTOR('',#10888,1.);
#10888 = DIRECTION('',(1.,0.));
#10889 = ( GEOMETRIC_REPRESENTATION_CONTEXT(2) 
PARAMETRIC_REPRESENTATION_CONTEXT() REPRESENTATION_CONTEXT('2D SPACE',''
  ) );
#10890 = PCURVE('',#10836,#10891);
#10891 = DEFINITIONAL_REPRESENTATION('',(#10892),#10896);
#10892 = CIRCLE('',#10893,3.8);
#10893 = AXIS2_PLACEMENT_2D('',#10894,#10895);
#10894 = CARTESIAN_POINT('',(0.929289321881,-0.929289321881));
#10895 = DIRECTION('',(-0.707106781187,-0.707106781187));
#10896 = ( GEOMETRIC_REPRESENTATION_CONTEXT(2) 
PARAMETRIC_REPRESENTATION_CONTEXT() REPRESENTATION_CONTEXT('2D SPACE',''
  ) );
#10897 = ORIENTED_EDGE('',*,*,#10898,.F.);
#10898 = EDGE_CURVE('',#7827,#10875,#10899,.T.);
#10899 = SURFACE_CURVE('',#10900,(#10904,#10911),.PCURVE_S1.);
#10900 = LINE('',#10901,#10902);
#10901 = CARTESIAN_POINT('',(-22.15401803447,58.966396262314,
    64.648003387242));
#10902 = VECTOR('',#10903,1.);
#10903 = DIRECTION('',(0.768592593328,-0.480269955675,-0.422618261741));
#10904 = PCURVE('',#7847,#10905);
#10905 = DEFINITIONAL_REPRESENTATION('',(#10906),#10910);
#10906 = LINE('',#10907,#10908);
#10907 = CARTESIAN_POINT('',(3.14159265359,0.));
#10908 = VECTOR('',#10909,1.);
#10909 = DIRECTION('',(0.,-1.));
#10910 = ( GEOMETRIC_REPRESENTATION_CONTEXT(2) 
PARAMETRIC_REPRESENTATION_CONTEXT() REPRESENTATION_CONTEXT('2D SPACE',''
  ) );
#10911 = PCURVE('',#7874,#10912);
#10912 = DEFINITIONAL_REPRESENTATION('',(#10913),#10917);
#10913 = LINE('',#10914,#10915);
#10914 = CARTESIAN_POINT('',(0.,0.));
#10915 = VECTOR('',#10916,1.);
#10916 = DIRECTION('',(1.775206544715E-17,-1.));
#10917 = ( GEOMETRIC_REPRESENTATION_CONTEXT(2) 
PARAMETRIC_REPRESENTATION_CONTEXT() REPRESENTATION_CONTEXT('2D SPACE',''
  ) );
#10918 = ADVANCED_FACE('',(#10919),#7904,.T.);
#10919 = FACE_BOUND('',#10920,.T.);
#10920 = EDGE_LOOP('',(#10921,#10922,#10945,#10967));
#10921 = ORIENTED_EDGE('',*,*,#7885,.F.);
#10922 = ORIENTED_EDGE('',*,*,#10923,.T.);
#10923 = EDGE_CURVE('',#7860,#10924,#10926,.T.);
#10924 = VERTEX_POINT('',#10925);
#10925 = CARTESIAN_POINT('',(-17.42863530986,58.205245219338,
    64.641974637941));
#10926 = SURFACE_CURVE('',#10927,(#10931,#10938),.PCURVE_S1.);
#10927 = LINE('',#10928,#10929);
#10928 = CARTESIAN_POINT('',(-20.50300568317,60.126325042039,
    66.332447684904));
#10929 = VECTOR('',#10930,1.);
#10930 = DIRECTION('',(0.768592593328,-0.480269955675,-0.422618261741));
#10931 = PCURVE('',#7904,#10932);
#10932 = DEFINITIONAL_REPRESENTATION('',(#10933),#10937);
#10933 = LINE('',#10934,#10935);
#10934 = CARTESIAN_POINT('',(0.,0.));
#10935 = VECTOR('',#10936,1.);
#10936 = DIRECTION('',(0.,-1.));
#10937 = ( GEOMETRIC_REPRESENTATION_CONTEXT(2) 
PARAMETRIC_REPRESENTATION_CONTEXT() REPRESENTATION_CONTEXT('2D SPACE',''
  ) );
#10938 = PCURVE('',#7874,#10939);
#10939 = DEFINITIONAL_REPRESENTATION('',(#10940),#10944);
#10940 = LINE('',#10941,#10942);
#10941 = CARTESIAN_POINT('',(2.628427124746,7.273505935298E-15));
#10942 = VECTOR('',#10943,1.);
#10943 = DIRECTION('',(1.775206544715E-17,-1.));
#10944 = ( GEOMETRIC_REPRESENTATION_CONTEXT(2) 
PARAMETRIC_REPRESENTATION_CONTEXT() REPRESENTATION_CONTEXT('2D SPACE',''
  ) );
#10945 = ORIENTED_EDGE('',*,*,#10946,.T.);
#10946 = EDGE_CURVE('',#10924,#10798,#10947,.T.);
#10947 = SURFACE_CURVE('',#10948,(#10953,#10960),.PCURVE_S1.);
#10948 = CIRCLE('',#10949,3.8);
#10949 = AXIS2_PLACEMENT_3D('',#10950,#10951,#10952);
#10950 = CARTESIAN_POINT('',(-16.96776370262,61.085719848749,
    62.206720386129));
#10951 = DIRECTION('',(-0.768592593328,0.480269955675,0.422618261741));
#10952 = DIRECTION('',(-0.121282001903,-0.758019639319,0.640856382056));
#10953 = PCURVE('',#7904,#10954);
#10954 = DEFINITIONAL_REPRESENTATION('',(#10955),#10959);
#10955 = LINE('',#10956,#10957);
#10956 = CARTESIAN_POINT('',(0.,-4.));
#10957 = VECTOR('',#10958,1.);
#10958 = DIRECTION('',(1.,0.));
#10959 = ( GEOMETRIC_REPRESENTATION_CONTEXT(2) 
PARAMETRIC_REPRESENTATION_CONTEXT() REPRESENTATION_CONTEXT('2D SPACE',''
  ) );
#10960 = PCURVE('',#10836,#10961);
#10961 = DEFINITIONAL_REPRESENTATION('',(#10962),#10966);
#10962 = CIRCLE('',#10963,3.8);
#10963 = AXIS2_PLACEMENT_2D('',#10964,#10965);
#10964 = CARTESIAN_POINT('',(-0.929289321881,0.929289321881));
#10965 = DIRECTION('',(0.707106781187,0.707106781187));
#10966 = ( GEOMETRIC_REPRESENTATION_CONTEXT(2) 
PARAMETRIC_REPRESENTATION_CONTEXT() REPRESENTATION_CONTEXT('2D SPACE',''
  ) );
#10967 = ORIENTED_EDGE('',*,*,#10797,.F.);
#10968 = ADVANCED_FACE('',(#10969),#7874,.T.);
#10969 = FACE_BOUND('',#10970,.T.);
#10970 = EDGE_LOOP('',(#10971,#10972,#10973,#10994));
#10971 = ORIENTED_EDGE('',*,*,#7859,.T.);
#10972 = ORIENTED_EDGE('',*,*,#10898,.T.);
#10973 = ORIENTED_EDGE('',*,*,#10974,.T.);
#10974 = EDGE_CURVE('',#10875,#10924,#10975,.T.);
#10975 = SURFACE_CURVE('',#10976,(#10980,#10987),.PCURVE_S1.);
#10976 = LINE('',#10977,#10978);
#10977 = CARTESIAN_POINT('',(-19.07964766115,57.045316439613,
    62.957530340279));
#10978 = VECTOR('',#10979,1.);
#10979 = DIRECTION('',(0.628137008538,0.44130147981,0.640856382056));
#10980 = PCURVE('',#7874,#10981);
#10981 = DEFINITIONAL_REPRESENTATION('',(#10982),#10986);
#10982 = LINE('',#10983,#10984);
#10983 = CARTESIAN_POINT('',(-1.636576164219E-15,-4.));
#10984 = VECTOR('',#10985,1.);
#10985 = DIRECTION('',(1.,4.635018453421E-17));
#10986 = ( GEOMETRIC_REPRESENTATION_CONTEXT(2) 
PARAMETRIC_REPRESENTATION_CONTEXT() REPRESENTATION_CONTEXT('2D SPACE',''
  ) );
#10987 = PCURVE('',#10836,#10988);
#10988 = DEFINITIONAL_REPRESENTATION('',(#10989),#10993);
#10989 = LINE('',#10990,#10991);
#10990 = CARTESIAN_POINT('',(3.61629509039,1.757716446628));
#10991 = VECTOR('',#10992,1.);
#10992 = DIRECTION('',(-0.707106781187,0.707106781187));
#10993 = ( GEOMETRIC_REPRESENTATION_CONTEXT(2) 
PARAMETRIC_REPRESENTATION_CONTEXT() REPRESENTATION_CONTEXT('2D SPACE',''
  ) );
#10994 = ORIENTED_EDGE('',*,*,#10923,.F.);
#10995 = ADVANCED_FACE('',(#10996),#8029,.F.);
#10996 = FACE_BOUND('',#10997,.F.);
#10997 = EDGE_LOOP('',(#10998,#10999,#11000,#11001));
#10998 = ORIENTED_EDGE('',*,*,#8959,.F.);
#10999 = ORIENTED_EDGE('',*,*,#9248,.T.);
#11000 = ORIENTED_EDGE('',*,*,#9342,.T.);
#11001 = ORIENTED_EDGE('',*,*,#8013,.F.);
#11002 = ADVANCED_FACE('',(#11003),#8238,.T.);
#11003 = FACE_BOUND('',#11004,.T.);
#11004 = EDGE_LOOP('',(#11005,#11006,#11007,#11028));
#11005 = ORIENTED_EDGE('',*,*,#8540,.F.);
#11006 = ORIENTED_EDGE('',*,*,#8666,.T.);
#11007 = ORIENTED_EDGE('',*,*,#11008,.T.);
#11008 = EDGE_CURVE('',#8667,#8198,#11009,.T.);
#11009 = SURFACE_CURVE('',#11010,(#11014,#11021),.PCURVE_S1.);
#11010 = LINE('',#11011,#11012);
#11011 = CARTESIAN_POINT('',(-29.08949469003,55.85745785887,
    6.95018073558));
#11012 = VECTOR('',#11013,1.);
#11013 = DIRECTION('',(-0.995260706663,-9.139676629514E-02,
    -3.320778347674E-02));
#11014 = PCURVE('',#8238,#11015);
#11015 = DEFINITIONAL_REPRESENTATION('',(#11016),#11020);
#11016 = LINE('',#11017,#11018);
#11017 = CARTESIAN_POINT('',(-9.043726327097E-16,-4.));
#11018 = VECTOR('',#11019,1.);
#11019 = DIRECTION('',(1.,-1.091188514345E-17));
#11020 = ( GEOMETRIC_REPRESENTATION_CONTEXT(2) 
PARAMETRIC_REPRESENTATION_CONTEXT() REPRESENTATION_CONTEXT('2D SPACE',''
  ) );
#11021 = PCURVE('',#8212,#11022);
#11022 = DEFINITIONAL_REPRESENTATION('',(#11023),#11027);
#11023 = LINE('',#11024,#11025);
#11024 = CARTESIAN_POINT('',(-1.500046132368,9.999993080036));
#11025 = VECTOR('',#11026,1.);
#11026 = DIRECTION('',(4.613238354628E-06,-0.999999999989));
#11027 = ( GEOMETRIC_REPRESENTATION_CONTEXT(2) 
PARAMETRIC_REPRESENTATION_CONTEXT() REPRESENTATION_CONTEXT('2D SPACE',''
  ) );
#11028 = ORIENTED_EDGE('',*,*,#8223,.T.);
#11029 = ADVANCED_FACE('',(#11030),#8212,.F.);
#11030 = FACE_BOUND('',#11031,.F.);
#11031 = EDGE_LOOP('',(#11032,#11033,#11034,#11035));
#11032 = ORIENTED_EDGE('',*,*,#8448,.T.);
#11033 = ORIENTED_EDGE('',*,*,#8687,.T.);
#11034 = ORIENTED_EDGE('',*,*,#11008,.T.);
#11035 = ORIENTED_EDGE('',*,*,#8197,.T.);
#11036 = ADVANCED_FACE('',(#11037),#8998,.F.);
#11037 = FACE_BOUND('',#11038,.F.);
#11038 = EDGE_LOOP('',(#11039,#11040,#11063,#11084));
#11039 = ORIENTED_EDGE('',*,*,#8981,.T.);
#11040 = ORIENTED_EDGE('',*,*,#11041,.T.);
#11041 = EDGE_CURVE('',#8984,#11042,#11044,.T.);
#11042 = VERTEX_POINT('',#11043);
#11043 = CARTESIAN_POINT('',(-28.47354648097,67.27476482237,
    34.248459116563));
#11044 = SURFACE_CURVE('',#11045,(#11049,#11056),.PCURVE_S1.);
#11045 = LINE('',#11046,#11047);
#11046 = CARTESIAN_POINT('',(-35.00658352426,71.35705944561,
    37.840714341359));
#11047 = VECTOR('',#11048,1.);
#11048 = DIRECTION('',(0.768592593328,-0.480269955675,-0.422618261741));
#11049 = PCURVE('',#8998,#11050);
#11050 = DEFINITIONAL_REPRESENTATION('',(#11051),#11055);
#11051 = LINE('',#11052,#11053);
#11052 = CARTESIAN_POINT('',(0.,0.));
#11053 = VECTOR('',#11054,1.);
#11054 = DIRECTION('',(-3.775908578411E-17,-1.));
#11055 = ( GEOMETRIC_REPRESENTATION_CONTEXT(2) 
PARAMETRIC_REPRESENTATION_CONTEXT() REPRESENTATION_CONTEXT('2D SPACE',''
  ) );
#11056 = PCURVE('',#9087,#11057);
#11057 = DEFINITIONAL_REPRESENTATION('',(#11058),#11062);
#11058 = LINE('',#11059,#11060);
#11059 = CARTESIAN_POINT('',(3.14159265359,0.));
#11060 = VECTOR('',#11061,1.);
#11061 = DIRECTION('',(0.,-1.));
#11062 = ( GEOMETRIC_REPRESENTATION_CONTEXT(2) 
PARAMETRIC_REPRESENTATION_CONTEXT() REPRESENTATION_CONTEXT('2D SPACE',''
  ) );
#11063 = ORIENTED_EDGE('',*,*,#11064,.T.);
#11064 = EDGE_CURVE('',#11042,#11065,#11067,.T.);
#11065 = VERTEX_POINT('',#11066);
#11066 = CARTESIAN_POINT('',(-28.8165837849,65.130761513431,
    36.061074690636));
#11067 = SURFACE_CURVE('',#11068,(#11072,#11078),.PCURVE_S1.);
#11068 = LINE('',#11069,#11070);
#11069 = CARTESIAN_POINT('',(-28.55930580696,66.738763995136,
    34.701613010081));
#11070 = VECTOR('',#11071,1.);
#11071 = DIRECTION('',(-0.121282001903,-0.758019639319,0.640856382056));
#11072 = PCURVE('',#8998,#11073);
#11073 = DEFINITIONAL_REPRESENTATION('',(#11074),#11077);
#11074 = B_SPLINE_CURVE_WITH_KNOTS('',1,(#11075,#11076),.UNSPECIFIED.,
  .F.,.F.,(2,2),(-0.707106781187,2.12132034356),
  .PIECEWISE_BEZIER_KNOTS.);
#11075 = CARTESIAN_POINT('',(-3.330669073875E-16,-8.5));
#11076 = CARTESIAN_POINT('',(2.828427124746,-8.5));
#11077 = ( GEOMETRIC_REPRESENTATION_CONTEXT(2) 
PARAMETRIC_REPRESENTATION_CONTEXT() REPRESENTATION_CONTEXT('2D SPACE',''
  ) );
#11078 = PCURVE('',#10435,#11079);
#11079 = DEFINITIONAL_REPRESENTATION('',(#11080),#11083);
#11080 = B_SPLINE_CURVE_WITH_KNOTS('',1,(#11081,#11082),.UNSPECIFIED.,
  .F.,.F.,(2,2),(-0.707106781187,2.12132034356),
  .PIECEWISE_BEZIER_KNOTS.);
#11081 = CARTESIAN_POINT('',(-8.07611844575E-02,-1.919238815543));
#11082 = CARTESIAN_POINT('',(1.919238815542,8.076118445748E-02));
#11083 = ( GEOMETRIC_REPRESENTATION_CONTEXT(2) 
PARAMETRIC_REPRESENTATION_CONTEXT() REPRESENTATION_CONTEXT('2D SPACE',''
  ) );
#11084 = ORIENTED_EDGE('',*,*,#11085,.F.);
#11085 = EDGE_CURVE('',#8982,#11065,#11086,.T.);
#11086 = SURFACE_CURVE('',#11087,(#11091,#11098),.PCURVE_S1.);
#11087 = LINE('',#11088,#11089);
#11088 = CARTESIAN_POINT('',(-35.34962082819,69.213056136671,
    39.653329915432));
#11089 = VECTOR('',#11090,1.);
#11090 = DIRECTION('',(0.768592593328,-0.480269955675,-0.422618261741));
#11091 = PCURVE('',#8998,#11092);
#11092 = DEFINITIONAL_REPRESENTATION('',(#11093),#11097);
#11093 = LINE('',#11094,#11095);
#11094 = CARTESIAN_POINT('',(2.828427124746,-2.8583870316E-15));
#11095 = VECTOR('',#11096,1.);
#11096 = DIRECTION('',(-3.775908578411E-17,-1.));
#11097 = ( GEOMETRIC_REPRESENTATION_CONTEXT(2) 
PARAMETRIC_REPRESENTATION_CONTEXT() REPRESENTATION_CONTEXT('2D SPACE',''
  ) );
#11098 = PCURVE('',#9030,#11099);
#11099 = DEFINITIONAL_REPRESENTATION('',(#11100),#11104);
#11100 = LINE('',#11101,#11102);
#11101 = CARTESIAN_POINT('',(0.,0.));
#11102 = VECTOR('',#11103,1.);
#11103 = DIRECTION('',(0.,-1.));
#11104 = ( GEOMETRIC_REPRESENTATION_CONTEXT(2) 
PARAMETRIC_REPRESENTATION_CONTEXT() REPRESENTATION_CONTEXT('2D SPACE',''
  ) );
#11105 = ADVANCED_FACE('',(#11106),#9030,.F.);
#11106 = FACE_BOUND('',#11107,.F.);
#11107 = EDGE_LOOP('',(#11108,#11109,#11110,#11134));
#11108 = ORIENTED_EDGE('',*,*,#9009,.F.);
#11109 = ORIENTED_EDGE('',*,*,#11085,.T.);
#11110 = ORIENTED_EDGE('',*,*,#11111,.T.);
#11111 = EDGE_CURVE('',#11065,#11112,#11114,.T.);
#11112 = VERTEX_POINT('',#11113);
#11113 = CARTESIAN_POINT('',(-27.1834275627,66.278145360939,
    37.727301283981));
#11114 = SURFACE_CURVE('',#11115,(#11120,#11127),.PCURVE_S1.);
#11115 = CIRCLE('',#11116,1.3);
#11116 = AXIS2_PLACEMENT_3D('',#11117,#11118,#11119);
#11117 = CARTESIAN_POINT('',(-28.0000056738,65.704453437185,
    36.894187987309));
#11118 = DIRECTION('',(-0.768592593328,0.480269955675,0.422618261741));
#11119 = DIRECTION('',(-0.628137008538,-0.44130147981,-0.640856382056));
#11120 = PCURVE('',#9030,#11121);
#11121 = DEFINITIONAL_REPRESENTATION('',(#11122),#11126);
#11122 = LINE('',#11123,#11124);
#11123 = CARTESIAN_POINT('',(-1.080608752412E-16,-8.5));
#11124 = VECTOR('',#11125,1.);
#11125 = DIRECTION('',(1.,0.));
#11126 = ( GEOMETRIC_REPRESENTATION_CONTEXT(2) 
PARAMETRIC_REPRESENTATION_CONTEXT() REPRESENTATION_CONTEXT('2D SPACE',''
  ) );
#11127 = PCURVE('',#10435,#11128);
#11128 = DEFINITIONAL_REPRESENTATION('',(#11129),#11133);
#11129 = CIRCLE('',#11130,1.3);
#11130 = AXIS2_PLACEMENT_2D('',#11131,#11132);
#11131 = CARTESIAN_POINT('',(1.,1.));
#11132 = DIRECTION('',(0.707106781187,-0.707106781187));
#11133 = ( GEOMETRIC_REPRESENTATION_CONTEXT(2) 
PARAMETRIC_REPRESENTATION_CONTEXT() REPRESENTATION_CONTEXT('2D SPACE',''
  ) );
#11134 = ORIENTED_EDGE('',*,*,#11135,.F.);
#11135 = EDGE_CURVE('',#9010,#11112,#11136,.T.);
#11136 = SURFACE_CURVE('',#11137,(#11141,#11148),.PCURVE_S1.);
#11137 = LINE('',#11138,#11139);
#11138 = CARTESIAN_POINT('',(-33.71646460599,70.360439984178,
    41.319556508777));
#11139 = VECTOR('',#11140,1.);
#11140 = DIRECTION('',(0.768592593328,-0.480269955675,-0.422618261741));
#11141 = PCURVE('',#9030,#11142);
#11142 = DEFINITIONAL_REPRESENTATION('',(#11143),#11147);
#11143 = LINE('',#11144,#11145);
#11144 = CARTESIAN_POINT('',(3.14159265359,0.));
#11145 = VECTOR('',#11146,1.);
#11146 = DIRECTION('',(0.,-1.));
#11147 = ( GEOMETRIC_REPRESENTATION_CONTEXT(2) 
PARAMETRIC_REPRESENTATION_CONTEXT() REPRESENTATION_CONTEXT('2D SPACE',''
  ) );
#11148 = PCURVE('',#9057,#11149);
#11149 = DEFINITIONAL_REPRESENTATION('',(#11150),#11154);
#11150 = LINE('',#11151,#11152);
#11151 = CARTESIAN_POINT('',(0.,0.));
#11152 = VECTOR('',#11153,1.);
#11153 = DIRECTION('',(3.775908578411E-17,-1.));
#11154 = ( GEOMETRIC_REPRESENTATION_CONTEXT(2) 
PARAMETRIC_REPRESENTATION_CONTEXT() REPRESENTATION_CONTEXT('2D SPACE',''
  ) );
#11155 = ADVANCED_FACE('',(#11156),#9087,.F.);
#11156 = FACE_BOUND('',#11157,.F.);
#11157 = EDGE_LOOP('',(#11158,#11159,#11182,#11204));
#11158 = ORIENTED_EDGE('',*,*,#9068,.F.);
#11159 = ORIENTED_EDGE('',*,*,#11160,.T.);
#11160 = EDGE_CURVE('',#9043,#11161,#11163,.T.);
#11161 = VERTEX_POINT('',#11162);
#11162 = CARTESIAN_POINT('',(-26.84039025877,68.422148669878,
    35.914685709908));
#11163 = SURFACE_CURVE('',#11164,(#11168,#11175),.PCURVE_S1.);
#11164 = LINE('',#11165,#11166);
#11165 = CARTESIAN_POINT('',(-33.37342730206,72.504443293118,
    39.506940934704));
#11166 = VECTOR('',#11167,1.);
#11167 = DIRECTION('',(0.768592593328,-0.480269955675,-0.422618261741));
#11168 = PCURVE('',#9087,#11169);
#11169 = DEFINITIONAL_REPRESENTATION('',(#11170),#11174);
#11170 = LINE('',#11171,#11172);
#11171 = CARTESIAN_POINT('',(0.,0.));
#11172 = VECTOR('',#11173,1.);
#11173 = DIRECTION('',(0.,-1.));
#11174 = ( GEOMETRIC_REPRESENTATION_CONTEXT(2) 
PARAMETRIC_REPRESENTATION_CONTEXT() REPRESENTATION_CONTEXT('2D SPACE',''
  ) );
#11175 = PCURVE('',#9057,#11176);
#11176 = DEFINITIONAL_REPRESENTATION('',(#11177),#11181);
#11177 = LINE('',#11178,#11179);
#11178 = CARTESIAN_POINT('',(2.828427124746,2.8583870316E-15));
#11179 = VECTOR('',#11180,1.);
#11180 = DIRECTION('',(3.775908578411E-17,-1.));
#11181 = ( GEOMETRIC_REPRESENTATION_CONTEXT(2) 
PARAMETRIC_REPRESENTATION_CONTEXT() REPRESENTATION_CONTEXT('2D SPACE',''
  ) );
#11182 = ORIENTED_EDGE('',*,*,#11183,.T.);
#11183 = EDGE_CURVE('',#11161,#11042,#11184,.T.);
#11184 = SURFACE_CURVE('',#11185,(#11190,#11197),.PCURVE_S1.);
#11185 = CIRCLE('',#11186,1.3);
#11186 = AXIS2_PLACEMENT_3D('',#11187,#11188,#11189);
#11187 = CARTESIAN_POINT('',(-27.65696836987,67.848456746124,
    35.081572413235));
#11188 = DIRECTION('',(-0.768592593328,0.480269955675,0.422618261741));
#11189 = DIRECTION('',(0.628137008538,0.44130147981,0.640856382056));
#11190 = PCURVE('',#9087,#11191);
#11191 = DEFINITIONAL_REPRESENTATION('',(#11192),#11196);
#11192 = LINE('',#11193,#11194);
#11193 = CARTESIAN_POINT('',(-1.080608752412E-16,-8.5));
#11194 = VECTOR('',#11195,1.);
#11195 = DIRECTION('',(1.,0.));
#11196 = ( GEOMETRIC_REPRESENTATION_CONTEXT(2) 
PARAMETRIC_REPRESENTATION_CONTEXT() REPRESENTATION_CONTEXT('2D SPACE',''
  ) );
#11197 = PCURVE('',#10435,#11198);
#11198 = DEFINITIONAL_REPRESENTATION('',(#11199),#11203);
#11199 = CIRCLE('',#11200,1.3);
#11200 = AXIS2_PLACEMENT_2D('',#11201,#11202);
#11201 = CARTESIAN_POINT('',(-1.,-1.));
#11202 = DIRECTION('',(-0.707106781187,0.707106781187));
#11203 = ( GEOMETRIC_REPRESENTATION_CONTEXT(2) 
PARAMETRIC_REPRESENTATION_CONTEXT() REPRESENTATION_CONTEXT('2D SPACE',''
  ) );
#11204 = ORIENTED_EDGE('',*,*,#11041,.F.);
#11205 = ADVANCED_FACE('',(#11206),#9057,.F.);
#11206 = FACE_BOUND('',#11207,.F.);
#11207 = EDGE_LOOP('',(#11208,#11209,#11210,#11229));
#11208 = ORIENTED_EDGE('',*,*,#9042,.T.);
#11209 = ORIENTED_EDGE('',*,*,#11135,.T.);
#11210 = ORIENTED_EDGE('',*,*,#11211,.T.);
#11211 = EDGE_CURVE('',#11112,#11161,#11212,.T.);
#11212 = SURFACE_CURVE('',#11213,(#11217,#11223),.PCURVE_S1.);
#11213 = LINE('',#11214,#11215);
#11214 = CARTESIAN_POINT('',(-27.09766823672,66.814146188173,
    37.274147390463));
#11215 = VECTOR('',#11216,1.);
#11216 = DIRECTION('',(0.121282001903,0.758019639319,-0.640856382056));
#11217 = PCURVE('',#9057,#11218);
#11218 = DEFINITIONAL_REPRESENTATION('',(#11219),#11222);
#11219 = B_SPLINE_CURVE_WITH_KNOTS('',1,(#11220,#11221),.UNSPECIFIED.,
  .F.,.F.,(2,2),(-0.707106781187,2.12132034356),
  .PIECEWISE_BEZIER_KNOTS.);
#11220 = CARTESIAN_POINT('',(-6.661338147751E-16,-8.5));
#11221 = CARTESIAN_POINT('',(2.828427124746,-8.5));
#11222 = ( GEOMETRIC_REPRESENTATION_CONTEXT(2) 
PARAMETRIC_REPRESENTATION_CONTEXT() REPRESENTATION_CONTEXT('2D SPACE',''
  ) );
#11223 = PCURVE('',#10435,#11224);
#11224 = DEFINITIONAL_REPRESENTATION('',(#11225),#11228);
#11225 = B_SPLINE_CURVE_WITH_KNOTS('',1,(#11226,#11227),.UNSPECIFIED.,
  .F.,.F.,(2,2),(-0.707106781187,2.12132034356),
  .PIECEWISE_BEZIER_KNOTS.);
#11226 = CARTESIAN_POINT('',(8.076118445748E-02,1.919238815543));
#11227 = CARTESIAN_POINT('',(-1.919238815543,-8.076118445749E-02));
#11228 = ( GEOMETRIC_REPRESENTATION_CONTEXT(2) 
PARAMETRIC_REPRESENTATION_CONTEXT() REPRESENTATION_CONTEXT('2D SPACE',''
  ) );
#11229 = ORIENTED_EDGE('',*,*,#11160,.F.);
#11230 = ADVANCED_FACE('',(#11231),#9118,.F.);
#11231 = FACE_BOUND('',#11232,.F.);
#11232 = EDGE_LOOP('',(#11233,#11234,#11257,#11278));
#11233 = ORIENTED_EDGE('',*,*,#9101,.T.);
#11234 = ORIENTED_EDGE('',*,*,#11235,.T.);
#11235 = EDGE_CURVE('',#9104,#11236,#11238,.T.);
#11236 = VERTEX_POINT('',#11237);
#11237 = CARTESIAN_POINT('',(-16.7472833993,62.115275527844,
    61.437692727662));
#11238 = SURFACE_CURVE('',#11239,(#11243,#11250),.PCURVE_S1.);
#11239 = LINE('',#11240,#11241);
#11240 = CARTESIAN_POINT('',(-23.28032044259,66.197570151084,
    65.029947952458));
#11241 = VECTOR('',#11242,1.);
#11242 = DIRECTION('',(0.768592593328,-0.480269955675,-0.422618261741));
#11243 = PCURVE('',#9118,#11244);
#11244 = DEFINITIONAL_REPRESENTATION('',(#11245),#11249);
#11245 = LINE('',#11246,#11247);
#11246 = CARTESIAN_POINT('',(-0.,0.));
#11247 = VECTOR('',#11248,1.);
#11248 = DIRECTION('',(-1.775206544715E-17,-1.));
#11249 = ( GEOMETRIC_REPRESENTATION_CONTEXT(2) 
PARAMETRIC_REPRESENTATION_CONTEXT() REPRESENTATION_CONTEXT('2D SPACE',''
  ) );
#11250 = PCURVE('',#9207,#11251);
#11251 = DEFINITIONAL_REPRESENTATION('',(#11252),#11256);
#11252 = LINE('',#11253,#11254);
#11253 = CARTESIAN_POINT('',(3.14159265359,0.));
#11254 = VECTOR('',#11255,1.);
#11255 = DIRECTION('',(0.,-1.));
#11256 = ( GEOMETRIC_REPRESENTATION_CONTEXT(2) 
PARAMETRIC_REPRESENTATION_CONTEXT() REPRESENTATION_CONTEXT('2D SPACE',''
  ) );
#11257 = ORIENTED_EDGE('',*,*,#11258,.T.);
#11258 = EDGE_CURVE('',#11236,#11259,#11261,.T.);
#11259 = VERTEX_POINT('',#11260);
#11260 = CARTESIAN_POINT('',(-18.5239231523,60.867086452157,
    59.625077153589));
#11261 = SURFACE_CURVE('',#11262,(#11266,#11272),.PCURVE_S1.);
#11262 = LINE('',#11263,#11264);
#11263 = CARTESIAN_POINT('',(-17.19144333755,61.803228258922,
    60.984538834144));
#11264 = VECTOR('',#11265,1.);
#11265 = DIRECTION('',(-0.628137008538,-0.44130147981,-0.640856382056));
#11266 = PCURVE('',#9118,#11267);
#11267 = DEFINITIONAL_REPRESENTATION('',(#11268),#11271);
#11268 = B_SPLINE_CURVE_WITH_KNOTS('',1,(#11269,#11270),.UNSPECIFIED.,
  .F.,.F.,(2,2),(-0.707106781187,2.12132034356),
  .PIECEWISE_BEZIER_KNOTS.);
#11269 = CARTESIAN_POINT('',(-1.110223024625E-15,-8.5));
#11270 = CARTESIAN_POINT('',(2.828427124746,-8.5));
#11271 = ( GEOMETRIC_REPRESENTATION_CONTEXT(2) 
PARAMETRIC_REPRESENTATION_CONTEXT() REPRESENTATION_CONTEXT('2D SPACE',''
  ) );
#11272 = PCURVE('',#10836,#11273);
#11273 = DEFINITIONAL_REPRESENTATION('',(#11274),#11277);
#11274 = B_SPLINE_CURVE_WITH_KNOTS('',1,(#11275,#11276),.UNSPECIFIED.,
  .F.,.F.,(2,2),(-0.707106781187,2.12132034356),
  .PIECEWISE_BEZIER_KNOTS.);
#11275 = CARTESIAN_POINT('',(-1.919238815543,8.076118445748E-02));
#11276 = CARTESIAN_POINT('',(8.076118445749E-02,-1.919238815543));
#11277 = ( GEOMETRIC_REPRESENTATION_CONTEXT(2) 
PARAMETRIC_REPRESENTATION_CONTEXT() REPRESENTATION_CONTEXT('2D SPACE',''
  ) );
#11278 = ORIENTED_EDGE('',*,*,#11279,.F.);
#11279 = EDGE_CURVE('',#9102,#11259,#11280,.T.);
#11280 = SURFACE_CURVE('',#11281,(#11285,#11292),.PCURVE_S1.);
#11281 = LINE('',#11282,#11283);
#11282 = CARTESIAN_POINT('',(-25.05696019559,64.949381075397,
    63.217332378385));
#11283 = VECTOR('',#11284,1.);
#11284 = DIRECTION('',(0.768592593328,-0.480269955675,-0.422618261741));
#11285 = PCURVE('',#9118,#11286);
#11286 = DEFINITIONAL_REPRESENTATION('',(#11287),#11291);
#11287 = LINE('',#11288,#11289);
#11288 = CARTESIAN_POINT('',(2.828427124746,-6.896052926995E-15));
#11289 = VECTOR('',#11290,1.);
#11290 = DIRECTION('',(-1.775206544715E-17,-1.));
#11291 = ( GEOMETRIC_REPRESENTATION_CONTEXT(2) 
PARAMETRIC_REPRESENTATION_CONTEXT() REPRESENTATION_CONTEXT('2D SPACE',''
  ) );
#11292 = PCURVE('',#9150,#11293);
#11293 = DEFINITIONAL_REPRESENTATION('',(#11294),#11298);
#11294 = LINE('',#11295,#11296);
#11295 = CARTESIAN_POINT('',(0.,0.));
#11296 = VECTOR('',#11297,1.);
#11297 = DIRECTION('',(0.,-1.));
#11298 = ( GEOMETRIC_REPRESENTATION_CONTEXT(2) 
PARAMETRIC_REPRESENTATION_CONTEXT() REPRESENTATION_CONTEXT('2D SPACE',''
  ) );
#11299 = ADVANCED_FACE('',(#11300),#9150,.F.);
#11300 = FACE_BOUND('',#11301,.F.);
#11301 = EDGE_LOOP('',(#11302,#11303,#11304,#11328));
#11302 = ORIENTED_EDGE('',*,*,#9129,.F.);
#11303 = ORIENTED_EDGE('',*,*,#11279,.T.);
#11304 = ORIENTED_EDGE('',*,*,#11305,.T.);
#11305 = EDGE_CURVE('',#11259,#11306,#11308,.T.);
#11306 = VERTEX_POINT('',#11307);
#11307 = CARTESIAN_POINT('',(-18.83925635725,58.896235389929,
    61.291303746934));
#11308 = SURFACE_CURVE('',#11309,(#11314,#11321),.PCURVE_S1.);
#11309 = CIRCLE('',#11310,1.3);
#11310 = AXIS2_PLACEMENT_3D('',#11311,#11312,#11313);
#11311 = CARTESIAN_POINT('',(-18.68158975478,59.881660921043,
    60.458190450262));
#11312 = DIRECTION('',(-0.768592593328,0.480269955675,0.422618261741));
#11313 = DIRECTION('',(0.121282001903,0.758019639319,-0.640856382056));
#11314 = PCURVE('',#9150,#11315);
#11315 = DEFINITIONAL_REPRESENTATION('',(#11316),#11320);
#11316 = LINE('',#11317,#11318);
#11317 = CARTESIAN_POINT('',(0.,-8.5));
#11318 = VECTOR('',#11319,1.);
#11319 = DIRECTION('',(1.,0.));
#11320 = ( GEOMETRIC_REPRESENTATION_CONTEXT(2) 
PARAMETRIC_REPRESENTATION_CONTEXT() REPRESENTATION_CONTEXT('2D SPACE',''
  ) );
#11321 = PCURVE('',#10836,#11322);
#11322 = DEFINITIONAL_REPRESENTATION('',(#11323),#11327);
#11323 = CIRCLE('',#11324,1.3);
#11324 = AXIS2_PLACEMENT_2D('',#11325,#11326);
#11325 = CARTESIAN_POINT('',(1.,-1.));
#11326 = DIRECTION('',(-0.707106781187,-0.707106781187));
#11327 = ( GEOMETRIC_REPRESENTATION_CONTEXT(2) 
PARAMETRIC_REPRESENTATION_CONTEXT() REPRESENTATION_CONTEXT('2D SPACE',''
  ) );
#11328 = ORIENTED_EDGE('',*,*,#11329,.F.);
#11329 = EDGE_CURVE('',#9130,#11306,#11330,.T.);
#11330 = SURFACE_CURVE('',#11331,(#11335,#11342),.PCURVE_S1.);
#11331 = LINE('',#11332,#11333);
#11332 = CARTESIAN_POINT('',(-25.37229340054,62.978530013169,
    64.88355897173));
#11333 = VECTOR('',#11334,1.);
#11334 = DIRECTION('',(0.768592593328,-0.480269955675,-0.422618261741));
#11335 = PCURVE('',#9150,#11336);
#11336 = DEFINITIONAL_REPRESENTATION('',(#11337),#11341);
#11337 = LINE('',#11338,#11339);
#11338 = CARTESIAN_POINT('',(3.14159265359,0.));
#11339 = VECTOR('',#11340,1.);
#11340 = DIRECTION('',(0.,-1.));
#11341 = ( GEOMETRIC_REPRESENTATION_CONTEXT(2) 
PARAMETRIC_REPRESENTATION_CONTEXT() REPRESENTATION_CONTEXT('2D SPACE',''
  ) );
#11342 = PCURVE('',#9177,#11343);
#11343 = DEFINITIONAL_REPRESENTATION('',(#11344),#11348);
#11344 = LINE('',#11345,#11346);
#11345 = CARTESIAN_POINT('',(0.,0.));
#11346 = VECTOR('',#11347,1.);
#11347 = DIRECTION('',(1.775206544715E-17,-1.));
#11348 = ( GEOMETRIC_REPRESENTATION_CONTEXT(2) 
PARAMETRIC_REPRESENTATION_CONTEXT() REPRESENTATION_CONTEXT('2D SPACE',''
  ) );
#11349 = ADVANCED_FACE('',(#11350),#9207,.F.);
#11350 = FACE_BOUND('',#11351,.F.);
#11351 = EDGE_LOOP('',(#11352,#11353,#11376,#11398));
#11352 = ORIENTED_EDGE('',*,*,#9188,.F.);
#11353 = ORIENTED_EDGE('',*,*,#11354,.T.);
#11354 = EDGE_CURVE('',#9163,#11355,#11357,.T.);
#11355 = VERTEX_POINT('',#11356);
#11356 = CARTESIAN_POINT('',(-17.06261660424,60.144424465615,
    63.103919321007));
#11357 = SURFACE_CURVE('',#11358,(#11362,#11369),.PCURVE_S1.);
#11358 = LINE('',#11359,#11360);
#11359 = CARTESIAN_POINT('',(-23.59565364753,64.226719088855,
    66.696174545803));
#11360 = VECTOR('',#11361,1.);
#11361 = DIRECTION('',(0.768592593328,-0.480269955675,-0.422618261741));
#11362 = PCURVE('',#9207,#11363);
#11363 = DEFINITIONAL_REPRESENTATION('',(#11364),#11368);
#11364 = LINE('',#11365,#11366);
#11365 = CARTESIAN_POINT('',(0.,0.));
#11366 = VECTOR('',#11367,1.);
#11367 = DIRECTION('',(0.,-1.));
#11368 = ( GEOMETRIC_REPRESENTATION_CONTEXT(2) 
PARAMETRIC_REPRESENTATION_CONTEXT() REPRESENTATION_CONTEXT('2D SPACE',''
  ) );
#11369 = PCURVE('',#9177,#11370);
#11370 = DEFINITIONAL_REPRESENTATION('',(#11371),#11375);
#11371 = LINE('',#11372,#11373);
#11372 = CARTESIAN_POINT('',(2.828427124746,3.454361550657E-15));
#11373 = VECTOR('',#11374,1.);
#11374 = DIRECTION('',(1.775206544715E-17,-1.));
#11375 = ( GEOMETRIC_REPRESENTATION_CONTEXT(2) 
PARAMETRIC_REPRESENTATION_CONTEXT() REPRESENTATION_CONTEXT('2D SPACE',''
  ) );
#11376 = ORIENTED_EDGE('',*,*,#11377,.T.);
#11377 = EDGE_CURVE('',#11355,#11236,#11378,.T.);
#11378 = SURFACE_CURVE('',#11379,(#11384,#11391),.PCURVE_S1.);
#11379 = CIRCLE('',#11380,1.3);
#11380 = AXIS2_PLACEMENT_3D('',#11381,#11382,#11383);
#11381 = CARTESIAN_POINT('',(-16.90495000177,61.12984999673,
    62.270806024335));
#11382 = DIRECTION('',(-0.768592593328,0.480269955675,0.422618261741));
#11383 = DIRECTION('',(-0.121282001903,-0.758019639319,0.640856382056));
#11384 = PCURVE('',#9207,#11385);
#11385 = DEFINITIONAL_REPRESENTATION('',(#11386),#11390);
#11386 = LINE('',#11387,#11388);
#11387 = CARTESIAN_POINT('',(-4.919160339616E-17,-8.5));
#11388 = VECTOR('',#11389,1.);
#11389 = DIRECTION('',(1.,0.));
#11390 = ( GEOMETRIC_REPRESENTATION_CONTEXT(2) 
PARAMETRIC_REPRESENTATION_CONTEXT() REPRESENTATION_CONTEXT('2D SPACE',''
  ) );
#11391 = PCURVE('',#10836,#11392);
#11392 = DEFINITIONAL_REPRESENTATION('',(#11393),#11397);
#11393 = CIRCLE('',#11394,1.3);
#11394 = AXIS2_PLACEMENT_2D('',#11395,#11396);
#11395 = CARTESIAN_POINT('',(-1.,1.));
#11396 = DIRECTION('',(0.707106781187,0.707106781187));
#11397 = ( GEOMETRIC_REPRESENTATION_CONTEXT(2) 
PARAMETRIC_REPRESENTATION_CONTEXT() REPRESENTATION_CONTEXT('2D SPACE',''
  ) );
#11398 = ORIENTED_EDGE('',*,*,#11235,.F.);
#11399 = ADVANCED_FACE('',(#11400),#9177,.F.);
#11400 = FACE_BOUND('',#11401,.F.);
#11401 = EDGE_LOOP('',(#11402,#11403,#11404,#11423));
#11402 = ORIENTED_EDGE('',*,*,#9162,.T.);
#11403 = ORIENTED_EDGE('',*,*,#11329,.T.);
#11404 = ORIENTED_EDGE('',*,*,#11405,.T.);
#11405 = EDGE_CURVE('',#11306,#11355,#11406,.T.);
#11406 = SURFACE_CURVE('',#11407,(#11411,#11417),.PCURVE_S1.);
#11407 = LINE('',#11408,#11409);
#11408 = CARTESIAN_POINT('',(-18.395096419,59.208282658851,
    61.744457640452));
#11409 = VECTOR('',#11410,1.);
#11410 = DIRECTION('',(0.628137008538,0.44130147981,0.640856382056));
#11411 = PCURVE('',#9177,#11412);
#11412 = DEFINITIONAL_REPRESENTATION('',(#11413),#11416);
#11413 = B_SPLINE_CURVE_WITH_KNOTS('',1,(#11414,#11415),.UNSPECIFIED.,
  .F.,.F.,(2,2),(-0.707106781187,2.12132034356),
  .PIECEWISE_BEZIER_KNOTS.);
#11414 = CARTESIAN_POINT('',(0.,-8.5));
#11415 = CARTESIAN_POINT('',(2.828427124746,-8.5));
#11416 = ( GEOMETRIC_REPRESENTATION_CONTEXT(2) 
PARAMETRIC_REPRESENTATION_CONTEXT() REPRESENTATION_CONTEXT('2D SPACE',''
  ) );
#11417 = PCURVE('',#10836,#11418);
#11418 = DEFINITIONAL_REPRESENTATION('',(#11419),#11422);
#11419 = B_SPLINE_CURVE_WITH_KNOTS('',1,(#11420,#11421),.UNSPECIFIED.,
  .F.,.F.,(2,2),(-0.707106781187,2.12132034356),
  .PIECEWISE_BEZIER_KNOTS.);
#11420 = CARTESIAN_POINT('',(1.919238815543,-8.076118445751E-02));
#11421 = CARTESIAN_POINT('',(-8.07611844575E-02,1.919238815542));
#11422 = ( GEOMETRIC_REPRESENTATION_CONTEXT(2) 
PARAMETRIC_REPRESENTATION_CONTEXT() REPRESENTATION_CONTEXT('2D SPACE',''
  ) );
#11423 = ORIENTED_EDGE('',*,*,#11354,.F.);
#11424 = ADVANCED_FACE('',(#11425),#9308,.F.);
#11425 = FACE_BOUND('',#11426,.F.);
#11426 = EDGE_LOOP('',(#11427,#11428));
#11427 = ORIENTED_EDGE('',*,*,#9291,.T.);
#11428 = ORIENTED_EDGE('',*,*,#9486,.F.);
#11429 = ADVANCED_FACE('',(#11430,#11436),#9555,.F.);
#11430 = FACE_BOUND('',#11431,.F.);
#11431 = EDGE_LOOP('',(#11432,#11433,#11434,#11435));
#11432 = ORIENTED_EDGE('',*,*,#10020,.T.);
#11433 = ORIENTED_EDGE('',*,*,#10069,.T.);
#11434 = ORIENTED_EDGE('',*,*,#10169,.T.);
#11435 = ORIENTED_EDGE('',*,*,#10141,.T.);
#11436 = FACE_BOUND('',#11437,.F.);
#11437 = EDGE_LOOP('',(#11438,#11439,#11440,#11441));
#11438 = ORIENTED_EDGE('',*,*,#9540,.F.);
#11439 = ORIENTED_EDGE('',*,*,#9664,.F.);
#11440 = ORIENTED_EDGE('',*,*,#9692,.F.);
#11441 = ORIENTED_EDGE('',*,*,#9592,.F.);
#11442 = ADVANCED_FACE('',(#11443,#11449),#9754,.F.);
#11443 = FACE_BOUND('',#11444,.F.);
#11444 = EDGE_LOOP('',(#11445,#11446,#11447,#11448));
#11445 = ORIENTED_EDGE('',*,*,#10622,.T.);
#11446 = ORIENTED_EDGE('',*,*,#10671,.T.);
#11447 = ORIENTED_EDGE('',*,*,#10771,.T.);
#11448 = ORIENTED_EDGE('',*,*,#10743,.T.);
#11449 = FACE_BOUND('',#11450,.F.);
#11450 = EDGE_LOOP('',(#11451,#11452,#11453,#11454));
#11451 = ORIENTED_EDGE('',*,*,#9739,.F.);
#11452 = ORIENTED_EDGE('',*,*,#9863,.F.);
#11453 = ORIENTED_EDGE('',*,*,#9891,.F.);
#11454 = ORIENTED_EDGE('',*,*,#9791,.F.);
#11455 = ADVANCED_FACE('',(#11456),#10212,.T.);
#11456 = FACE_BOUND('',#11457,.T.);
#11457 = EDGE_LOOP('',(#11458,#11459,#11460,#11461));
#11458 = ORIENTED_EDGE('',*,*,#10319,.T.);
#11459 = ORIENTED_EDGE('',*,*,#10194,.T.);
#11460 = ORIENTED_EDGE('',*,*,#10270,.T.);
#11461 = ORIENTED_EDGE('',*,*,#10368,.T.);
#11462 = ADVANCED_FACE('',(#11463,#11469),#10435,.F.);
#11463 = FACE_BOUND('',#11464,.F.);
#11464 = EDGE_LOOP('',(#11465,#11466,#11467,#11468));
#11465 = ORIENTED_EDGE('',*,*,#10419,.T.);
#11466 = ORIENTED_EDGE('',*,*,#10473,.T.);
#11467 = ORIENTED_EDGE('',*,*,#10573,.T.);
#11468 = ORIENTED_EDGE('',*,*,#10545,.T.);
#11469 = FACE_BOUND('',#11470,.F.);
#11470 = EDGE_LOOP('',(#11471,#11472,#11473,#11474));
#11471 = ORIENTED_EDGE('',*,*,#11064,.F.);
#11472 = ORIENTED_EDGE('',*,*,#11183,.F.);
#11473 = ORIENTED_EDGE('',*,*,#11211,.F.);
#11474 = ORIENTED_EDGE('',*,*,#11111,.F.);
#11475 = ADVANCED_FACE('',(#11476,#11482),#10836,.F.);
#11476 = FACE_BOUND('',#11477,.F.);
#11477 = EDGE_LOOP('',(#11478,#11479,#11480,#11481));
#11478 = ORIENTED_EDGE('',*,*,#10820,.T.);
#11479 = ORIENTED_EDGE('',*,*,#10874,.T.);
#11480 = ORIENTED_EDGE('',*,*,#10974,.T.);
#11481 = ORIENTED_EDGE('',*,*,#10946,.T.);
#11482 = FACE_BOUND('',#11483,.F.);
#11483 = EDGE_LOOP('',(#11484,#11485,#11486,#11487));
#11484 = ORIENTED_EDGE('',*,*,#11258,.F.);
#11485 = ORIENTED_EDGE('',*,*,#11377,.F.);
#11486 = ORIENTED_EDGE('',*,*,#11405,.F.);
#11487 = ORIENTED_EDGE('',*,*,#11305,.F.);
#11488 = ( GEOMETRIC_REPRESENTATION_CONTEXT(3) 
GLOBAL_UNCERTAINTY_ASSIGNED_CONTEXT((#11492)) 
GLOBAL_UNIT_ASSIGNED_CONTEXT((#11489,#11490,#11491)) 
REPRESENTATION_CONTEXT('Context #1',
  '3D Context with UNIT and UNCERTAINTY') );
#11489 = ( LENGTH_UNIT() NAMED_UNIT(*) SI_UNIT(.MILLI.,.METRE.) );
#11490 = ( NAMED_UNIT(*) PLANE_ANGLE_UNIT() SI_UNIT($,.RADIAN.) );
#11491 = ( NAMED_UNIT(*) SI_UNIT($,.STERADIAN.) SOLID_ANGLE_UNIT() );
#11492 = UNCERTAINTY_MEASURE_WITH_UNIT(LENGTH_MEASURE(1.E-06),#11489,
  'distance_accuracy_value','confusion accuracy');
#11493 = PRODUCT_RELATED_PRODUCT_CATEGORY('part',$,(#7));
ENDSEC;
END-ISO-10303-21;
