ISO-10303-21;
HEADER;
FILE_DESCRIPTION(('Open CASCADE Model'),'2;1');
FILE_NAME('Open CASCADE Shape Model','2026-09-19T10:08:23',('Author'),(
    'Open CASCADE'),'Open CASCADE STEP processor 7.9','Open CASCADE 7.9'
  ,'Unknown');
FILE_SCHEMA(('AUTOMOTIVE_DESIGN { 1 0 10303 214 1 1 1 1 }'));
ENDSEC;
DATA;
#1 = APPLICATION_PROTOCOL_DEFINITION('international standard',
  'automotive_design',2000,#2);
#2 = APPLICATION_CONTEXT(
  'core data for automotive mechanical design processes');
#3 = SHAPE_DEFINITION_REPRESENTATION(#4,#10);
#4 = PRODUCT_DEFINITION_SHAPE('','',#5);
#5 = PRODUCT_DEFINITION('design','',#6,#9);
#6 = PRODUCT_DEFINITION_FORMATION('','',#7);
#7 = PRODUCT('Open CASCADE STEP translator 7.9 5',
  'Open CASCADE STEP translator 7.9 5','',(#8));
#8 = PRODUCT_CONTEXT('',#2,'mechanical');
#9 = PRODUCT_DEFINITION_CONTEXT('part definition',#2,'design');
#10 = ADVANCED_BREP_SHAPE_REPRESENTATION('',(#11,#15),#6125);
#11 = AXIS2_PLACEMENT_3D('',#12,#13,#14);
#12 = CARTESIAN_POINT('',(0.,0.,0.));
#13 = DIRECTION('',(0.,0.,1.));
#14 = DIRECTION('',(1.,0.,-0.));
#15 = MANIFOLD_SOLID_BREP('',#16);
#16 = CLOSED_SHELL('',(#17,#767,#845,#921,#1007,#1083,#1161,#1232,#1303,
    #1357,#1389,#1473,#1545,#1699,#1770,#1817,#2796,#2872,#3545,#3572,
    #3599,#3606,#3653,#3680,#3707,#3714,#3761,#3788,#3815,#3822,#3869,
    #3896,#3923,#3930,#3977,#4004,#4031,#4038,#4114,#4286,#4357,#4383,
    #4410,#4459,#4486,#4513,#4540,#4618,#4790,#4861,#4887,#4914,#4941,
    #5010,#5086,#5157,#5202,#5251,#5278,#5314,#5370,#5397,#5425,#5459,
    #5537,#5613,#5699,#5775,#5853,#5924,#5995,#6049,#6081,#6118));
#17 = ADVANCED_FACE('',(#18),#33,.T.);
#18 = FACE_BOUND('',#19,.F.);
#19 = EDGE_LOOP('',(#20,#56,#83,#162,#188,#267,#289,#318,#344,#376,#403,
    #427,#454,#486,#512,#536,#563,#642,#668,#747));
#20 = ORIENTED_EDGE('',*,*,#21,.F.);
#21 = EDGE_CURVE('',#22,#24,#26,.T.);
#22 = VERTEX_POINT('',#23);
#23 = CARTESIAN_POINT('',(-54.,35.292031678553,0.75));
#24 = VERTEX_POINT('',#25);
#25 = CARTESIAN_POINT('',(-54.,-35.29203167855,0.75));
#26 = SURFACE_CURVE('',#27,(#32,#44),.PCURVE_S1.);
#27 = CIRCLE('',#28,35.3);
#28 = AXIS2_PLACEMENT_3D('',#29,#30,#31);
#29 = CARTESIAN_POINT('',(-54.,0.,0.));
#30 = DIRECTION('',(1.,0.,0.));
#31 = DIRECTION('',(0.,1.,0.));
#32 = PCURVE('',#33,#38);
#33 = CYLINDRICAL_SURFACE('',#34,35.3);
#34 = AXIS2_PLACEMENT_3D('',#35,#36,#37);
#35 = CARTESIAN_POINT('',(-54.,0.,0.));
#36 = DIRECTION('',(-1.,-0.,-0.));
#37 = DIRECTION('',(0.,1.,0.));
#38 = DEFINITIONAL_REPRESENTATION('',(#39),#43);
#39 = LINE('',#40,#41);
#40 = CARTESIAN_POINT('',(-0.,0.));
#41 = VECTOR('',#42,1.);
#42 = DIRECTION('',(-1.,0.));
#43 = ( GEOMETRIC_REPRESENTATION_CONTEXT(2) 
PARAMETRIC_REPRESENTATION_CONTEXT() REPRESENTATION_CONTEXT('2D SPACE',''
  ) );
#44 = PCURVE('',#45,#50);
#45 = PLANE('',#46);
#46 = AXIS2_PLACEMENT_3D('',#47,#48,#49);
#47 = CARTESIAN_POINT('',(-54.,-1.239605785871E-15,2.277816290618E-15));
#48 = DIRECTION('',(1.,0.,0.));
#49 = DIRECTION('',(-0.,0.,1.));
#50 = DEFINITIONAL_REPRESENTATION('',(#51),#55);
#51 = CIRCLE('',#52,35.3);
#52 = AXIS2_PLACEMENT_2D('',#53,#54);
#53 = CARTESIAN_POINT('',(-2.277816290618E-15,-1.239605785871E-15));
#54 = DIRECTION('',(0.,-1.));
#55 = ( GEOMETRIC_REPRESENTATION_CONTEXT(2) 
PARAMETRIC_REPRESENTATION_CONTEXT() REPRESENTATION_CONTEXT('2D SPACE',''
  ) );
#56 = ORIENTED_EDGE('',*,*,#57,.F.);
#57 = EDGE_CURVE('',#58,#22,#60,.T.);
#58 = VERTEX_POINT('',#59);
#59 = CARTESIAN_POINT('',(-53.9999841264,35.292031678553,0.75));
#60 = SURFACE_CURVE('',#61,(#65,#71),.PCURVE_S1.);
#61 = LINE('',#62,#63);
#62 = CARTESIAN_POINT('',(-54.,35.292031678553,0.75));
#63 = VECTOR('',#64,1.);
#64 = DIRECTION('',(-1.,-0.,-0.));
#65 = PCURVE('',#33,#66);
#66 = DEFINITIONAL_REPRESENTATION('',(#67),#70);
#67 = B_SPLINE_CURVE_WITH_KNOTS('',1,(#68,#69),.UNSPECIFIED.,.F.,.F.,(2,
    2),(-18.0000006,5.999999999062E-07),.PIECEWISE_BEZIER_KNOTS.);
#68 = CARTESIAN_POINT('',(-2.124805773279E-02,-18.0000006));
#69 = CARTESIAN_POINT('',(-2.124805773279E-02,5.999999999062E-07));
#70 = ( GEOMETRIC_REPRESENTATION_CONTEXT(2) 
PARAMETRIC_REPRESENTATION_CONTEXT() REPRESENTATION_CONTEXT('2D SPACE',''
  ) );
#71 = PCURVE('',#72,#77);
#72 = PLANE('',#73);
#73 = AXIS2_PLACEMENT_3D('',#74,#75,#76);
#74 = CARTESIAN_POINT('',(-60.,-70.,0.75));
#75 = DIRECTION('',(0.,0.,1.));
#76 = DIRECTION('',(1.,0.,0.));
#77 = DEFINITIONAL_REPRESENTATION('',(#78),#82);
#78 = LINE('',#79,#80);
#79 = CARTESIAN_POINT('',(6.,105.29203167855));
#80 = VECTOR('',#81,1.);
#81 = DIRECTION('',(-1.,0.));
#82 = ( GEOMETRIC_REPRESENTATION_CONTEXT(2) 
PARAMETRIC_REPRESENTATION_CONTEXT() REPRESENTATION_CONTEXT('2D SPACE',''
  ) );
#83 = ORIENTED_EDGE('',*,*,#84,.T.);
#84 = EDGE_CURVE('',#58,#85,#87,.T.);
#85 = VERTEX_POINT('',#86);
#86 = CARTESIAN_POINT('',(-53.624524167,34.133414713445,9.));
#87 = SURFACE_CURVE('',#88,(#109,#133),.PCURVE_S1.);
#88 = B_SPLINE_CURVE_WITH_KNOTS('',7,(#89,#90,#91,#92,#93,#94,#95,#96,
    #97,#98,#99,#100,#101,#102,#103,#104,#105,#106,#107,#108),
  .UNSPECIFIED.,.F.,.F.,(8,6,6,8),(0.,0.584821452661,0.932281166579,1.),
  .UNSPECIFIED.);
#89 = CARTESIAN_POINT('',(-53.9999841264,35.292031678553,0.75));
#90 = CARTESIAN_POINT('',(-53.99992504368,35.277202395955,1.447807348315
    ));
#91 = CARTESIAN_POINT('',(-53.9996738344,35.246291804899,2.14454014613)
  );
#92 = CARTESIAN_POINT('',(-53.99872826871,35.199351086751,2.840658197125
    ));
#93 = CARTESIAN_POINT('',(-53.995780636,35.1363254328,3.536417177839));
#94 = CARTESIAN_POINT('',(-53.98869549993,35.05710638516,4.231745142989)
  );
#95 = CARTESIAN_POINT('',(-53.97447503074,34.961628962041,4.925832382376
    ));
#96 = CARTESIAN_POINT('',(-53.93353626591,34.784206602234,6.026748511488
    ));
#97 = CARTESIAN_POINT('',(-53.91428863008,34.71274069822,6.434319478239)
  );
#98 = CARTESIAN_POINT('',(-53.89011265272,34.63572427191,6.841027072014)
  );
#99 = CARTESIAN_POINT('',(-53.85982089304,34.552957807947,7.247675611675
    ));
#100 = CARTESIAN_POINT('',(-53.82192006443,34.464410454216,
    7.653920299769));
#101 = CARTESIAN_POINT('',(-53.7745594355,34.370406545123,8.05818825301)
  );
#102 = CARTESIAN_POINT('',(-53.70397104298,34.252629826154,
    8.535442501388));
#103 = CARTESIAN_POINT('',(-53.69200074169,34.23322683001,8.613180500253
    ));
#104 = CARTESIAN_POINT('',(-53.67955343852,34.213633354348,
    8.690805725864));
#105 = CARTESIAN_POINT('',(-53.66660703755,34.193852063057,
    8.768310121958));
#106 = CARTESIAN_POINT('',(-53.6531375605,34.173886061421,8.845684487572
    ));
#107 = CARTESIAN_POINT('',(-53.63911914677,34.153738896124,
    8.922918477041));
#108 = CARTESIAN_POINT('',(-53.6245240534,34.133414555242,9.0000006));
#109 = PCURVE('',#33,#110);
#110 = DEFINITIONAL_REPRESENTATION('',(#111),#132);
#111 = B_SPLINE_CURVE_WITH_KNOTS('',7,(#112,#113,#114,#115,#116,#117,
    #118,#119,#120,#121,#122,#123,#124,#125,#126,#127,#128,#129,#130,
    #131),.UNSPECIFIED.,.F.,.F.,(8,6,6,8),(0.,0.584821452661,
    0.932281166579,1.),.UNSPECIFIED.);
#112 = CARTESIAN_POINT('',(-2.124805773279E-02,-1.587359966293E-05));
#113 = CARTESIAN_POINT('',(-4.102043453078E-02,-7.4956313876E-05));
#114 = CARTESIAN_POINT('',(-6.077205795632E-02,-3.261655968562E-04));
#115 = CARTESIAN_POINT('',(-8.05285364333E-02,-1.271731286093E-03));
#116 = CARTESIAN_POINT('',(-0.100309683574,-4.219364000232E-03));
#117 = CARTESIAN_POINT('',(-0.120126217335,-1.130450006505E-02));
#118 = CARTESIAN_POINT('',(-0.13996861412,-2.552496925185E-02));
#119 = CARTESIAN_POINT('',(-0.171558446339,-6.646373409043E-02));
#120 = CARTESIAN_POINT('',(-0.183279402304,-8.571136991173E-02));
#121 = CARTESIAN_POINT('',(-0.195003899248,-0.109887347279));
#122 = CARTESIAN_POINT('',(-0.2067578774,-0.140179106955));
#123 = CARTESIAN_POINT('',(-0.218534616328,-0.178079935565));
#124 = CARTESIAN_POINT('',(-0.230291433886,-0.225440564493));
#125 = CARTESIAN_POINT('',(-0.244216984621,-0.296028957018));
#126 = CARTESIAN_POINT('',(-0.246486746024,-0.307999258307));
#127 = CARTESIAN_POINT('',(-0.248754717788,-0.320446561477));
#128 = CARTESIAN_POINT('',(-0.251020679265,-0.33339296245));
#129 = CARTESIAN_POINT('',(-0.253284375129,-0.346862439496));
#130 = CARTESIAN_POINT('',(-0.255545515375,-0.360880853225));
#131 = CARTESIAN_POINT('',(-0.257803775323,-0.375475946599));
#132 = ( GEOMETRIC_REPRESENTATION_CONTEXT(2) 
PARAMETRIC_REPRESENTATION_CONTEXT() REPRESENTATION_CONTEXT('2D SPACE',''
  ) );
#133 = PCURVE('',#134,#139);
#134 = CYLINDRICAL_SURFACE('',#135,2.);
#135 = AXIS2_PLACEMENT_3D('',#136,#137,#138);
#136 = CARTESIAN_POINT('',(-52.,35.3,0.75));
#137 = DIRECTION('',(0.,0.,1.));
#138 = DIRECTION('',(-1.,-0.,0.));
#139 = DEFINITIONAL_REPRESENTATION('',(#140),#161);
#140 = B_SPLINE_CURVE_WITH_KNOTS('',7,(#141,#142,#143,#144,#145,#146,
    #147,#148,#149,#150,#151,#152,#153,#154,#155,#156,#157,#158,#159,
    #160),.UNSPECIFIED.,.F.,.F.,(8,6,6,8),(0.,0.584821452661,
    0.932281166579,1.),.UNSPECIFIED.);
#141 = CARTESIAN_POINT('',(3.984171263948E-03,0.));
#142 = CARTESIAN_POINT('',(1.139887141218E-02,0.697807348315));
#143 = CARTESIAN_POINT('',(2.685430700806E-02,1.39454014613));
#144 = CARTESIAN_POINT('',(5.032825341296E-02,2.090658197125));
#145 = CARTESIAN_POINT('',(8.185201932759E-02,2.786417177839));
#146 = CARTESIAN_POINT('',(0.121546648269,3.481745142989));
#147 = CARTESIAN_POINT('',(0.169661987465,4.175832382376));
#148 = CARTESIAN_POINT('',(0.260704115387,5.276748511488));
#149 = CARTESIAN_POINT('',(0.297686390123,5.684319478239));
#150 = CARTESIAN_POINT('',(0.33798884863,6.091027072014));
#151 = CARTESIAN_POINT('',(0.381962656069,6.497675611675));
#152 = CARTESIAN_POINT('',(0.429988147936,6.903920299769));
#153 = CARTESIAN_POINT('',(0.48247775051,7.30818825301));
#154 = CARTESIAN_POINT('',(0.551132824413,7.785442501388));
#155 = CARTESIAN_POINT('',(0.562531099385,7.863180500253));
#156 = CARTESIAN_POINT('',(0.57413590954,7.940805725864));
#157 = CARTESIAN_POINT('',(0.585954471868,8.018310121958));
#158 = CARTESIAN_POINT('',(0.597994786384,8.095684487572));
#159 = CARTESIAN_POINT('',(0.610265636126,8.172918477041));
#160 = CARTESIAN_POINT('',(0.622776587158,8.2500006));
#161 = ( GEOMETRIC_REPRESENTATION_CONTEXT(2) 
PARAMETRIC_REPRESENTATION_CONTEXT() REPRESENTATION_CONTEXT('2D SPACE',''
  ) );
#162 = ORIENTED_EDGE('',*,*,#163,.F.);
#163 = EDGE_CURVE('',#164,#85,#166,.T.);
#164 = VERTEX_POINT('',#165);
#165 = CARTESIAN_POINT('',(-36.37547583299,34.133414713445,9.));
#166 = SURFACE_CURVE('',#167,(#171,#177),.PCURVE_S1.);
#167 = LINE('',#168,#169);
#168 = CARTESIAN_POINT('',(-54.,34.133414713445,9.));
#169 = VECTOR('',#170,1.);
#170 = DIRECTION('',(-1.,-0.,-0.));
#171 = PCURVE('',#33,#172);
#172 = DEFINITIONAL_REPRESENTATION('',(#173),#176);
#173 = B_SPLINE_CURVE_WITH_KNOTS('',1,(#174,#175),.UNSPECIFIED.,.F.,.F.,
  (2,2),(-18.0000006,5.999999999062E-07),.PIECEWISE_BEZIER_KNOTS.);
#174 = CARTESIAN_POINT('',(-0.257803757745,-18.0000006));
#175 = CARTESIAN_POINT('',(-0.257803757745,5.999999999062E-07));
#176 = ( GEOMETRIC_REPRESENTATION_CONTEXT(2) 
PARAMETRIC_REPRESENTATION_CONTEXT() REPRESENTATION_CONTEXT('2D SPACE',''
  ) );
#177 = PCURVE('',#178,#183);
#178 = PLANE('',#179);
#179 = AXIS2_PLACEMENT_3D('',#180,#181,#182);
#180 = CARTESIAN_POINT('',(-54.,33.3,9.));
#181 = DIRECTION('',(0.,0.,1.));
#182 = DIRECTION('',(1.,0.,0.));
#183 = DEFINITIONAL_REPRESENTATION('',(#184),#187);
#184 = B_SPLINE_CURVE_WITH_KNOTS('',1,(#185,#186),.UNSPECIFIED.,.F.,.F.,
  (2,2),(-18.0000006,5.999999999062E-07),.PIECEWISE_BEZIER_KNOTS.);
#185 = CARTESIAN_POINT('',(18.0000006,0.833414713445));
#186 = CARTESIAN_POINT('',(-5.999999999062E-07,0.833414713445));
#187 = ( GEOMETRIC_REPRESENTATION_CONTEXT(2) 
PARAMETRIC_REPRESENTATION_CONTEXT() REPRESENTATION_CONTEXT('2D SPACE',''
  ) );
#188 = ORIENTED_EDGE('',*,*,#189,.F.);
#189 = EDGE_CURVE('',#190,#164,#192,.T.);
#190 = VERTEX_POINT('',#191);
#191 = CARTESIAN_POINT('',(-36.0000158736,35.292031678553,0.75));
#192 = SURFACE_CURVE('',#193,(#214,#238),.PCURVE_S1.);
#193 = B_SPLINE_CURVE_WITH_KNOTS('',7,(#194,#195,#196,#197,#198,#199,
    #200,#201,#202,#203,#204,#205,#206,#207,#208,#209,#210,#211,#212,
    #213),.UNSPECIFIED.,.F.,.F.,(8,6,6,8),(0.,0.58482145266,
    0.932281166579,1.),.UNSPECIFIED.);
#194 = CARTESIAN_POINT('',(-36.0000158736,35.292031678553,0.75));
#195 = CARTESIAN_POINT('',(-36.00007495631,35.277202395955,
    1.447807348312));
#196 = CARTESIAN_POINT('',(-36.00032616559,35.246291804899,2.14454014613
    ));
#197 = CARTESIAN_POINT('',(-36.00127173128,35.199351086751,
    2.840658197123));
#198 = CARTESIAN_POINT('',(-36.004219364,35.1363254328,3.536417177843));
#199 = CARTESIAN_POINT('',(-36.01130450006,35.05710638516,4.231745142988
    ));
#200 = CARTESIAN_POINT('',(-36.02552496925,34.961628962042,
    4.925832382375));
#201 = CARTESIAN_POINT('',(-36.06646373409,34.784206602234,6.02674851149
    ));
#202 = CARTESIAN_POINT('',(-36.08571136991,34.71274069822,6.43431947824)
  );
#203 = CARTESIAN_POINT('',(-36.10988734727,34.63572427191,6.841027072013
    ));
#204 = CARTESIAN_POINT('',(-36.14017910695,34.552957807948,
    7.247675611674));
#205 = CARTESIAN_POINT('',(-36.17807993556,34.464410454216,7.65392029977
    ));
#206 = CARTESIAN_POINT('',(-36.22544056449,34.370406545123,
    8.058188253011));
#207 = CARTESIAN_POINT('',(-36.29602895701,34.252629826154,
    8.535442501388));
#208 = CARTESIAN_POINT('',(-36.3079992583,34.23322683001,8.613180500253)
  );
#209 = CARTESIAN_POINT('',(-36.32044656147,34.213633354348,
    8.690805725864));
#210 = CARTESIAN_POINT('',(-36.33339296245,34.193852063057,
    8.768310121958));
#211 = CARTESIAN_POINT('',(-36.34686243949,34.173886061421,
    8.845684487572));
#212 = CARTESIAN_POINT('',(-36.36088085322,34.153738896124,
    8.922918477041));
#213 = CARTESIAN_POINT('',(-36.37547594659,34.133414555242,9.0000006));
#214 = PCURVE('',#33,#215);
#215 = DEFINITIONAL_REPRESENTATION('',(#216),#237);
#216 = B_SPLINE_CURVE_WITH_KNOTS('',7,(#217,#218,#219,#220,#221,#222,
    #223,#224,#225,#226,#227,#228,#229,#230,#231,#232,#233,#234,#235,
    #236),.UNSPECIFIED.,.F.,.F.,(8,6,6,8),(0.,0.58482145266,
    0.932281166579,1.),.UNSPECIFIED.);
#217 = CARTESIAN_POINT('',(-2.124805773279E-02,-17.9999841264));
#218 = CARTESIAN_POINT('',(-4.102043453071E-02,-17.99992504368));
#219 = CARTESIAN_POINT('',(-6.077205795632E-02,-17.9996738344));
#220 = CARTESIAN_POINT('',(-8.052853643325E-02,-17.99872826871));
#221 = CARTESIAN_POINT('',(-0.100309683574,-17.995780636));
#222 = CARTESIAN_POINT('',(-0.120126217335,-17.98869549993));
#223 = CARTESIAN_POINT('',(-0.13996861412,-17.97447503074));
#224 = CARTESIAN_POINT('',(-0.171558446339,-17.9335362659));
#225 = CARTESIAN_POINT('',(-0.183279402304,-17.91428863008));
#226 = CARTESIAN_POINT('',(-0.195003899248,-17.89011265272));
#227 = CARTESIAN_POINT('',(-0.2067578774,-17.85982089304));
#228 = CARTESIAN_POINT('',(-0.218534616328,-17.82192006443));
#229 = CARTESIAN_POINT('',(-0.230291433886,-17.7745594355));
#230 = CARTESIAN_POINT('',(-0.244216984621,-17.70397104298));
#231 = CARTESIAN_POINT('',(-0.246486746024,-17.69200074169));
#232 = CARTESIAN_POINT('',(-0.248754717788,-17.67955343852));
#233 = CARTESIAN_POINT('',(-0.251020679265,-17.66660703755));
#234 = CARTESIAN_POINT('',(-0.253284375129,-17.6531375605));
#235 = CARTESIAN_POINT('',(-0.255545515375,-17.63911914677));
#236 = CARTESIAN_POINT('',(-0.257803775323,-17.6245240534));
#237 = ( GEOMETRIC_REPRESENTATION_CONTEXT(2) 
PARAMETRIC_REPRESENTATION_CONTEXT() REPRESENTATION_CONTEXT('2D SPACE',''
  ) );
#238 = PCURVE('',#239,#244);
#239 = CYLINDRICAL_SURFACE('',#240,2.);
#240 = AXIS2_PLACEMENT_3D('',#241,#242,#243);
#241 = CARTESIAN_POINT('',(-38.,35.3,0.75));
#242 = DIRECTION('',(0.,0.,1.));
#243 = DIRECTION('',(1.,0.,-0.));
#244 = DEFINITIONAL_REPRESENTATION('',(#245),#266);
#245 = B_SPLINE_CURVE_WITH_KNOTS('',7,(#246,#247,#248,#249,#250,#251,
    #252,#253,#254,#255,#256,#257,#258,#259,#260,#261,#262,#263,#264,
    #265),.UNSPECIFIED.,.F.,.F.,(8,6,6,8),(0.,0.58482145266,
    0.932281166579,1.),.UNSPECIFIED.);
#246 = CARTESIAN_POINT('',(-3.984171263948E-03,0.));
#247 = CARTESIAN_POINT('',(-1.139887141216E-02,0.697807348312));
#248 = CARTESIAN_POINT('',(-2.685430700803E-02,1.39454014613));
#249 = CARTESIAN_POINT('',(-5.032825341285E-02,2.090658197123));
#250 = CARTESIAN_POINT('',(-8.185201932781E-02,2.786417177843));
#251 = CARTESIAN_POINT('',(-0.121546648269,3.481745142988));
#252 = CARTESIAN_POINT('',(-0.169661987465,4.175832382375));
#253 = CARTESIAN_POINT('',(-0.260704115387,5.27674851149));
#254 = CARTESIAN_POINT('',(-0.297686390123,5.68431947824));
#255 = CARTESIAN_POINT('',(-0.33798884863,6.091027072013));
#256 = CARTESIAN_POINT('',(-0.381962656068,6.497675611674));
#257 = CARTESIAN_POINT('',(-0.429988147936,6.90392029977));
#258 = CARTESIAN_POINT('',(-0.48247775051,7.308188253011));
#259 = CARTESIAN_POINT('',(-0.551132824413,7.785442501388));
#260 = CARTESIAN_POINT('',(-0.562531099385,7.863180500253));
#261 = CARTESIAN_POINT('',(-0.57413590954,7.940805725864));
#262 = CARTESIAN_POINT('',(-0.585954471868,8.018310121958));
#263 = CARTESIAN_POINT('',(-0.597994786384,8.095684487572));
#264 = CARTESIAN_POINT('',(-0.610265636126,8.172918477041));
#265 = CARTESIAN_POINT('',(-0.622776587158,8.2500006));
#266 = ( GEOMETRIC_REPRESENTATION_CONTEXT(2) 
PARAMETRIC_REPRESENTATION_CONTEXT() REPRESENTATION_CONTEXT('2D SPACE',''
  ) );
#267 = ORIENTED_EDGE('',*,*,#268,.F.);
#268 = EDGE_CURVE('',#269,#190,#271,.T.);
#269 = VERTEX_POINT('',#270);
#270 = CARTESIAN_POINT('',(-36.,35.292031678553,0.75));
#271 = SURFACE_CURVE('',#272,(#276,#282),.PCURVE_S1.);
#272 = LINE('',#273,#274);
#273 = CARTESIAN_POINT('',(-54.,35.292031678553,0.75));
#274 = VECTOR('',#275,1.);
#275 = DIRECTION('',(-1.,-0.,-0.));
#276 = PCURVE('',#33,#277);
#277 = DEFINITIONAL_REPRESENTATION('',(#278),#281);
#278 = B_SPLINE_CURVE_WITH_KNOTS('',1,(#279,#280),.UNSPECIFIED.,.F.,.F.,
  (2,2),(-18.0000006,5.999999999062E-07),.PIECEWISE_BEZIER_KNOTS.);
#279 = CARTESIAN_POINT('',(-2.124805773279E-02,-18.0000006));
#280 = CARTESIAN_POINT('',(-2.124805773279E-02,5.999999999062E-07));
#281 = ( GEOMETRIC_REPRESENTATION_CONTEXT(2) 
PARAMETRIC_REPRESENTATION_CONTEXT() REPRESENTATION_CONTEXT('2D SPACE',''
  ) );
#282 = PCURVE('',#72,#283);
#283 = DEFINITIONAL_REPRESENTATION('',(#284),#288);
#284 = LINE('',#285,#286);
#285 = CARTESIAN_POINT('',(6.,105.29203167855));
#286 = VECTOR('',#287,1.);
#287 = DIRECTION('',(-1.,0.));
#288 = ( GEOMETRIC_REPRESENTATION_CONTEXT(2) 
PARAMETRIC_REPRESENTATION_CONTEXT() REPRESENTATION_CONTEXT('2D SPACE',''
  ) );
#289 = ORIENTED_EDGE('',*,*,#290,.T.);
#290 = EDGE_CURVE('',#269,#291,#293,.T.);
#291 = VERTEX_POINT('',#292);
#292 = CARTESIAN_POINT('',(-36.,22.,27.605977613553));
#293 = SURFACE_CURVE('',#294,(#299,#306),.PCURVE_S1.);
#294 = CIRCLE('',#295,35.3);
#295 = AXIS2_PLACEMENT_3D('',#296,#297,#298);
#296 = CARTESIAN_POINT('',(-36.,0.,0.));
#297 = DIRECTION('',(1.,0.,0.));
#298 = DIRECTION('',(0.,1.,0.));
#299 = PCURVE('',#33,#300);
#300 = DEFINITIONAL_REPRESENTATION('',(#301),#305);
#301 = LINE('',#302,#303);
#302 = CARTESIAN_POINT('',(-0.,-18.));
#303 = VECTOR('',#304,1.);
#304 = DIRECTION('',(-1.,0.));
#305 = ( GEOMETRIC_REPRESENTATION_CONTEXT(2) 
PARAMETRIC_REPRESENTATION_CONTEXT() REPRESENTATION_CONTEXT('2D SPACE',''
  ) );
#306 = PCURVE('',#307,#312);
#307 = PLANE('',#308);
#308 = AXIS2_PLACEMENT_3D('',#309,#310,#311);
#309 = CARTESIAN_POINT('',(-36.,-1.239605785871E-15,2.277816290618E-15)
  );
#310 = DIRECTION('',(1.,0.,0.));
#311 = DIRECTION('',(-0.,0.,1.));
#312 = DEFINITIONAL_REPRESENTATION('',(#313),#317);
#313 = CIRCLE('',#314,35.3);
#314 = AXIS2_PLACEMENT_2D('',#315,#316);
#315 = CARTESIAN_POINT('',(-2.277816290618E-15,-1.239605785871E-15));
#316 = DIRECTION('',(0.,-1.));
#317 = ( GEOMETRIC_REPRESENTATION_CONTEXT(2) 
PARAMETRIC_REPRESENTATION_CONTEXT() REPRESENTATION_CONTEXT('2D SPACE',''
  ) );
#318 = ORIENTED_EDGE('',*,*,#319,.T.);
#319 = EDGE_CURVE('',#291,#320,#322,.T.);
#320 = VERTEX_POINT('',#321);
#321 = CARTESIAN_POINT('',(-53.56526936458,22.,27.605977613553));
#322 = SURFACE_CURVE('',#323,(#327,#333),.PCURVE_S1.);
#323 = LINE('',#324,#325);
#324 = CARTESIAN_POINT('',(-54.,22.,27.605977613553));
#325 = VECTOR('',#326,1.);
#326 = DIRECTION('',(-1.,-0.,-0.));
#327 = PCURVE('',#33,#328);
#328 = DEFINITIONAL_REPRESENTATION('',(#329),#332);
#329 = B_SPLINE_CURVE_WITH_KNOTS('',1,(#330,#331),.UNSPECIFIED.,.F.,.F.,
  (2,2),(-18.0000006,5.999999999062E-07),.PIECEWISE_BEZIER_KNOTS.);
#330 = CARTESIAN_POINT('',(-0.897930844321,-18.0000006));
#331 = CARTESIAN_POINT('',(-0.897930844321,5.999999999062E-07));
#332 = ( GEOMETRIC_REPRESENTATION_CONTEXT(2) 
PARAMETRIC_REPRESENTATION_CONTEXT() REPRESENTATION_CONTEXT('2D SPACE',''
  ) );
#333 = PCURVE('',#334,#339);
#334 = PLANE('',#335);
#335 = AXIS2_PLACEMENT_3D('',#336,#337,#338);
#336 = CARTESIAN_POINT('',(-23.12420932813,22.,61.120557687408));
#337 = DIRECTION('',(-0.,-1.,-0.));
#338 = DIRECTION('',(0.,0.,-1.));
#339 = DEFINITIONAL_REPRESENTATION('',(#340),#343);
#340 = B_SPLINE_CURVE_WITH_KNOTS('',1,(#341,#342),.UNSPECIFIED.,.F.,.F.,
  (2,2),(-18.0000006,5.999999999062E-07),.PIECEWISE_BEZIER_KNOTS.);
#341 = CARTESIAN_POINT('',(33.514580073854,-12.87579007186));
#342 = CARTESIAN_POINT('',(33.514580073854,-30.87579127186));
#343 = ( GEOMETRIC_REPRESENTATION_CONTEXT(2) 
PARAMETRIC_REPRESENTATION_CONTEXT() REPRESENTATION_CONTEXT('2D SPACE',''
  ) );
#344 = ORIENTED_EDGE('',*,*,#345,.T.);
#345 = EDGE_CURVE('',#320,#346,#348,.T.);
#346 = VERTEX_POINT('',#347);
#347 = CARTESIAN_POINT('',(-51.58526558028,18.,30.365934861288));
#348 = SURFACE_CURVE('',#349,(#354,#364),.PCURVE_S1.);
#349 = ELLIPSE('',#350,43.444365471124,35.3);
#350 = AXIS2_PLACEMENT_3D('',#351,#352,#353);
#351 = CARTESIAN_POINT('',(-73.36990227653,0.,0.));
#352 = DIRECTION('',(0.812533446333,0.,-0.582914572292));
#353 = DIRECTION('',(-0.582914572292,0.,-0.812533446333));
#354 = PCURVE('',#33,#355);
#355 = DEFINITIONAL_REPRESENTATION('',(#356),#363);
#356 = B_SPLINE_CURVE_WITH_KNOTS('',5,(#357,#358,#359,#360,#361,#362),
  .UNSPECIFIED.,.F.,.F.,(6,6),(2.45415239774,2.619628660402),
  .PIECEWISE_BEZIER_KNOTS.);
#357 = CARTESIAN_POINT('',(-0.883356070945,-0.202603378921));
#358 = CARTESIAN_POINT('',(-0.916451323478,-0.734438952443));
#359 = CARTESIAN_POINT('',(-0.94954657601,-1.239477436295));
#360 = CARTESIAN_POINT('',(-0.982641828542,-1.716505168338));
#361 = CARTESIAN_POINT('',(-1.015737081075,-2.164431157763));
#362 = CARTESIAN_POINT('',(-1.048832333607,-2.582301965531));
#363 = ( GEOMETRIC_REPRESENTATION_CONTEXT(2) 
PARAMETRIC_REPRESENTATION_CONTEXT() REPRESENTATION_CONTEXT('2D SPACE',''
  ) );
#364 = PCURVE('',#365,#370);
#365 = PLANE('',#366);
#366 = AXIS2_PLACEMENT_3D('',#367,#368,#369);
#367 = CARTESIAN_POINT('',(-0.124355652982,22.,102.09807621135));
#368 = DIRECTION('',(0.812533446333,0.,-0.582914572292));
#369 = DIRECTION('',(-0.582914572292,0.,-0.812533446333));
#370 = DEFINITIONAL_REPRESENTATION('',(#371),#375);
#371 = ELLIPSE('',#372,43.444365471124,35.3);
#372 = AXIS2_PLACEMENT_2D('',#373,#374);
#373 = CARTESIAN_POINT('',(125.65399821033,-22.));
#374 = DIRECTION('',(1.,0.));
#375 = ( GEOMETRIC_REPRESENTATION_CONTEXT(2) 
PARAMETRIC_REPRESENTATION_CONTEXT() REPRESENTATION_CONTEXT('2D SPACE',''
  ) );
#376 = ORIENTED_EDGE('',*,*,#377,.F.);
#377 = EDGE_CURVE('',#378,#346,#380,.T.);
#378 = VERTEX_POINT('',#379);
#379 = CARTESIAN_POINT('',(-36.,18.,30.365934861288));
#380 = SURFACE_CURVE('',#381,(#385,#391),.PCURVE_S1.);
#381 = LINE('',#382,#383);
#382 = CARTESIAN_POINT('',(-54.,18.,30.365934861288));
#383 = VECTOR('',#384,1.);
#384 = DIRECTION('',(-1.,-0.,-0.));
#385 = PCURVE('',#33,#386);
#386 = DEFINITIONAL_REPRESENTATION('',(#387),#390);
#387 = B_SPLINE_CURVE_WITH_KNOTS('',1,(#388,#389),.UNSPECIFIED.,.F.,.F.,
  (2,2),(-18.0000006,5.999999999062E-07),.PIECEWISE_BEZIER_KNOTS.);
#388 = CARTESIAN_POINT('',(-1.035710334329,-18.0000006));
#389 = CARTESIAN_POINT('',(-1.035710334329,5.999999999062E-07));
#390 = ( GEOMETRIC_REPRESENTATION_CONTEXT(2) 
PARAMETRIC_REPRESENTATION_CONTEXT() REPRESENTATION_CONTEXT('2D SPACE',''
  ) );
#391 = PCURVE('',#392,#397);
#392 = PLANE('',#393);
#393 = AXIS2_PLACEMENT_3D('',#394,#395,#396);
#394 = CARTESIAN_POINT('',(-23.12420932813,18.,61.120557687408));
#395 = DIRECTION('',(-0.,-1.,-0.));
#396 = DIRECTION('',(0.,0.,-1.));
#397 = DEFINITIONAL_REPRESENTATION('',(#398),#402);
#398 = LINE('',#399,#400);
#399 = CARTESIAN_POINT('',(30.754622826119,-30.87579067186));
#400 = VECTOR('',#401,1.);
#401 = DIRECTION('',(0.,-1.));
#402 = ( GEOMETRIC_REPRESENTATION_CONTEXT(2) 
PARAMETRIC_REPRESENTATION_CONTEXT() REPRESENTATION_CONTEXT('2D SPACE',''
  ) );
#403 = ORIENTED_EDGE('',*,*,#404,.T.);
#404 = EDGE_CURVE('',#378,#405,#407,.T.);
#405 = VERTEX_POINT('',#406);
#406 = CARTESIAN_POINT('',(-36.,-18.,30.365934861288));
#407 = SURFACE_CURVE('',#408,(#413,#420),.PCURVE_S1.);
#408 = CIRCLE('',#409,35.3);
#409 = AXIS2_PLACEMENT_3D('',#410,#411,#412);
#410 = CARTESIAN_POINT('',(-36.,0.,0.));
#411 = DIRECTION('',(1.,0.,0.));
#412 = DIRECTION('',(0.,1.,0.));
#413 = PCURVE('',#33,#414);
#414 = DEFINITIONAL_REPRESENTATION('',(#415),#419);
#415 = LINE('',#416,#417);
#416 = CARTESIAN_POINT('',(-0.,-18.));
#417 = VECTOR('',#418,1.);
#418 = DIRECTION('',(-1.,0.));
#419 = ( GEOMETRIC_REPRESENTATION_CONTEXT(2) 
PARAMETRIC_REPRESENTATION_CONTEXT() REPRESENTATION_CONTEXT('2D SPACE',''
  ) );
#420 = PCURVE('',#307,#421);
#421 = DEFINITIONAL_REPRESENTATION('',(#422),#426);
#422 = CIRCLE('',#423,35.3);
#423 = AXIS2_PLACEMENT_2D('',#424,#425);
#424 = CARTESIAN_POINT('',(-2.277816290618E-15,-1.239605785871E-15));
#425 = DIRECTION('',(0.,-1.));
#426 = ( GEOMETRIC_REPRESENTATION_CONTEXT(2) 
PARAMETRIC_REPRESENTATION_CONTEXT() REPRESENTATION_CONTEXT('2D SPACE',''
  ) );
#427 = ORIENTED_EDGE('',*,*,#428,.T.);
#428 = EDGE_CURVE('',#405,#429,#431,.T.);
#429 = VERTEX_POINT('',#430);
#430 = CARTESIAN_POINT('',(-51.58526558028,-18.,30.365934861288));
#431 = SURFACE_CURVE('',#432,(#436,#442),.PCURVE_S1.);
#432 = LINE('',#433,#434);
#433 = CARTESIAN_POINT('',(-54.,-18.,30.365934861288));
#434 = VECTOR('',#435,1.);
#435 = DIRECTION('',(-1.,-0.,-0.));
#436 = PCURVE('',#33,#437);
#437 = DEFINITIONAL_REPRESENTATION('',(#438),#441);
#438 = B_SPLINE_CURVE_WITH_KNOTS('',1,(#439,#440),.UNSPECIFIED.,.F.,.F.,
  (2,2),(-18.0000006,5.999999999062E-07),.PIECEWISE_BEZIER_KNOTS.);
#439 = CARTESIAN_POINT('',(-2.105882319261,-18.0000006));
#440 = CARTESIAN_POINT('',(-2.105882319261,5.999999999062E-07));
#441 = ( GEOMETRIC_REPRESENTATION_CONTEXT(2) 
PARAMETRIC_REPRESENTATION_CONTEXT() REPRESENTATION_CONTEXT('2D SPACE',''
  ) );
#442 = PCURVE('',#443,#448);
#443 = PLANE('',#444);
#444 = AXIS2_PLACEMENT_3D('',#445,#446,#447);
#445 = CARTESIAN_POINT('',(-23.12420932813,-18.,61.120557687408));
#446 = DIRECTION('',(-0.,-1.,-0.));
#447 = DIRECTION('',(0.,0.,-1.));
#448 = DEFINITIONAL_REPRESENTATION('',(#449),#453);
#449 = LINE('',#450,#451);
#450 = CARTESIAN_POINT('',(30.754622826119,-30.87579067186));
#451 = VECTOR('',#452,1.);
#452 = DIRECTION('',(0.,-1.));
#453 = ( GEOMETRIC_REPRESENTATION_CONTEXT(2) 
PARAMETRIC_REPRESENTATION_CONTEXT() REPRESENTATION_CONTEXT('2D SPACE',''
  ) );
#454 = ORIENTED_EDGE('',*,*,#455,.T.);
#455 = EDGE_CURVE('',#429,#456,#458,.T.);
#456 = VERTEX_POINT('',#457);
#457 = CARTESIAN_POINT('',(-53.56526936458,-22.,27.605977613553));
#458 = SURFACE_CURVE('',#459,(#464,#474),.PCURVE_S1.);
#459 = ELLIPSE('',#460,43.444365471124,35.3);
#460 = AXIS2_PLACEMENT_3D('',#461,#462,#463);
#461 = CARTESIAN_POINT('',(-73.36990227653,0.,0.));
#462 = DIRECTION('',(0.812533446333,0.,-0.582914572292));
#463 = DIRECTION('',(-0.582914572292,0.,-0.812533446333));
#464 = PCURVE('',#33,#465);
#465 = DEFINITIONAL_REPRESENTATION('',(#466),#473);
#466 = B_SPLINE_CURVE_WITH_KNOTS('',5,(#467,#468,#469,#470,#471,#472),
  .UNSPECIFIED.,.F.,.F.,(6,6),(3.663556646777,3.82903290944),
  .PIECEWISE_BEZIER_KNOTS.);
#467 = CARTESIAN_POINT('',(-2.092760319983,-2.582301965531));
#468 = CARTESIAN_POINT('',(-2.125855572515,-2.164431157763));
#469 = CARTESIAN_POINT('',(-2.158950825047,-1.716505168338));
#470 = CARTESIAN_POINT('',(-2.19204607758,-1.239477436295));
#471 = CARTESIAN_POINT('',(-2.225141330112,-0.734438952443));
#472 = CARTESIAN_POINT('',(-2.258236582645,-0.202603378921));
#473 = ( GEOMETRIC_REPRESENTATION_CONTEXT(2) 
PARAMETRIC_REPRESENTATION_CONTEXT() REPRESENTATION_CONTEXT('2D SPACE',''
  ) );
#474 = PCURVE('',#475,#480);
#475 = PLANE('',#476);
#476 = AXIS2_PLACEMENT_3D('',#477,#478,#479);
#477 = CARTESIAN_POINT('',(-0.124355652982,-18.,102.09807621135));
#478 = DIRECTION('',(0.812533446333,0.,-0.582914572292));
#479 = DIRECTION('',(-0.582914572292,0.,-0.812533446333));
#480 = DEFINITIONAL_REPRESENTATION('',(#481),#485);
#481 = ELLIPSE('',#482,43.444365471124,35.3);
#482 = AXIS2_PLACEMENT_2D('',#483,#484);
#483 = CARTESIAN_POINT('',(125.65399821033,18.));
#484 = DIRECTION('',(1.,0.));
#485 = ( GEOMETRIC_REPRESENTATION_CONTEXT(2) 
PARAMETRIC_REPRESENTATION_CONTEXT() REPRESENTATION_CONTEXT('2D SPACE',''
  ) );
#486 = ORIENTED_EDGE('',*,*,#487,.F.);
#487 = EDGE_CURVE('',#488,#456,#490,.T.);
#488 = VERTEX_POINT('',#489);
#489 = CARTESIAN_POINT('',(-36.,-22.,27.605977613553));
#490 = SURFACE_CURVE('',#491,(#495,#501),.PCURVE_S1.);
#491 = LINE('',#492,#493);
#492 = CARTESIAN_POINT('',(-54.,-22.,27.605977613553));
#493 = VECTOR('',#494,1.);
#494 = DIRECTION('',(-1.,-0.,-0.));
#495 = PCURVE('',#33,#496);
#496 = DEFINITIONAL_REPRESENTATION('',(#497),#500);
#497 = B_SPLINE_CURVE_WITH_KNOTS('',1,(#498,#499),.UNSPECIFIED.,.F.,.F.,
  (2,2),(-18.0000006,5.999999999062E-07),.PIECEWISE_BEZIER_KNOTS.);
#498 = CARTESIAN_POINT('',(-2.243661809269,-18.0000006));
#499 = CARTESIAN_POINT('',(-2.243661809269,5.999999999062E-07));
#500 = ( GEOMETRIC_REPRESENTATION_CONTEXT(2) 
PARAMETRIC_REPRESENTATION_CONTEXT() REPRESENTATION_CONTEXT('2D SPACE',''
  ) );
#501 = PCURVE('',#502,#507);
#502 = PLANE('',#503);
#503 = AXIS2_PLACEMENT_3D('',#504,#505,#506);
#504 = CARTESIAN_POINT('',(-23.12420932813,-22.,61.120557687408));
#505 = DIRECTION('',(-0.,-1.,-0.));
#506 = DIRECTION('',(0.,0.,-1.));
#507 = DEFINITIONAL_REPRESENTATION('',(#508),#511);
#508 = B_SPLINE_CURVE_WITH_KNOTS('',1,(#509,#510),.UNSPECIFIED.,.F.,.F.,
  (2,2),(-18.0000006,5.999999999062E-07),.PIECEWISE_BEZIER_KNOTS.);
#509 = CARTESIAN_POINT('',(33.514580073854,-12.87579007186));
#510 = CARTESIAN_POINT('',(33.514580073854,-30.87579127186));
#511 = ( GEOMETRIC_REPRESENTATION_CONTEXT(2) 
PARAMETRIC_REPRESENTATION_CONTEXT() REPRESENTATION_CONTEXT('2D SPACE',''
  ) );
#512 = ORIENTED_EDGE('',*,*,#513,.T.);
#513 = EDGE_CURVE('',#488,#514,#516,.T.);
#514 = VERTEX_POINT('',#515);
#515 = CARTESIAN_POINT('',(-36.,-35.29203167855,0.75));
#516 = SURFACE_CURVE('',#517,(#522,#529),.PCURVE_S1.);
#517 = CIRCLE('',#518,35.3);
#518 = AXIS2_PLACEMENT_3D('',#519,#520,#521);
#519 = CARTESIAN_POINT('',(-36.,0.,0.));
#520 = DIRECTION('',(1.,0.,0.));
#521 = DIRECTION('',(0.,1.,0.));
#522 = PCURVE('',#33,#523);
#523 = DEFINITIONAL_REPRESENTATION('',(#524),#528);
#524 = LINE('',#525,#526);
#525 = CARTESIAN_POINT('',(-0.,-18.));
#526 = VECTOR('',#527,1.);
#527 = DIRECTION('',(-1.,0.));
#528 = ( GEOMETRIC_REPRESENTATION_CONTEXT(2) 
PARAMETRIC_REPRESENTATION_CONTEXT() REPRESENTATION_CONTEXT('2D SPACE',''
  ) );
#529 = PCURVE('',#307,#530);
#530 = DEFINITIONAL_REPRESENTATION('',(#531),#535);
#531 = CIRCLE('',#532,35.3);
#532 = AXIS2_PLACEMENT_2D('',#533,#534);
#533 = CARTESIAN_POINT('',(-2.277816290618E-15,-1.239605785871E-15));
#534 = DIRECTION('',(0.,-1.));
#535 = ( GEOMETRIC_REPRESENTATION_CONTEXT(2) 
PARAMETRIC_REPRESENTATION_CONTEXT() REPRESENTATION_CONTEXT('2D SPACE',''
  ) );
#536 = ORIENTED_EDGE('',*,*,#537,.T.);
#537 = EDGE_CURVE('',#514,#538,#540,.T.);
#538 = VERTEX_POINT('',#539);
#539 = CARTESIAN_POINT('',(-36.0000158736,-35.29203167855,0.75));
#540 = SURFACE_CURVE('',#541,(#545,#551),.PCURVE_S1.);
#541 = LINE('',#542,#543);
#542 = CARTESIAN_POINT('',(-54.,-35.29203167855,0.75));
#543 = VECTOR('',#544,1.);
#544 = DIRECTION('',(-1.,-0.,-0.));
#545 = PCURVE('',#33,#546);
#546 = DEFINITIONAL_REPRESENTATION('',(#547),#550);
#547 = B_SPLINE_CURVE_WITH_KNOTS('',1,(#548,#549),.UNSPECIFIED.,.F.,.F.,
  (2,2),(-18.0000006,5.999999999062E-07),.PIECEWISE_BEZIER_KNOTS.);
#548 = CARTESIAN_POINT('',(-3.120344595857,-18.0000006));
#549 = CARTESIAN_POINT('',(-3.120344595857,5.999999999062E-07));
#550 = ( GEOMETRIC_REPRESENTATION_CONTEXT(2) 
PARAMETRIC_REPRESENTATION_CONTEXT() REPRESENTATION_CONTEXT('2D SPACE',''
  ) );
#551 = PCURVE('',#552,#557);
#552 = PLANE('',#553);
#553 = AXIS2_PLACEMENT_3D('',#554,#555,#556);
#554 = CARTESIAN_POINT('',(-60.,-70.,0.75));
#555 = DIRECTION('',(0.,0.,1.));
#556 = DIRECTION('',(1.,0.,0.));
#557 = DEFINITIONAL_REPRESENTATION('',(#558),#562);
#558 = LINE('',#559,#560);
#559 = CARTESIAN_POINT('',(6.,34.707968321447));
#560 = VECTOR('',#561,1.);
#561 = DIRECTION('',(-1.,0.));
#562 = ( GEOMETRIC_REPRESENTATION_CONTEXT(2) 
PARAMETRIC_REPRESENTATION_CONTEXT() REPRESENTATION_CONTEXT('2D SPACE',''
  ) );
#563 = ORIENTED_EDGE('',*,*,#564,.T.);
#564 = EDGE_CURVE('',#538,#565,#567,.T.);
#565 = VERTEX_POINT('',#566);
#566 = CARTESIAN_POINT('',(-36.37547583299,-34.13341471344,9.));
#567 = SURFACE_CURVE('',#568,(#589,#613),.PCURVE_S1.);
#568 = B_SPLINE_CURVE_WITH_KNOTS('',7,(#569,#570,#571,#572,#573,#574,
    #575,#576,#577,#578,#579,#580,#581,#582,#583,#584,#585,#586,#587,
    #588),.UNSPECIFIED.,.F.,.F.,(8,6,6,8),(0.,0.584821452666,
    0.93228116658,1.),.UNSPECIFIED.);
#569 = CARTESIAN_POINT('',(-36.0000158736,-35.29203167855,0.75));
#570 = CARTESIAN_POINT('',(-36.00007495631,-35.27720239595,
    1.447807348312));
#571 = CARTESIAN_POINT('',(-36.00032616559,-35.24629180489,
    2.144540146131));
#572 = CARTESIAN_POINT('',(-36.00127173128,-35.19935108675,
    2.840658197121));
#573 = CARTESIAN_POINT('',(-36.004219364,-35.13632543279,3.536417177847)
  );
#574 = CARTESIAN_POINT('',(-36.01130450006,-35.05710638515,4.23174514299
    ));
#575 = CARTESIAN_POINT('',(-36.02552496925,-34.96162896204,
    4.925832382373));
#576 = CARTESIAN_POINT('',(-36.06646373409,-34.78420660223,
    6.026748511483));
#577 = CARTESIAN_POINT('',(-36.08571136991,-34.71274069822,
    6.434319478239));
#578 = CARTESIAN_POINT('',(-36.10988734727,-34.6357242719,6.841027072018
    ));
#579 = CARTESIAN_POINT('',(-36.14017910695,-34.55295780794,
    7.247675611679));
#580 = CARTESIAN_POINT('',(-36.17807993556,-34.46441045421,
    7.653920299769));
#581 = CARTESIAN_POINT('',(-36.22544056449,-34.37040654512,
    8.058188253008));
#582 = CARTESIAN_POINT('',(-36.29602895701,-34.25262982615,
    8.535442501388));
#583 = CARTESIAN_POINT('',(-36.3079992583,-34.23322683001,8.613180500253
    ));
#584 = CARTESIAN_POINT('',(-36.32044656147,-34.21363335434,
    8.690805725864));
#585 = CARTESIAN_POINT('',(-36.33339296245,-34.19385206305,
    8.768310121958));
#586 = CARTESIAN_POINT('',(-36.34686243949,-34.17388606142,
    8.845684487572));
#587 = CARTESIAN_POINT('',(-36.36088085322,-34.15373889612,
    8.922918477041));
#588 = CARTESIAN_POINT('',(-36.37547594659,-34.13341455524,9.0000006));
#589 = PCURVE('',#33,#590);
#590 = DEFINITIONAL_REPRESENTATION('',(#591),#612);
#591 = B_SPLINE_CURVE_WITH_KNOTS('',7,(#592,#593,#594,#595,#596,#597,
    #598,#599,#600,#601,#602,#603,#604,#605,#606,#607,#608,#609,#610,
    #611),.UNSPECIFIED.,.F.,.F.,(8,6,6,8),(0.,0.584821452666,
    0.93228116658,1.),.UNSPECIFIED.);
#592 = CARTESIAN_POINT('',(-3.120344595857,-17.9999841264));
#593 = CARTESIAN_POINT('',(-3.100572219059,-17.99992504368));
#594 = CARTESIAN_POINT('',(-3.080820595633,-17.9996738344));
#595 = CARTESIAN_POINT('',(-3.061064117157,-17.99872826871));
#596 = CARTESIAN_POINT('',(-3.041282970016,-17.995780636));
#597 = CARTESIAN_POINT('',(-3.021466436255,-17.98869549993));
#598 = CARTESIAN_POINT('',(-3.00162403947,-17.97447503074));
#599 = CARTESIAN_POINT('',(-2.970034207251,-17.93353626591));
#600 = CARTESIAN_POINT('',(-2.958313251286,-17.91428863008));
#601 = CARTESIAN_POINT('',(-2.946588754341,-17.89011265272));
#602 = CARTESIAN_POINT('',(-2.93483477619,-17.85982089304));
#603 = CARTESIAN_POINT('',(-2.923058037262,-17.82192006443));
#604 = CARTESIAN_POINT('',(-2.911301219703,-17.7745594355));
#605 = CARTESIAN_POINT('',(-2.897375668968,-17.70397104298));
#606 = CARTESIAN_POINT('',(-2.895105907566,-17.69200074169));
#607 = CARTESIAN_POINT('',(-2.892837935801,-17.67955343852));
#608 = CARTESIAN_POINT('',(-2.890571974324,-17.66660703755));
#609 = CARTESIAN_POINT('',(-2.888308278461,-17.6531375605));
#610 = CARTESIAN_POINT('',(-2.886047138214,-17.63911914677));
#611 = CARTESIAN_POINT('',(-2.883788878267,-17.6245240534));
#612 = ( GEOMETRIC_REPRESENTATION_CONTEXT(2) 
PARAMETRIC_REPRESENTATION_CONTEXT() REPRESENTATION_CONTEXT('2D SPACE',''
  ) );
#613 = PCURVE('',#614,#619);
#614 = CYLINDRICAL_SURFACE('',#615,2.);
#615 = AXIS2_PLACEMENT_3D('',#616,#617,#618);
#616 = CARTESIAN_POINT('',(-38.,-35.3,0.75));
#617 = DIRECTION('',(0.,0.,1.));
#618 = DIRECTION('',(1.,0.,-0.));
#619 = DEFINITIONAL_REPRESENTATION('',(#620),#641);
#620 = B_SPLINE_CURVE_WITH_KNOTS('',7,(#621,#622,#623,#624,#625,#626,
    #627,#628,#629,#630,#631,#632,#633,#634,#635,#636,#637,#638,#639,
    #640),.UNSPECIFIED.,.F.,.F.,(8,6,6,8),(0.,0.584821452666,
    0.93228116658,1.),.UNSPECIFIED.);
#621 = CARTESIAN_POINT('',(3.984171263948E-03,-1.443289932013E-15));
#622 = CARTESIAN_POINT('',(1.139887141215E-02,0.697807348312));
#623 = CARTESIAN_POINT('',(2.685430700804E-02,1.394540146131));
#624 = CARTESIAN_POINT('',(5.032825341279E-02,2.090658197121));
#625 = CARTESIAN_POINT('',(8.185201932792E-02,2.786417177847));
#626 = CARTESIAN_POINT('',(0.121546648269,3.48174514299));
#627 = CARTESIAN_POINT('',(0.169661987465,4.175832382373));
#628 = CARTESIAN_POINT('',(0.260704115387,5.276748511483));
#629 = CARTESIAN_POINT('',(0.297686390123,5.684319478239));
#630 = CARTESIAN_POINT('',(0.337988848631,6.091027072018));
#631 = CARTESIAN_POINT('',(0.381962656069,6.497675611679));
#632 = CARTESIAN_POINT('',(0.429988147936,6.903920299769));
#633 = CARTESIAN_POINT('',(0.482477750509,7.308188253008));
#634 = CARTESIAN_POINT('',(0.551132824413,7.785442501388));
#635 = CARTESIAN_POINT('',(0.562531099385,7.863180500253));
#636 = CARTESIAN_POINT('',(0.57413590954,7.940805725864));
#637 = CARTESIAN_POINT('',(0.585954471868,8.018310121958));
#638 = CARTESIAN_POINT('',(0.597994786384,8.095684487572));
#639 = CARTESIAN_POINT('',(0.610265636126,8.172918477041));
#640 = CARTESIAN_POINT('',(0.622776587158,8.2500006));
#641 = ( GEOMETRIC_REPRESENTATION_CONTEXT(2) 
PARAMETRIC_REPRESENTATION_CONTEXT() REPRESENTATION_CONTEXT('2D SPACE',''
  ) );
#642 = ORIENTED_EDGE('',*,*,#643,.T.);
#643 = EDGE_CURVE('',#565,#644,#646,.T.);
#644 = VERTEX_POINT('',#645);
#645 = CARTESIAN_POINT('',(-53.624524167,-34.13341471344,9.));
#646 = SURFACE_CURVE('',#647,(#651,#657),.PCURVE_S1.);
#647 = LINE('',#648,#649);
#648 = CARTESIAN_POINT('',(-54.,-34.13341471344,9.));
#649 = VECTOR('',#650,1.);
#650 = DIRECTION('',(-1.,-0.,-0.));
#651 = PCURVE('',#33,#652);
#652 = DEFINITIONAL_REPRESENTATION('',(#653),#656);
#653 = B_SPLINE_CURVE_WITH_KNOTS('',1,(#654,#655),.UNSPECIFIED.,.F.,.F.,
  (2,2),(-18.0000006,5.999999999062E-07),.PIECEWISE_BEZIER_KNOTS.);
#654 = CARTESIAN_POINT('',(-2.883788895845,-18.0000006));
#655 = CARTESIAN_POINT('',(-2.883788895845,5.999999999062E-07));
#656 = ( GEOMETRIC_REPRESENTATION_CONTEXT(2) 
PARAMETRIC_REPRESENTATION_CONTEXT() REPRESENTATION_CONTEXT('2D SPACE',''
  ) );
#657 = PCURVE('',#658,#663);
#658 = PLANE('',#659);
#659 = AXIS2_PLACEMENT_3D('',#660,#661,#662);
#660 = CARTESIAN_POINT('',(-54.,-47.3,9.));
#661 = DIRECTION('',(0.,0.,1.));
#662 = DIRECTION('',(1.,0.,0.));
#663 = DEFINITIONAL_REPRESENTATION('',(#664),#667);
#664 = B_SPLINE_CURVE_WITH_KNOTS('',1,(#665,#666),.UNSPECIFIED.,.F.,.F.,
  (2,2),(-18.0000006,5.999999999062E-07),.PIECEWISE_BEZIER_KNOTS.);
#665 = CARTESIAN_POINT('',(18.0000006,13.166585286555));
#666 = CARTESIAN_POINT('',(-5.999999999062E-07,13.166585286555));
#667 = ( GEOMETRIC_REPRESENTATION_CONTEXT(2) 
PARAMETRIC_REPRESENTATION_CONTEXT() REPRESENTATION_CONTEXT('2D SPACE',''
  ) );
#668 = ORIENTED_EDGE('',*,*,#669,.F.);
#669 = EDGE_CURVE('',#670,#644,#672,.T.);
#670 = VERTEX_POINT('',#671);
#671 = CARTESIAN_POINT('',(-53.9999841264,-35.29203167855,0.75));
#672 = SURFACE_CURVE('',#673,(#694,#718),.PCURVE_S1.);
#673 = B_SPLINE_CURVE_WITH_KNOTS('',7,(#674,#675,#676,#677,#678,#679,
    #680,#681,#682,#683,#684,#685,#686,#687,#688,#689,#690,#691,#692,
    #693),.UNSPECIFIED.,.F.,.F.,(8,6,6,8),(0.,0.584821452667,
    0.93228116658,1.),.UNSPECIFIED.);
#674 = CARTESIAN_POINT('',(-53.9999841264,-35.29203167855,0.75));
#675 = CARTESIAN_POINT('',(-53.99992504368,-35.27720239595,1.44780734832
    ));
#676 = CARTESIAN_POINT('',(-53.9996738344,-35.24629180489,2.144540146127
    ));
#677 = CARTESIAN_POINT('',(-53.99872826871,-35.19935108675,
    2.840658197121));
#678 = CARTESIAN_POINT('',(-53.995780636,-35.1363254328,3.536417177841)
  );
#679 = CARTESIAN_POINT('',(-53.98869549993,-35.05710638515,
    4.231745142998));
#680 = CARTESIAN_POINT('',(-53.97447503074,-34.96162896204,4.92583238237
    ));
#681 = CARTESIAN_POINT('',(-53.93353626591,-34.78420660223,
    6.026748511484));
#682 = CARTESIAN_POINT('',(-53.91428863008,-34.71274069822,6.43431947824
    ));
#683 = CARTESIAN_POINT('',(-53.89011265272,-34.6357242719,6.841027072017
    ));
#684 = CARTESIAN_POINT('',(-53.85982089304,-34.55295780794,
    7.247675611678));
#685 = CARTESIAN_POINT('',(-53.82192006443,-34.46441045421,7.65392029977
    ));
#686 = CARTESIAN_POINT('',(-53.7745594355,-34.37040654512,8.058188253008
    ));
#687 = CARTESIAN_POINT('',(-53.70397104298,-34.25262982615,
    8.535442501388));
#688 = CARTESIAN_POINT('',(-53.69200074169,-34.23322683001,
    8.613180500253));
#689 = CARTESIAN_POINT('',(-53.67955343852,-34.21363335434,
    8.690805725864));
#690 = CARTESIAN_POINT('',(-53.66660703755,-34.19385206305,
    8.768310121958));
#691 = CARTESIAN_POINT('',(-53.6531375605,-34.17388606142,8.845684487572
    ));
#692 = CARTESIAN_POINT('',(-53.63911914677,-34.15373889612,
    8.922918477041));
#693 = CARTESIAN_POINT('',(-53.6245240534,-34.13341455524,9.0000006));
#694 = PCURVE('',#33,#695);
#695 = DEFINITIONAL_REPRESENTATION('',(#696),#717);
#696 = B_SPLINE_CURVE_WITH_KNOTS('',7,(#697,#698,#699,#700,#701,#702,
    #703,#704,#705,#706,#707,#708,#709,#710,#711,#712,#713,#714,#715,
    #716),.UNSPECIFIED.,.F.,.F.,(8,6,6,8),(0.,0.584821452667,
    0.93228116658,1.),.UNSPECIFIED.);
#697 = CARTESIAN_POINT('',(-3.120344595857,-1.587359966293E-05));
#698 = CARTESIAN_POINT('',(-3.100572219059,-7.495631387644E-05));
#699 = CARTESIAN_POINT('',(-3.080820595634,-3.261655967519E-04));
#700 = CARTESIAN_POINT('',(-3.061064117157,-1.271731286438E-03));
#701 = CARTESIAN_POINT('',(-3.041282970016,-4.219363999665E-03));
#702 = CARTESIAN_POINT('',(-3.021466436254,-1.130450006561E-02));
#703 = CARTESIAN_POINT('',(-3.00162403947,-2.552496925159E-02));
#704 = CARTESIAN_POINT('',(-2.970034207251,-6.646373409029E-02));
#705 = CARTESIAN_POINT('',(-2.958313251286,-8.571136991171E-02));
#706 = CARTESIAN_POINT('',(-2.946588754341,-0.109887347279));
#707 = CARTESIAN_POINT('',(-2.93483477619,-0.140179106955));
#708 = CARTESIAN_POINT('',(-2.923058037262,-0.178079935565));
#709 = CARTESIAN_POINT('',(-2.911301219703,-0.225440564492));
#710 = CARTESIAN_POINT('',(-2.897375668968,-0.296028957018));
#711 = CARTESIAN_POINT('',(-2.895105907566,-0.307999258307));
#712 = CARTESIAN_POINT('',(-2.892837935801,-0.320446561477));
#713 = CARTESIAN_POINT('',(-2.890571974324,-0.33339296245));
#714 = CARTESIAN_POINT('',(-2.888308278461,-0.346862439495));
#715 = CARTESIAN_POINT('',(-2.886047138214,-0.360880853225));
#716 = CARTESIAN_POINT('',(-2.883788878267,-0.375475946599));
#717 = ( GEOMETRIC_REPRESENTATION_CONTEXT(2) 
PARAMETRIC_REPRESENTATION_CONTEXT() REPRESENTATION_CONTEXT('2D SPACE',''
  ) );
#718 = PCURVE('',#719,#724);
#719 = CYLINDRICAL_SURFACE('',#720,2.);
#720 = AXIS2_PLACEMENT_3D('',#721,#722,#723);
#721 = CARTESIAN_POINT('',(-52.,-35.3,0.75));
#722 = DIRECTION('',(0.,0.,1.));
#723 = DIRECTION('',(-1.,-0.,0.));
#724 = DEFINITIONAL_REPRESENTATION('',(#725),#746);
#725 = B_SPLINE_CURVE_WITH_KNOTS('',7,(#726,#727,#728,#729,#730,#731,
    #732,#733,#734,#735,#736,#737,#738,#739,#740,#741,#742,#743,#744,
    #745),.UNSPECIFIED.,.F.,.F.,(8,6,6,8),(0.,0.584821452667,
    0.93228116658,1.),.UNSPECIFIED.);
#726 = CARTESIAN_POINT('',(-3.984171263948E-03,-1.443289932013E-15));
#727 = CARTESIAN_POINT('',(-1.139887141224E-02,0.69780734832));
#728 = CARTESIAN_POINT('',(-2.685430700812E-02,1.394540146127));
#729 = CARTESIAN_POINT('',(-5.032825341282E-02,2.090658197121));
#730 = CARTESIAN_POINT('',(-8.18520193273E-02,2.786417177841));
#731 = CARTESIAN_POINT('',(-0.121546648269,3.481745142998));
#732 = CARTESIAN_POINT('',(-0.169661987465,4.17583238237));
#733 = CARTESIAN_POINT('',(-0.260704115387,5.276748511484));
#734 = CARTESIAN_POINT('',(-0.297686390123,5.68431947824));
#735 = CARTESIAN_POINT('',(-0.337988848631,6.091027072017));
#736 = CARTESIAN_POINT('',(-0.381962656069,6.497675611678));
#737 = CARTESIAN_POINT('',(-0.429988147936,6.90392029977));
#738 = CARTESIAN_POINT('',(-0.482477750509,7.308188253008));
#739 = CARTESIAN_POINT('',(-0.551132824413,7.785442501388));
#740 = CARTESIAN_POINT('',(-0.562531099385,7.863180500253));
#741 = CARTESIAN_POINT('',(-0.57413590954,7.940805725864));
#742 = CARTESIAN_POINT('',(-0.585954471868,8.018310121958));
#743 = CARTESIAN_POINT('',(-0.597994786384,8.095684487572));
#744 = CARTESIAN_POINT('',(-0.610265636126,8.172918477041));
#745 = CARTESIAN_POINT('',(-0.622776587158,8.2500006));
#746 = ( GEOMETRIC_REPRESENTATION_CONTEXT(2) 
PARAMETRIC_REPRESENTATION_CONTEXT() REPRESENTATION_CONTEXT('2D SPACE',''
  ) );
#747 = ORIENTED_EDGE('',*,*,#748,.T.);
#748 = EDGE_CURVE('',#670,#24,#749,.T.);
#749 = SURFACE_CURVE('',#750,(#754,#760),.PCURVE_S1.);
#750 = LINE('',#751,#752);
#751 = CARTESIAN_POINT('',(-54.,-35.29203167855,0.75));
#752 = VECTOR('',#753,1.);
#753 = DIRECTION('',(-1.,-0.,-0.));
#754 = PCURVE('',#33,#755);
#755 = DEFINITIONAL_REPRESENTATION('',(#756),#759);
#756 = B_SPLINE_CURVE_WITH_KNOTS('',1,(#757,#758),.UNSPECIFIED.,.F.,.F.,
  (2,2),(-18.0000006,5.999999999062E-07),.PIECEWISE_BEZIER_KNOTS.);
#757 = CARTESIAN_POINT('',(-3.120344595857,-18.0000006));
#758 = CARTESIAN_POINT('',(-3.120344595857,5.999999999062E-07));
#759 = ( GEOMETRIC_REPRESENTATION_CONTEXT(2) 
PARAMETRIC_REPRESENTATION_CONTEXT() REPRESENTATION_CONTEXT('2D SPACE',''
  ) );
#760 = PCURVE('',#552,#761);
#761 = DEFINITIONAL_REPRESENTATION('',(#762),#766);
#762 = LINE('',#763,#764);
#763 = CARTESIAN_POINT('',(6.,34.707968321447));
#764 = VECTOR('',#765,1.);
#765 = DIRECTION('',(-1.,0.));
#766 = ( GEOMETRIC_REPRESENTATION_CONTEXT(2) 
PARAMETRIC_REPRESENTATION_CONTEXT() REPRESENTATION_CONTEXT('2D SPACE',''
  ) );
#767 = ADVANCED_FACE('',(#768),#134,.T.);
#768 = FACE_BOUND('',#769,.T.);
#769 = EDGE_LOOP('',(#770,#800,#822,#823));
#770 = ORIENTED_EDGE('',*,*,#771,.F.);
#771 = EDGE_CURVE('',#772,#774,#776,.T.);
#772 = VERTEX_POINT('',#773);
#773 = CARTESIAN_POINT('',(-54.,35.3,0.75));
#774 = VERTEX_POINT('',#775);
#775 = CARTESIAN_POINT('',(-54.,35.3,9.));
#776 = SURFACE_CURVE('',#777,(#781,#788),.PCURVE_S1.);
#777 = LINE('',#778,#779);
#778 = CARTESIAN_POINT('',(-54.,35.3,0.75));
#779 = VECTOR('',#780,1.);
#780 = DIRECTION('',(0.,0.,1.));
#781 = PCURVE('',#134,#782);
#782 = DEFINITIONAL_REPRESENTATION('',(#783),#787);
#783 = LINE('',#784,#785);
#784 = CARTESIAN_POINT('',(0.,0.));
#785 = VECTOR('',#786,1.);
#786 = DIRECTION('',(0.,1.));
#787 = ( GEOMETRIC_REPRESENTATION_CONTEXT(2) 
PARAMETRIC_REPRESENTATION_CONTEXT() REPRESENTATION_CONTEXT('2D SPACE',''
  ) );
#788 = PCURVE('',#789,#794);
#789 = PLANE('',#790);
#790 = AXIS2_PLACEMENT_3D('',#791,#792,#793);
#791 = CARTESIAN_POINT('',(-54.,33.3,0.75));
#792 = DIRECTION('',(1.,0.,0.));
#793 = DIRECTION('',(0.,0.,1.));
#794 = DEFINITIONAL_REPRESENTATION('',(#795),#799);
#795 = LINE('',#796,#797);
#796 = CARTESIAN_POINT('',(0.,-2.));
#797 = VECTOR('',#798,1.);
#798 = DIRECTION('',(1.,0.));
#799 = ( GEOMETRIC_REPRESENTATION_CONTEXT(2) 
PARAMETRIC_REPRESENTATION_CONTEXT() REPRESENTATION_CONTEXT('2D SPACE',''
  ) );
#800 = ORIENTED_EDGE('',*,*,#801,.T.);
#801 = EDGE_CURVE('',#772,#58,#802,.T.);
#802 = SURFACE_CURVE('',#803,(#808,#815),.PCURVE_S1.);
#803 = CIRCLE('',#804,2.);
#804 = AXIS2_PLACEMENT_3D('',#805,#806,#807);
#805 = CARTESIAN_POINT('',(-52.,35.3,0.75));
#806 = DIRECTION('',(0.,0.,1.));
#807 = DIRECTION('',(0.,-1.,0.));
#808 = PCURVE('',#134,#809);
#809 = DEFINITIONAL_REPRESENTATION('',(#810),#814);
#810 = LINE('',#811,#812);
#811 = CARTESIAN_POINT('',(-4.712388980385,0.));
#812 = VECTOR('',#813,1.);
#813 = DIRECTION('',(1.,0.));
#814 = ( GEOMETRIC_REPRESENTATION_CONTEXT(2) 
PARAMETRIC_REPRESENTATION_CONTEXT() REPRESENTATION_CONTEXT('2D SPACE',''
  ) );
#815 = PCURVE('',#72,#816);
#816 = DEFINITIONAL_REPRESENTATION('',(#817),#821);
#817 = CIRCLE('',#818,2.);
#818 = AXIS2_PLACEMENT_2D('',#819,#820);
#819 = CARTESIAN_POINT('',(8.,105.3));
#820 = DIRECTION('',(0.,-1.));
#821 = ( GEOMETRIC_REPRESENTATION_CONTEXT(2) 
PARAMETRIC_REPRESENTATION_CONTEXT() REPRESENTATION_CONTEXT('2D SPACE',''
  ) );
#822 = ORIENTED_EDGE('',*,*,#84,.T.);
#823 = ORIENTED_EDGE('',*,*,#824,.F.);
#824 = EDGE_CURVE('',#774,#85,#825,.T.);
#825 = SURFACE_CURVE('',#826,(#831,#838),.PCURVE_S1.);
#826 = CIRCLE('',#827,2.);
#827 = AXIS2_PLACEMENT_3D('',#828,#829,#830);
#828 = CARTESIAN_POINT('',(-52.,35.3,9.));
#829 = DIRECTION('',(0.,0.,1.));
#830 = DIRECTION('',(0.,-1.,0.));
#831 = PCURVE('',#134,#832);
#832 = DEFINITIONAL_REPRESENTATION('',(#833),#837);
#833 = LINE('',#834,#835);
#834 = CARTESIAN_POINT('',(-4.712388980385,8.25));
#835 = VECTOR('',#836,1.);
#836 = DIRECTION('',(1.,0.));
#837 = ( GEOMETRIC_REPRESENTATION_CONTEXT(2) 
PARAMETRIC_REPRESENTATION_CONTEXT() REPRESENTATION_CONTEXT('2D SPACE',''
  ) );
#838 = PCURVE('',#178,#839);
#839 = DEFINITIONAL_REPRESENTATION('',(#840),#844);
#840 = CIRCLE('',#841,2.);
#841 = AXIS2_PLACEMENT_2D('',#842,#843);
#842 = CARTESIAN_POINT('',(2.,2.));
#843 = DIRECTION('',(0.,-1.));
#844 = ( GEOMETRIC_REPRESENTATION_CONTEXT(2) 
PARAMETRIC_REPRESENTATION_CONTEXT() REPRESENTATION_CONTEXT('2D SPACE',''
  ) );
#845 = ADVANCED_FACE('',(#846),#789,.F.);
#846 = FACE_BOUND('',#847,.F.);
#847 = EDGE_LOOP('',(#848,#871,#872,#895));
#848 = ORIENTED_EDGE('',*,*,#849,.F.);
#849 = EDGE_CURVE('',#774,#850,#852,.T.);
#850 = VERTEX_POINT('',#851);
#851 = CARTESIAN_POINT('',(-54.,45.3,9.));
#852 = SURFACE_CURVE('',#853,(#857,#864),.PCURVE_S1.);
#853 = LINE('',#854,#855);
#854 = CARTESIAN_POINT('',(-54.,33.3,9.));
#855 = VECTOR('',#856,1.);
#856 = DIRECTION('',(0.,1.,0.));
#857 = PCURVE('',#789,#858);
#858 = DEFINITIONAL_REPRESENTATION('',(#859),#863);
#859 = LINE('',#860,#861);
#860 = CARTESIAN_POINT('',(8.25,0.));
#861 = VECTOR('',#862,1.);
#862 = DIRECTION('',(0.,-1.));
#863 = ( GEOMETRIC_REPRESENTATION_CONTEXT(2) 
PARAMETRIC_REPRESENTATION_CONTEXT() REPRESENTATION_CONTEXT('2D SPACE',''
  ) );
#864 = PCURVE('',#178,#865);
#865 = DEFINITIONAL_REPRESENTATION('',(#866),#870);
#866 = LINE('',#867,#868);
#867 = CARTESIAN_POINT('',(0.,0.));
#868 = VECTOR('',#869,1.);
#869 = DIRECTION('',(0.,1.));
#870 = ( GEOMETRIC_REPRESENTATION_CONTEXT(2) 
PARAMETRIC_REPRESENTATION_CONTEXT() REPRESENTATION_CONTEXT('2D SPACE',''
  ) );
#871 = ORIENTED_EDGE('',*,*,#771,.F.);
#872 = ORIENTED_EDGE('',*,*,#873,.T.);
#873 = EDGE_CURVE('',#772,#874,#876,.T.);
#874 = VERTEX_POINT('',#875);
#875 = CARTESIAN_POINT('',(-54.,45.3,0.75));
#876 = SURFACE_CURVE('',#877,(#881,#888),.PCURVE_S1.);
#877 = LINE('',#878,#879);
#878 = CARTESIAN_POINT('',(-54.,33.3,0.75));
#879 = VECTOR('',#880,1.);
#880 = DIRECTION('',(0.,1.,0.));
#881 = PCURVE('',#789,#882);
#882 = DEFINITIONAL_REPRESENTATION('',(#883),#887);
#883 = LINE('',#884,#885);
#884 = CARTESIAN_POINT('',(0.,0.));
#885 = VECTOR('',#886,1.);
#886 = DIRECTION('',(0.,-1.));
#887 = ( GEOMETRIC_REPRESENTATION_CONTEXT(2) 
PARAMETRIC_REPRESENTATION_CONTEXT() REPRESENTATION_CONTEXT('2D SPACE',''
  ) );
#888 = PCURVE('',#72,#889);
#889 = DEFINITIONAL_REPRESENTATION('',(#890),#894);
#890 = LINE('',#891,#892);
#891 = CARTESIAN_POINT('',(6.,103.3));
#892 = VECTOR('',#893,1.);
#893 = DIRECTION('',(0.,1.));
#894 = ( GEOMETRIC_REPRESENTATION_CONTEXT(2) 
PARAMETRIC_REPRESENTATION_CONTEXT() REPRESENTATION_CONTEXT('2D SPACE',''
  ) );
#895 = ORIENTED_EDGE('',*,*,#896,.T.);
#896 = EDGE_CURVE('',#874,#850,#897,.T.);
#897 = SURFACE_CURVE('',#898,(#902,#909),.PCURVE_S1.);
#898 = LINE('',#899,#900);
#899 = CARTESIAN_POINT('',(-54.,45.3,0.75));
#900 = VECTOR('',#901,1.);
#901 = DIRECTION('',(0.,0.,1.));
#902 = PCURVE('',#789,#903);
#903 = DEFINITIONAL_REPRESENTATION('',(#904),#908);
#904 = LINE('',#905,#906);
#905 = CARTESIAN_POINT('',(0.,-12.));
#906 = VECTOR('',#907,1.);
#907 = DIRECTION('',(1.,0.));
#908 = ( GEOMETRIC_REPRESENTATION_CONTEXT(2) 
PARAMETRIC_REPRESENTATION_CONTEXT() REPRESENTATION_CONTEXT('2D SPACE',''
  ) );
#909 = PCURVE('',#910,#915);
#910 = CYLINDRICAL_SURFACE('',#911,2.);
#911 = AXIS2_PLACEMENT_3D('',#912,#913,#914);
#912 = CARTESIAN_POINT('',(-52.,45.3,0.75));
#913 = DIRECTION('',(0.,0.,1.));
#914 = DIRECTION('',(-1.,-0.,0.));
#915 = DEFINITIONAL_REPRESENTATION('',(#916),#920);
#916 = LINE('',#917,#918);
#917 = CARTESIAN_POINT('',(-0.,0.));
#918 = VECTOR('',#919,1.);
#919 = DIRECTION('',(-0.,1.));
#920 = ( GEOMETRIC_REPRESENTATION_CONTEXT(2) 
PARAMETRIC_REPRESENTATION_CONTEXT() REPRESENTATION_CONTEXT('2D SPACE',''
  ) );
#921 = ADVANCED_FACE('',(#922),#910,.T.);
#922 = FACE_BOUND('',#923,.F.);
#923 = EDGE_LOOP('',(#924,#952,#980,#1006));
#924 = ORIENTED_EDGE('',*,*,#925,.T.);
#925 = EDGE_CURVE('',#874,#926,#928,.T.);
#926 = VERTEX_POINT('',#927);
#927 = CARTESIAN_POINT('',(-52.,47.3,0.75));
#928 = SURFACE_CURVE('',#929,(#934,#941),.PCURVE_S1.);
#929 = CIRCLE('',#930,2.);
#930 = AXIS2_PLACEMENT_3D('',#931,#932,#933);
#931 = CARTESIAN_POINT('',(-52.,45.3,0.75));
#932 = DIRECTION('',(-0.,-0.,-1.));
#933 = DIRECTION('',(0.,-1.,0.));
#934 = PCURVE('',#910,#935);
#935 = DEFINITIONAL_REPRESENTATION('',(#936),#940);
#936 = LINE('',#937,#938);
#937 = CARTESIAN_POINT('',(1.570796326795,-0.));
#938 = VECTOR('',#939,1.);
#939 = DIRECTION('',(-1.,0.));
#940 = ( GEOMETRIC_REPRESENTATION_CONTEXT(2) 
PARAMETRIC_REPRESENTATION_CONTEXT() REPRESENTATION_CONTEXT('2D SPACE',''
  ) );
#941 = PCURVE('',#72,#942);
#942 = DEFINITIONAL_REPRESENTATION('',(#943),#951);
#943 = ( BOUNDED_CURVE() B_SPLINE_CURVE(2,(#944,#945,#946,#947,#948,#949
,#950),.UNSPECIFIED.,.T.,.F.) B_SPLINE_CURVE_WITH_KNOTS((1,2,2,2,2,1),(
    -2.094395102393,0.,2.094395102393,4.188790204786,6.28318530718,
8.377580409573),.UNSPECIFIED.) CURVE() GEOMETRIC_REPRESENTATION_ITEM() 
RATIONAL_B_SPLINE_CURVE((1.,0.5,1.,0.5,1.,0.5,1.)) REPRESENTATION_ITEM(
  '') );
#944 = CARTESIAN_POINT('',(8.,113.3));
#945 = CARTESIAN_POINT('',(4.535898384862,113.3));
#946 = CARTESIAN_POINT('',(6.267949192431,116.3));
#947 = CARTESIAN_POINT('',(8.,119.3));
#948 = CARTESIAN_POINT('',(9.732050807569,116.3));
#949 = CARTESIAN_POINT('',(11.464101615138,113.3));
#950 = CARTESIAN_POINT('',(8.,113.3));
#951 = ( GEOMETRIC_REPRESENTATION_CONTEXT(2) 
PARAMETRIC_REPRESENTATION_CONTEXT() REPRESENTATION_CONTEXT('2D SPACE',''
  ) );
#952 = ORIENTED_EDGE('',*,*,#953,.T.);
#953 = EDGE_CURVE('',#926,#954,#956,.T.);
#954 = VERTEX_POINT('',#955);
#955 = CARTESIAN_POINT('',(-52.,47.3,9.));
#956 = SURFACE_CURVE('',#957,(#961,#968),.PCURVE_S1.);
#957 = LINE('',#958,#959);
#958 = CARTESIAN_POINT('',(-52.,47.3,0.75));
#959 = VECTOR('',#960,1.);
#960 = DIRECTION('',(0.,0.,1.));
#961 = PCURVE('',#910,#962);
#962 = DEFINITIONAL_REPRESENTATION('',(#963),#967);
#963 = LINE('',#964,#965);
#964 = CARTESIAN_POINT('',(-1.570796326795,0.));
#965 = VECTOR('',#966,1.);
#966 = DIRECTION('',(-0.,1.));
#967 = ( GEOMETRIC_REPRESENTATION_CONTEXT(2) 
PARAMETRIC_REPRESENTATION_CONTEXT() REPRESENTATION_CONTEXT('2D SPACE',''
  ) );
#968 = PCURVE('',#969,#974);
#969 = PLANE('',#970);
#970 = AXIS2_PLACEMENT_3D('',#971,#972,#973);
#971 = CARTESIAN_POINT('',(-54.,47.3,0.75));
#972 = DIRECTION('',(0.,1.,0.));
#973 = DIRECTION('',(0.,0.,1.));
#974 = DEFINITIONAL_REPRESENTATION('',(#975),#979);
#975 = LINE('',#976,#977);
#976 = CARTESIAN_POINT('',(0.,2.));
#977 = VECTOR('',#978,1.);
#978 = DIRECTION('',(1.,0.));
#979 = ( GEOMETRIC_REPRESENTATION_CONTEXT(2) 
PARAMETRIC_REPRESENTATION_CONTEXT() REPRESENTATION_CONTEXT('2D SPACE',''
  ) );
#980 = ORIENTED_EDGE('',*,*,#981,.F.);
#981 = EDGE_CURVE('',#850,#954,#982,.T.);
#982 = SURFACE_CURVE('',#983,(#988,#995),.PCURVE_S1.);
#983 = CIRCLE('',#984,2.);
#984 = AXIS2_PLACEMENT_3D('',#985,#986,#987);
#985 = CARTESIAN_POINT('',(-52.,45.3,9.));
#986 = DIRECTION('',(-0.,-0.,-1.));
#987 = DIRECTION('',(0.,-1.,0.));
#988 = PCURVE('',#910,#989);
#989 = DEFINITIONAL_REPRESENTATION('',(#990),#994);
#990 = LINE('',#991,#992);
#991 = CARTESIAN_POINT('',(1.570796326795,8.25));
#992 = VECTOR('',#993,1.);
#993 = DIRECTION('',(-1.,0.));
#994 = ( GEOMETRIC_REPRESENTATION_CONTEXT(2) 
PARAMETRIC_REPRESENTATION_CONTEXT() REPRESENTATION_CONTEXT('2D SPACE',''
  ) );
#995 = PCURVE('',#178,#996);
#996 = DEFINITIONAL_REPRESENTATION('',(#997),#1005);
#997 = ( BOUNDED_CURVE() B_SPLINE_CURVE(2,(#998,#999,#1000,#1001,#1002,
#1003,#1004),.UNSPECIFIED.,.T.,.F.) B_SPLINE_CURVE_WITH_KNOTS((1,2,2,2,2
    ,1),(-2.094395102393,0.,2.094395102393,4.188790204786,6.28318530718,
8.377580409573),.UNSPECIFIED.) CURVE() GEOMETRIC_REPRESENTATION_ITEM() 
RATIONAL_B_SPLINE_CURVE((1.,0.5,1.,0.5,1.,0.5,1.)) REPRESENTATION_ITEM(
  '') );
#998 = CARTESIAN_POINT('',(2.,10.));
#999 = CARTESIAN_POINT('',(-1.464101615138,10.));
#1000 = CARTESIAN_POINT('',(0.267949192431,13.));
#1001 = CARTESIAN_POINT('',(2.,16.));
#1002 = CARTESIAN_POINT('',(3.732050807569,13.));
#1003 = CARTESIAN_POINT('',(5.464101615138,10.));
#1004 = CARTESIAN_POINT('',(2.,10.));
#1005 = ( GEOMETRIC_REPRESENTATION_CONTEXT(2) 
PARAMETRIC_REPRESENTATION_CONTEXT() REPRESENTATION_CONTEXT('2D SPACE',''
  ) );
#1006 = ORIENTED_EDGE('',*,*,#896,.F.);
#1007 = ADVANCED_FACE('',(#1008),#969,.T.);
#1008 = FACE_BOUND('',#1009,.T.);
#1009 = EDGE_LOOP('',(#1010,#1033,#1034,#1057));
#1010 = ORIENTED_EDGE('',*,*,#1011,.F.);
#1011 = EDGE_CURVE('',#926,#1012,#1014,.T.);
#1012 = VERTEX_POINT('',#1013);
#1013 = CARTESIAN_POINT('',(-38.,47.3,0.75));
#1014 = SURFACE_CURVE('',#1015,(#1019,#1026),.PCURVE_S1.);
#1015 = LINE('',#1016,#1017);
#1016 = CARTESIAN_POINT('',(-54.,47.3,0.75));
#1017 = VECTOR('',#1018,1.);
#1018 = DIRECTION('',(1.,0.,0.));
#1019 = PCURVE('',#969,#1020);
#1020 = DEFINITIONAL_REPRESENTATION('',(#1021),#1025);
#1021 = LINE('',#1022,#1023);
#1022 = CARTESIAN_POINT('',(0.,0.));
#1023 = VECTOR('',#1024,1.);
#1024 = DIRECTION('',(0.,1.));
#1025 = ( GEOMETRIC_REPRESENTATION_CONTEXT(2) 
PARAMETRIC_REPRESENTATION_CONTEXT() REPRESENTATION_CONTEXT('2D SPACE',''
  ) );
#1026 = PCURVE('',#72,#1027);
#1027 = DEFINITIONAL_REPRESENTATION('',(#1028),#1032);
#1028 = LINE('',#1029,#1030);
#1029 = CARTESIAN_POINT('',(6.,117.3));
#1030 = VECTOR('',#1031,1.);
#1031 = DIRECTION('',(1.,0.));
#1032 = ( GEOMETRIC_REPRESENTATION_CONTEXT(2) 
PARAMETRIC_REPRESENTATION_CONTEXT() REPRESENTATION_CONTEXT('2D SPACE',''
  ) );
#1033 = ORIENTED_EDGE('',*,*,#953,.T.);
#1034 = ORIENTED_EDGE('',*,*,#1035,.T.);
#1035 = EDGE_CURVE('',#954,#1036,#1038,.T.);
#1036 = VERTEX_POINT('',#1037);
#1037 = CARTESIAN_POINT('',(-38.,47.3,9.));
#1038 = SURFACE_CURVE('',#1039,(#1043,#1050),.PCURVE_S1.);
#1039 = LINE('',#1040,#1041);
#1040 = CARTESIAN_POINT('',(-54.,47.3,9.));
#1041 = VECTOR('',#1042,1.);
#1042 = DIRECTION('',(1.,0.,0.));
#1043 = PCURVE('',#969,#1044);
#1044 = DEFINITIONAL_REPRESENTATION('',(#1045),#1049);
#1045 = LINE('',#1046,#1047);
#1046 = CARTESIAN_POINT('',(8.25,0.));
#1047 = VECTOR('',#1048,1.);
#1048 = DIRECTION('',(0.,1.));
#1049 = ( GEOMETRIC_REPRESENTATION_CONTEXT(2) 
PARAMETRIC_REPRESENTATION_CONTEXT() REPRESENTATION_CONTEXT('2D SPACE',''
  ) );
#1050 = PCURVE('',#178,#1051);
#1051 = DEFINITIONAL_REPRESENTATION('',(#1052),#1056);
#1052 = LINE('',#1053,#1054);
#1053 = CARTESIAN_POINT('',(0.,14.));
#1054 = VECTOR('',#1055,1.);
#1055 = DIRECTION('',(1.,0.));
#1056 = ( GEOMETRIC_REPRESENTATION_CONTEXT(2) 
PARAMETRIC_REPRESENTATION_CONTEXT() REPRESENTATION_CONTEXT('2D SPACE',''
  ) );
#1057 = ORIENTED_EDGE('',*,*,#1058,.F.);
#1058 = EDGE_CURVE('',#1012,#1036,#1059,.T.);
#1059 = SURFACE_CURVE('',#1060,(#1064,#1071),.PCURVE_S1.);
#1060 = LINE('',#1061,#1062);
#1061 = CARTESIAN_POINT('',(-38.,47.3,0.75));
#1062 = VECTOR('',#1063,1.);
#1063 = DIRECTION('',(0.,0.,1.));
#1064 = PCURVE('',#969,#1065);
#1065 = DEFINITIONAL_REPRESENTATION('',(#1066),#1070);
#1066 = LINE('',#1067,#1068);
#1067 = CARTESIAN_POINT('',(0.,16.));
#1068 = VECTOR('',#1069,1.);
#1069 = DIRECTION('',(1.,0.));
#1070 = ( GEOMETRIC_REPRESENTATION_CONTEXT(2) 
PARAMETRIC_REPRESENTATION_CONTEXT() REPRESENTATION_CONTEXT('2D SPACE',''
  ) );
#1071 = PCURVE('',#1072,#1077);
#1072 = CYLINDRICAL_SURFACE('',#1073,2.);
#1073 = AXIS2_PLACEMENT_3D('',#1074,#1075,#1076);
#1074 = CARTESIAN_POINT('',(-38.,45.3,0.75));
#1075 = DIRECTION('',(0.,0.,1.));
#1076 = DIRECTION('',(1.,0.,-0.));
#1077 = DEFINITIONAL_REPRESENTATION('',(#1078),#1082);
#1078 = LINE('',#1079,#1080);
#1079 = CARTESIAN_POINT('',(1.570796326795,0.));
#1080 = VECTOR('',#1081,1.);
#1081 = DIRECTION('',(0.,1.));
#1082 = ( GEOMETRIC_REPRESENTATION_CONTEXT(2) 
PARAMETRIC_REPRESENTATION_CONTEXT() REPRESENTATION_CONTEXT('2D SPACE',''
  ) );
#1083 = ADVANCED_FACE('',(#1084),#1072,.T.);
#1084 = FACE_BOUND('',#1085,.T.);
#1085 = EDGE_LOOP('',(#1086,#1110,#1111,#1135));
#1086 = ORIENTED_EDGE('',*,*,#1087,.T.);
#1087 = EDGE_CURVE('',#1088,#1012,#1090,.T.);
#1088 = VERTEX_POINT('',#1089);
#1089 = CARTESIAN_POINT('',(-36.,45.3,0.75));
#1090 = SURFACE_CURVE('',#1091,(#1096,#1103),.PCURVE_S1.);
#1091 = CIRCLE('',#1092,2.);
#1092 = AXIS2_PLACEMENT_3D('',#1093,#1094,#1095);
#1093 = CARTESIAN_POINT('',(-38.,45.3,0.75));
#1094 = DIRECTION('',(0.,0.,1.));
#1095 = DIRECTION('',(0.,-1.,0.));
#1096 = PCURVE('',#1072,#1097);
#1097 = DEFINITIONAL_REPRESENTATION('',(#1098),#1102);
#1098 = LINE('',#1099,#1100);
#1099 = CARTESIAN_POINT('',(-1.570796326795,0.));
#1100 = VECTOR('',#1101,1.);
#1101 = DIRECTION('',(1.,0.));
#1102 = ( GEOMETRIC_REPRESENTATION_CONTEXT(2) 
PARAMETRIC_REPRESENTATION_CONTEXT() REPRESENTATION_CONTEXT('2D SPACE',''
  ) );
#1103 = PCURVE('',#72,#1104);
#1104 = DEFINITIONAL_REPRESENTATION('',(#1105),#1109);
#1105 = CIRCLE('',#1106,2.);
#1106 = AXIS2_PLACEMENT_2D('',#1107,#1108);
#1107 = CARTESIAN_POINT('',(22.,115.3));
#1108 = DIRECTION('',(0.,-1.));
#1109 = ( GEOMETRIC_REPRESENTATION_CONTEXT(2) 
PARAMETRIC_REPRESENTATION_CONTEXT() REPRESENTATION_CONTEXT('2D SPACE',''
  ) );
#1110 = ORIENTED_EDGE('',*,*,#1058,.T.);
#1111 = ORIENTED_EDGE('',*,*,#1112,.F.);
#1112 = EDGE_CURVE('',#1113,#1036,#1115,.T.);
#1113 = VERTEX_POINT('',#1114);
#1114 = CARTESIAN_POINT('',(-36.,45.3,9.));
#1115 = SURFACE_CURVE('',#1116,(#1121,#1128),.PCURVE_S1.);
#1116 = CIRCLE('',#1117,2.);
#1117 = AXIS2_PLACEMENT_3D('',#1118,#1119,#1120);
#1118 = CARTESIAN_POINT('',(-38.,45.3,9.));
#1119 = DIRECTION('',(0.,0.,1.));
#1120 = DIRECTION('',(0.,-1.,0.));
#1121 = PCURVE('',#1072,#1122);
#1122 = DEFINITIONAL_REPRESENTATION('',(#1123),#1127);
#1123 = LINE('',#1124,#1125);
#1124 = CARTESIAN_POINT('',(-1.570796326795,8.25));
#1125 = VECTOR('',#1126,1.);
#1126 = DIRECTION('',(1.,0.));
#1127 = ( GEOMETRIC_REPRESENTATION_CONTEXT(2) 
PARAMETRIC_REPRESENTATION_CONTEXT() REPRESENTATION_CONTEXT('2D SPACE',''
  ) );
#1128 = PCURVE('',#178,#1129);
#1129 = DEFINITIONAL_REPRESENTATION('',(#1130),#1134);
#1130 = CIRCLE('',#1131,2.);
#1131 = AXIS2_PLACEMENT_2D('',#1132,#1133);
#1132 = CARTESIAN_POINT('',(16.,12.));
#1133 = DIRECTION('',(0.,-1.));
#1134 = ( GEOMETRIC_REPRESENTATION_CONTEXT(2) 
PARAMETRIC_REPRESENTATION_CONTEXT() REPRESENTATION_CONTEXT('2D SPACE',''
  ) );
#1135 = ORIENTED_EDGE('',*,*,#1136,.F.);
#1136 = EDGE_CURVE('',#1088,#1113,#1137,.T.);
#1137 = SURFACE_CURVE('',#1138,(#1142,#1149),.PCURVE_S1.);
#1138 = LINE('',#1139,#1140);
#1139 = CARTESIAN_POINT('',(-36.,45.3,0.75));
#1140 = VECTOR('',#1141,1.);
#1141 = DIRECTION('',(0.,0.,1.));
#1142 = PCURVE('',#1072,#1143);
#1143 = DEFINITIONAL_REPRESENTATION('',(#1144),#1148);
#1144 = LINE('',#1145,#1146);
#1145 = CARTESIAN_POINT('',(0.,0.));
#1146 = VECTOR('',#1147,1.);
#1147 = DIRECTION('',(0.,1.));
#1148 = ( GEOMETRIC_REPRESENTATION_CONTEXT(2) 
PARAMETRIC_REPRESENTATION_CONTEXT() REPRESENTATION_CONTEXT('2D SPACE',''
  ) );
#1149 = PCURVE('',#1150,#1155);
#1150 = PLANE('',#1151);
#1151 = AXIS2_PLACEMENT_3D('',#1152,#1153,#1154);
#1152 = CARTESIAN_POINT('',(-36.,33.3,0.75));
#1153 = DIRECTION('',(1.,0.,0.));
#1154 = DIRECTION('',(0.,0.,1.));
#1155 = DEFINITIONAL_REPRESENTATION('',(#1156),#1160);
#1156 = LINE('',#1157,#1158);
#1157 = CARTESIAN_POINT('',(0.,-12.));
#1158 = VECTOR('',#1159,1.);
#1159 = DIRECTION('',(1.,0.));
#1160 = ( GEOMETRIC_REPRESENTATION_CONTEXT(2) 
PARAMETRIC_REPRESENTATION_CONTEXT() REPRESENTATION_CONTEXT('2D SPACE',''
  ) );
#1161 = ADVANCED_FACE('',(#1162),#1150,.T.);
#1162 = FACE_BOUND('',#1163,.T.);
#1163 = EDGE_LOOP('',(#1164,#1187,#1210,#1231));
#1164 = ORIENTED_EDGE('',*,*,#1165,.F.);
#1165 = EDGE_CURVE('',#1166,#1113,#1168,.T.);
#1166 = VERTEX_POINT('',#1167);
#1167 = CARTESIAN_POINT('',(-36.,35.3,9.));
#1168 = SURFACE_CURVE('',#1169,(#1173,#1180),.PCURVE_S1.);
#1169 = LINE('',#1170,#1171);
#1170 = CARTESIAN_POINT('',(-36.,33.3,9.));
#1171 = VECTOR('',#1172,1.);
#1172 = DIRECTION('',(0.,1.,0.));
#1173 = PCURVE('',#1150,#1174);
#1174 = DEFINITIONAL_REPRESENTATION('',(#1175),#1179);
#1175 = LINE('',#1176,#1177);
#1176 = CARTESIAN_POINT('',(8.25,0.));
#1177 = VECTOR('',#1178,1.);
#1178 = DIRECTION('',(0.,-1.));
#1179 = ( GEOMETRIC_REPRESENTATION_CONTEXT(2) 
PARAMETRIC_REPRESENTATION_CONTEXT() REPRESENTATION_CONTEXT('2D SPACE',''
  ) );
#1180 = PCURVE('',#178,#1181);
#1181 = DEFINITIONAL_REPRESENTATION('',(#1182),#1186);
#1182 = LINE('',#1183,#1184);
#1183 = CARTESIAN_POINT('',(18.,0.));
#1184 = VECTOR('',#1185,1.);
#1185 = DIRECTION('',(0.,1.));
#1186 = ( GEOMETRIC_REPRESENTATION_CONTEXT(2) 
PARAMETRIC_REPRESENTATION_CONTEXT() REPRESENTATION_CONTEXT('2D SPACE',''
  ) );
#1187 = ORIENTED_EDGE('',*,*,#1188,.F.);
#1188 = EDGE_CURVE('',#1189,#1166,#1191,.T.);
#1189 = VERTEX_POINT('',#1190);
#1190 = CARTESIAN_POINT('',(-36.,35.3,0.75));
#1191 = SURFACE_CURVE('',#1192,(#1196,#1203),.PCURVE_S1.);
#1192 = LINE('',#1193,#1194);
#1193 = CARTESIAN_POINT('',(-36.,35.3,0.75));
#1194 = VECTOR('',#1195,1.);
#1195 = DIRECTION('',(0.,0.,1.));
#1196 = PCURVE('',#1150,#1197);
#1197 = DEFINITIONAL_REPRESENTATION('',(#1198),#1202);
#1198 = LINE('',#1199,#1200);
#1199 = CARTESIAN_POINT('',(0.,-2.));
#1200 = VECTOR('',#1201,1.);
#1201 = DIRECTION('',(1.,0.));
#1202 = ( GEOMETRIC_REPRESENTATION_CONTEXT(2) 
PARAMETRIC_REPRESENTATION_CONTEXT() REPRESENTATION_CONTEXT('2D SPACE',''
  ) );
#1203 = PCURVE('',#239,#1204);
#1204 = DEFINITIONAL_REPRESENTATION('',(#1205),#1209);
#1205 = LINE('',#1206,#1207);
#1206 = CARTESIAN_POINT('',(-0.,0.));
#1207 = VECTOR('',#1208,1.);
#1208 = DIRECTION('',(-0.,1.));
#1209 = ( GEOMETRIC_REPRESENTATION_CONTEXT(2) 
PARAMETRIC_REPRESENTATION_CONTEXT() REPRESENTATION_CONTEXT('2D SPACE',''
  ) );
#1210 = ORIENTED_EDGE('',*,*,#1211,.T.);
#1211 = EDGE_CURVE('',#1189,#1088,#1212,.T.);
#1212 = SURFACE_CURVE('',#1213,(#1217,#1224),.PCURVE_S1.);
#1213 = LINE('',#1214,#1215);
#1214 = CARTESIAN_POINT('',(-36.,33.3,0.75));
#1215 = VECTOR('',#1216,1.);
#1216 = DIRECTION('',(0.,1.,0.));
#1217 = PCURVE('',#1150,#1218);
#1218 = DEFINITIONAL_REPRESENTATION('',(#1219),#1223);
#1219 = LINE('',#1220,#1221);
#1220 = CARTESIAN_POINT('',(0.,0.));
#1221 = VECTOR('',#1222,1.);
#1222 = DIRECTION('',(0.,-1.));
#1223 = ( GEOMETRIC_REPRESENTATION_CONTEXT(2) 
PARAMETRIC_REPRESENTATION_CONTEXT() REPRESENTATION_CONTEXT('2D SPACE',''
  ) );
#1224 = PCURVE('',#72,#1225);
#1225 = DEFINITIONAL_REPRESENTATION('',(#1226),#1230);
#1226 = LINE('',#1227,#1228);
#1227 = CARTESIAN_POINT('',(24.,103.3));
#1228 = VECTOR('',#1229,1.);
#1229 = DIRECTION('',(0.,1.));
#1230 = ( GEOMETRIC_REPRESENTATION_CONTEXT(2) 
PARAMETRIC_REPRESENTATION_CONTEXT() REPRESENTATION_CONTEXT('2D SPACE',''
  ) );
#1231 = ORIENTED_EDGE('',*,*,#1136,.T.);
#1232 = ADVANCED_FACE('',(#1233,#1268),#178,.T.);
#1233 = FACE_BOUND('',#1234,.T.);
#1234 = EDGE_LOOP('',(#1235,#1236,#1237,#1238,#1264,#1265,#1266,#1267));
#1235 = ORIENTED_EDGE('',*,*,#849,.F.);
#1236 = ORIENTED_EDGE('',*,*,#824,.T.);
#1237 = ORIENTED_EDGE('',*,*,#163,.F.);
#1238 = ORIENTED_EDGE('',*,*,#1239,.F.);
#1239 = EDGE_CURVE('',#1166,#164,#1240,.T.);
#1240 = SURFACE_CURVE('',#1241,(#1246,#1257),.PCURVE_S1.);
#1241 = CIRCLE('',#1242,2.);
#1242 = AXIS2_PLACEMENT_3D('',#1243,#1244,#1245);
#1243 = CARTESIAN_POINT('',(-38.,35.3,9.));
#1244 = DIRECTION('',(-0.,-0.,-1.));
#1245 = DIRECTION('',(0.,-1.,0.));
#1246 = PCURVE('',#178,#1247);
#1247 = DEFINITIONAL_REPRESENTATION('',(#1248),#1256);
#1248 = ( BOUNDED_CURVE() B_SPLINE_CURVE(2,(#1249,#1250,#1251,#1252,
#1253,#1254,#1255),.UNSPECIFIED.,.T.,.F.) B_SPLINE_CURVE_WITH_KNOTS((1,2
    ,2,2,2,1),(-2.094395102393,0.,2.094395102393,4.188790204786,
6.28318530718,8.377580409573),.UNSPECIFIED.) CURVE() 
GEOMETRIC_REPRESENTATION_ITEM() RATIONAL_B_SPLINE_CURVE((1.,0.5,1.,0.5,
1.,0.5,1.)) REPRESENTATION_ITEM('') );
#1249 = CARTESIAN_POINT('',(16.,0.));
#1250 = CARTESIAN_POINT('',(12.535898384862,0.));
#1251 = CARTESIAN_POINT('',(14.267949192431,3.));
#1252 = CARTESIAN_POINT('',(16.,6.));
#1253 = CARTESIAN_POINT('',(17.732050807569,3.));
#1254 = CARTESIAN_POINT('',(19.464101615138,3.10862446895E-15));
#1255 = CARTESIAN_POINT('',(16.,0.));
#1256 = ( GEOMETRIC_REPRESENTATION_CONTEXT(2) 
PARAMETRIC_REPRESENTATION_CONTEXT() REPRESENTATION_CONTEXT('2D SPACE',''
  ) );
#1257 = PCURVE('',#239,#1258);
#1258 = DEFINITIONAL_REPRESENTATION('',(#1259),#1263);
#1259 = LINE('',#1260,#1261);
#1260 = CARTESIAN_POINT('',(4.712388980385,8.25));
#1261 = VECTOR('',#1262,1.);
#1262 = DIRECTION('',(-1.,0.));
#1263 = ( GEOMETRIC_REPRESENTATION_CONTEXT(2) 
PARAMETRIC_REPRESENTATION_CONTEXT() REPRESENTATION_CONTEXT('2D SPACE',''
  ) );
#1264 = ORIENTED_EDGE('',*,*,#1165,.T.);
#1265 = ORIENTED_EDGE('',*,*,#1112,.T.);
#1266 = ORIENTED_EDGE('',*,*,#1035,.F.);
#1267 = ORIENTED_EDGE('',*,*,#981,.F.);
#1268 = FACE_BOUND('',#1269,.T.);
#1269 = EDGE_LOOP('',(#1270));
#1270 = ORIENTED_EDGE('',*,*,#1271,.T.);
#1271 = EDGE_CURVE('',#1272,#1272,#1274,.T.);
#1272 = VERTEX_POINT('',#1273);
#1273 = CARTESIAN_POINT('',(-42.75,40.3,9.));
#1274 = SURFACE_CURVE('',#1275,(#1280,#1291),.PCURVE_S1.);
#1275 = CIRCLE('',#1276,2.25);
#1276 = AXIS2_PLACEMENT_3D('',#1277,#1278,#1279);
#1277 = CARTESIAN_POINT('',(-45.,40.3,9.));
#1278 = DIRECTION('',(0.,0.,-1.));
#1279 = DIRECTION('',(1.,0.,0.));
#1280 = PCURVE('',#178,#1281);
#1281 = DEFINITIONAL_REPRESENTATION('',(#1282),#1290);
#1282 = ( BOUNDED_CURVE() B_SPLINE_CURVE(2,(#1283,#1284,#1285,#1286,
#1287,#1288,#1289),.UNSPECIFIED.,.T.,.F.) B_SPLINE_CURVE_WITH_KNOTS((1,2
    ,2,2,2,1),(-2.094395102393,0.,2.094395102393,4.188790204786,
6.28318530718,8.377580409573),.UNSPECIFIED.) CURVE() 
GEOMETRIC_REPRESENTATION_ITEM() RATIONAL_B_SPLINE_CURVE((1.,0.5,1.,0.5,
1.,0.5,1.)) REPRESENTATION_ITEM('') );
#1283 = CARTESIAN_POINT('',(11.25,7.));
#1284 = CARTESIAN_POINT('',(11.25,3.10288568297));
#1285 = CARTESIAN_POINT('',(7.875,5.051442841485));
#1286 = CARTESIAN_POINT('',(4.5,7.));
#1287 = CARTESIAN_POINT('',(7.875,8.948557158515));
#1288 = CARTESIAN_POINT('',(11.25,10.89711431703));
#1289 = CARTESIAN_POINT('',(11.25,7.));
#1290 = ( GEOMETRIC_REPRESENTATION_CONTEXT(2) 
PARAMETRIC_REPRESENTATION_CONTEXT() REPRESENTATION_CONTEXT('2D SPACE',''
  ) );
#1291 = PCURVE('',#1292,#1297);
#1292 = CYLINDRICAL_SURFACE('',#1293,2.25);
#1293 = AXIS2_PLACEMENT_3D('',#1294,#1295,#1296);
#1294 = CARTESIAN_POINT('',(-45.,40.3,-12.));
#1295 = DIRECTION('',(-0.,-0.,-1.));
#1296 = DIRECTION('',(1.,0.,0.));
#1297 = DEFINITIONAL_REPRESENTATION('',(#1298),#1302);
#1298 = LINE('',#1299,#1300);
#1299 = CARTESIAN_POINT('',(-6.28318530718,-21.));
#1300 = VECTOR('',#1301,1.);
#1301 = DIRECTION('',(1.,-0.));
#1302 = ( GEOMETRIC_REPRESENTATION_CONTEXT(2) 
PARAMETRIC_REPRESENTATION_CONTEXT() REPRESENTATION_CONTEXT('2D SPACE',''
  ) );
#1303 = ADVANCED_FACE('',(#1304),#1292,.F.);
#1304 = FACE_BOUND('',#1305,.T.);
#1305 = EDGE_LOOP('',(#1306,#1334,#1355,#1356));
#1306 = ORIENTED_EDGE('',*,*,#1307,.T.);
#1307 = EDGE_CURVE('',#1308,#1308,#1310,.T.);
#1308 = VERTEX_POINT('',#1309);
#1309 = CARTESIAN_POINT('',(-42.75,40.3,0.75));
#1310 = SURFACE_CURVE('',#1311,(#1316,#1323),.PCURVE_S1.);
#1311 = CIRCLE('',#1312,2.25);
#1312 = AXIS2_PLACEMENT_3D('',#1313,#1314,#1315);
#1313 = CARTESIAN_POINT('',(-45.,40.3,0.75));
#1314 = DIRECTION('',(0.,0.,-1.));
#1315 = DIRECTION('',(1.,0.,0.));
#1316 = PCURVE('',#1292,#1317);
#1317 = DEFINITIONAL_REPRESENTATION('',(#1318),#1322);
#1318 = LINE('',#1319,#1320);
#1319 = CARTESIAN_POINT('',(-6.28318530718,-12.75));
#1320 = VECTOR('',#1321,1.);
#1321 = DIRECTION('',(1.,-0.));
#1322 = ( GEOMETRIC_REPRESENTATION_CONTEXT(2) 
PARAMETRIC_REPRESENTATION_CONTEXT() REPRESENTATION_CONTEXT('2D SPACE',''
  ) );
#1323 = PCURVE('',#72,#1324);
#1324 = DEFINITIONAL_REPRESENTATION('',(#1325),#1333);
#1325 = ( BOUNDED_CURVE() B_SPLINE_CURVE(2,(#1326,#1327,#1328,#1329,
#1330,#1331,#1332),.UNSPECIFIED.,.T.,.F.) B_SPLINE_CURVE_WITH_KNOTS((1,2
    ,2,2,2,1),(-2.094395102393,0.,2.094395102393,4.188790204786,
6.28318530718,8.377580409573),.UNSPECIFIED.) CURVE() 
GEOMETRIC_REPRESENTATION_ITEM() RATIONAL_B_SPLINE_CURVE((1.,0.5,1.,0.5,
1.,0.5,1.)) REPRESENTATION_ITEM('') );
#1326 = CARTESIAN_POINT('',(17.25,110.3));
#1327 = CARTESIAN_POINT('',(17.25,106.40288568297));
#1328 = CARTESIAN_POINT('',(13.875,108.35144284148));
#1329 = CARTESIAN_POINT('',(10.5,110.3));
#1330 = CARTESIAN_POINT('',(13.875,112.24855715851));
#1331 = CARTESIAN_POINT('',(17.25,114.19711431703));
#1332 = CARTESIAN_POINT('',(17.25,110.3));
#1333 = ( GEOMETRIC_REPRESENTATION_CONTEXT(2) 
PARAMETRIC_REPRESENTATION_CONTEXT() REPRESENTATION_CONTEXT('2D SPACE',''
  ) );
#1334 = ORIENTED_EDGE('',*,*,#1335,.T.);
#1335 = EDGE_CURVE('',#1308,#1272,#1336,.T.);
#1336 = SEAM_CURVE('',#1337,(#1341,#1348),.PCURVE_S1.);
#1337 = LINE('',#1338,#1339);
#1338 = CARTESIAN_POINT('',(-42.75,40.3,-12.));
#1339 = VECTOR('',#1340,1.);
#1340 = DIRECTION('',(0.,0.,1.));
#1341 = PCURVE('',#1292,#1342);
#1342 = DEFINITIONAL_REPRESENTATION('',(#1343),#1347);
#1343 = LINE('',#1344,#1345);
#1344 = CARTESIAN_POINT('',(-6.28318530718,0.));
#1345 = VECTOR('',#1346,1.);
#1346 = DIRECTION('',(-0.,-1.));
#1347 = ( GEOMETRIC_REPRESENTATION_CONTEXT(2) 
PARAMETRIC_REPRESENTATION_CONTEXT() REPRESENTATION_CONTEXT('2D SPACE',''
  ) );
#1348 = PCURVE('',#1292,#1349);
#1349 = DEFINITIONAL_REPRESENTATION('',(#1350),#1354);
#1350 = LINE('',#1351,#1352);
#1351 = CARTESIAN_POINT('',(-0.,0.));
#1352 = VECTOR('',#1353,1.);
#1353 = DIRECTION('',(-0.,-1.));
#1354 = ( GEOMETRIC_REPRESENTATION_CONTEXT(2) 
PARAMETRIC_REPRESENTATION_CONTEXT() REPRESENTATION_CONTEXT('2D SPACE',''
  ) );
#1355 = ORIENTED_EDGE('',*,*,#1271,.F.);
#1356 = ORIENTED_EDGE('',*,*,#1335,.F.);
#1357 = ADVANCED_FACE('',(#1358),#239,.T.);
#1358 = FACE_BOUND('',#1359,.F.);
#1359 = EDGE_LOOP('',(#1360,#1361,#1387,#1388));
#1360 = ORIENTED_EDGE('',*,*,#1188,.F.);
#1361 = ORIENTED_EDGE('',*,*,#1362,.T.);
#1362 = EDGE_CURVE('',#1189,#190,#1363,.T.);
#1363 = SURFACE_CURVE('',#1364,(#1369,#1376),.PCURVE_S1.);
#1364 = CIRCLE('',#1365,2.);
#1365 = AXIS2_PLACEMENT_3D('',#1366,#1367,#1368);
#1366 = CARTESIAN_POINT('',(-38.,35.3,0.75));
#1367 = DIRECTION('',(-0.,-0.,-1.));
#1368 = DIRECTION('',(0.,-1.,0.));
#1369 = PCURVE('',#239,#1370);
#1370 = DEFINITIONAL_REPRESENTATION('',(#1371),#1375);
#1371 = LINE('',#1372,#1373);
#1372 = CARTESIAN_POINT('',(4.712388980385,-0.));
#1373 = VECTOR('',#1374,1.);
#1374 = DIRECTION('',(-1.,0.));
#1375 = ( GEOMETRIC_REPRESENTATION_CONTEXT(2) 
PARAMETRIC_REPRESENTATION_CONTEXT() REPRESENTATION_CONTEXT('2D SPACE',''
  ) );
#1376 = PCURVE('',#72,#1377);
#1377 = DEFINITIONAL_REPRESENTATION('',(#1378),#1386);
#1378 = ( BOUNDED_CURVE() B_SPLINE_CURVE(2,(#1379,#1380,#1381,#1382,
#1383,#1384,#1385),.UNSPECIFIED.,.T.,.F.) B_SPLINE_CURVE_WITH_KNOTS((1,2
    ,2,2,2,1),(-2.094395102393,0.,2.094395102393,4.188790204786,
6.28318530718,8.377580409573),.UNSPECIFIED.) CURVE() 
GEOMETRIC_REPRESENTATION_ITEM() RATIONAL_B_SPLINE_CURVE((1.,0.5,1.,0.5,
1.,0.5,1.)) REPRESENTATION_ITEM('') );
#1379 = CARTESIAN_POINT('',(22.,103.3));
#1380 = CARTESIAN_POINT('',(18.535898384862,103.3));
#1381 = CARTESIAN_POINT('',(20.267949192431,106.3));
#1382 = CARTESIAN_POINT('',(22.,109.3));
#1383 = CARTESIAN_POINT('',(23.732050807569,106.3));
#1384 = CARTESIAN_POINT('',(25.464101615138,103.3));
#1385 = CARTESIAN_POINT('',(22.,103.3));
#1386 = ( GEOMETRIC_REPRESENTATION_CONTEXT(2) 
PARAMETRIC_REPRESENTATION_CONTEXT() REPRESENTATION_CONTEXT('2D SPACE',''
  ) );
#1387 = ORIENTED_EDGE('',*,*,#189,.T.);
#1388 = ORIENTED_EDGE('',*,*,#1239,.F.);
#1389 = ADVANCED_FACE('',(#1390,#1470),#72,.F.);
#1390 = FACE_BOUND('',#1391,.F.);
#1391 = EDGE_LOOP('',(#1392,#1414,#1415,#1416,#1417,#1418,#1419,#1420,
    #1421,#1422,#1423,#1445));
#1392 = ORIENTED_EDGE('',*,*,#1393,.F.);
#1393 = EDGE_CURVE('',#269,#1394,#1396,.T.);
#1394 = VERTEX_POINT('',#1395);
#1395 = CARTESIAN_POINT('',(-36.,30.290716399584,0.75));
#1396 = SURFACE_CURVE('',#1397,(#1401,#1408),.PCURVE_S1.);
#1397 = LINE('',#1398,#1399);
#1398 = CARTESIAN_POINT('',(-36.,-35.,0.75));
#1399 = VECTOR('',#1400,1.);
#1400 = DIRECTION('',(0.,-1.,0.));
#1401 = PCURVE('',#72,#1402);
#1402 = DEFINITIONAL_REPRESENTATION('',(#1403),#1407);
#1403 = LINE('',#1404,#1405);
#1404 = CARTESIAN_POINT('',(24.,35.));
#1405 = VECTOR('',#1406,1.);
#1406 = DIRECTION('',(0.,-1.));
#1407 = ( GEOMETRIC_REPRESENTATION_CONTEXT(2) 
PARAMETRIC_REPRESENTATION_CONTEXT() REPRESENTATION_CONTEXT('2D SPACE',''
  ) );
#1408 = PCURVE('',#307,#1409);
#1409 = DEFINITIONAL_REPRESENTATION('',(#1410),#1413);
#1410 = B_SPLINE_CURVE_WITH_KNOTS('',1,(#1411,#1412),.UNSPECIFIED.,.F.,
  .F.,(2,2),(-70.3,0.3),.PIECEWISE_BEZIER_KNOTS.);
#1411 = CARTESIAN_POINT('',(0.75,-35.3));
#1412 = CARTESIAN_POINT('',(0.75,35.3));
#1413 = ( GEOMETRIC_REPRESENTATION_CONTEXT(2) 
PARAMETRIC_REPRESENTATION_CONTEXT() REPRESENTATION_CONTEXT('2D SPACE',''
  ) );
#1414 = ORIENTED_EDGE('',*,*,#268,.T.);
#1415 = ORIENTED_EDGE('',*,*,#1362,.F.);
#1416 = ORIENTED_EDGE('',*,*,#1211,.T.);
#1417 = ORIENTED_EDGE('',*,*,#1087,.T.);
#1418 = ORIENTED_EDGE('',*,*,#1011,.F.);
#1419 = ORIENTED_EDGE('',*,*,#925,.F.);
#1420 = ORIENTED_EDGE('',*,*,#873,.F.);
#1421 = ORIENTED_EDGE('',*,*,#801,.T.);
#1422 = ORIENTED_EDGE('',*,*,#57,.T.);
#1423 = ORIENTED_EDGE('',*,*,#1424,.T.);
#1424 = EDGE_CURVE('',#22,#1425,#1427,.T.);
#1425 = VERTEX_POINT('',#1426);
#1426 = CARTESIAN_POINT('',(-54.,30.290716399584,0.75));
#1427 = SURFACE_CURVE('',#1428,(#1432,#1439),.PCURVE_S1.);
#1428 = LINE('',#1429,#1430);
#1429 = CARTESIAN_POINT('',(-54.,-35.,0.75));
#1430 = VECTOR('',#1431,1.);
#1431 = DIRECTION('',(0.,-1.,0.));
#1432 = PCURVE('',#72,#1433);
#1433 = DEFINITIONAL_REPRESENTATION('',(#1434),#1438);
#1434 = LINE('',#1435,#1436);
#1435 = CARTESIAN_POINT('',(6.,35.));
#1436 = VECTOR('',#1437,1.);
#1437 = DIRECTION('',(0.,-1.));
#1438 = ( GEOMETRIC_REPRESENTATION_CONTEXT(2) 
PARAMETRIC_REPRESENTATION_CONTEXT() REPRESENTATION_CONTEXT('2D SPACE',''
  ) );
#1439 = PCURVE('',#45,#1440);
#1440 = DEFINITIONAL_REPRESENTATION('',(#1441),#1444);
#1441 = B_SPLINE_CURVE_WITH_KNOTS('',1,(#1442,#1443),.UNSPECIFIED.,.F.,
  .F.,(2,2),(-70.3,0.3),.PIECEWISE_BEZIER_KNOTS.);
#1442 = CARTESIAN_POINT('',(0.75,-35.3));
#1443 = CARTESIAN_POINT('',(0.75,35.3));
#1444 = ( GEOMETRIC_REPRESENTATION_CONTEXT(2) 
PARAMETRIC_REPRESENTATION_CONTEXT() REPRESENTATION_CONTEXT('2D SPACE',''
  ) );
#1445 = ORIENTED_EDGE('',*,*,#1446,.F.);
#1446 = EDGE_CURVE('',#1394,#1425,#1447,.T.);
#1447 = SURFACE_CURVE('',#1448,(#1452,#1459),.PCURVE_S1.);
#1448 = LINE('',#1449,#1450);
#1449 = CARTESIAN_POINT('',(-54.,30.290716399584,0.75));
#1450 = VECTOR('',#1451,1.);
#1451 = DIRECTION('',(-1.,-0.,-0.));
#1452 = PCURVE('',#72,#1453);
#1453 = DEFINITIONAL_REPRESENTATION('',(#1454),#1458);
#1454 = LINE('',#1455,#1456);
#1455 = CARTESIAN_POINT('',(6.,100.29071639958));
#1456 = VECTOR('',#1457,1.);
#1457 = DIRECTION('',(-1.,0.));
#1458 = ( GEOMETRIC_REPRESENTATION_CONTEXT(2) 
PARAMETRIC_REPRESENTATION_CONTEXT() REPRESENTATION_CONTEXT('2D SPACE',''
  ) );
#1459 = PCURVE('',#1460,#1465);
#1460 = CYLINDRICAL_SURFACE('',#1461,30.3);
#1461 = AXIS2_PLACEMENT_3D('',#1462,#1463,#1464);
#1462 = CARTESIAN_POINT('',(-54.,1.683155315715E-13,1.383177995972E-15)
  );
#1463 = DIRECTION('',(-1.,-0.,-0.));
#1464 = DIRECTION('',(0.,1.,0.));
#1465 = DEFINITIONAL_REPRESENTATION('',(#1466),#1469);
#1466 = B_SPLINE_CURVE_WITH_KNOTS('',1,(#1467,#1468),.UNSPECIFIED.,.F.,
  .F.,(2,2),(-18.0000006,5.999999999062E-07),.PIECEWISE_BEZIER_KNOTS.);
#1467 = CARTESIAN_POINT('',(-2.475500352316E-02,-18.0000006));
#1468 = CARTESIAN_POINT('',(-2.475500352316E-02,5.999999999062E-07));
#1469 = ( GEOMETRIC_REPRESENTATION_CONTEXT(2) 
PARAMETRIC_REPRESENTATION_CONTEXT() REPRESENTATION_CONTEXT('2D SPACE',''
  ) );
#1470 = FACE_BOUND('',#1471,.F.);
#1471 = EDGE_LOOP('',(#1472));
#1472 = ORIENTED_EDGE('',*,*,#1307,.T.);
#1473 = ADVANCED_FACE('',(#1474),#1460,.F.);
#1474 = FACE_BOUND('',#1475,.T.);
#1475 = EDGE_LOOP('',(#1476,#1500,#1501,#1525));
#1476 = ORIENTED_EDGE('',*,*,#1477,.F.);
#1477 = EDGE_CURVE('',#1425,#1478,#1480,.T.);
#1478 = VERTEX_POINT('',#1479);
#1479 = CARTESIAN_POINT('',(-54.,-30.29071639958,0.75));
#1480 = SURFACE_CURVE('',#1481,(#1486,#1493),.PCURVE_S1.);
#1481 = CIRCLE('',#1482,30.3);
#1482 = AXIS2_PLACEMENT_3D('',#1483,#1484,#1485);
#1483 = CARTESIAN_POINT('',(-54.,1.683155315715E-13,1.383177995972E-15)
  );
#1484 = DIRECTION('',(1.,0.,0.));
#1485 = DIRECTION('',(0.,1.,0.));
#1486 = PCURVE('',#1460,#1487);
#1487 = DEFINITIONAL_REPRESENTATION('',(#1488),#1492);
#1488 = LINE('',#1489,#1490);
#1489 = CARTESIAN_POINT('',(-0.,0.));
#1490 = VECTOR('',#1491,1.);
#1491 = DIRECTION('',(-1.,0.));
#1492 = ( GEOMETRIC_REPRESENTATION_CONTEXT(2) 
PARAMETRIC_REPRESENTATION_CONTEXT() REPRESENTATION_CONTEXT('2D SPACE',''
  ) );
#1493 = PCURVE('',#45,#1494);
#1494 = DEFINITIONAL_REPRESENTATION('',(#1495),#1499);
#1495 = CIRCLE('',#1496,30.3);
#1496 = AXIS2_PLACEMENT_2D('',#1497,#1498);
#1497 = CARTESIAN_POINT('',(-8.946382946457E-16,-1.695551373574E-13));
#1498 = DIRECTION('',(0.,-1.));
#1499 = ( GEOMETRIC_REPRESENTATION_CONTEXT(2) 
PARAMETRIC_REPRESENTATION_CONTEXT() REPRESENTATION_CONTEXT('2D SPACE',''
  ) );
#1500 = ORIENTED_EDGE('',*,*,#1446,.F.);
#1501 = ORIENTED_EDGE('',*,*,#1502,.T.);
#1502 = EDGE_CURVE('',#1394,#1503,#1505,.T.);
#1503 = VERTEX_POINT('',#1504);
#1504 = CARTESIAN_POINT('',(-36.,-30.29071639958,0.75));
#1505 = SURFACE_CURVE('',#1506,(#1511,#1518),.PCURVE_S1.);
#1506 = CIRCLE('',#1507,30.3);
#1507 = AXIS2_PLACEMENT_3D('',#1508,#1509,#1510);
#1508 = CARTESIAN_POINT('',(-36.,1.683155315715E-13,1.383177995972E-15)
  );
#1509 = DIRECTION('',(1.,0.,0.));
#1510 = DIRECTION('',(0.,1.,0.));
#1511 = PCURVE('',#1460,#1512);
#1512 = DEFINITIONAL_REPRESENTATION('',(#1513),#1517);
#1513 = LINE('',#1514,#1515);
#1514 = CARTESIAN_POINT('',(-0.,-18.));
#1515 = VECTOR('',#1516,1.);
#1516 = DIRECTION('',(-1.,0.));
#1517 = ( GEOMETRIC_REPRESENTATION_CONTEXT(2) 
PARAMETRIC_REPRESENTATION_CONTEXT() REPRESENTATION_CONTEXT('2D SPACE',''
  ) );
#1518 = PCURVE('',#307,#1519);
#1519 = DEFINITIONAL_REPRESENTATION('',(#1520),#1524);
#1520 = CIRCLE('',#1521,30.3);
#1521 = AXIS2_PLACEMENT_2D('',#1522,#1523);
#1522 = CARTESIAN_POINT('',(-8.946382946457E-16,-1.695551373574E-13));
#1523 = DIRECTION('',(0.,-1.));
#1524 = ( GEOMETRIC_REPRESENTATION_CONTEXT(2) 
PARAMETRIC_REPRESENTATION_CONTEXT() REPRESENTATION_CONTEXT('2D SPACE',''
  ) );
#1525 = ORIENTED_EDGE('',*,*,#1526,.T.);
#1526 = EDGE_CURVE('',#1503,#1478,#1527,.T.);
#1527 = SURFACE_CURVE('',#1528,(#1532,#1538),.PCURVE_S1.);
#1528 = LINE('',#1529,#1530);
#1529 = CARTESIAN_POINT('',(-54.,-30.29071639958,0.75));
#1530 = VECTOR('',#1531,1.);
#1531 = DIRECTION('',(-1.,-0.,-0.));
#1532 = PCURVE('',#1460,#1533);
#1533 = DEFINITIONAL_REPRESENTATION('',(#1534),#1537);
#1534 = B_SPLINE_CURVE_WITH_KNOTS('',1,(#1535,#1536),.UNSPECIFIED.,.F.,
  .F.,(2,2),(-18.0000006,5.999999999062E-07),.PIECEWISE_BEZIER_KNOTS.);
#1535 = CARTESIAN_POINT('',(-3.116837650067,-18.0000006));
#1536 = CARTESIAN_POINT('',(-3.116837650067,5.999999999062E-07));
#1537 = ( GEOMETRIC_REPRESENTATION_CONTEXT(2) 
PARAMETRIC_REPRESENTATION_CONTEXT() REPRESENTATION_CONTEXT('2D SPACE',''
  ) );
#1538 = PCURVE('',#552,#1539);
#1539 = DEFINITIONAL_REPRESENTATION('',(#1540),#1544);
#1540 = LINE('',#1541,#1542);
#1541 = CARTESIAN_POINT('',(6.,39.709283600417));
#1542 = VECTOR('',#1543,1.);
#1543 = DIRECTION('',(-1.,0.));
#1544 = ( GEOMETRIC_REPRESENTATION_CONTEXT(2) 
PARAMETRIC_REPRESENTATION_CONTEXT() REPRESENTATION_CONTEXT('2D SPACE',''
  ) );
#1545 = ADVANCED_FACE('',(#1546),#334,.F.);
#1546 = FACE_BOUND('',#1547,.F.);
#1547 = EDGE_LOOP('',(#1548,#1569,#1597,#1625,#1651,#1677,#1698));
#1548 = ORIENTED_EDGE('',*,*,#1549,.T.);
#1549 = EDGE_CURVE('',#291,#1550,#1552,.T.);
#1550 = VERTEX_POINT('',#1551);
#1551 = CARTESIAN_POINT('',(-36.,22.,27.));
#1552 = SURFACE_CURVE('',#1553,(#1557,#1563),.PCURVE_S1.);
#1553 = LINE('',#1554,#1555);
#1554 = CARTESIAN_POINT('',(-36.,22.,30.560278843704));
#1555 = VECTOR('',#1556,1.);
#1556 = DIRECTION('',(0.,0.,-1.));
#1557 = PCURVE('',#334,#1558);
#1558 = DEFINITIONAL_REPRESENTATION('',(#1559),#1562);
#1559 = B_SPLINE_CURVE_WITH_KNOTS('',1,(#1560,#1561),.UNSPECIFIED.,.F.,
  .F.,(2,2),(-4.739721156296,3.560278843704),.PIECEWISE_BEZIER_KNOTS.);
#1560 = CARTESIAN_POINT('',(25.820557687408,-12.87579067186));
#1561 = CARTESIAN_POINT('',(34.120557687408,-12.87579067186));
#1562 = ( GEOMETRIC_REPRESENTATION_CONTEXT(2) 
PARAMETRIC_REPRESENTATION_CONTEXT() REPRESENTATION_CONTEXT('2D SPACE',''
  ) );
#1563 = PCURVE('',#307,#1564);
#1564 = DEFINITIONAL_REPRESENTATION('',(#1565),#1568);
#1565 = B_SPLINE_CURVE_WITH_KNOTS('',1,(#1566,#1567),.UNSPECIFIED.,.F.,
  .F.,(2,2),(-4.739721156296,3.560278843704),.PIECEWISE_BEZIER_KNOTS.);
#1566 = CARTESIAN_POINT('',(35.3,-22.));
#1567 = CARTESIAN_POINT('',(27.,-22.));
#1568 = ( GEOMETRIC_REPRESENTATION_CONTEXT(2) 
PARAMETRIC_REPRESENTATION_CONTEXT() REPRESENTATION_CONTEXT('2D SPACE',''
  ) );
#1569 = ORIENTED_EDGE('',*,*,#1570,.T.);
#1570 = EDGE_CURVE('',#1550,#1571,#1573,.T.);
#1571 = VERTEX_POINT('',#1572);
#1572 = CARTESIAN_POINT('',(3.875644347018,22.,95.169872981078));
#1573 = SURFACE_CURVE('',#1574,(#1578,#1585),.PCURVE_S1.);
#1574 = LINE('',#1575,#1576);
#1575 = CARTESIAN_POINT('',(-36.,22.,27.));
#1576 = VECTOR('',#1577,1.);
#1577 = DIRECTION('',(0.504908785635,0.,0.863172704728));
#1578 = PCURVE('',#334,#1579);
#1579 = DEFINITIONAL_REPRESENTATION('',(#1580),#1584);
#1580 = LINE('',#1581,#1582);
#1581 = CARTESIAN_POINT('',(34.120557687408,-12.87579067186));
#1582 = VECTOR('',#1583,1.);
#1583 = DIRECTION('',(-0.863172704728,0.504908785635));
#1584 = ( GEOMETRIC_REPRESENTATION_CONTEXT(2) 
PARAMETRIC_REPRESENTATION_CONTEXT() REPRESENTATION_CONTEXT('2D SPACE',''
  ) );
#1585 = PCURVE('',#1586,#1591);
#1586 = PLANE('',#1587);
#1587 = AXIS2_PLACEMENT_3D('',#1588,#1589,#1590);
#1588 = CARTESIAN_POINT('',(-36.,22.,27.));
#1589 = DIRECTION('',(-0.863172704728,0.,0.504908785635));
#1590 = DIRECTION('',(0.504908785635,0.,0.863172704728));
#1591 = DEFINITIONAL_REPRESENTATION('',(#1592),#1596);
#1592 = LINE('',#1593,#1594);
#1593 = CARTESIAN_POINT('',(0.,0.));
#1594 = VECTOR('',#1595,1.);
#1595 = DIRECTION('',(1.,0.));
#1596 = ( GEOMETRIC_REPRESENTATION_CONTEXT(2) 
PARAMETRIC_REPRESENTATION_CONTEXT() REPRESENTATION_CONTEXT('2D SPACE',''
  ) );
#1597 = ORIENTED_EDGE('',*,*,#1598,.T.);
#1598 = EDGE_CURVE('',#1571,#1599,#1601,.T.);
#1599 = VERTEX_POINT('',#1600);
#1600 = CARTESIAN_POINT('',(3.375644347018,22.,96.035898384862));
#1601 = SURFACE_CURVE('',#1602,(#1606,#1613),.PCURVE_S1.);
#1602 = LINE('',#1603,#1604);
#1603 = CARTESIAN_POINT('',(3.875644347018,22.,95.169872981078));
#1604 = VECTOR('',#1605,1.);
#1605 = DIRECTION('',(-0.5,0.,0.866025403784));
#1606 = PCURVE('',#334,#1607);
#1607 = DEFINITIONAL_REPRESENTATION('',(#1608),#1612);
#1608 = LINE('',#1609,#1610);
#1609 = CARTESIAN_POINT('',(-34.04931529367,26.999853675154));
#1610 = VECTOR('',#1611,1.);
#1611 = DIRECTION('',(-0.866025403784,-0.5));
#1612 = ( GEOMETRIC_REPRESENTATION_CONTEXT(2) 
PARAMETRIC_REPRESENTATION_CONTEXT() REPRESENTATION_CONTEXT('2D SPACE',''
  ) );
#1613 = PCURVE('',#1614,#1619);
#1614 = PLANE('',#1615);
#1615 = AXIS2_PLACEMENT_3D('',#1616,#1617,#1618);
#1616 = CARTESIAN_POINT('',(3.875644347018,22.,95.169872981078));
#1617 = DIRECTION('',(-0.866025403784,-0.,-0.5));
#1618 = DIRECTION('',(-0.5,0.,0.866025403784));
#1619 = DEFINITIONAL_REPRESENTATION('',(#1620),#1624);
#1620 = LINE('',#1621,#1622);
#1621 = CARTESIAN_POINT('',(0.,0.));
#1622 = VECTOR('',#1623,1.);
#1623 = DIRECTION('',(1.,0.));
#1624 = ( GEOMETRIC_REPRESENTATION_CONTEXT(2) 
PARAMETRIC_REPRESENTATION_CONTEXT() REPRESENTATION_CONTEXT('2D SPACE',''
  ) );
#1625 = ORIENTED_EDGE('',*,*,#1626,.T.);
#1626 = EDGE_CURVE('',#1599,#1627,#1629,.T.);
#1627 = VERTEX_POINT('',#1628);
#1628 = CARTESIAN_POINT('',(-1.820508075689,22.,93.035898384862));
#1629 = SURFACE_CURVE('',#1630,(#1634,#1640),.PCURVE_S1.);
#1630 = LINE('',#1631,#1632);
#1631 = CARTESIAN_POINT('',(-8.05901596112,22.,89.434094177867));
#1632 = VECTOR('',#1633,1.);
#1633 = DIRECTION('',(-0.866025403784,0.,-0.5));
#1634 = PCURVE('',#334,#1635);
#1635 = DEFINITIONAL_REPRESENTATION('',(#1636),#1639);
#1636 = B_SPLINE_CURVE_WITH_KNOTS('',1,(#1637,#1638),.UNSPECIFIED.,.F.,
  .F.,(2,2),(-13.78095868318,-7.203608413991),.PIECEWISE_BEZIER_KNOTS.);
#1637 = CARTESIAN_POINT('',(-35.20401583204,26.999853675154));
#1638 = CARTESIAN_POINT('',(-31.91534069745,21.303701252447));
#1639 = ( GEOMETRIC_REPRESENTATION_CONTEXT(2) 
PARAMETRIC_REPRESENTATION_CONTEXT() REPRESENTATION_CONTEXT('2D SPACE',''
  ) );
#1640 = PCURVE('',#1641,#1646);
#1641 = PLANE('',#1642);
#1642 = AXIS2_PLACEMENT_3D('',#1643,#1644,#1645);
#1643 = CARTESIAN_POINT('',(15.5,0.,103.03589838486));
#1644 = DIRECTION('',(0.5,0.,-0.866025403784));
#1645 = DIRECTION('',(0.866025403784,0.,0.5));
#1646 = DEFINITIONAL_REPRESENTATION('',(#1647),#1650);
#1647 = B_SPLINE_CURVE_WITH_KNOTS('',1,(#1648,#1649),.UNSPECIFIED.,.F.,
  .F.,(2,2),(-13.78095868318,-7.203608413991),.PIECEWISE_BEZIER_KNOTS.);
#1648 = CARTESIAN_POINT('',(-13.42264973081,-22.));
#1649 = CARTESIAN_POINT('',(-20.,-22.));
#1650 = ( GEOMETRIC_REPRESENTATION_CONTEXT(2) 
PARAMETRIC_REPRESENTATION_CONTEXT() REPRESENTATION_CONTEXT('2D SPACE',''
  ) );
#1651 = ORIENTED_EDGE('',*,*,#1652,.F.);
#1652 = EDGE_CURVE('',#1653,#1627,#1655,.T.);
#1653 = VERTEX_POINT('',#1654);
#1654 = CARTESIAN_POINT('',(-3.963169066151,22.,96.747096083739));
#1655 = SURFACE_CURVE('',#1656,(#1660,#1666),.PCURVE_S1.);
#1656 = LINE('',#1657,#1658);
#1657 = CARTESIAN_POINT('',(1.426403221363,22.,87.412083050699));
#1658 = VECTOR('',#1659,1.);
#1659 = DIRECTION('',(0.5,0.,-0.866025403784));
#1660 = PCURVE('',#334,#1661);
#1661 = DEFINITIONAL_REPRESENTATION('',(#1662),#1665);
#1662 = B_SPLINE_CURVE_WITH_KNOTS('',1,(#1663,#1664),.UNSPECIFIED.,.F.,
  .F.,(2,2),(-11.4938225941,-6.493822594104),.PIECEWISE_BEZIER_KNOTS.);
#1663 = CARTESIAN_POINT('',(-36.24546771637,18.803701252447));
#1664 = CARTESIAN_POINT('',(-31.91534069745,21.303701252447));
#1665 = ( GEOMETRIC_REPRESENTATION_CONTEXT(2) 
PARAMETRIC_REPRESENTATION_CONTEXT() REPRESENTATION_CONTEXT('2D SPACE',''
  ) );
#1666 = PCURVE('',#1667,#1672);
#1667 = PLANE('',#1668);
#1668 = AXIS2_PLACEMENT_3D('',#1669,#1670,#1671);
#1669 = CARTESIAN_POINT('',(-3.820508075689,-20.,96.5));
#1670 = DIRECTION('',(0.866025403784,0.,0.5));
#1671 = DIRECTION('',(0.,1.,0.));
#1672 = DEFINITIONAL_REPRESENTATION('',(#1673),#1676);
#1673 = B_SPLINE_CURVE_WITH_KNOTS('',1,(#1674,#1675),.UNSPECIFIED.,.F.,
  .F.,(2,2),(-11.4938225941,-6.493822594104),.PIECEWISE_BEZIER_KNOTS.);
#1674 = CARTESIAN_POINT('',(42.,1.));
#1675 = CARTESIAN_POINT('',(42.,-4.));
#1676 = ( GEOMETRIC_REPRESENTATION_CONTEXT(2) 
PARAMETRIC_REPRESENTATION_CONTEXT() REPRESENTATION_CONTEXT('2D SPACE',''
  ) );
#1677 = ORIENTED_EDGE('',*,*,#1678,.T.);
#1678 = EDGE_CURVE('',#1653,#320,#1679,.T.);
#1679 = SURFACE_CURVE('',#1680,(#1684,#1691),.PCURVE_S1.);
#1680 = LINE('',#1681,#1682);
#1681 = CARTESIAN_POINT('',(-0.124355652982,22.,102.09807621135));
#1682 = VECTOR('',#1683,1.);
#1683 = DIRECTION('',(-0.582914572292,0.,-0.812533446333));
#1684 = PCURVE('',#334,#1685);
#1685 = DEFINITIONAL_REPRESENTATION('',(#1686),#1690);
#1686 = LINE('',#1687,#1688);
#1687 = CARTESIAN_POINT('',(-40.97751852394,22.999853675154));
#1688 = VECTOR('',#1689,1.);
#1689 = DIRECTION('',(0.812533446333,-0.582914572292));
#1690 = ( GEOMETRIC_REPRESENTATION_CONTEXT(2) 
PARAMETRIC_REPRESENTATION_CONTEXT() REPRESENTATION_CONTEXT('2D SPACE',''
  ) );
#1691 = PCURVE('',#365,#1692);
#1692 = DEFINITIONAL_REPRESENTATION('',(#1693),#1697);
#1693 = LINE('',#1694,#1695);
#1694 = CARTESIAN_POINT('',(0.,0.));
#1695 = VECTOR('',#1696,1.);
#1696 = DIRECTION('',(1.,0.));
#1697 = ( GEOMETRIC_REPRESENTATION_CONTEXT(2) 
PARAMETRIC_REPRESENTATION_CONTEXT() REPRESENTATION_CONTEXT('2D SPACE',''
  ) );
#1698 = ORIENTED_EDGE('',*,*,#319,.F.);
#1699 = ADVANCED_FACE('',(#1700),#1586,.F.);
#1700 = FACE_BOUND('',#1701,.F.);
#1701 = EDGE_LOOP('',(#1702,#1725,#1748,#1769));
#1702 = ORIENTED_EDGE('',*,*,#1703,.T.);
#1703 = EDGE_CURVE('',#1550,#1704,#1706,.T.);
#1704 = VERTEX_POINT('',#1705);
#1705 = CARTESIAN_POINT('',(-36.,18.,27.));
#1706 = SURFACE_CURVE('',#1707,(#1711,#1718),.PCURVE_S1.);
#1707 = LINE('',#1708,#1709);
#1708 = CARTESIAN_POINT('',(-36.,22.,27.));
#1709 = VECTOR('',#1710,1.);
#1710 = DIRECTION('',(0.,-1.,0.));
#1711 = PCURVE('',#1586,#1712);
#1712 = DEFINITIONAL_REPRESENTATION('',(#1713),#1717);
#1713 = LINE('',#1714,#1715);
#1714 = CARTESIAN_POINT('',(0.,0.));
#1715 = VECTOR('',#1716,1.);
#1716 = DIRECTION('',(0.,-1.));
#1717 = ( GEOMETRIC_REPRESENTATION_CONTEXT(2) 
PARAMETRIC_REPRESENTATION_CONTEXT() REPRESENTATION_CONTEXT('2D SPACE',''
  ) );
#1718 = PCURVE('',#307,#1719);
#1719 = DEFINITIONAL_REPRESENTATION('',(#1720),#1724);
#1720 = LINE('',#1721,#1722);
#1721 = CARTESIAN_POINT('',(27.,-22.));
#1722 = VECTOR('',#1723,1.);
#1723 = DIRECTION('',(0.,1.));
#1724 = ( GEOMETRIC_REPRESENTATION_CONTEXT(2) 
PARAMETRIC_REPRESENTATION_CONTEXT() REPRESENTATION_CONTEXT('2D SPACE',''
  ) );
#1725 = ORIENTED_EDGE('',*,*,#1726,.T.);
#1726 = EDGE_CURVE('',#1704,#1727,#1729,.T.);
#1727 = VERTEX_POINT('',#1728);
#1728 = CARTESIAN_POINT('',(3.875644347018,18.,95.169872981078));
#1729 = SURFACE_CURVE('',#1730,(#1734,#1741),.PCURVE_S1.);
#1730 = LINE('',#1731,#1732);
#1731 = CARTESIAN_POINT('',(-36.,18.,27.));
#1732 = VECTOR('',#1733,1.);
#1733 = DIRECTION('',(0.504908785635,0.,0.863172704728));
#1734 = PCURVE('',#1586,#1735);
#1735 = DEFINITIONAL_REPRESENTATION('',(#1736),#1740);
#1736 = LINE('',#1737,#1738);
#1737 = CARTESIAN_POINT('',(0.,-4.));
#1738 = VECTOR('',#1739,1.);
#1739 = DIRECTION('',(1.,0.));
#1740 = ( GEOMETRIC_REPRESENTATION_CONTEXT(2) 
PARAMETRIC_REPRESENTATION_CONTEXT() REPRESENTATION_CONTEXT('2D SPACE',''
  ) );
#1741 = PCURVE('',#392,#1742);
#1742 = DEFINITIONAL_REPRESENTATION('',(#1743),#1747);
#1743 = LINE('',#1744,#1745);
#1744 = CARTESIAN_POINT('',(34.120557687408,-12.87579067186));
#1745 = VECTOR('',#1746,1.);
#1746 = DIRECTION('',(-0.863172704728,0.504908785635));
#1747 = ( GEOMETRIC_REPRESENTATION_CONTEXT(2) 
PARAMETRIC_REPRESENTATION_CONTEXT() REPRESENTATION_CONTEXT('2D SPACE',''
  ) );
#1748 = ORIENTED_EDGE('',*,*,#1749,.F.);
#1749 = EDGE_CURVE('',#1571,#1727,#1750,.T.);
#1750 = SURFACE_CURVE('',#1751,(#1755,#1762),.PCURVE_S1.);
#1751 = LINE('',#1752,#1753);
#1752 = CARTESIAN_POINT('',(3.875644347018,22.,95.169872981078));
#1753 = VECTOR('',#1754,1.);
#1754 = DIRECTION('',(0.,-1.,0.));
#1755 = PCURVE('',#1586,#1756);
#1756 = DEFINITIONAL_REPRESENTATION('',(#1757),#1761);
#1757 = LINE('',#1758,#1759);
#1758 = CARTESIAN_POINT('',(78.975936805752,0.));
#1759 = VECTOR('',#1760,1.);
#1760 = DIRECTION('',(0.,-1.));
#1761 = ( GEOMETRIC_REPRESENTATION_CONTEXT(2) 
PARAMETRIC_REPRESENTATION_CONTEXT() REPRESENTATION_CONTEXT('2D SPACE',''
  ) );
#1762 = PCURVE('',#1614,#1763);
#1763 = DEFINITIONAL_REPRESENTATION('',(#1764),#1768);
#1764 = LINE('',#1765,#1766);
#1765 = CARTESIAN_POINT('',(0.,0.));
#1766 = VECTOR('',#1767,1.);
#1767 = DIRECTION('',(0.,-1.));
#1768 = ( GEOMETRIC_REPRESENTATION_CONTEXT(2) 
PARAMETRIC_REPRESENTATION_CONTEXT() REPRESENTATION_CONTEXT('2D SPACE',''
  ) );
#1769 = ORIENTED_EDGE('',*,*,#1570,.F.);
#1770 = ADVANCED_FACE('',(#1771),#1614,.F.);
#1771 = FACE_BOUND('',#1772,.F.);
#1772 = EDGE_LOOP('',(#1773,#1774,#1775,#1798));
#1773 = ORIENTED_EDGE('',*,*,#1598,.F.);
#1774 = ORIENTED_EDGE('',*,*,#1749,.T.);
#1775 = ORIENTED_EDGE('',*,*,#1776,.T.);
#1776 = EDGE_CURVE('',#1727,#1777,#1779,.T.);
#1777 = VERTEX_POINT('',#1778);
#1778 = CARTESIAN_POINT('',(3.375644347018,18.,96.035898384862));
#1779 = SURFACE_CURVE('',#1780,(#1784,#1791),.PCURVE_S1.);
#1780 = LINE('',#1781,#1782);
#1781 = CARTESIAN_POINT('',(3.875644347018,18.,95.169872981078));
#1782 = VECTOR('',#1783,1.);
#1783 = DIRECTION('',(-0.5,0.,0.866025403784));
#1784 = PCURVE('',#1614,#1785);
#1785 = DEFINITIONAL_REPRESENTATION('',(#1786),#1790);
#1786 = LINE('',#1787,#1788);
#1787 = CARTESIAN_POINT('',(0.,-4.));
#1788 = VECTOR('',#1789,1.);
#1789 = DIRECTION('',(1.,0.));
#1790 = ( GEOMETRIC_REPRESENTATION_CONTEXT(2) 
PARAMETRIC_REPRESENTATION_CONTEXT() REPRESENTATION_CONTEXT('2D SPACE',''
  ) );
#1791 = PCURVE('',#392,#1792);
#1792 = DEFINITIONAL_REPRESENTATION('',(#1793),#1797);
#1793 = LINE('',#1794,#1795);
#1794 = CARTESIAN_POINT('',(-34.04931529367,26.999853675154));
#1795 = VECTOR('',#1796,1.);
#1796 = DIRECTION('',(-0.866025403784,-0.5));
#1797 = ( GEOMETRIC_REPRESENTATION_CONTEXT(2) 
PARAMETRIC_REPRESENTATION_CONTEXT() REPRESENTATION_CONTEXT('2D SPACE',''
  ) );
#1798 = ORIENTED_EDGE('',*,*,#1799,.T.);
#1799 = EDGE_CURVE('',#1777,#1599,#1800,.T.);
#1800 = SURFACE_CURVE('',#1801,(#1805,#1811),.PCURVE_S1.);
#1801 = LINE('',#1802,#1803);
#1802 = CARTESIAN_POINT('',(3.375644347018,11.,96.035898384862));
#1803 = VECTOR('',#1804,1.);
#1804 = DIRECTION('',(-0.,1.,0.));
#1805 = PCURVE('',#1614,#1806);
#1806 = DEFINITIONAL_REPRESENTATION('',(#1807),#1810);
#1807 = B_SPLINE_CURVE_WITH_KNOTS('',1,(#1808,#1809),.UNSPECIFIED.,.F.,
  .F.,(2,2),(7.,11.),.PIECEWISE_BEZIER_KNOTS.);
#1808 = CARTESIAN_POINT('',(1.,-4.));
#1809 = CARTESIAN_POINT('',(1.,0.));
#1810 = ( GEOMETRIC_REPRESENTATION_CONTEXT(2) 
PARAMETRIC_REPRESENTATION_CONTEXT() REPRESENTATION_CONTEXT('2D SPACE',''
  ) );
#1811 = PCURVE('',#1641,#1812);
#1812 = DEFINITIONAL_REPRESENTATION('',(#1813),#1816);
#1813 = B_SPLINE_CURVE_WITH_KNOTS('',1,(#1814,#1815),.UNSPECIFIED.,.F.,
  .F.,(2,2),(7.,11.),.PIECEWISE_BEZIER_KNOTS.);
#1814 = CARTESIAN_POINT('',(-14.,-18.));
#1815 = CARTESIAN_POINT('',(-14.,-22.));
#1816 = ( GEOMETRIC_REPRESENTATION_CONTEXT(2) 
PARAMETRIC_REPRESENTATION_CONTEXT() REPRESENTATION_CONTEXT('2D SPACE',''
  ) );
#1817 = ADVANCED_FACE('',(#1818,#2186,#2310,#2434,#2548,#2672),#1641,.T.
  );
#1818 = FACE_BOUND('',#1819,.T.);
#1819 = EDGE_LOOP('',(#1820,#1843,#1871,#1899,#1927,#1955,#1983,#2011,
    #2039,#2067,#2088,#2114,#2136,#2164,#2184,#2185));
#1820 = ORIENTED_EDGE('',*,*,#1821,.F.);
#1821 = EDGE_CURVE('',#1822,#1627,#1824,.T.);
#1822 = VERTEX_POINT('',#1823);
#1823 = CARTESIAN_POINT('',(-1.820508075689,23.,93.035898384862));
#1824 = SURFACE_CURVE('',#1825,(#1829,#1836),.PCURVE_S1.);
#1825 = LINE('',#1826,#1827);
#1826 = CARTESIAN_POINT('',(-1.820508075689,23.,93.035898384862));
#1827 = VECTOR('',#1828,1.);
#1828 = DIRECTION('',(0.,-1.,0.));
#1829 = PCURVE('',#1641,#1830);
#1830 = DEFINITIONAL_REPRESENTATION('',(#1831),#1835);
#1831 = LINE('',#1832,#1833);
#1832 = CARTESIAN_POINT('',(-20.,-23.));
#1833 = VECTOR('',#1834,1.);
#1834 = DIRECTION('',(0.,1.));
#1835 = ( GEOMETRIC_REPRESENTATION_CONTEXT(2) 
PARAMETRIC_REPRESENTATION_CONTEXT() REPRESENTATION_CONTEXT('2D SPACE',''
  ) );
#1836 = PCURVE('',#1667,#1837);
#1837 = DEFINITIONAL_REPRESENTATION('',(#1838),#1842);
#1838 = LINE('',#1839,#1840);
#1839 = CARTESIAN_POINT('',(43.,-4.));
#1840 = VECTOR('',#1841,1.);
#1841 = DIRECTION('',(-1.,0.));
#1842 = ( GEOMETRIC_REPRESENTATION_CONTEXT(2) 
PARAMETRIC_REPRESENTATION_CONTEXT() REPRESENTATION_CONTEXT('2D SPACE',''
  ) );
#1843 = ORIENTED_EDGE('',*,*,#1844,.T.);
#1844 = EDGE_CURVE('',#1822,#1845,#1847,.T.);
#1845 = VERTEX_POINT('',#1846);
#1846 = CARTESIAN_POINT('',(5.107695154587,23.,97.035898384862));
#1847 = SURFACE_CURVE('',#1848,(#1852,#1859),.PCURVE_S1.);
#1848 = LINE('',#1849,#1850);
#1849 = CARTESIAN_POINT('',(-1.820508075689,23.,93.035898384862));
#1850 = VECTOR('',#1851,1.);
#1851 = DIRECTION('',(0.866025403784,0.,0.5));
#1852 = PCURVE('',#1641,#1853);
#1853 = DEFINITIONAL_REPRESENTATION('',(#1854),#1858);
#1854 = LINE('',#1855,#1856);
#1855 = CARTESIAN_POINT('',(-20.,-23.));
#1856 = VECTOR('',#1857,1.);
#1857 = DIRECTION('',(1.,0.));
#1858 = ( GEOMETRIC_REPRESENTATION_CONTEXT(2) 
PARAMETRIC_REPRESENTATION_CONTEXT() REPRESENTATION_CONTEXT('2D SPACE',''
  ) );
#1859 = PCURVE('',#1860,#1865);
#1860 = PLANE('',#1861);
#1861 = AXIS2_PLACEMENT_3D('',#1862,#1863,#1864);
#1862 = CARTESIAN_POINT('',(-4.320508075689,23.,97.366025403784));
#1863 = DIRECTION('',(0.,1.,0.));
#1864 = DIRECTION('',(0.866025403784,0.,0.5));
#1865 = DEFINITIONAL_REPRESENTATION('',(#1866),#1870);
#1866 = LINE('',#1867,#1868);
#1867 = CARTESIAN_POINT('',(-3.145275930696E-15,5.));
#1868 = VECTOR('',#1869,1.);
#1869 = DIRECTION('',(1.,1.487416814334E-17));
#1870 = ( GEOMETRIC_REPRESENTATION_CONTEXT(2) 
PARAMETRIC_REPRESENTATION_CONTEXT() REPRESENTATION_CONTEXT('2D SPACE',''
  ) );
#1871 = ORIENTED_EDGE('',*,*,#1872,.F.);
#1872 = EDGE_CURVE('',#1873,#1845,#1875,.T.);
#1873 = VERTEX_POINT('',#1874);
#1874 = CARTESIAN_POINT('',(5.107695154587,20.,97.035898384862));
#1875 = SURFACE_CURVE('',#1876,(#1880,#1887),.PCURVE_S1.);
#1876 = LINE('',#1877,#1878);
#1877 = CARTESIAN_POINT('',(5.107695154587,18.,97.035898384862));
#1878 = VECTOR('',#1879,1.);
#1879 = DIRECTION('',(0.,1.,0.));
#1880 = PCURVE('',#1641,#1881);
#1881 = DEFINITIONAL_REPRESENTATION('',(#1882),#1886);
#1882 = LINE('',#1883,#1884);
#1883 = CARTESIAN_POINT('',(-12.,-18.));
#1884 = VECTOR('',#1885,1.);
#1885 = DIRECTION('',(0.,-1.));
#1886 = ( GEOMETRIC_REPRESENTATION_CONTEXT(2) 
PARAMETRIC_REPRESENTATION_CONTEXT() REPRESENTATION_CONTEXT('2D SPACE',''
  ) );
#1887 = PCURVE('',#1888,#1893);
#1888 = PLANE('',#1889);
#1889 = AXIS2_PLACEMENT_3D('',#1890,#1891,#1892);
#1890 = CARTESIAN_POINT('',(2.607695154587,18.,101.36602540378));
#1891 = DIRECTION('',(0.866025403784,0.,0.5));
#1892 = DIRECTION('',(0.5,0.,-0.866025403784));
#1893 = DEFINITIONAL_REPRESENTATION('',(#1894),#1898);
#1894 = LINE('',#1895,#1896);
#1895 = CARTESIAN_POINT('',(5.,0.));
#1896 = VECTOR('',#1897,1.);
#1897 = DIRECTION('',(0.,1.));
#1898 = ( GEOMETRIC_REPRESENTATION_CONTEXT(2) 
PARAMETRIC_REPRESENTATION_CONTEXT() REPRESENTATION_CONTEXT('2D SPACE',''
  ) );
#1899 = ORIENTED_EDGE('',*,*,#1900,.T.);
#1900 = EDGE_CURVE('',#1873,#1901,#1903,.T.);
#1901 = VERTEX_POINT('',#1902);
#1902 = CARTESIAN_POINT('',(32.820508075689,20.,113.03589838486));
#1903 = SURFACE_CURVE('',#1904,(#1908,#1915),.PCURVE_S1.);
#1904 = LINE('',#1905,#1906);
#1905 = CARTESIAN_POINT('',(-1.820508075689,20.,93.035898384862));
#1906 = VECTOR('',#1907,1.);
#1907 = DIRECTION('',(0.866025403784,0.,0.5));
#1908 = PCURVE('',#1641,#1909);
#1909 = DEFINITIONAL_REPRESENTATION('',(#1910),#1914);
#1910 = LINE('',#1911,#1912);
#1911 = CARTESIAN_POINT('',(-20.,-20.));
#1912 = VECTOR('',#1913,1.);
#1913 = DIRECTION('',(1.,0.));
#1914 = ( GEOMETRIC_REPRESENTATION_CONTEXT(2) 
PARAMETRIC_REPRESENTATION_CONTEXT() REPRESENTATION_CONTEXT('2D SPACE',''
  ) );
#1915 = PCURVE('',#1916,#1921);
#1916 = PLANE('',#1917);
#1917 = AXIS2_PLACEMENT_3D('',#1918,#1919,#1920);
#1918 = CARTESIAN_POINT('',(-3.820508075689,20.,96.5));
#1919 = DIRECTION('',(0.,-1.,0.));
#1920 = DIRECTION('',(0.866025403784,0.,0.5));
#1921 = DEFINITIONAL_REPRESENTATION('',(#1922),#1926);
#1922 = LINE('',#1923,#1924);
#1923 = CARTESIAN_POINT('',(-5.269573845627E-15,-4.));
#1924 = VECTOR('',#1925,1.);
#1925 = DIRECTION('',(1.,-1.487416814334E-17));
#1926 = ( GEOMETRIC_REPRESENTATION_CONTEXT(2) 
PARAMETRIC_REPRESENTATION_CONTEXT() REPRESENTATION_CONTEXT('2D SPACE',''
  ) );
#1927 = ORIENTED_EDGE('',*,*,#1928,.T.);
#1928 = EDGE_CURVE('',#1901,#1929,#1931,.T.);
#1929 = VERTEX_POINT('',#1930);
#1930 = CARTESIAN_POINT('',(32.820508075689,-20.,113.03589838486));
#1931 = SURFACE_CURVE('',#1932,(#1936,#1943),.PCURVE_S1.);
#1932 = LINE('',#1933,#1934);
#1933 = CARTESIAN_POINT('',(32.820508075689,20.,113.03589838486));
#1934 = VECTOR('',#1935,1.);
#1935 = DIRECTION('',(0.,-1.,0.));
#1936 = PCURVE('',#1641,#1937);
#1937 = DEFINITIONAL_REPRESENTATION('',(#1938),#1942);
#1938 = LINE('',#1939,#1940);
#1939 = CARTESIAN_POINT('',(20.,-20.));
#1940 = VECTOR('',#1941,1.);
#1941 = DIRECTION('',(0.,1.));
#1942 = ( GEOMETRIC_REPRESENTATION_CONTEXT(2) 
PARAMETRIC_REPRESENTATION_CONTEXT() REPRESENTATION_CONTEXT('2D SPACE',''
  ) );
#1943 = PCURVE('',#1944,#1949);
#1944 = PLANE('',#1945);
#1945 = AXIS2_PLACEMENT_3D('',#1946,#1947,#1948);
#1946 = CARTESIAN_POINT('',(30.820508075689,20.,116.5));
#1947 = DIRECTION('',(-0.866025403784,0.,-0.5));
#1948 = DIRECTION('',(0.,-1.,0.));
#1949 = DEFINITIONAL_REPRESENTATION('',(#1950),#1954);
#1950 = LINE('',#1951,#1952);
#1951 = CARTESIAN_POINT('',(0.,-4.));
#1952 = VECTOR('',#1953,1.);
#1953 = DIRECTION('',(1.,0.));
#1954 = ( GEOMETRIC_REPRESENTATION_CONTEXT(2) 
PARAMETRIC_REPRESENTATION_CONTEXT() REPRESENTATION_CONTEXT('2D SPACE',''
  ) );
#1955 = ORIENTED_EDGE('',*,*,#1956,.T.);
#1956 = EDGE_CURVE('',#1929,#1957,#1959,.T.);
#1957 = VERTEX_POINT('',#1958);
#1958 = CARTESIAN_POINT('',(5.107695154587,-20.,97.035898384862));
#1959 = SURFACE_CURVE('',#1960,(#1964,#1971),.PCURVE_S1.);
#1960 = LINE('',#1961,#1962);
#1961 = CARTESIAN_POINT('',(32.820508075689,-20.,113.03589838486));
#1962 = VECTOR('',#1963,1.);
#1963 = DIRECTION('',(-0.866025403784,0.,-0.5));
#1964 = PCURVE('',#1641,#1965);
#1965 = DEFINITIONAL_REPRESENTATION('',(#1966),#1970);
#1966 = LINE('',#1967,#1968);
#1967 = CARTESIAN_POINT('',(20.,20.));
#1968 = VECTOR('',#1969,1.);
#1969 = DIRECTION('',(-1.,-0.));
#1970 = ( GEOMETRIC_REPRESENTATION_CONTEXT(2) 
PARAMETRIC_REPRESENTATION_CONTEXT() REPRESENTATION_CONTEXT('2D SPACE',''
  ) );
#1971 = PCURVE('',#1972,#1977);
#1972 = PLANE('',#1973);
#1973 = AXIS2_PLACEMENT_3D('',#1974,#1975,#1976);
#1974 = CARTESIAN_POINT('',(30.820508075689,-20.,116.5));
#1975 = DIRECTION('',(0.,1.,0.));
#1976 = DIRECTION('',(-0.866025403784,0.,-0.5));
#1977 = DEFINITIONAL_REPRESENTATION('',(#1978),#1982);
#1978 = LINE('',#1979,#1980);
#1979 = CARTESIAN_POINT('',(-1.835853511974E-15,-4.));
#1980 = VECTOR('',#1981,1.);
#1981 = DIRECTION('',(1.,1.487416814334E-17));
#1982 = ( GEOMETRIC_REPRESENTATION_CONTEXT(2) 
PARAMETRIC_REPRESENTATION_CONTEXT() REPRESENTATION_CONTEXT('2D SPACE',''
  ) );
#1983 = ORIENTED_EDGE('',*,*,#1984,.F.);
#1984 = EDGE_CURVE('',#1985,#1957,#1987,.T.);
#1985 = VERTEX_POINT('',#1986);
#1986 = CARTESIAN_POINT('',(5.107695154587,-23.,97.035898384862));
#1987 = SURFACE_CURVE('',#1988,(#1992,#1999),.PCURVE_S1.);
#1988 = LINE('',#1989,#1990);
#1989 = CARTESIAN_POINT('',(5.107695154587,-23.,97.035898384862));
#1990 = VECTOR('',#1991,1.);
#1991 = DIRECTION('',(0.,1.,0.));
#1992 = PCURVE('',#1641,#1993);
#1993 = DEFINITIONAL_REPRESENTATION('',(#1994),#1998);
#1994 = LINE('',#1995,#1996);
#1995 = CARTESIAN_POINT('',(-12.,23.));
#1996 = VECTOR('',#1997,1.);
#1997 = DIRECTION('',(0.,-1.));
#1998 = ( GEOMETRIC_REPRESENTATION_CONTEXT(2) 
PARAMETRIC_REPRESENTATION_CONTEXT() REPRESENTATION_CONTEXT('2D SPACE',''
  ) );
#1999 = PCURVE('',#2000,#2005);
#2000 = PLANE('',#2001);
#2001 = AXIS2_PLACEMENT_3D('',#2002,#2003,#2004);
#2002 = CARTESIAN_POINT('',(2.607695154587,-23.,101.36602540378));
#2003 = DIRECTION('',(0.866025403784,0.,0.5));
#2004 = DIRECTION('',(0.5,0.,-0.866025403784));
#2005 = DEFINITIONAL_REPRESENTATION('',(#2006),#2010);
#2006 = LINE('',#2007,#2008);
#2007 = CARTESIAN_POINT('',(5.,0.));
#2008 = VECTOR('',#2009,1.);
#2009 = DIRECTION('',(0.,1.));
#2010 = ( GEOMETRIC_REPRESENTATION_CONTEXT(2) 
PARAMETRIC_REPRESENTATION_CONTEXT() REPRESENTATION_CONTEXT('2D SPACE',''
  ) );
#2011 = ORIENTED_EDGE('',*,*,#2012,.F.);
#2012 = EDGE_CURVE('',#2013,#1985,#2015,.T.);
#2013 = VERTEX_POINT('',#2014);
#2014 = CARTESIAN_POINT('',(-1.820508075689,-23.,93.035898384862));
#2015 = SURFACE_CURVE('',#2016,(#2020,#2027),.PCURVE_S1.);
#2016 = LINE('',#2017,#2018);
#2017 = CARTESIAN_POINT('',(-1.820508075689,-23.,93.035898384862));
#2018 = VECTOR('',#2019,1.);
#2019 = DIRECTION('',(0.866025403784,0.,0.5));
#2020 = PCURVE('',#1641,#2021);
#2021 = DEFINITIONAL_REPRESENTATION('',(#2022),#2026);
#2022 = LINE('',#2023,#2024);
#2023 = CARTESIAN_POINT('',(-20.,23.));
#2024 = VECTOR('',#2025,1.);
#2025 = DIRECTION('',(1.,0.));
#2026 = ( GEOMETRIC_REPRESENTATION_CONTEXT(2) 
PARAMETRIC_REPRESENTATION_CONTEXT() REPRESENTATION_CONTEXT('2D SPACE',''
  ) );
#2027 = PCURVE('',#2028,#2033);
#2028 = PLANE('',#2029);
#2029 = AXIS2_PLACEMENT_3D('',#2030,#2031,#2032);
#2030 = CARTESIAN_POINT('',(-4.320508075689,-23.,97.366025403784));
#2031 = DIRECTION('',(0.,1.,0.));
#2032 = DIRECTION('',(0.866025403784,0.,0.5));
#2033 = DEFINITIONAL_REPRESENTATION('',(#2034),#2038);
#2034 = LINE('',#2035,#2036);
#2035 = CARTESIAN_POINT('',(-3.145275930696E-15,5.));
#2036 = VECTOR('',#2037,1.);
#2037 = DIRECTION('',(1.,1.487416814334E-17));
#2038 = ( GEOMETRIC_REPRESENTATION_CONTEXT(2) 
PARAMETRIC_REPRESENTATION_CONTEXT() REPRESENTATION_CONTEXT('2D SPACE',''
  ) );
#2039 = ORIENTED_EDGE('',*,*,#2040,.F.);
#2040 = EDGE_CURVE('',#2041,#2013,#2043,.T.);
#2041 = VERTEX_POINT('',#2042);
#2042 = CARTESIAN_POINT('',(-1.820508075689,-22.,93.035898384862));
#2043 = SURFACE_CURVE('',#2044,(#2048,#2055),.PCURVE_S1.);
#2044 = LINE('',#2045,#2046);
#2045 = CARTESIAN_POINT('',(-1.820508075689,23.,93.035898384862));
#2046 = VECTOR('',#2047,1.);
#2047 = DIRECTION('',(0.,-1.,0.));
#2048 = PCURVE('',#1641,#2049);
#2049 = DEFINITIONAL_REPRESENTATION('',(#2050),#2054);
#2050 = LINE('',#2051,#2052);
#2051 = CARTESIAN_POINT('',(-20.,-23.));
#2052 = VECTOR('',#2053,1.);
#2053 = DIRECTION('',(0.,1.));
#2054 = ( GEOMETRIC_REPRESENTATION_CONTEXT(2) 
PARAMETRIC_REPRESENTATION_CONTEXT() REPRESENTATION_CONTEXT('2D SPACE',''
  ) );
#2055 = PCURVE('',#2056,#2061);
#2056 = PLANE('',#2057);
#2057 = AXIS2_PLACEMENT_3D('',#2058,#2059,#2060);
#2058 = CARTESIAN_POINT('',(-3.820508075689,-20.,96.5));
#2059 = DIRECTION('',(0.866025403784,0.,0.5));
#2060 = DIRECTION('',(0.,1.,0.));
#2061 = DEFINITIONAL_REPRESENTATION('',(#2062),#2066);
#2062 = LINE('',#2063,#2064);
#2063 = CARTESIAN_POINT('',(43.,-4.));
#2064 = VECTOR('',#2065,1.);
#2065 = DIRECTION('',(-1.,0.));
#2066 = ( GEOMETRIC_REPRESENTATION_CONTEXT(2) 
PARAMETRIC_REPRESENTATION_CONTEXT() REPRESENTATION_CONTEXT('2D SPACE',''
  ) );
#2067 = ORIENTED_EDGE('',*,*,#2068,.F.);
#2068 = EDGE_CURVE('',#2069,#2041,#2071,.T.);
#2069 = VERTEX_POINT('',#2070);
#2070 = CARTESIAN_POINT('',(3.375644347018,-22.,96.035898384862));
#2071 = SURFACE_CURVE('',#2072,(#2076,#2082),.PCURVE_S1.);
#2072 = LINE('',#2073,#2074);
#2073 = CARTESIAN_POINT('',(-8.05901596112,-22.,89.434094177867));
#2074 = VECTOR('',#2075,1.);
#2075 = DIRECTION('',(-0.866025403784,0.,-0.5));
#2076 = PCURVE('',#1641,#2077);
#2077 = DEFINITIONAL_REPRESENTATION('',(#2078),#2081);
#2078 = B_SPLINE_CURVE_WITH_KNOTS('',1,(#2079,#2080),.UNSPECIFIED.,.F.,
  .F.,(2,2),(-13.78095868318,-7.203608413991),.PIECEWISE_BEZIER_KNOTS.);
#2079 = CARTESIAN_POINT('',(-13.42264973081,22.));
#2080 = CARTESIAN_POINT('',(-20.,22.));
#2081 = ( GEOMETRIC_REPRESENTATION_CONTEXT(2) 
PARAMETRIC_REPRESENTATION_CONTEXT() REPRESENTATION_CONTEXT('2D SPACE',''
  ) );
#2082 = PCURVE('',#502,#2083);
#2083 = DEFINITIONAL_REPRESENTATION('',(#2084),#2087);
#2084 = B_SPLINE_CURVE_WITH_KNOTS('',1,(#2085,#2086),.UNSPECIFIED.,.F.,
  .F.,(2,2),(-13.78095868318,-7.203608413991),.PIECEWISE_BEZIER_KNOTS.);
#2085 = CARTESIAN_POINT('',(-35.20401583204,26.999853675154));
#2086 = CARTESIAN_POINT('',(-31.91534069745,21.303701252447));
#2087 = ( GEOMETRIC_REPRESENTATION_CONTEXT(2) 
PARAMETRIC_REPRESENTATION_CONTEXT() REPRESENTATION_CONTEXT('2D SPACE',''
  ) );
#2088 = ORIENTED_EDGE('',*,*,#2089,.T.);
#2089 = EDGE_CURVE('',#2069,#2090,#2092,.T.);
#2090 = VERTEX_POINT('',#2091);
#2091 = CARTESIAN_POINT('',(3.375644347018,-18.,96.035898384862));
#2092 = SURFACE_CURVE('',#2093,(#2097,#2103),.PCURVE_S1.);
#2093 = LINE('',#2094,#2095);
#2094 = CARTESIAN_POINT('',(3.375644347018,-9.,96.035898384862));
#2095 = VECTOR('',#2096,1.);
#2096 = DIRECTION('',(-0.,1.,0.));
#2097 = PCURVE('',#1641,#2098);
#2098 = DEFINITIONAL_REPRESENTATION('',(#2099),#2102);
#2099 = B_SPLINE_CURVE_WITH_KNOTS('',1,(#2100,#2101),.UNSPECIFIED.,.F.,
  .F.,(2,2),(-13.,-9.),.PIECEWISE_BEZIER_KNOTS.);
#2100 = CARTESIAN_POINT('',(-14.,22.));
#2101 = CARTESIAN_POINT('',(-14.,18.));
#2102 = ( GEOMETRIC_REPRESENTATION_CONTEXT(2) 
PARAMETRIC_REPRESENTATION_CONTEXT() REPRESENTATION_CONTEXT('2D SPACE',''
  ) );
#2103 = PCURVE('',#2104,#2109);
#2104 = PLANE('',#2105);
#2105 = AXIS2_PLACEMENT_3D('',#2106,#2107,#2108);
#2106 = CARTESIAN_POINT('',(3.875644347018,-18.,95.169872981078));
#2107 = DIRECTION('',(-0.866025403784,-0.,-0.5));
#2108 = DIRECTION('',(-0.5,0.,0.866025403784));
#2109 = DEFINITIONAL_REPRESENTATION('',(#2110),#2113);
#2110 = B_SPLINE_CURVE_WITH_KNOTS('',1,(#2111,#2112),.UNSPECIFIED.,.F.,
  .F.,(2,2),(-13.,-9.),.PIECEWISE_BEZIER_KNOTS.);
#2111 = CARTESIAN_POINT('',(1.,-4.));
#2112 = CARTESIAN_POINT('',(1.,0.));
#2113 = ( GEOMETRIC_REPRESENTATION_CONTEXT(2) 
PARAMETRIC_REPRESENTATION_CONTEXT() REPRESENTATION_CONTEXT('2D SPACE',''
  ) );
#2114 = ORIENTED_EDGE('',*,*,#2115,.T.);
#2115 = EDGE_CURVE('',#2090,#2116,#2118,.T.);
#2116 = VERTEX_POINT('',#2117);
#2117 = CARTESIAN_POINT('',(-1.820508075689,-18.,93.035898384862));
#2118 = SURFACE_CURVE('',#2119,(#2123,#2129),.PCURVE_S1.);
#2119 = LINE('',#2120,#2121);
#2120 = CARTESIAN_POINT('',(-8.05901596112,-18.,89.434094177867));
#2121 = VECTOR('',#2122,1.);
#2122 = DIRECTION('',(-0.866025403784,0.,-0.5));
#2123 = PCURVE('',#1641,#2124);
#2124 = DEFINITIONAL_REPRESENTATION('',(#2125),#2128);
#2125 = B_SPLINE_CURVE_WITH_KNOTS('',1,(#2126,#2127),.UNSPECIFIED.,.F.,
  .F.,(2,2),(-13.78095868318,-7.203608413991),.PIECEWISE_BEZIER_KNOTS.);
#2126 = CARTESIAN_POINT('',(-13.42264973081,18.));
#2127 = CARTESIAN_POINT('',(-20.,18.));
#2128 = ( GEOMETRIC_REPRESENTATION_CONTEXT(2) 
PARAMETRIC_REPRESENTATION_CONTEXT() REPRESENTATION_CONTEXT('2D SPACE',''
  ) );
#2129 = PCURVE('',#443,#2130);
#2130 = DEFINITIONAL_REPRESENTATION('',(#2131),#2135);
#2131 = LINE('',#2132,#2133);
#2132 = CARTESIAN_POINT('',(-28.31353649045,15.065193367016));
#2133 = VECTOR('',#2134,1.);
#2134 = DIRECTION('',(0.5,-0.866025403784));
#2135 = ( GEOMETRIC_REPRESENTATION_CONTEXT(2) 
PARAMETRIC_REPRESENTATION_CONTEXT() REPRESENTATION_CONTEXT('2D SPACE',''
  ) );
#2136 = ORIENTED_EDGE('',*,*,#2137,.F.);
#2137 = EDGE_CURVE('',#2138,#2116,#2140,.T.);
#2138 = VERTEX_POINT('',#2139);
#2139 = CARTESIAN_POINT('',(-1.820508075689,18.,93.035898384862));
#2140 = SURFACE_CURVE('',#2141,(#2145,#2152),.PCURVE_S1.);
#2141 = LINE('',#2142,#2143);
#2142 = CARTESIAN_POINT('',(-1.820508075689,23.,93.035898384862));
#2143 = VECTOR('',#2144,1.);
#2144 = DIRECTION('',(0.,-1.,0.));
#2145 = PCURVE('',#1641,#2146);
#2146 = DEFINITIONAL_REPRESENTATION('',(#2147),#2151);
#2147 = LINE('',#2148,#2149);
#2148 = CARTESIAN_POINT('',(-20.,-23.));
#2149 = VECTOR('',#2150,1.);
#2150 = DIRECTION('',(0.,1.));
#2151 = ( GEOMETRIC_REPRESENTATION_CONTEXT(2) 
PARAMETRIC_REPRESENTATION_CONTEXT() REPRESENTATION_CONTEXT('2D SPACE',''
  ) );
#2152 = PCURVE('',#2153,#2158);
#2153 = PLANE('',#2154);
#2154 = AXIS2_PLACEMENT_3D('',#2155,#2156,#2157);
#2155 = CARTESIAN_POINT('',(-3.820508075689,-20.,96.5));
#2156 = DIRECTION('',(0.866025403784,0.,0.5));
#2157 = DIRECTION('',(0.,1.,0.));
#2158 = DEFINITIONAL_REPRESENTATION('',(#2159),#2163);
#2159 = LINE('',#2160,#2161);
#2160 = CARTESIAN_POINT('',(43.,-4.));
#2161 = VECTOR('',#2162,1.);
#2162 = DIRECTION('',(-1.,0.));
#2163 = ( GEOMETRIC_REPRESENTATION_CONTEXT(2) 
PARAMETRIC_REPRESENTATION_CONTEXT() REPRESENTATION_CONTEXT('2D SPACE',''
  ) );
#2164 = ORIENTED_EDGE('',*,*,#2165,.F.);
#2165 = EDGE_CURVE('',#1777,#2138,#2166,.T.);
#2166 = SURFACE_CURVE('',#2167,(#2171,#2177),.PCURVE_S1.);
#2167 = LINE('',#2168,#2169);
#2168 = CARTESIAN_POINT('',(-8.05901596112,18.,89.434094177867));
#2169 = VECTOR('',#2170,1.);
#2170 = DIRECTION('',(-0.866025403784,0.,-0.5));
#2171 = PCURVE('',#1641,#2172);
#2172 = DEFINITIONAL_REPRESENTATION('',(#2173),#2176);
#2173 = B_SPLINE_CURVE_WITH_KNOTS('',1,(#2174,#2175),.UNSPECIFIED.,.F.,
  .F.,(2,2),(-13.78095868318,-7.203608413991),.PIECEWISE_BEZIER_KNOTS.);
#2174 = CARTESIAN_POINT('',(-13.42264973081,-18.));
#2175 = CARTESIAN_POINT('',(-20.,-18.));
#2176 = ( GEOMETRIC_REPRESENTATION_CONTEXT(2) 
PARAMETRIC_REPRESENTATION_CONTEXT() REPRESENTATION_CONTEXT('2D SPACE',''
  ) );
#2177 = PCURVE('',#392,#2178);
#2178 = DEFINITIONAL_REPRESENTATION('',(#2179),#2183);
#2179 = LINE('',#2180,#2181);
#2180 = CARTESIAN_POINT('',(-28.31353649045,15.065193367016));
#2181 = VECTOR('',#2182,1.);
#2182 = DIRECTION('',(0.5,-0.866025403784));
#2183 = ( GEOMETRIC_REPRESENTATION_CONTEXT(2) 
PARAMETRIC_REPRESENTATION_CONTEXT() REPRESENTATION_CONTEXT('2D SPACE',''
  ) );
#2184 = ORIENTED_EDGE('',*,*,#1799,.T.);
#2185 = ORIENTED_EDGE('',*,*,#1626,.T.);
#2186 = FACE_BOUND('',#2187,.T.);
#2187 = EDGE_LOOP('',(#2188,#2218,#2251,#2279));
#2188 = ORIENTED_EDGE('',*,*,#2189,.F.);
#2189 = EDGE_CURVE('',#2190,#2192,#2194,.T.);
#2190 = VERTEX_POINT('',#2191);
#2191 = CARTESIAN_POINT('',(3.244465866068,15.848528137424,
    95.960162453574));
#2192 = VERTEX_POINT('',#2193);
#2193 = CARTESIAN_POINT('',(4.976516673637,13.848528137424,
    96.960162453574));
#2194 = SURFACE_CURVE('',#2195,(#2199,#2206),.PCURVE_S1.);
#2195 = LINE('',#2196,#2197);
#2196 = CARTESIAN_POINT('',(10.605681798236,7.348528137424,
    100.21016245357));
#2197 = VECTOR('',#2198,1.);
#2198 = DIRECTION('',(0.612372435696,-0.707106781187,0.353553390593));
#2199 = PCURVE('',#1641,#2200);
#2200 = DEFINITIONAL_REPRESENTATION('',(#2201),#2205);
#2201 = LINE('',#2202,#2203);
#2202 = CARTESIAN_POINT('',(-5.651471862576,-7.348528137424));
#2203 = VECTOR('',#2204,1.);
#2204 = DIRECTION('',(0.707106781187,0.707106781187));
#2205 = ( GEOMETRIC_REPRESENTATION_CONTEXT(2) 
PARAMETRIC_REPRESENTATION_CONTEXT() REPRESENTATION_CONTEXT('2D SPACE',''
  ) );
#2206 = PCURVE('',#2207,#2212);
#2207 = PLANE('',#2208);
#2208 = AXIS2_PLACEMENT_3D('',#2209,#2210,#2211);
#2209 = CARTESIAN_POINT('',(2.476516673637,13.848528137424,
    101.29028947249));
#2210 = DIRECTION('',(0.612372435696,0.707106781187,0.353553390593));
#2211 = DIRECTION('',(-0.612372435696,0.707106781187,-0.353553390593));
#2212 = DEFINITIONAL_REPRESENTATION('',(#2213),#2217);
#2213 = LINE('',#2214,#2215);
#2214 = CARTESIAN_POINT('',(-9.192388155425,-5.));
#2215 = VECTOR('',#2216,1.);
#2216 = DIRECTION('',(-1.,-2.52128310243E-17));
#2217 = ( GEOMETRIC_REPRESENTATION_CONTEXT(2) 
PARAMETRIC_REPRESENTATION_CONTEXT() REPRESENTATION_CONTEXT('2D SPACE',''
  ) );
#2218 = ORIENTED_EDGE('',*,*,#2219,.T.);
#2219 = EDGE_CURVE('',#2190,#2220,#2222,.T.);
#2220 = VERTEX_POINT('',#2221);
#2221 = CARTESIAN_POINT('',(1.774772020398,14.151471862576,
    95.11163431615));
#2222 = SURFACE_CURVE('',#2223,(#2228,#2239),.PCURVE_S1.);
#2223 = CIRCLE('',#2224,1.2);
#2224 = AXIS2_PLACEMENT_3D('',#2225,#2226,#2227);
#2225 = CARTESIAN_POINT('',(2.509618943233,15.,95.535898384862));
#2226 = DIRECTION('',(-0.5,8.083067676342E-18,0.866025403784));
#2227 = DIRECTION('',(0.612372435696,0.707106781187,0.353553390593));
#2228 = PCURVE('',#1641,#2229);
#2229 = DEFINITIONAL_REPRESENTATION('',(#2230),#2238);
#2230 = ( BOUNDED_CURVE() B_SPLINE_CURVE(2,(#2231,#2232,#2233,#2234,
#2235,#2236,#2237),.UNSPECIFIED.,.T.,.F.) B_SPLINE_CURVE_WITH_KNOTS((1,2
    ,2,2,2,1),(-2.094395102393,0.,2.094395102393,4.188790204786,
6.28318530718,8.377580409573),.UNSPECIFIED.) CURVE() 
GEOMETRIC_REPRESENTATION_ITEM() RATIONAL_B_SPLINE_CURVE((1.,0.5,1.,0.5,
1.,0.5,1.)) REPRESENTATION_ITEM('') );
#2231 = CARTESIAN_POINT('',(-14.15147186257,-15.84852813742));
#2232 = CARTESIAN_POINT('',(-15.62116570824,-17.31822198309));
#2233 = CARTESIAN_POINT('',(-16.15911099154,-15.31058285412));
#2234 = CARTESIAN_POINT('',(-16.69705627484,-13.30294372515));
#2235 = CARTESIAN_POINT('',(-14.68941714587,-13.84088900845));
#2236 = CARTESIAN_POINT('',(-12.6817780169,-14.37883429175));
#2237 = CARTESIAN_POINT('',(-14.15147186257,-15.84852813742));
#2238 = ( GEOMETRIC_REPRESENTATION_CONTEXT(2) 
PARAMETRIC_REPRESENTATION_CONTEXT() REPRESENTATION_CONTEXT('2D SPACE',''
  ) );
#2239 = PCURVE('',#2240,#2245);
#2240 = CYLINDRICAL_SURFACE('',#2241,1.2);
#2241 = AXIS2_PLACEMENT_3D('',#2242,#2243,#2244);
#2242 = CARTESIAN_POINT('',(9.618943233422E-03,15.,99.866025403784));
#2243 = DIRECTION('',(-0.5,0.,0.866025403784));
#2244 = DIRECTION('',(0.612372435696,0.707106781187,0.353553390593));
#2245 = DEFINITIONAL_REPRESENTATION('',(#2246),#2250);
#2246 = LINE('',#2247,#2248);
#2247 = CARTESIAN_POINT('',(1.014653635757E-17,-5.));
#2248 = VECTOR('',#2249,1.);
#2249 = DIRECTION('',(1.,0.));
#2250 = ( GEOMETRIC_REPRESENTATION_CONTEXT(2) 
PARAMETRIC_REPRESENTATION_CONTEXT() REPRESENTATION_CONTEXT('2D SPACE',''
  ) );
#2251 = ORIENTED_EDGE('',*,*,#2252,.F.);
#2252 = EDGE_CURVE('',#2253,#2220,#2255,.T.);
#2253 = VERTEX_POINT('',#2254);
#2254 = CARTESIAN_POINT('',(3.506822827967,12.151471862576,
    96.11163431615));
#2255 = SURFACE_CURVE('',#2256,(#2260,#2267),.PCURVE_S1.);
#2256 = LINE('',#2257,#2258);
#2257 = CARTESIAN_POINT('',(8.269962548782,6.651471862576,98.86163431615
    ));
#2258 = VECTOR('',#2259,1.);
#2259 = DIRECTION('',(-0.612372435696,0.707106781187,-0.353553390593));
#2260 = PCURVE('',#1641,#2261);
#2261 = DEFINITIONAL_REPRESENTATION('',(#2262),#2266);
#2262 = LINE('',#2263,#2264);
#2263 = CARTESIAN_POINT('',(-8.348528137424,-6.651471862576));
#2264 = VECTOR('',#2265,1.);
#2265 = DIRECTION('',(-0.707106781187,-0.707106781187));
#2266 = ( GEOMETRIC_REPRESENTATION_CONTEXT(2) 
PARAMETRIC_REPRESENTATION_CONTEXT() REPRESENTATION_CONTEXT('2D SPACE',''
  ) );
#2267 = PCURVE('',#2268,#2273);
#2268 = PLANE('',#2269);
#2269 = AXIS2_PLACEMENT_3D('',#2270,#2271,#2272);
#2270 = CARTESIAN_POINT('',(-0.725227979602,14.151471862576,
    99.441761335073));
#2271 = DIRECTION('',(-0.612372435696,-0.707106781187,-0.353553390593));
#2272 = DIRECTION('',(0.612372435696,-0.707106781187,0.353553390593));
#2273 = DEFINITIONAL_REPRESENTATION('',(#2274),#2278);
#2274 = LINE('',#2275,#2276);
#2275 = CARTESIAN_POINT('',(10.606601717798,-5.));
#2276 = VECTOR('',#2277,1.);
#2277 = DIRECTION('',(-1.,2.52128310243E-17));
#2278 = ( GEOMETRIC_REPRESENTATION_CONTEXT(2) 
PARAMETRIC_REPRESENTATION_CONTEXT() REPRESENTATION_CONTEXT('2D SPACE',''
  ) );
#2279 = ORIENTED_EDGE('',*,*,#2280,.T.);
#2280 = EDGE_CURVE('',#2253,#2192,#2281,.T.);
#2281 = SURFACE_CURVE('',#2282,(#2287,#2298),.PCURVE_S1.);
#2282 = CIRCLE('',#2283,1.2);
#2283 = AXIS2_PLACEMENT_3D('',#2284,#2285,#2286);
#2284 = CARTESIAN_POINT('',(4.241669750802,13.,96.535898384862));
#2285 = DIRECTION('',(-0.5,8.083067676342E-18,0.866025403784));
#2286 = DIRECTION('',(-0.612372435696,-0.707106781187,-0.353553390593));
#2287 = PCURVE('',#1641,#2288);
#2288 = DEFINITIONAL_REPRESENTATION('',(#2289),#2297);
#2289 = ( BOUNDED_CURVE() B_SPLINE_CURVE(2,(#2290,#2291,#2292,#2293,
#2294,#2295,#2296),.UNSPECIFIED.,.T.,.F.) B_SPLINE_CURVE_WITH_KNOTS((1,2
    ,2,2,2,1),(-2.094395102393,0.,2.094395102393,4.188790204786,
6.28318530718,8.377580409573),.UNSPECIFIED.) CURVE() 
GEOMETRIC_REPRESENTATION_ITEM() RATIONAL_B_SPLINE_CURVE((1.,0.5,1.,0.5,
1.,0.5,1.)) REPRESENTATION_ITEM('') );
#2290 = CARTESIAN_POINT('',(-13.84852813742,-12.15147186257));
#2291 = CARTESIAN_POINT('',(-12.37883429175,-10.6817780169));
#2292 = CARTESIAN_POINT('',(-11.84088900845,-12.68941714587));
#2293 = CARTESIAN_POINT('',(-11.30294372515,-14.69705627484));
#2294 = CARTESIAN_POINT('',(-13.31058285412,-14.15911099154));
#2295 = CARTESIAN_POINT('',(-15.31822198309,-13.62116570824));
#2296 = CARTESIAN_POINT('',(-13.84852813742,-12.15147186257));
#2297 = ( GEOMETRIC_REPRESENTATION_CONTEXT(2) 
PARAMETRIC_REPRESENTATION_CONTEXT() REPRESENTATION_CONTEXT('2D SPACE',''
  ) );
#2298 = PCURVE('',#2299,#2304);
#2299 = CYLINDRICAL_SURFACE('',#2300,1.2);
#2300 = AXIS2_PLACEMENT_3D('',#2301,#2302,#2303);
#2301 = CARTESIAN_POINT('',(1.741669750802,13.,100.86602540378));
#2302 = DIRECTION('',(-0.5,0.,0.866025403784));
#2303 = DIRECTION('',(-0.612372435696,-0.707106781187,-0.353553390593));
#2304 = DEFINITIONAL_REPRESENTATION('',(#2305),#2309);
#2305 = LINE('',#2306,#2307);
#2306 = CARTESIAN_POINT('',(1.014653635757E-17,-5.));
#2307 = VECTOR('',#2308,1.);
#2308 = DIRECTION('',(1.,0.));
#2309 = ( GEOMETRIC_REPRESENTATION_CONTEXT(2) 
PARAMETRIC_REPRESENTATION_CONTEXT() REPRESENTATION_CONTEXT('2D SPACE',''
  ) );
#2310 = FACE_BOUND('',#2311,.T.);
#2311 = EDGE_LOOP('',(#2312,#2342,#2375,#2403));
#2312 = ORIENTED_EDGE('',*,*,#2313,.F.);
#2313 = EDGE_CURVE('',#2314,#2316,#2318,.T.);
#2314 = VERTEX_POINT('',#2315);
#2315 = CARTESIAN_POINT('',(29.225227979602,14.151471862576,
    110.96016245357));
#2316 = VERTEX_POINT('',#2317);
#2317 = CARTESIAN_POINT('',(27.493177172033,12.151471862576,
    109.96016245357));
#2318 = SURFACE_CURVE('',#2319,(#2323,#2330),.PCURVE_S1.);
#2319 = LINE('',#2320,#2321);
#2320 = CARTESIAN_POINT('',(21.864012047434,5.651471862576,
    106.71016245357));
#2321 = VECTOR('',#2322,1.);
#2322 = DIRECTION('',(-0.612372435696,-0.707106781187,-0.353553390593));
#2323 = PCURVE('',#1641,#2324);
#2324 = DEFINITIONAL_REPRESENTATION('',(#2325),#2329);
#2325 = LINE('',#2326,#2327);
#2326 = CARTESIAN_POINT('',(7.348528137424,-5.651471862576));
#2327 = VECTOR('',#2328,1.);
#2328 = DIRECTION('',(-0.707106781187,0.707106781187));
#2329 = ( GEOMETRIC_REPRESENTATION_CONTEXT(2) 
PARAMETRIC_REPRESENTATION_CONTEXT() REPRESENTATION_CONTEXT('2D SPACE',''
  ) );
#2330 = PCURVE('',#2331,#2336);
#2331 = PLANE('',#2332);
#2332 = AXIS2_PLACEMENT_3D('',#2333,#2334,#2335);
#2333 = CARTESIAN_POINT('',(24.993177172033,12.151471862576,
    114.29028947249));
#2334 = DIRECTION('',(0.612372435696,-0.707106781187,0.353553390593));
#2335 = DIRECTION('',(0.612372435696,0.707106781187,0.353553390593));
#2336 = DEFINITIONAL_REPRESENTATION('',(#2337),#2341);
#2337 = LINE('',#2338,#2339);
#2338 = CARTESIAN_POINT('',(-9.192388155425,-5.));
#2339 = VECTOR('',#2340,1.);
#2340 = DIRECTION('',(-1.,2.52128310243E-17));
#2341 = ( GEOMETRIC_REPRESENTATION_CONTEXT(2) 
PARAMETRIC_REPRESENTATION_CONTEXT() REPRESENTATION_CONTEXT('2D SPACE',''
  ) );
#2342 = ORIENTED_EDGE('',*,*,#2343,.T.);
#2343 = EDGE_CURVE('',#2314,#2344,#2346,.T.);
#2344 = VERTEX_POINT('',#2345);
#2345 = CARTESIAN_POINT('',(27.755534133932,15.848528137424,
    110.11163431615));
#2346 = SURFACE_CURVE('',#2347,(#2352,#2363),.PCURVE_S1.);
#2347 = CIRCLE('',#2348,1.2);
#2348 = AXIS2_PLACEMENT_3D('',#2349,#2350,#2351);
#2349 = CARTESIAN_POINT('',(28.490381056767,15.,110.53589838486));
#2350 = DIRECTION('',(-0.5,3.691045839625E-17,0.866025403784));
#2351 = DIRECTION('',(0.612372435696,-0.707106781187,0.353553390593));
#2352 = PCURVE('',#1641,#2353);
#2353 = DEFINITIONAL_REPRESENTATION('',(#2354),#2362);
#2354 = ( BOUNDED_CURVE() B_SPLINE_CURVE(2,(#2355,#2356,#2357,#2358,
#2359,#2360,#2361),.UNSPECIFIED.,.T.,.F.) B_SPLINE_CURVE_WITH_KNOTS((1,2
    ,2,2,2,1),(-2.094395102393,0.,2.094395102393,4.188790204786,
6.28318530718,8.377580409573),.UNSPECIFIED.) CURVE() 
GEOMETRIC_REPRESENTATION_ITEM() RATIONAL_B_SPLINE_CURVE((1.,0.5,1.,0.5,
1.,0.5,1.)) REPRESENTATION_ITEM('') );
#2355 = CARTESIAN_POINT('',(15.848528137424,-14.15147186257));
#2356 = CARTESIAN_POINT('',(17.318221983094,-15.62116570824));
#2357 = CARTESIAN_POINT('',(15.310582854123,-16.15911099154));
#2358 = CARTESIAN_POINT('',(13.302943725152,-16.69705627484));
#2359 = CARTESIAN_POINT('',(13.840889008453,-14.68941714587));
#2360 = CARTESIAN_POINT('',(14.378834291754,-12.6817780169));
#2361 = CARTESIAN_POINT('',(15.848528137424,-14.15147186257));
#2362 = ( GEOMETRIC_REPRESENTATION_CONTEXT(2) 
PARAMETRIC_REPRESENTATION_CONTEXT() REPRESENTATION_CONTEXT('2D SPACE',''
  ) );
#2363 = PCURVE('',#2364,#2369);
#2364 = CYLINDRICAL_SURFACE('',#2365,1.2);
#2365 = AXIS2_PLACEMENT_3D('',#2366,#2367,#2368);
#2366 = CARTESIAN_POINT('',(25.990381056767,15.,114.86602540378));
#2367 = DIRECTION('',(-0.5,0.,0.866025403784));
#2368 = DIRECTION('',(0.612372435696,-0.707106781187,0.353553390593));
#2369 = DEFINITIONAL_REPRESENTATION('',(#2370),#2374);
#2370 = LINE('',#2371,#2372);
#2371 = CARTESIAN_POINT('',(0.,-5.));
#2372 = VECTOR('',#2373,1.);
#2373 = DIRECTION('',(1.,0.));
#2374 = ( GEOMETRIC_REPRESENTATION_CONTEXT(2) 
PARAMETRIC_REPRESENTATION_CONTEXT() REPRESENTATION_CONTEXT('2D SPACE',''
  ) );
#2375 = ORIENTED_EDGE('',*,*,#2376,.F.);
#2376 = EDGE_CURVE('',#2377,#2344,#2379,.T.);
#2377 = VERTEX_POINT('',#2378);
#2378 = CARTESIAN_POINT('',(26.023483326363,13.848528137424,
    109.11163431615));
#2379 = SURFACE_CURVE('',#2380,(#2384,#2391),.PCURVE_S1.);
#2380 = LINE('',#2381,#2382);
#2381 = CARTESIAN_POINT('',(21.260343605548,8.348528137424,
    106.36163431615));
#2382 = VECTOR('',#2383,1.);
#2383 = DIRECTION('',(0.612372435696,0.707106781187,0.353553390593));
#2384 = PCURVE('',#1641,#2385);
#2385 = DEFINITIONAL_REPRESENTATION('',(#2386),#2390);
#2386 = LINE('',#2387,#2388);
#2387 = CARTESIAN_POINT('',(6.651471862576,-8.348528137424));
#2388 = VECTOR('',#2389,1.);
#2389 = DIRECTION('',(0.707106781187,-0.707106781187));
#2390 = ( GEOMETRIC_REPRESENTATION_CONTEXT(2) 
PARAMETRIC_REPRESENTATION_CONTEXT() REPRESENTATION_CONTEXT('2D SPACE',''
  ) );
#2391 = PCURVE('',#2392,#2397);
#2392 = PLANE('',#2393);
#2393 = AXIS2_PLACEMENT_3D('',#2394,#2395,#2396);
#2394 = CARTESIAN_POINT('',(25.255534133932,15.848528137424,
    114.44176133507));
#2395 = DIRECTION('',(-0.612372435696,0.707106781187,-0.353553390593));
#2396 = DIRECTION('',(-0.612372435696,-0.707106781187,-0.353553390593));
#2397 = DEFINITIONAL_REPRESENTATION('',(#2398),#2402);
#2398 = LINE('',#2399,#2400);
#2399 = CARTESIAN_POINT('',(10.606601717798,-5.));
#2400 = VECTOR('',#2401,1.);
#2401 = DIRECTION('',(-1.,-2.52128310243E-17));
#2402 = ( GEOMETRIC_REPRESENTATION_CONTEXT(2) 
PARAMETRIC_REPRESENTATION_CONTEXT() REPRESENTATION_CONTEXT('2D SPACE',''
  ) );
#2403 = ORIENTED_EDGE('',*,*,#2404,.T.);
#2404 = EDGE_CURVE('',#2377,#2316,#2405,.T.);
#2405 = SURFACE_CURVE('',#2406,(#2411,#2422),.PCURVE_S1.);
#2406 = CIRCLE('',#2407,1.2);
#2407 = AXIS2_PLACEMENT_3D('',#2408,#2409,#2410);
#2408 = CARTESIAN_POINT('',(26.758330249198,13.,109.53589838486));
#2409 = DIRECTION('',(-0.5,3.691045839625E-17,0.866025403784));
#2410 = DIRECTION('',(-0.612372435696,0.707106781187,-0.353553390593));
#2411 = PCURVE('',#1641,#2412);
#2412 = DEFINITIONAL_REPRESENTATION('',(#2413),#2421);
#2413 = ( BOUNDED_CURVE() B_SPLINE_CURVE(2,(#2414,#2415,#2416,#2417,
#2418,#2419,#2420),.UNSPECIFIED.,.T.,.F.) B_SPLINE_CURVE_WITH_KNOTS((1,2
    ,2,2,2,1),(-2.094395102393,0.,2.094395102393,4.188790204786,
6.28318530718,8.377580409573),.UNSPECIFIED.) CURVE() 
GEOMETRIC_REPRESENTATION_ITEM() RATIONAL_B_SPLINE_CURVE((1.,0.5,1.,0.5,
1.,0.5,1.)) REPRESENTATION_ITEM('') );
#2414 = CARTESIAN_POINT('',(12.151471862576,-13.84852813742));
#2415 = CARTESIAN_POINT('',(10.681778016906,-12.37883429175));
#2416 = CARTESIAN_POINT('',(12.689417145877,-11.84088900845));
#2417 = CARTESIAN_POINT('',(14.697056274848,-11.30294372515));
#2418 = CARTESIAN_POINT('',(14.159110991547,-13.31058285412));
#2419 = CARTESIAN_POINT('',(13.621165708246,-15.31822198309));
#2420 = CARTESIAN_POINT('',(12.151471862576,-13.84852813742));
#2421 = ( GEOMETRIC_REPRESENTATION_CONTEXT(2) 
PARAMETRIC_REPRESENTATION_CONTEXT() REPRESENTATION_CONTEXT('2D SPACE',''
  ) );
#2422 = PCURVE('',#2423,#2428);
#2423 = CYLINDRICAL_SURFACE('',#2424,1.2);
#2424 = AXIS2_PLACEMENT_3D('',#2425,#2426,#2427);
#2425 = CARTESIAN_POINT('',(24.258330249198,13.,113.86602540378));
#2426 = DIRECTION('',(-0.5,0.,0.866025403784));
#2427 = DIRECTION('',(-0.612372435696,0.707106781187,-0.353553390593));
#2428 = DEFINITIONAL_REPRESENTATION('',(#2429),#2433);
#2429 = LINE('',#2430,#2431);
#2430 = CARTESIAN_POINT('',(0.,-5.));
#2431 = VECTOR('',#2432,1.);
#2432 = DIRECTION('',(1.,0.));
#2433 = ( GEOMETRIC_REPRESENTATION_CONTEXT(2) 
PARAMETRIC_REPRESENTATION_CONTEXT() REPRESENTATION_CONTEXT('2D SPACE',''
  ) );
#2434 = FACE_BOUND('',#2435,.T.);
#2435 = EDGE_LOOP('',(#2436,#2466,#2494,#2522));
#2436 = ORIENTED_EDGE('',*,*,#2437,.T.);
#2437 = EDGE_CURVE('',#2438,#2440,#2442,.T.);
#2438 = VERTEX_POINT('',#2439);
#2439 = CARTESIAN_POINT('',(24.160254037844,10.,108.03589838486));
#2440 = VERTEX_POINT('',#2441);
#2441 = CARTESIAN_POINT('',(6.839745962156,10.,98.035898384862));
#2442 = SURFACE_CURVE('',#2443,(#2447,#2454),.PCURVE_S1.);
#2443 = LINE('',#2444,#2445);
#2444 = CARTESIAN_POINT('',(11.169872981078,10.,100.53589838486));
#2445 = VECTOR('',#2446,1.);
#2446 = DIRECTION('',(-0.866025403784,0.,-0.5));
#2447 = PCURVE('',#1641,#2448);
#2448 = DEFINITIONAL_REPRESENTATION('',(#2449),#2453);
#2449 = LINE('',#2450,#2451);
#2450 = CARTESIAN_POINT('',(-5.,-10.));
#2451 = VECTOR('',#2452,1.);
#2452 = DIRECTION('',(-1.,-0.));
#2453 = ( GEOMETRIC_REPRESENTATION_CONTEXT(2) 
PARAMETRIC_REPRESENTATION_CONTEXT() REPRESENTATION_CONTEXT('2D SPACE',''
  ) );
#2454 = PCURVE('',#2455,#2460);
#2455 = PLANE('',#2456);
#2456 = AXIS2_PLACEMENT_3D('',#2457,#2458,#2459);
#2457 = CARTESIAN_POINT('',(4.339745962156,10.,102.36602540378));
#2458 = DIRECTION('',(0.,-1.,0.));
#2459 = DIRECTION('',(0.866025403784,0.,0.5));
#2460 = DEFINITIONAL_REPRESENTATION('',(#2461),#2465);
#2461 = LINE('',#2462,#2463);
#2462 = CARTESIAN_POINT('',(5.,-5.));
#2463 = VECTOR('',#2464,1.);
#2464 = DIRECTION('',(-1.,1.487416814334E-17));
#2465 = ( GEOMETRIC_REPRESENTATION_CONTEXT(2) 
PARAMETRIC_REPRESENTATION_CONTEXT() REPRESENTATION_CONTEXT('2D SPACE',''
  ) );
#2466 = ORIENTED_EDGE('',*,*,#2467,.T.);
#2467 = EDGE_CURVE('',#2440,#2468,#2470,.T.);
#2468 = VERTEX_POINT('',#2469);
#2469 = CARTESIAN_POINT('',(6.839745962156,-10.,98.035898384862));
#2470 = SURFACE_CURVE('',#2471,(#2475,#2482),.PCURVE_S1.);
#2471 = LINE('',#2472,#2473);
#2472 = CARTESIAN_POINT('',(6.839745962156,-5.,98.035898384862));
#2473 = VECTOR('',#2474,1.);
#2474 = DIRECTION('',(0.,-1.,0.));
#2475 = PCURVE('',#1641,#2476);
#2476 = DEFINITIONAL_REPRESENTATION('',(#2477),#2481);
#2477 = LINE('',#2478,#2479);
#2478 = CARTESIAN_POINT('',(-10.,5.));
#2479 = VECTOR('',#2480,1.);
#2480 = DIRECTION('',(0.,1.));
#2481 = ( GEOMETRIC_REPRESENTATION_CONTEXT(2) 
PARAMETRIC_REPRESENTATION_CONTEXT() REPRESENTATION_CONTEXT('2D SPACE',''
  ) );
#2482 = PCURVE('',#2483,#2488);
#2483 = PLANE('',#2484);
#2484 = AXIS2_PLACEMENT_3D('',#2485,#2486,#2487);
#2485 = CARTESIAN_POINT('',(4.339745962156,-10.,102.36602540378));
#2486 = DIRECTION('',(0.866025403784,0.,0.5));
#2487 = DIRECTION('',(0.,1.,0.));
#2488 = DEFINITIONAL_REPRESENTATION('',(#2489),#2493);
#2489 = LINE('',#2490,#2491);
#2490 = CARTESIAN_POINT('',(5.,-5.));
#2491 = VECTOR('',#2492,1.);
#2492 = DIRECTION('',(-1.,0.));
#2493 = ( GEOMETRIC_REPRESENTATION_CONTEXT(2) 
PARAMETRIC_REPRESENTATION_CONTEXT() REPRESENTATION_CONTEXT('2D SPACE',''
  ) );
#2494 = ORIENTED_EDGE('',*,*,#2495,.T.);
#2495 = EDGE_CURVE('',#2468,#2496,#2498,.T.);
#2496 = VERTEX_POINT('',#2497);
#2497 = CARTESIAN_POINT('',(24.160254037844,-10.,108.03589838486));
#2498 = SURFACE_CURVE('',#2499,(#2503,#2510),.PCURVE_S1.);
#2499 = LINE('',#2500,#2501);
#2500 = CARTESIAN_POINT('',(19.830127018922,-10.,105.53589838486));
#2501 = VECTOR('',#2502,1.);
#2502 = DIRECTION('',(0.866025403784,0.,0.5));
#2503 = PCURVE('',#1641,#2504);
#2504 = DEFINITIONAL_REPRESENTATION('',(#2505),#2509);
#2505 = LINE('',#2506,#2507);
#2506 = CARTESIAN_POINT('',(5.,10.));
#2507 = VECTOR('',#2508,1.);
#2508 = DIRECTION('',(1.,0.));
#2509 = ( GEOMETRIC_REPRESENTATION_CONTEXT(2) 
PARAMETRIC_REPRESENTATION_CONTEXT() REPRESENTATION_CONTEXT('2D SPACE',''
  ) );
#2510 = PCURVE('',#2511,#2516);
#2511 = PLANE('',#2512);
#2512 = AXIS2_PLACEMENT_3D('',#2513,#2514,#2515);
#2513 = CARTESIAN_POINT('',(21.660254037844,-10.,112.36602540378));
#2514 = DIRECTION('',(0.,1.,0.));
#2515 = DIRECTION('',(-0.866025403784,0.,-0.5));
#2516 = DEFINITIONAL_REPRESENTATION('',(#2517),#2521);
#2517 = LINE('',#2518,#2519);
#2518 = CARTESIAN_POINT('',(5.,-5.));
#2519 = VECTOR('',#2520,1.);
#2520 = DIRECTION('',(-1.,-1.487416814334E-17));
#2521 = ( GEOMETRIC_REPRESENTATION_CONTEXT(2) 
PARAMETRIC_REPRESENTATION_CONTEXT() REPRESENTATION_CONTEXT('2D SPACE',''
  ) );
#2522 = ORIENTED_EDGE('',*,*,#2523,.T.);
#2523 = EDGE_CURVE('',#2496,#2438,#2524,.T.);
#2524 = SURFACE_CURVE('',#2525,(#2529,#2536),.PCURVE_S1.);
#2525 = LINE('',#2526,#2527);
#2526 = CARTESIAN_POINT('',(24.160254037844,5.,108.03589838486));
#2527 = VECTOR('',#2528,1.);
#2528 = DIRECTION('',(0.,1.,0.));
#2529 = PCURVE('',#1641,#2530);
#2530 = DEFINITIONAL_REPRESENTATION('',(#2531),#2535);
#2531 = LINE('',#2532,#2533);
#2532 = CARTESIAN_POINT('',(10.,-5.));
#2533 = VECTOR('',#2534,1.);
#2534 = DIRECTION('',(0.,-1.));
#2535 = ( GEOMETRIC_REPRESENTATION_CONTEXT(2) 
PARAMETRIC_REPRESENTATION_CONTEXT() REPRESENTATION_CONTEXT('2D SPACE',''
  ) );
#2536 = PCURVE('',#2537,#2542);
#2537 = PLANE('',#2538);
#2538 = AXIS2_PLACEMENT_3D('',#2539,#2540,#2541);
#2539 = CARTESIAN_POINT('',(21.660254037844,10.,112.36602540378));
#2540 = DIRECTION('',(-0.866025403784,0.,-0.5));
#2541 = DIRECTION('',(0.,-1.,0.));
#2542 = DEFINITIONAL_REPRESENTATION('',(#2543),#2547);
#2543 = LINE('',#2544,#2545);
#2544 = CARTESIAN_POINT('',(5.,-5.));
#2545 = VECTOR('',#2546,1.);
#2546 = DIRECTION('',(-1.,0.));
#2547 = ( GEOMETRIC_REPRESENTATION_CONTEXT(2) 
PARAMETRIC_REPRESENTATION_CONTEXT() REPRESENTATION_CONTEXT('2D SPACE',''
  ) );
#2548 = FACE_BOUND('',#2549,.T.);
#2549 = EDGE_LOOP('',(#2550,#2580,#2613,#2641));
#2550 = ORIENTED_EDGE('',*,*,#2551,.F.);
#2551 = EDGE_CURVE('',#2552,#2554,#2556,.T.);
#2552 = VERTEX_POINT('',#2553);
#2553 = CARTESIAN_POINT('',(4.976516673637,-13.84852813742,
    96.960162453574));
#2554 = VERTEX_POINT('',#2555);
#2555 = CARTESIAN_POINT('',(3.244465866068,-15.84852813742,
    95.960162453574));
#2556 = SURFACE_CURVE('',#2557,(#2561,#2568),.PCURVE_S1.);
#2557 = LINE('',#2558,#2559);
#2558 = CARTESIAN_POINT('',(9.739656394452,-8.348528137424,
    99.710162453574));
#2559 = VECTOR('',#2560,1.);
#2560 = DIRECTION('',(-0.612372435696,-0.707106781187,-0.353553390593));
#2561 = PCURVE('',#1641,#2562);
#2562 = DEFINITIONAL_REPRESENTATION('',(#2563),#2567);
#2563 = LINE('',#2564,#2565);
#2564 = CARTESIAN_POINT('',(-6.651471862576,8.348528137424));
#2565 = VECTOR('',#2566,1.);
#2566 = DIRECTION('',(-0.707106781187,0.707106781187));
#2567 = ( GEOMETRIC_REPRESENTATION_CONTEXT(2) 
PARAMETRIC_REPRESENTATION_CONTEXT() REPRESENTATION_CONTEXT('2D SPACE',''
  ) );
#2568 = PCURVE('',#2569,#2574);
#2569 = PLANE('',#2570);
#2570 = AXIS2_PLACEMENT_3D('',#2571,#2572,#2573);
#2571 = CARTESIAN_POINT('',(0.744465866068,-15.84852813742,
    100.29028947249));
#2572 = DIRECTION('',(0.612372435696,-0.707106781187,0.353553390593));
#2573 = DIRECTION('',(0.612372435696,0.707106781187,0.353553390593));
#2574 = DEFINITIONAL_REPRESENTATION('',(#2575),#2579);
#2575 = LINE('',#2576,#2577);
#2576 = CARTESIAN_POINT('',(10.606601717798,-5.));
#2577 = VECTOR('',#2578,1.);
#2578 = DIRECTION('',(-1.,2.52128310243E-17));
#2579 = ( GEOMETRIC_REPRESENTATION_CONTEXT(2) 
PARAMETRIC_REPRESENTATION_CONTEXT() REPRESENTATION_CONTEXT('2D SPACE',''
  ) );
#2580 = ORIENTED_EDGE('',*,*,#2581,.T.);
#2581 = EDGE_CURVE('',#2552,#2582,#2584,.T.);
#2582 = VERTEX_POINT('',#2583);
#2583 = CARTESIAN_POINT('',(3.506822827967,-12.15147186257,
    96.11163431615));
#2584 = SURFACE_CURVE('',#2585,(#2590,#2601),.PCURVE_S1.);
#2585 = CIRCLE('',#2586,1.2);
#2586 = AXIS2_PLACEMENT_3D('',#2587,#2588,#2589);
#2587 = CARTESIAN_POINT('',(4.241669750802,-13.,96.535898384862));
#2588 = DIRECTION('',(-0.5,3.691045839625E-17,0.866025403784));
#2589 = DIRECTION('',(0.612372435696,-0.707106781187,0.353553390593));
#2590 = PCURVE('',#1641,#2591);
#2591 = DEFINITIONAL_REPRESENTATION('',(#2592),#2600);
#2592 = ( BOUNDED_CURVE() B_SPLINE_CURVE(2,(#2593,#2594,#2595,#2596,
#2597,#2598,#2599),.UNSPECIFIED.,.T.,.F.) B_SPLINE_CURVE_WITH_KNOTS((1,2
    ,2,2,2,1),(-2.094395102393,0.,2.094395102393,4.188790204786,
6.28318530718,8.377580409573),.UNSPECIFIED.) CURVE() 
GEOMETRIC_REPRESENTATION_ITEM() RATIONAL_B_SPLINE_CURVE((1.,0.5,1.,0.5,
1.,0.5,1.)) REPRESENTATION_ITEM('') );
#2593 = CARTESIAN_POINT('',(-12.15147186257,13.848528137424));
#2594 = CARTESIAN_POINT('',(-10.6817780169,12.378834291754));
#2595 = CARTESIAN_POINT('',(-12.68941714587,11.840889008453));
#2596 = CARTESIAN_POINT('',(-14.69705627484,11.302943725152));
#2597 = CARTESIAN_POINT('',(-14.15911099154,13.310582854123));
#2598 = CARTESIAN_POINT('',(-13.62116570824,15.318221983094));
#2599 = CARTESIAN_POINT('',(-12.15147186257,13.848528137424));
#2600 = ( GEOMETRIC_REPRESENTATION_CONTEXT(2) 
PARAMETRIC_REPRESENTATION_CONTEXT() REPRESENTATION_CONTEXT('2D SPACE',''
  ) );
#2601 = PCURVE('',#2602,#2607);
#2602 = CYLINDRICAL_SURFACE('',#2603,1.2);
#2603 = AXIS2_PLACEMENT_3D('',#2604,#2605,#2606);
#2604 = CARTESIAN_POINT('',(1.741669750802,-13.,100.86602540378));
#2605 = DIRECTION('',(-0.5,0.,0.866025403784));
#2606 = DIRECTION('',(0.612372435696,-0.707106781187,0.353553390593));
#2607 = DEFINITIONAL_REPRESENTATION('',(#2608),#2612);
#2608 = LINE('',#2609,#2610);
#2609 = CARTESIAN_POINT('',(0.,-5.));
#2610 = VECTOR('',#2611,1.);
#2611 = DIRECTION('',(1.,0.));
#2612 = ( GEOMETRIC_REPRESENTATION_CONTEXT(2) 
PARAMETRIC_REPRESENTATION_CONTEXT() REPRESENTATION_CONTEXT('2D SPACE',''
  ) );
#2613 = ORIENTED_EDGE('',*,*,#2614,.F.);
#2614 = EDGE_CURVE('',#2615,#2582,#2617,.T.);
#2615 = VERTEX_POINT('',#2616);
#2616 = CARTESIAN_POINT('',(1.774772020398,-14.15147186257,
    95.11163431615));
#2617 = SURFACE_CURVE('',#2618,(#2622,#2629),.PCURVE_S1.);
#2618 = LINE('',#2619,#2620);
#2619 = CARTESIAN_POINT('',(9.135987952566,-5.651471862576,
    99.36163431615));
#2620 = VECTOR('',#2621,1.);
#2621 = DIRECTION('',(0.612372435696,0.707106781187,0.353553390593));
#2622 = PCURVE('',#1641,#2623);
#2623 = DEFINITIONAL_REPRESENTATION('',(#2624),#2628);
#2624 = LINE('',#2625,#2626);
#2625 = CARTESIAN_POINT('',(-7.348528137424,5.651471862576));
#2626 = VECTOR('',#2627,1.);
#2627 = DIRECTION('',(0.707106781187,-0.707106781187));
#2628 = ( GEOMETRIC_REPRESENTATION_CONTEXT(2) 
PARAMETRIC_REPRESENTATION_CONTEXT() REPRESENTATION_CONTEXT('2D SPACE',''
  ) );
#2629 = PCURVE('',#2630,#2635);
#2630 = PLANE('',#2631);
#2631 = AXIS2_PLACEMENT_3D('',#2632,#2633,#2634);
#2632 = CARTESIAN_POINT('',(1.006822827967,-12.15147186257,
    100.44176133507));
#2633 = DIRECTION('',(-0.612372435696,0.707106781187,-0.353553390593));
#2634 = DIRECTION('',(-0.612372435696,-0.707106781187,-0.353553390593));
#2635 = DEFINITIONAL_REPRESENTATION('',(#2636),#2640);
#2636 = LINE('',#2637,#2638);
#2637 = CARTESIAN_POINT('',(-9.192388155425,-5.));
#2638 = VECTOR('',#2639,1.);
#2639 = DIRECTION('',(-1.,-2.52128310243E-17));
#2640 = ( GEOMETRIC_REPRESENTATION_CONTEXT(2) 
PARAMETRIC_REPRESENTATION_CONTEXT() REPRESENTATION_CONTEXT('2D SPACE',''
  ) );
#2641 = ORIENTED_EDGE('',*,*,#2642,.T.);
#2642 = EDGE_CURVE('',#2615,#2554,#2643,.T.);
#2643 = SURFACE_CURVE('',#2644,(#2649,#2660),.PCURVE_S1.);
#2644 = CIRCLE('',#2645,1.2);
#2645 = AXIS2_PLACEMENT_3D('',#2646,#2647,#2648);
#2646 = CARTESIAN_POINT('',(2.509618943233,-15.,95.535898384862));
#2647 = DIRECTION('',(-0.5,3.691045839625E-17,0.866025403784));
#2648 = DIRECTION('',(-0.612372435696,0.707106781187,-0.353553390593));
#2649 = PCURVE('',#1641,#2650);
#2650 = DEFINITIONAL_REPRESENTATION('',(#2651),#2659);
#2651 = ( BOUNDED_CURVE() B_SPLINE_CURVE(2,(#2652,#2653,#2654,#2655,
#2656,#2657,#2658),.UNSPECIFIED.,.T.,.F.) B_SPLINE_CURVE_WITH_KNOTS((1,2
    ,2,2,2,1),(-2.094395102393,0.,2.094395102393,4.188790204786,
6.28318530718,8.377580409573),.UNSPECIFIED.) CURVE() 
GEOMETRIC_REPRESENTATION_ITEM() RATIONAL_B_SPLINE_CURVE((1.,0.5,1.,0.5,
1.,0.5,1.)) REPRESENTATION_ITEM('') );
#2652 = CARTESIAN_POINT('',(-15.84852813742,14.151471862576));
#2653 = CARTESIAN_POINT('',(-17.31822198309,15.621165708246));
#2654 = CARTESIAN_POINT('',(-15.31058285412,16.159110991547));
#2655 = CARTESIAN_POINT('',(-13.30294372515,16.697056274848));
#2656 = CARTESIAN_POINT('',(-13.84088900845,14.689417145877));
#2657 = CARTESIAN_POINT('',(-14.37883429175,12.681778016906));
#2658 = CARTESIAN_POINT('',(-15.84852813742,14.151471862576));
#2659 = ( GEOMETRIC_REPRESENTATION_CONTEXT(2) 
PARAMETRIC_REPRESENTATION_CONTEXT() REPRESENTATION_CONTEXT('2D SPACE',''
  ) );
#2660 = PCURVE('',#2661,#2666);
#2661 = CYLINDRICAL_SURFACE('',#2662,1.2);
#2662 = AXIS2_PLACEMENT_3D('',#2663,#2664,#2665);
#2663 = CARTESIAN_POINT('',(9.618943233422E-03,-15.,99.866025403784));
#2664 = DIRECTION('',(-0.5,0.,0.866025403784));
#2665 = DIRECTION('',(-0.612372435696,0.707106781187,-0.353553390593));
#2666 = DEFINITIONAL_REPRESENTATION('',(#2667),#2671);
#2667 = LINE('',#2668,#2669);
#2668 = CARTESIAN_POINT('',(0.,-5.));
#2669 = VECTOR('',#2670,1.);
#2670 = DIRECTION('',(1.,0.));
#2671 = ( GEOMETRIC_REPRESENTATION_CONTEXT(2) 
PARAMETRIC_REPRESENTATION_CONTEXT() REPRESENTATION_CONTEXT('2D SPACE',''
  ) );
#2672 = FACE_BOUND('',#2673,.T.);
#2673 = EDGE_LOOP('',(#2674,#2704,#2737,#2765));
#2674 = ORIENTED_EDGE('',*,*,#2675,.F.);
#2675 = EDGE_CURVE('',#2676,#2678,#2680,.T.);
#2676 = VERTEX_POINT('',#2677);
#2677 = CARTESIAN_POINT('',(27.493177172033,-12.15147186257,
    109.96016245357));
#2678 = VERTEX_POINT('',#2679);
#2679 = CARTESIAN_POINT('',(29.225227979602,-14.15147186257,
    110.96016245357));
#2680 = SURFACE_CURVE('',#2681,(#2685,#2692),.PCURVE_S1.);
#2681 = LINE('',#2682,#2683);
#2682 = CARTESIAN_POINT('',(22.730037451218,-6.651471862576,
    107.21016245357));
#2683 = VECTOR('',#2684,1.);
#2684 = DIRECTION('',(0.612372435696,-0.707106781187,0.353553390593));
#2685 = PCURVE('',#1641,#2686);
#2686 = DEFINITIONAL_REPRESENTATION('',(#2687),#2691);
#2687 = LINE('',#2688,#2689);
#2688 = CARTESIAN_POINT('',(8.348528137424,6.651471862576));
#2689 = VECTOR('',#2690,1.);
#2690 = DIRECTION('',(0.707106781187,0.707106781187));
#2691 = ( GEOMETRIC_REPRESENTATION_CONTEXT(2) 
PARAMETRIC_REPRESENTATION_CONTEXT() REPRESENTATION_CONTEXT('2D SPACE',''
  ) );
#2692 = PCURVE('',#2693,#2698);
#2693 = PLANE('',#2694);
#2694 = AXIS2_PLACEMENT_3D('',#2695,#2696,#2697);
#2695 = CARTESIAN_POINT('',(26.725227979602,-14.15147186257,
    115.29028947249));
#2696 = DIRECTION('',(0.612372435696,0.707106781187,0.353553390593));
#2697 = DIRECTION('',(-0.612372435696,0.707106781187,-0.353553390593));
#2698 = DEFINITIONAL_REPRESENTATION('',(#2699),#2703);
#2699 = LINE('',#2700,#2701);
#2700 = CARTESIAN_POINT('',(10.606601717798,-5.));
#2701 = VECTOR('',#2702,1.);
#2702 = DIRECTION('',(-1.,-2.52128310243E-17));
#2703 = ( GEOMETRIC_REPRESENTATION_CONTEXT(2) 
PARAMETRIC_REPRESENTATION_CONTEXT() REPRESENTATION_CONTEXT('2D SPACE',''
  ) );
#2704 = ORIENTED_EDGE('',*,*,#2705,.T.);
#2705 = EDGE_CURVE('',#2676,#2706,#2708,.T.);
#2706 = VERTEX_POINT('',#2707);
#2707 = CARTESIAN_POINT('',(26.023483326363,-13.84852813742,
    109.11163431615));
#2708 = SURFACE_CURVE('',#2709,(#2714,#2725),.PCURVE_S1.);
#2709 = CIRCLE('',#2710,1.2);
#2710 = AXIS2_PLACEMENT_3D('',#2711,#2712,#2713);
#2711 = CARTESIAN_POINT('',(26.758330249198,-13.,109.53589838486));
#2712 = DIRECTION('',(-0.5,8.083067676342E-18,0.866025403784));
#2713 = DIRECTION('',(0.612372435696,0.707106781187,0.353553390593));
#2714 = PCURVE('',#1641,#2715);
#2715 = DEFINITIONAL_REPRESENTATION('',(#2716),#2724);
#2716 = ( BOUNDED_CURVE() B_SPLINE_CURVE(2,(#2717,#2718,#2719,#2720,
#2721,#2722,#2723),.UNSPECIFIED.,.T.,.F.) B_SPLINE_CURVE_WITH_KNOTS((1,2
    ,2,2,2,1),(-2.094395102393,0.,2.094395102393,4.188790204786,
6.28318530718,8.377580409573),.UNSPECIFIED.) CURVE() 
GEOMETRIC_REPRESENTATION_ITEM() RATIONAL_B_SPLINE_CURVE((1.,0.5,1.,0.5,
1.,0.5,1.)) REPRESENTATION_ITEM('') );
#2717 = CARTESIAN_POINT('',(13.848528137424,12.151471862576));
#2718 = CARTESIAN_POINT('',(12.378834291754,10.681778016906));
#2719 = CARTESIAN_POINT('',(11.840889008453,12.689417145877));
#2720 = CARTESIAN_POINT('',(11.302943725152,14.697056274848));
#2721 = CARTESIAN_POINT('',(13.310582854123,14.159110991547));
#2722 = CARTESIAN_POINT('',(15.318221983094,13.621165708246));
#2723 = CARTESIAN_POINT('',(13.848528137424,12.151471862576));
#2724 = ( GEOMETRIC_REPRESENTATION_CONTEXT(2) 
PARAMETRIC_REPRESENTATION_CONTEXT() REPRESENTATION_CONTEXT('2D SPACE',''
  ) );
#2725 = PCURVE('',#2726,#2731);
#2726 = CYLINDRICAL_SURFACE('',#2727,1.2);
#2727 = AXIS2_PLACEMENT_3D('',#2728,#2729,#2730);
#2728 = CARTESIAN_POINT('',(24.258330249198,-13.,113.86602540378));
#2729 = DIRECTION('',(-0.5,0.,0.866025403784));
#2730 = DIRECTION('',(0.612372435696,0.707106781187,0.353553390593));
#2731 = DEFINITIONAL_REPRESENTATION('',(#2732),#2736);
#2732 = LINE('',#2733,#2734);
#2733 = CARTESIAN_POINT('',(1.014653635757E-17,-5.));
#2734 = VECTOR('',#2735,1.);
#2735 = DIRECTION('',(1.,0.));
#2736 = ( GEOMETRIC_REPRESENTATION_CONTEXT(2) 
PARAMETRIC_REPRESENTATION_CONTEXT() REPRESENTATION_CONTEXT('2D SPACE',''
  ) );
#2737 = ORIENTED_EDGE('',*,*,#2738,.F.);
#2738 = EDGE_CURVE('',#2739,#2706,#2741,.T.);
#2739 = VERTEX_POINT('',#2740);
#2740 = CARTESIAN_POINT('',(27.755534133932,-15.84852813742,
    110.11163431615));
#2741 = SURFACE_CURVE('',#2742,(#2746,#2753),.PCURVE_S1.);
#2742 = LINE('',#2743,#2744);
#2743 = CARTESIAN_POINT('',(20.394318201764,-7.348528137424,
    105.86163431615));
#2744 = VECTOR('',#2745,1.);
#2745 = DIRECTION('',(-0.612372435696,0.707106781187,-0.353553390593));
#2746 = PCURVE('',#1641,#2747);
#2747 = DEFINITIONAL_REPRESENTATION('',(#2748),#2752);
#2748 = LINE('',#2749,#2750);
#2749 = CARTESIAN_POINT('',(5.651471862576,7.348528137424));
#2750 = VECTOR('',#2751,1.);
#2751 = DIRECTION('',(-0.707106781187,-0.707106781187));
#2752 = ( GEOMETRIC_REPRESENTATION_CONTEXT(2) 
PARAMETRIC_REPRESENTATION_CONTEXT() REPRESENTATION_CONTEXT('2D SPACE',''
  ) );
#2753 = PCURVE('',#2754,#2759);
#2754 = PLANE('',#2755);
#2755 = AXIS2_PLACEMENT_3D('',#2756,#2757,#2758);
#2756 = CARTESIAN_POINT('',(23.523483326363,-13.84852813742,
    113.44176133507));
#2757 = DIRECTION('',(-0.612372435696,-0.707106781187,-0.353553390593));
#2758 = DIRECTION('',(0.612372435696,-0.707106781187,0.353553390593));
#2759 = DEFINITIONAL_REPRESENTATION('',(#2760),#2764);
#2760 = LINE('',#2761,#2762);
#2761 = CARTESIAN_POINT('',(-9.192388155425,-5.));
#2762 = VECTOR('',#2763,1.);
#2763 = DIRECTION('',(-1.,2.52128310243E-17));
#2764 = ( GEOMETRIC_REPRESENTATION_CONTEXT(2) 
PARAMETRIC_REPRESENTATION_CONTEXT() REPRESENTATION_CONTEXT('2D SPACE',''
  ) );
#2765 = ORIENTED_EDGE('',*,*,#2766,.T.);
#2766 = EDGE_CURVE('',#2739,#2678,#2767,.T.);
#2767 = SURFACE_CURVE('',#2768,(#2773,#2784),.PCURVE_S1.);
#2768 = CIRCLE('',#2769,1.2);
#2769 = AXIS2_PLACEMENT_3D('',#2770,#2771,#2772);
#2770 = CARTESIAN_POINT('',(28.490381056767,-15.,110.53589838486));
#2771 = DIRECTION('',(-0.5,8.083067676342E-18,0.866025403784));
#2772 = DIRECTION('',(-0.612372435696,-0.707106781187,-0.353553390593));
#2773 = PCURVE('',#1641,#2774);
#2774 = DEFINITIONAL_REPRESENTATION('',(#2775),#2783);
#2775 = ( BOUNDED_CURVE() B_SPLINE_CURVE(2,(#2776,#2777,#2778,#2779,
#2780,#2781,#2782),.UNSPECIFIED.,.T.,.F.) B_SPLINE_CURVE_WITH_KNOTS((1,2
    ,2,2,2,1),(-2.094395102393,0.,2.094395102393,4.188790204786,
6.28318530718,8.377580409573),.UNSPECIFIED.) CURVE() 
GEOMETRIC_REPRESENTATION_ITEM() RATIONAL_B_SPLINE_CURVE((1.,0.5,1.,0.5,
1.,0.5,1.)) REPRESENTATION_ITEM('') );
#2776 = CARTESIAN_POINT('',(14.151471862576,15.848528137424));
#2777 = CARTESIAN_POINT('',(15.621165708246,17.318221983094));
#2778 = CARTESIAN_POINT('',(16.159110991547,15.310582854123));
#2779 = CARTESIAN_POINT('',(16.697056274848,13.302943725152));
#2780 = CARTESIAN_POINT('',(14.689417145877,13.840889008453));
#2781 = CARTESIAN_POINT('',(12.681778016906,14.378834291754));
#2782 = CARTESIAN_POINT('',(14.151471862576,15.848528137424));
#2783 = ( GEOMETRIC_REPRESENTATION_CONTEXT(2) 
PARAMETRIC_REPRESENTATION_CONTEXT() REPRESENTATION_CONTEXT('2D SPACE',''
  ) );
#2784 = PCURVE('',#2785,#2790);
#2785 = CYLINDRICAL_SURFACE('',#2786,1.2);
#2786 = AXIS2_PLACEMENT_3D('',#2787,#2788,#2789);
#2787 = CARTESIAN_POINT('',(25.990381056767,-15.,114.86602540378));
#2788 = DIRECTION('',(-0.5,0.,0.866025403784));
#2789 = DIRECTION('',(-0.612372435696,-0.707106781187,-0.353553390593));
#2790 = DEFINITIONAL_REPRESENTATION('',(#2791),#2795);
#2791 = LINE('',#2792,#2793);
#2792 = CARTESIAN_POINT('',(1.014653635757E-17,-5.));
#2793 = VECTOR('',#2794,1.);
#2794 = DIRECTION('',(1.,0.));
#2795 = ( GEOMETRIC_REPRESENTATION_CONTEXT(2) 
PARAMETRIC_REPRESENTATION_CONTEXT() REPRESENTATION_CONTEXT('2D SPACE',''
  ) );
#2796 = ADVANCED_FACE('',(#2797),#2754,.F.);
#2797 = FACE_BOUND('',#2798,.F.);
#2798 = EDGE_LOOP('',(#2799,#2829,#2850,#2851));
#2799 = ORIENTED_EDGE('',*,*,#2800,.T.);
#2800 = EDGE_CURVE('',#2801,#2803,#2805,.T.);
#2801 = VERTEX_POINT('',#2802);
#2802 = CARTESIAN_POINT('',(25.755534133932,-15.84852813742,
    113.57573593128));
#2803 = VERTEX_POINT('',#2804);
#2804 = CARTESIAN_POINT('',(24.023483326363,-13.84852813742,
    112.57573593128));
#2805 = SURFACE_CURVE('',#2806,(#2810,#2817),.PCURVE_S1.);
#2806 = LINE('',#2807,#2808);
#2807 = CARTESIAN_POINT('',(18.394318201764,-7.348528137424,
    109.32573593128));
#2808 = VECTOR('',#2809,1.);
#2809 = DIRECTION('',(-0.612372435696,0.707106781187,-0.353553390593));
#2810 = PCURVE('',#2754,#2811);
#2811 = DEFINITIONAL_REPRESENTATION('',(#2812),#2816);
#2812 = LINE('',#2813,#2814);
#2813 = CARTESIAN_POINT('',(-9.192388155425,-1.));
#2814 = VECTOR('',#2815,1.);
#2815 = DIRECTION('',(-1.,2.52128310243E-17));
#2816 = ( GEOMETRIC_REPRESENTATION_CONTEXT(2) 
PARAMETRIC_REPRESENTATION_CONTEXT() REPRESENTATION_CONTEXT('2D SPACE',''
  ) );
#2817 = PCURVE('',#2818,#2823);
#2818 = PLANE('',#2819);
#2819 = AXIS2_PLACEMENT_3D('',#2820,#2821,#2822);
#2820 = CARTESIAN_POINT('',(13.5,0.,106.5));
#2821 = DIRECTION('',(0.5,0.,-0.866025403784));
#2822 = DIRECTION('',(0.866025403784,0.,0.5));
#2823 = DEFINITIONAL_REPRESENTATION('',(#2824),#2828);
#2824 = LINE('',#2825,#2826);
#2825 = CARTESIAN_POINT('',(5.651471862576,7.348528137424));
#2826 = VECTOR('',#2827,1.);
#2827 = DIRECTION('',(-0.707106781187,-0.707106781187));
#2828 = ( GEOMETRIC_REPRESENTATION_CONTEXT(2) 
PARAMETRIC_REPRESENTATION_CONTEXT() REPRESENTATION_CONTEXT('2D SPACE',''
  ) );
#2829 = ORIENTED_EDGE('',*,*,#2830,.T.);
#2830 = EDGE_CURVE('',#2803,#2706,#2831,.T.);
#2831 = SURFACE_CURVE('',#2832,(#2836,#2843),.PCURVE_S1.);
#2832 = LINE('',#2833,#2834);
#2833 = CARTESIAN_POINT('',(23.523483326363,-13.84852813742,
    113.44176133507));
#2834 = VECTOR('',#2835,1.);
#2835 = DIRECTION('',(0.5,0.,-0.866025403784));
#2836 = PCURVE('',#2754,#2837);
#2837 = DEFINITIONAL_REPRESENTATION('',(#2838),#2842);
#2838 = LINE('',#2839,#2840);
#2839 = CARTESIAN_POINT('',(0.,0.));
#2840 = VECTOR('',#2841,1.);
#2841 = DIRECTION('',(8.072398225556E-17,-1.));
#2842 = ( GEOMETRIC_REPRESENTATION_CONTEXT(2) 
PARAMETRIC_REPRESENTATION_CONTEXT() REPRESENTATION_CONTEXT('2D SPACE',''
  ) );
#2843 = PCURVE('',#2726,#2844);
#2844 = DEFINITIONAL_REPRESENTATION('',(#2845),#2849);
#2845 = LINE('',#2846,#2847);
#2846 = CARTESIAN_POINT('',(3.14159265359,0.));
#2847 = VECTOR('',#2848,1.);
#2848 = DIRECTION('',(0.,-1.));
#2849 = ( GEOMETRIC_REPRESENTATION_CONTEXT(2) 
PARAMETRIC_REPRESENTATION_CONTEXT() REPRESENTATION_CONTEXT('2D SPACE',''
  ) );
#2850 = ORIENTED_EDGE('',*,*,#2738,.F.);
#2851 = ORIENTED_EDGE('',*,*,#2852,.F.);
#2852 = EDGE_CURVE('',#2801,#2739,#2853,.T.);
#2853 = SURFACE_CURVE('',#2854,(#2858,#2865),.PCURVE_S1.);
#2854 = LINE('',#2855,#2856);
#2855 = CARTESIAN_POINT('',(25.255534133932,-15.84852813742,
    114.44176133507));
#2856 = VECTOR('',#2857,1.);
#2857 = DIRECTION('',(0.5,0.,-0.866025403784));
#2858 = PCURVE('',#2754,#2859);
#2859 = DEFINITIONAL_REPRESENTATION('',(#2860),#2864);
#2860 = LINE('',#2861,#2862);
#2861 = CARTESIAN_POINT('',(2.828427124746,8.881784197001E-16));
#2862 = VECTOR('',#2863,1.);
#2863 = DIRECTION('',(8.072398225556E-17,-1.));
#2864 = ( GEOMETRIC_REPRESENTATION_CONTEXT(2) 
PARAMETRIC_REPRESENTATION_CONTEXT() REPRESENTATION_CONTEXT('2D SPACE',''
  ) );
#2865 = PCURVE('',#2785,#2866);
#2866 = DEFINITIONAL_REPRESENTATION('',(#2867),#2871);
#2867 = LINE('',#2868,#2869);
#2868 = CARTESIAN_POINT('',(0.,0.));
#2869 = VECTOR('',#2870,1.);
#2870 = DIRECTION('',(0.,-1.));
#2871 = ( GEOMETRIC_REPRESENTATION_CONTEXT(2) 
PARAMETRIC_REPRESENTATION_CONTEXT() REPRESENTATION_CONTEXT('2D SPACE',''
  ) );
#2872 = ADVANCED_FACE('',(#2873,#3059,#3163,#3267,#3371,#3465),#2818,.F.
  );
#2873 = FACE_BOUND('',#2874,.F.);
#2874 = EDGE_LOOP('',(#2875,#2900,#2923,#2946,#2969,#2992,#3015,#3038));
#2875 = ORIENTED_EDGE('',*,*,#2876,.T.);
#2876 = EDGE_CURVE('',#2877,#2879,#2881,.T.);
#2877 = VERTEX_POINT('',#2878);
#2878 = CARTESIAN_POINT('',(3.107695154587,-18.,100.5));
#2879 = VERTEX_POINT('',#2880);
#2880 = CARTESIAN_POINT('',(-3.820508075689,-18.,96.5));
#2881 = SURFACE_CURVE('',#2882,(#2886,#2893),.PCURVE_S1.);
#2882 = LINE('',#2883,#2884);
#2883 = CARTESIAN_POINT('',(3.107695154587,-18.,100.5));
#2884 = VECTOR('',#2885,1.);
#2885 = DIRECTION('',(-0.866025403784,0.,-0.5));
#2886 = PCURVE('',#2818,#2887);
#2887 = DEFINITIONAL_REPRESENTATION('',(#2888),#2892);
#2888 = LINE('',#2889,#2890);
#2889 = CARTESIAN_POINT('',(-12.,18.));
#2890 = VECTOR('',#2891,1.);
#2891 = DIRECTION('',(-1.,-0.));
#2892 = ( GEOMETRIC_REPRESENTATION_CONTEXT(2) 
PARAMETRIC_REPRESENTATION_CONTEXT() REPRESENTATION_CONTEXT('2D SPACE',''
  ) );
#2893 = PCURVE('',#443,#2894);
#2894 = DEFINITIONAL_REPRESENTATION('',(#2895),#2899);
#2895 = LINE('',#2896,#2897);
#2896 = CARTESIAN_POINT('',(-39.37944231259,26.231904482723));
#2897 = VECTOR('',#2898,1.);
#2898 = DIRECTION('',(0.5,-0.866025403784));
#2899 = ( GEOMETRIC_REPRESENTATION_CONTEXT(2) 
PARAMETRIC_REPRESENTATION_CONTEXT() REPRESENTATION_CONTEXT('2D SPACE',''
  ) );
#2900 = ORIENTED_EDGE('',*,*,#2901,.T.);
#2901 = EDGE_CURVE('',#2879,#2902,#2904,.T.);
#2902 = VERTEX_POINT('',#2903);
#2903 = CARTESIAN_POINT('',(-3.820508075689,18.,96.5));
#2904 = SURFACE_CURVE('',#2905,(#2909,#2916),.PCURVE_S1.);
#2905 = LINE('',#2906,#2907);
#2906 = CARTESIAN_POINT('',(-3.820508075689,-20.,96.5));
#2907 = VECTOR('',#2908,1.);
#2908 = DIRECTION('',(0.,1.,0.));
#2909 = PCURVE('',#2818,#2910);
#2910 = DEFINITIONAL_REPRESENTATION('',(#2911),#2915);
#2911 = LINE('',#2912,#2913);
#2912 = CARTESIAN_POINT('',(-20.,20.));
#2913 = VECTOR('',#2914,1.);
#2914 = DIRECTION('',(0.,-1.));
#2915 = ( GEOMETRIC_REPRESENTATION_CONTEXT(2) 
PARAMETRIC_REPRESENTATION_CONTEXT() REPRESENTATION_CONTEXT('2D SPACE',''
  ) );
#2916 = PCURVE('',#2153,#2917);
#2917 = DEFINITIONAL_REPRESENTATION('',(#2918),#2922);
#2918 = LINE('',#2919,#2920);
#2919 = CARTESIAN_POINT('',(0.,0.));
#2920 = VECTOR('',#2921,1.);
#2921 = DIRECTION('',(1.,0.));
#2922 = ( GEOMETRIC_REPRESENTATION_CONTEXT(2) 
PARAMETRIC_REPRESENTATION_CONTEXT() REPRESENTATION_CONTEXT('2D SPACE',''
  ) );
#2923 = ORIENTED_EDGE('',*,*,#2924,.T.);
#2924 = EDGE_CURVE('',#2902,#2925,#2927,.T.);
#2925 = VERTEX_POINT('',#2926);
#2926 = CARTESIAN_POINT('',(3.107695154587,18.,100.5));
#2927 = SURFACE_CURVE('',#2928,(#2932,#2939),.PCURVE_S1.);
#2928 = LINE('',#2929,#2930);
#2929 = CARTESIAN_POINT('',(-3.820508075689,18.,96.5));
#2930 = VECTOR('',#2931,1.);
#2931 = DIRECTION('',(0.866025403784,0.,0.5));
#2932 = PCURVE('',#2818,#2933);
#2933 = DEFINITIONAL_REPRESENTATION('',(#2934),#2938);
#2934 = LINE('',#2935,#2936);
#2935 = CARTESIAN_POINT('',(-20.,-18.));
#2936 = VECTOR('',#2937,1.);
#2937 = DIRECTION('',(1.,0.));
#2938 = ( GEOMETRIC_REPRESENTATION_CONTEXT(2) 
PARAMETRIC_REPRESENTATION_CONTEXT() REPRESENTATION_CONTEXT('2D SPACE',''
  ) );
#2939 = PCURVE('',#392,#2940);
#2940 = DEFINITIONAL_REPRESENTATION('',(#2941),#2945);
#2941 = LINE('',#2942,#2943);
#2942 = CARTESIAN_POINT('',(-35.37944231259,19.303701252447));
#2943 = VECTOR('',#2944,1.);
#2944 = DIRECTION('',(-0.5,0.866025403784));
#2945 = ( GEOMETRIC_REPRESENTATION_CONTEXT(2) 
PARAMETRIC_REPRESENTATION_CONTEXT() REPRESENTATION_CONTEXT('2D SPACE',''
  ) );
#2946 = ORIENTED_EDGE('',*,*,#2947,.F.);
#2947 = EDGE_CURVE('',#2948,#2925,#2950,.T.);
#2948 = VERTEX_POINT('',#2949);
#2949 = CARTESIAN_POINT('',(3.107695154587,20.,100.5));
#2950 = SURFACE_CURVE('',#2951,(#2955,#2962),.PCURVE_S1.);
#2951 = LINE('',#2952,#2953);
#2952 = CARTESIAN_POINT('',(3.107695154587,9.,100.5));
#2953 = VECTOR('',#2954,1.);
#2954 = DIRECTION('',(0.,-1.,0.));
#2955 = PCURVE('',#2818,#2956);
#2956 = DEFINITIONAL_REPRESENTATION('',(#2957),#2961);
#2957 = LINE('',#2958,#2959);
#2958 = CARTESIAN_POINT('',(-12.,-9.));
#2959 = VECTOR('',#2960,1.);
#2960 = DIRECTION('',(0.,1.));
#2961 = ( GEOMETRIC_REPRESENTATION_CONTEXT(2) 
PARAMETRIC_REPRESENTATION_CONTEXT() REPRESENTATION_CONTEXT('2D SPACE',''
  ) );
#2962 = PCURVE('',#1888,#2963);
#2963 = DEFINITIONAL_REPRESENTATION('',(#2964),#2968);
#2964 = LINE('',#2965,#2966);
#2965 = CARTESIAN_POINT('',(1.,-9.));
#2966 = VECTOR('',#2967,1.);
#2967 = DIRECTION('',(0.,-1.));
#2968 = ( GEOMETRIC_REPRESENTATION_CONTEXT(2) 
PARAMETRIC_REPRESENTATION_CONTEXT() REPRESENTATION_CONTEXT('2D SPACE',''
  ) );
#2969 = ORIENTED_EDGE('',*,*,#2970,.T.);
#2970 = EDGE_CURVE('',#2948,#2971,#2973,.T.);
#2971 = VERTEX_POINT('',#2972);
#2972 = CARTESIAN_POINT('',(30.820508075689,20.,116.5));
#2973 = SURFACE_CURVE('',#2974,(#2978,#2985),.PCURVE_S1.);
#2974 = LINE('',#2975,#2976);
#2975 = CARTESIAN_POINT('',(-3.820508075689,20.,96.5));
#2976 = VECTOR('',#2977,1.);
#2977 = DIRECTION('',(0.866025403784,0.,0.5));
#2978 = PCURVE('',#2818,#2979);
#2979 = DEFINITIONAL_REPRESENTATION('',(#2980),#2984);
#2980 = LINE('',#2981,#2982);
#2981 = CARTESIAN_POINT('',(-20.,-20.));
#2982 = VECTOR('',#2983,1.);
#2983 = DIRECTION('',(1.,0.));
#2984 = ( GEOMETRIC_REPRESENTATION_CONTEXT(2) 
PARAMETRIC_REPRESENTATION_CONTEXT() REPRESENTATION_CONTEXT('2D SPACE',''
  ) );
#2985 = PCURVE('',#1916,#2986);
#2986 = DEFINITIONAL_REPRESENTATION('',(#2987),#2991);
#2987 = LINE('',#2988,#2989);
#2988 = CARTESIAN_POINT('',(0.,0.));
#2989 = VECTOR('',#2990,1.);
#2990 = DIRECTION('',(1.,-1.487416814334E-17));
#2991 = ( GEOMETRIC_REPRESENTATION_CONTEXT(2) 
PARAMETRIC_REPRESENTATION_CONTEXT() REPRESENTATION_CONTEXT('2D SPACE',''
  ) );
#2992 = ORIENTED_EDGE('',*,*,#2993,.T.);
#2993 = EDGE_CURVE('',#2971,#2994,#2996,.T.);
#2994 = VERTEX_POINT('',#2995);
#2995 = CARTESIAN_POINT('',(30.820508075689,-20.,116.5));
#2996 = SURFACE_CURVE('',#2997,(#3001,#3008),.PCURVE_S1.);
#2997 = LINE('',#2998,#2999);
#2998 = CARTESIAN_POINT('',(30.820508075689,20.,116.5));
#2999 = VECTOR('',#3000,1.);
#3000 = DIRECTION('',(0.,-1.,0.));
#3001 = PCURVE('',#2818,#3002);
#3002 = DEFINITIONAL_REPRESENTATION('',(#3003),#3007);
#3003 = LINE('',#3004,#3005);
#3004 = CARTESIAN_POINT('',(20.,-20.));
#3005 = VECTOR('',#3006,1.);
#3006 = DIRECTION('',(0.,1.));
#3007 = ( GEOMETRIC_REPRESENTATION_CONTEXT(2) 
PARAMETRIC_REPRESENTATION_CONTEXT() REPRESENTATION_CONTEXT('2D SPACE',''
  ) );
#3008 = PCURVE('',#1944,#3009);
#3009 = DEFINITIONAL_REPRESENTATION('',(#3010),#3014);
#3010 = LINE('',#3011,#3012);
#3011 = CARTESIAN_POINT('',(0.,0.));
#3012 = VECTOR('',#3013,1.);
#3013 = DIRECTION('',(1.,0.));
#3014 = ( GEOMETRIC_REPRESENTATION_CONTEXT(2) 
PARAMETRIC_REPRESENTATION_CONTEXT() REPRESENTATION_CONTEXT('2D SPACE',''
  ) );
#3015 = ORIENTED_EDGE('',*,*,#3016,.T.);
#3016 = EDGE_CURVE('',#2994,#3017,#3019,.T.);
#3017 = VERTEX_POINT('',#3018);
#3018 = CARTESIAN_POINT('',(3.107695154587,-20.,100.5));
#3019 = SURFACE_CURVE('',#3020,(#3024,#3031),.PCURVE_S1.);
#3020 = LINE('',#3021,#3022);
#3021 = CARTESIAN_POINT('',(30.820508075689,-20.,116.5));
#3022 = VECTOR('',#3023,1.);
#3023 = DIRECTION('',(-0.866025403784,0.,-0.5));
#3024 = PCURVE('',#2818,#3025);
#3025 = DEFINITIONAL_REPRESENTATION('',(#3026),#3030);
#3026 = LINE('',#3027,#3028);
#3027 = CARTESIAN_POINT('',(20.,20.));
#3028 = VECTOR('',#3029,1.);
#3029 = DIRECTION('',(-1.,-0.));
#3030 = ( GEOMETRIC_REPRESENTATION_CONTEXT(2) 
PARAMETRIC_REPRESENTATION_CONTEXT() REPRESENTATION_CONTEXT('2D SPACE',''
  ) );
#3031 = PCURVE('',#1972,#3032);
#3032 = DEFINITIONAL_REPRESENTATION('',(#3033),#3037);
#3033 = LINE('',#3034,#3035);
#3034 = CARTESIAN_POINT('',(0.,0.));
#3035 = VECTOR('',#3036,1.);
#3036 = DIRECTION('',(1.,1.487416814334E-17));
#3037 = ( GEOMETRIC_REPRESENTATION_CONTEXT(2) 
PARAMETRIC_REPRESENTATION_CONTEXT() REPRESENTATION_CONTEXT('2D SPACE',''
  ) );
#3038 = ORIENTED_EDGE('',*,*,#3039,.F.);
#3039 = EDGE_CURVE('',#2877,#3017,#3040,.T.);
#3040 = SURFACE_CURVE('',#3041,(#3045,#3052),.PCURVE_S1.);
#3041 = LINE('',#3042,#3043);
#3042 = CARTESIAN_POINT('',(3.107695154587,-11.5,100.5));
#3043 = VECTOR('',#3044,1.);
#3044 = DIRECTION('',(0.,-1.,0.));
#3045 = PCURVE('',#2818,#3046);
#3046 = DEFINITIONAL_REPRESENTATION('',(#3047),#3051);
#3047 = LINE('',#3048,#3049);
#3048 = CARTESIAN_POINT('',(-12.,11.5));
#3049 = VECTOR('',#3050,1.);
#3050 = DIRECTION('',(0.,1.));
#3051 = ( GEOMETRIC_REPRESENTATION_CONTEXT(2) 
PARAMETRIC_REPRESENTATION_CONTEXT() REPRESENTATION_CONTEXT('2D SPACE',''
  ) );
#3052 = PCURVE('',#2000,#3053);
#3053 = DEFINITIONAL_REPRESENTATION('',(#3054),#3058);
#3054 = LINE('',#3055,#3056);
#3055 = CARTESIAN_POINT('',(1.,11.5));
#3056 = VECTOR('',#3057,1.);
#3057 = DIRECTION('',(0.,-1.));
#3058 = ( GEOMETRIC_REPRESENTATION_CONTEXT(2) 
PARAMETRIC_REPRESENTATION_CONTEXT() REPRESENTATION_CONTEXT('2D SPACE',''
  ) );
#3059 = FACE_BOUND('',#3060,.F.);
#3060 = EDGE_LOOP('',(#3061,#3086,#3114,#3137));
#3061 = ORIENTED_EDGE('',*,*,#3062,.F.);
#3062 = EDGE_CURVE('',#3063,#3065,#3067,.T.);
#3063 = VERTEX_POINT('',#3064);
#3064 = CARTESIAN_POINT('',(1.244465866068,15.848528137424,
    99.424264068712));
#3065 = VERTEX_POINT('',#3066);
#3066 = CARTESIAN_POINT('',(2.976516673637,13.848528137424,
    100.42426406871));
#3067 = SURFACE_CURVE('',#3068,(#3072,#3079),.PCURVE_S1.);
#3068 = LINE('',#3069,#3070);
#3069 = CARTESIAN_POINT('',(8.605681798236,7.348528137424,
    103.67426406871));
#3070 = VECTOR('',#3071,1.);
#3071 = DIRECTION('',(0.612372435696,-0.707106781187,0.353553390593));
#3072 = PCURVE('',#2818,#3073);
#3073 = DEFINITIONAL_REPRESENTATION('',(#3074),#3078);
#3074 = LINE('',#3075,#3076);
#3075 = CARTESIAN_POINT('',(-5.651471862576,-7.348528137424));
#3076 = VECTOR('',#3077,1.);
#3077 = DIRECTION('',(0.707106781187,0.707106781187));
#3078 = ( GEOMETRIC_REPRESENTATION_CONTEXT(2) 
PARAMETRIC_REPRESENTATION_CONTEXT() REPRESENTATION_CONTEXT('2D SPACE',''
  ) );
#3079 = PCURVE('',#2207,#3080);
#3080 = DEFINITIONAL_REPRESENTATION('',(#3081),#3085);
#3081 = LINE('',#3082,#3083);
#3082 = CARTESIAN_POINT('',(-9.192388155425,-1.));
#3083 = VECTOR('',#3084,1.);
#3084 = DIRECTION('',(-1.,-2.52128310243E-17));
#3085 = ( GEOMETRIC_REPRESENTATION_CONTEXT(2) 
PARAMETRIC_REPRESENTATION_CONTEXT() REPRESENTATION_CONTEXT('2D SPACE',''
  ) );
#3086 = ORIENTED_EDGE('',*,*,#3087,.T.);
#3087 = EDGE_CURVE('',#3063,#3088,#3090,.T.);
#3088 = VERTEX_POINT('',#3089);
#3089 = CARTESIAN_POINT('',(-0.225227979602,14.151471862576,
    98.575735931288));
#3090 = SURFACE_CURVE('',#3091,(#3096,#3107),.PCURVE_S1.);
#3091 = CIRCLE('',#3092,1.2);
#3092 = AXIS2_PLACEMENT_3D('',#3093,#3094,#3095);
#3093 = CARTESIAN_POINT('',(0.509618943233,15.,99.));
#3094 = DIRECTION('',(-0.5,8.083067676342E-18,0.866025403784));
#3095 = DIRECTION('',(0.612372435696,0.707106781187,0.353553390593));
#3096 = PCURVE('',#2818,#3097);
#3097 = DEFINITIONAL_REPRESENTATION('',(#3098),#3106);
#3098 = ( BOUNDED_CURVE() B_SPLINE_CURVE(2,(#3099,#3100,#3101,#3102,
#3103,#3104,#3105),.UNSPECIFIED.,.T.,.F.) B_SPLINE_CURVE_WITH_KNOTS((1,2
    ,2,2,2,1),(-2.094395102393,0.,2.094395102393,4.188790204786,
6.28318530718,8.377580409573),.UNSPECIFIED.) CURVE() 
GEOMETRIC_REPRESENTATION_ITEM() RATIONAL_B_SPLINE_CURVE((1.,0.5,1.,0.5,
1.,0.5,1.)) REPRESENTATION_ITEM('') );
#3099 = CARTESIAN_POINT('',(-14.15147186257,-15.84852813742));
#3100 = CARTESIAN_POINT('',(-15.62116570824,-17.31822198309));
#3101 = CARTESIAN_POINT('',(-16.15911099154,-15.31058285412));
#3102 = CARTESIAN_POINT('',(-16.69705627484,-13.30294372515));
#3103 = CARTESIAN_POINT('',(-14.68941714587,-13.84088900845));
#3104 = CARTESIAN_POINT('',(-12.6817780169,-14.37883429175));
#3105 = CARTESIAN_POINT('',(-14.15147186257,-15.84852813742));
#3106 = ( GEOMETRIC_REPRESENTATION_CONTEXT(2) 
PARAMETRIC_REPRESENTATION_CONTEXT() REPRESENTATION_CONTEXT('2D SPACE',''
  ) );
#3107 = PCURVE('',#2240,#3108);
#3108 = DEFINITIONAL_REPRESENTATION('',(#3109),#3113);
#3109 = LINE('',#3110,#3111);
#3110 = CARTESIAN_POINT('',(1.014653635757E-17,-1.));
#3111 = VECTOR('',#3112,1.);
#3112 = DIRECTION('',(1.,0.));
#3113 = ( GEOMETRIC_REPRESENTATION_CONTEXT(2) 
PARAMETRIC_REPRESENTATION_CONTEXT() REPRESENTATION_CONTEXT('2D SPACE',''
  ) );
#3114 = ORIENTED_EDGE('',*,*,#3115,.F.);
#3115 = EDGE_CURVE('',#3116,#3088,#3118,.T.);
#3116 = VERTEX_POINT('',#3117);
#3117 = CARTESIAN_POINT('',(1.506822827967,12.151471862576,
    99.575735931288));
#3118 = SURFACE_CURVE('',#3119,(#3123,#3130),.PCURVE_S1.);
#3119 = LINE('',#3120,#3121);
#3120 = CARTESIAN_POINT('',(6.269962548782,6.651471862576,
    102.32573593128));
#3121 = VECTOR('',#3122,1.);
#3122 = DIRECTION('',(-0.612372435696,0.707106781187,-0.353553390593));
#3123 = PCURVE('',#2818,#3124);
#3124 = DEFINITIONAL_REPRESENTATION('',(#3125),#3129);
#3125 = LINE('',#3126,#3127);
#3126 = CARTESIAN_POINT('',(-8.348528137424,-6.651471862576));
#3127 = VECTOR('',#3128,1.);
#3128 = DIRECTION('',(-0.707106781187,-0.707106781187));
#3129 = ( GEOMETRIC_REPRESENTATION_CONTEXT(2) 
PARAMETRIC_REPRESENTATION_CONTEXT() REPRESENTATION_CONTEXT('2D SPACE',''
  ) );
#3130 = PCURVE('',#2268,#3131);
#3131 = DEFINITIONAL_REPRESENTATION('',(#3132),#3136);
#3132 = LINE('',#3133,#3134);
#3133 = CARTESIAN_POINT('',(10.606601717798,-1.));
#3134 = VECTOR('',#3135,1.);
#3135 = DIRECTION('',(-1.,2.52128310243E-17));
#3136 = ( GEOMETRIC_REPRESENTATION_CONTEXT(2) 
PARAMETRIC_REPRESENTATION_CONTEXT() REPRESENTATION_CONTEXT('2D SPACE',''
  ) );
#3137 = ORIENTED_EDGE('',*,*,#3138,.T.);
#3138 = EDGE_CURVE('',#3116,#3065,#3139,.T.);
#3139 = SURFACE_CURVE('',#3140,(#3145,#3156),.PCURVE_S1.);
#3140 = CIRCLE('',#3141,1.2);
#3141 = AXIS2_PLACEMENT_3D('',#3142,#3143,#3144);
#3142 = CARTESIAN_POINT('',(2.241669750802,13.,100.));
#3143 = DIRECTION('',(-0.5,8.083067676342E-18,0.866025403784));
#3144 = DIRECTION('',(-0.612372435696,-0.707106781187,-0.353553390593));
#3145 = PCURVE('',#2818,#3146);
#3146 = DEFINITIONAL_REPRESENTATION('',(#3147),#3155);
#3147 = ( BOUNDED_CURVE() B_SPLINE_CURVE(2,(#3148,#3149,#3150,#3151,
#3152,#3153,#3154),.UNSPECIFIED.,.T.,.F.) B_SPLINE_CURVE_WITH_KNOTS((1,2
    ,2,2,2,1),(-2.094395102393,0.,2.094395102393,4.188790204786,
6.28318530718,8.377580409573),.UNSPECIFIED.) CURVE() 
GEOMETRIC_REPRESENTATION_ITEM() RATIONAL_B_SPLINE_CURVE((1.,0.5,1.,0.5,
1.,0.5,1.)) REPRESENTATION_ITEM('') );
#3148 = CARTESIAN_POINT('',(-13.84852813742,-12.15147186257));
#3149 = CARTESIAN_POINT('',(-12.37883429175,-10.6817780169));
#3150 = CARTESIAN_POINT('',(-11.84088900845,-12.68941714587));
#3151 = CARTESIAN_POINT('',(-11.30294372515,-14.69705627484));
#3152 = CARTESIAN_POINT('',(-13.31058285412,-14.15911099154));
#3153 = CARTESIAN_POINT('',(-15.31822198309,-13.62116570824));
#3154 = CARTESIAN_POINT('',(-13.84852813742,-12.15147186257));
#3155 = ( GEOMETRIC_REPRESENTATION_CONTEXT(2) 
PARAMETRIC_REPRESENTATION_CONTEXT() REPRESENTATION_CONTEXT('2D SPACE',''
  ) );
#3156 = PCURVE('',#2299,#3157);
#3157 = DEFINITIONAL_REPRESENTATION('',(#3158),#3162);
#3158 = LINE('',#3159,#3160);
#3159 = CARTESIAN_POINT('',(1.014653635757E-17,-1.));
#3160 = VECTOR('',#3161,1.);
#3161 = DIRECTION('',(1.,0.));
#3162 = ( GEOMETRIC_REPRESENTATION_CONTEXT(2) 
PARAMETRIC_REPRESENTATION_CONTEXT() REPRESENTATION_CONTEXT('2D SPACE',''
  ) );
#3163 = FACE_BOUND('',#3164,.F.);
#3164 = EDGE_LOOP('',(#3165,#3190,#3218,#3241));
#3165 = ORIENTED_EDGE('',*,*,#3166,.F.);
#3166 = EDGE_CURVE('',#3167,#3169,#3171,.T.);
#3167 = VERTEX_POINT('',#3168);
#3168 = CARTESIAN_POINT('',(27.225227979602,14.151471862576,
    114.42426406871));
#3169 = VERTEX_POINT('',#3170);
#3170 = CARTESIAN_POINT('',(25.493177172033,12.151471862576,
    113.42426406871));
#3171 = SURFACE_CURVE('',#3172,(#3176,#3183),.PCURVE_S1.);
#3172 = LINE('',#3173,#3174);
#3173 = CARTESIAN_POINT('',(19.864012047434,5.651471862576,
    110.17426406871));
#3174 = VECTOR('',#3175,1.);
#3175 = DIRECTION('',(-0.612372435696,-0.707106781187,-0.353553390593));
#3176 = PCURVE('',#2818,#3177);
#3177 = DEFINITIONAL_REPRESENTATION('',(#3178),#3182);
#3178 = LINE('',#3179,#3180);
#3179 = CARTESIAN_POINT('',(7.348528137424,-5.651471862576));
#3180 = VECTOR('',#3181,1.);
#3181 = DIRECTION('',(-0.707106781187,0.707106781187));
#3182 = ( GEOMETRIC_REPRESENTATION_CONTEXT(2) 
PARAMETRIC_REPRESENTATION_CONTEXT() REPRESENTATION_CONTEXT('2D SPACE',''
  ) );
#3183 = PCURVE('',#2331,#3184);
#3184 = DEFINITIONAL_REPRESENTATION('',(#3185),#3189);
#3185 = LINE('',#3186,#3187);
#3186 = CARTESIAN_POINT('',(-9.192388155425,-1.));
#3187 = VECTOR('',#3188,1.);
#3188 = DIRECTION('',(-1.,2.52128310243E-17));
#3189 = ( GEOMETRIC_REPRESENTATION_CONTEXT(2) 
PARAMETRIC_REPRESENTATION_CONTEXT() REPRESENTATION_CONTEXT('2D SPACE',''
  ) );
#3190 = ORIENTED_EDGE('',*,*,#3191,.T.);
#3191 = EDGE_CURVE('',#3167,#3192,#3194,.T.);
#3192 = VERTEX_POINT('',#3193);
#3193 = CARTESIAN_POINT('',(25.755534133932,15.848528137424,
    113.57573593128));
#3194 = SURFACE_CURVE('',#3195,(#3200,#3211),.PCURVE_S1.);
#3195 = CIRCLE('',#3196,1.2);
#3196 = AXIS2_PLACEMENT_3D('',#3197,#3198,#3199);
#3197 = CARTESIAN_POINT('',(26.490381056767,15.,114.));
#3198 = DIRECTION('',(-0.5,3.691045839625E-17,0.866025403784));
#3199 = DIRECTION('',(0.612372435696,-0.707106781187,0.353553390593));
#3200 = PCURVE('',#2818,#3201);
#3201 = DEFINITIONAL_REPRESENTATION('',(#3202),#3210);
#3202 = ( BOUNDED_CURVE() B_SPLINE_CURVE(2,(#3203,#3204,#3205,#3206,
#3207,#3208,#3209),.UNSPECIFIED.,.T.,.F.) B_SPLINE_CURVE_WITH_KNOTS((1,2
    ,2,2,2,1),(-2.094395102393,0.,2.094395102393,4.188790204786,
6.28318530718,8.377580409573),.UNSPECIFIED.) CURVE() 
GEOMETRIC_REPRESENTATION_ITEM() RATIONAL_B_SPLINE_CURVE((1.,0.5,1.,0.5,
1.,0.5,1.)) REPRESENTATION_ITEM('') );
#3203 = CARTESIAN_POINT('',(15.848528137424,-14.15147186257));
#3204 = CARTESIAN_POINT('',(17.318221983094,-15.62116570824));
#3205 = CARTESIAN_POINT('',(15.310582854123,-16.15911099154));
#3206 = CARTESIAN_POINT('',(13.302943725152,-16.69705627484));
#3207 = CARTESIAN_POINT('',(13.840889008453,-14.68941714587));
#3208 = CARTESIAN_POINT('',(14.378834291754,-12.6817780169));
#3209 = CARTESIAN_POINT('',(15.848528137424,-14.15147186257));
#3210 = ( GEOMETRIC_REPRESENTATION_CONTEXT(2) 
PARAMETRIC_REPRESENTATION_CONTEXT() REPRESENTATION_CONTEXT('2D SPACE',''
  ) );
#3211 = PCURVE('',#2364,#3212);
#3212 = DEFINITIONAL_REPRESENTATION('',(#3213),#3217);
#3213 = LINE('',#3214,#3215);
#3214 = CARTESIAN_POINT('',(0.,-1.));
#3215 = VECTOR('',#3216,1.);
#3216 = DIRECTION('',(1.,0.));
#3217 = ( GEOMETRIC_REPRESENTATION_CONTEXT(2) 
PARAMETRIC_REPRESENTATION_CONTEXT() REPRESENTATION_CONTEXT('2D SPACE',''
  ) );
#3218 = ORIENTED_EDGE('',*,*,#3219,.F.);
#3219 = EDGE_CURVE('',#3220,#3192,#3222,.T.);
#3220 = VERTEX_POINT('',#3221);
#3221 = CARTESIAN_POINT('',(24.023483326363,13.848528137424,
    112.57573593128));
#3222 = SURFACE_CURVE('',#3223,(#3227,#3234),.PCURVE_S1.);
#3223 = LINE('',#3224,#3225);
#3224 = CARTESIAN_POINT('',(19.260343605548,8.348528137424,
    109.82573593128));
#3225 = VECTOR('',#3226,1.);
#3226 = DIRECTION('',(0.612372435696,0.707106781187,0.353553390593));
#3227 = PCURVE('',#2818,#3228);
#3228 = DEFINITIONAL_REPRESENTATION('',(#3229),#3233);
#3229 = LINE('',#3230,#3231);
#3230 = CARTESIAN_POINT('',(6.651471862576,-8.348528137424));
#3231 = VECTOR('',#3232,1.);
#3232 = DIRECTION('',(0.707106781187,-0.707106781187));
#3233 = ( GEOMETRIC_REPRESENTATION_CONTEXT(2) 
PARAMETRIC_REPRESENTATION_CONTEXT() REPRESENTATION_CONTEXT('2D SPACE',''
  ) );
#3234 = PCURVE('',#2392,#3235);
#3235 = DEFINITIONAL_REPRESENTATION('',(#3236),#3240);
#3236 = LINE('',#3237,#3238);
#3237 = CARTESIAN_POINT('',(10.606601717798,-1.));
#3238 = VECTOR('',#3239,1.);
#3239 = DIRECTION('',(-1.,-2.52128310243E-17));
#3240 = ( GEOMETRIC_REPRESENTATION_CONTEXT(2) 
PARAMETRIC_REPRESENTATION_CONTEXT() REPRESENTATION_CONTEXT('2D SPACE',''
  ) );
#3241 = ORIENTED_EDGE('',*,*,#3242,.T.);
#3242 = EDGE_CURVE('',#3220,#3169,#3243,.T.);
#3243 = SURFACE_CURVE('',#3244,(#3249,#3260),.PCURVE_S1.);
#3244 = CIRCLE('',#3245,1.2);
#3245 = AXIS2_PLACEMENT_3D('',#3246,#3247,#3248);
#3246 = CARTESIAN_POINT('',(24.758330249198,13.,113.));
#3247 = DIRECTION('',(-0.5,3.691045839625E-17,0.866025403784));
#3248 = DIRECTION('',(-0.612372435696,0.707106781187,-0.353553390593));
#3249 = PCURVE('',#2818,#3250);
#3250 = DEFINITIONAL_REPRESENTATION('',(#3251),#3259);
#3251 = ( BOUNDED_CURVE() B_SPLINE_CURVE(2,(#3252,#3253,#3254,#3255,
#3256,#3257,#3258),.UNSPECIFIED.,.T.,.F.) B_SPLINE_CURVE_WITH_KNOTS((1,2
    ,2,2,2,1),(-2.094395102393,0.,2.094395102393,4.188790204786,
6.28318530718,8.377580409573),.UNSPECIFIED.) CURVE() 
GEOMETRIC_REPRESENTATION_ITEM() RATIONAL_B_SPLINE_CURVE((1.,0.5,1.,0.5,
1.,0.5,1.)) REPRESENTATION_ITEM('') );
#3252 = CARTESIAN_POINT('',(12.151471862576,-13.84852813742));
#3253 = CARTESIAN_POINT('',(10.681778016906,-12.37883429175));
#3254 = CARTESIAN_POINT('',(12.689417145877,-11.84088900845));
#3255 = CARTESIAN_POINT('',(14.697056274848,-11.30294372515));
#3256 = CARTESIAN_POINT('',(14.159110991547,-13.31058285412));
#3257 = CARTESIAN_POINT('',(13.621165708246,-15.31822198309));
#3258 = CARTESIAN_POINT('',(12.151471862576,-13.84852813742));
#3259 = ( GEOMETRIC_REPRESENTATION_CONTEXT(2) 
PARAMETRIC_REPRESENTATION_CONTEXT() REPRESENTATION_CONTEXT('2D SPACE',''
  ) );
#3260 = PCURVE('',#2423,#3261);
#3261 = DEFINITIONAL_REPRESENTATION('',(#3262),#3266);
#3262 = LINE('',#3263,#3264);
#3263 = CARTESIAN_POINT('',(0.,-1.));
#3264 = VECTOR('',#3265,1.);
#3265 = DIRECTION('',(1.,0.));
#3266 = ( GEOMETRIC_REPRESENTATION_CONTEXT(2) 
PARAMETRIC_REPRESENTATION_CONTEXT() REPRESENTATION_CONTEXT('2D SPACE',''
  ) );
#3267 = FACE_BOUND('',#3268,.F.);
#3268 = EDGE_LOOP('',(#3269,#3294,#3322,#3345));
#3269 = ORIENTED_EDGE('',*,*,#3270,.F.);
#3270 = EDGE_CURVE('',#3271,#3273,#3275,.T.);
#3271 = VERTEX_POINT('',#3272);
#3272 = CARTESIAN_POINT('',(2.976516673637,-13.84852813742,
    100.42426406871));
#3273 = VERTEX_POINT('',#3274);
#3274 = CARTESIAN_POINT('',(1.244465866068,-15.84852813742,
    99.424264068712));
#3275 = SURFACE_CURVE('',#3276,(#3280,#3287),.PCURVE_S1.);
#3276 = LINE('',#3277,#3278);
#3277 = CARTESIAN_POINT('',(7.739656394452,-8.348528137424,
    103.17426406871));
#3278 = VECTOR('',#3279,1.);
#3279 = DIRECTION('',(-0.612372435696,-0.707106781187,-0.353553390593));
#3280 = PCURVE('',#2818,#3281);
#3281 = DEFINITIONAL_REPRESENTATION('',(#3282),#3286);
#3282 = LINE('',#3283,#3284);
#3283 = CARTESIAN_POINT('',(-6.651471862576,8.348528137424));
#3284 = VECTOR('',#3285,1.);
#3285 = DIRECTION('',(-0.707106781187,0.707106781187));
#3286 = ( GEOMETRIC_REPRESENTATION_CONTEXT(2) 
PARAMETRIC_REPRESENTATION_CONTEXT() REPRESENTATION_CONTEXT('2D SPACE',''
  ) );
#3287 = PCURVE('',#2569,#3288);
#3288 = DEFINITIONAL_REPRESENTATION('',(#3289),#3293);
#3289 = LINE('',#3290,#3291);
#3290 = CARTESIAN_POINT('',(10.606601717798,-1.));
#3291 = VECTOR('',#3292,1.);
#3292 = DIRECTION('',(-1.,2.52128310243E-17));
#3293 = ( GEOMETRIC_REPRESENTATION_CONTEXT(2) 
PARAMETRIC_REPRESENTATION_CONTEXT() REPRESENTATION_CONTEXT('2D SPACE',''
  ) );
#3294 = ORIENTED_EDGE('',*,*,#3295,.T.);
#3295 = EDGE_CURVE('',#3271,#3296,#3298,.T.);
#3296 = VERTEX_POINT('',#3297);
#3297 = CARTESIAN_POINT('',(1.506822827967,-12.15147186257,
    99.575735931288));
#3298 = SURFACE_CURVE('',#3299,(#3304,#3315),.PCURVE_S1.);
#3299 = CIRCLE('',#3300,1.2);
#3300 = AXIS2_PLACEMENT_3D('',#3301,#3302,#3303);
#3301 = CARTESIAN_POINT('',(2.241669750802,-13.,100.));
#3302 = DIRECTION('',(-0.5,3.691045839625E-17,0.866025403784));
#3303 = DIRECTION('',(0.612372435696,-0.707106781187,0.353553390593));
#3304 = PCURVE('',#2818,#3305);
#3305 = DEFINITIONAL_REPRESENTATION('',(#3306),#3314);
#3306 = ( BOUNDED_CURVE() B_SPLINE_CURVE(2,(#3307,#3308,#3309,#3310,
#3311,#3312,#3313),.UNSPECIFIED.,.T.,.F.) B_SPLINE_CURVE_WITH_KNOTS((1,2
    ,2,2,2,1),(-2.094395102393,0.,2.094395102393,4.188790204786,
6.28318530718,8.377580409573),.UNSPECIFIED.) CURVE() 
GEOMETRIC_REPRESENTATION_ITEM() RATIONAL_B_SPLINE_CURVE((1.,0.5,1.,0.5,
1.,0.5,1.)) REPRESENTATION_ITEM('') );
#3307 = CARTESIAN_POINT('',(-12.15147186257,13.848528137424));
#3308 = CARTESIAN_POINT('',(-10.6817780169,12.378834291754));
#3309 = CARTESIAN_POINT('',(-12.68941714587,11.840889008453));
#3310 = CARTESIAN_POINT('',(-14.69705627484,11.302943725152));
#3311 = CARTESIAN_POINT('',(-14.15911099154,13.310582854123));
#3312 = CARTESIAN_POINT('',(-13.62116570824,15.318221983094));
#3313 = CARTESIAN_POINT('',(-12.15147186257,13.848528137424));
#3314 = ( GEOMETRIC_REPRESENTATION_CONTEXT(2) 
PARAMETRIC_REPRESENTATION_CONTEXT() REPRESENTATION_CONTEXT('2D SPACE',''
  ) );
#3315 = PCURVE('',#2602,#3316);
#3316 = DEFINITIONAL_REPRESENTATION('',(#3317),#3321);
#3317 = LINE('',#3318,#3319);
#3318 = CARTESIAN_POINT('',(0.,-1.));
#3319 = VECTOR('',#3320,1.);
#3320 = DIRECTION('',(1.,0.));
#3321 = ( GEOMETRIC_REPRESENTATION_CONTEXT(2) 
PARAMETRIC_REPRESENTATION_CONTEXT() REPRESENTATION_CONTEXT('2D SPACE',''
  ) );
#3322 = ORIENTED_EDGE('',*,*,#3323,.F.);
#3323 = EDGE_CURVE('',#3324,#3296,#3326,.T.);
#3324 = VERTEX_POINT('',#3325);
#3325 = CARTESIAN_POINT('',(-0.225227979602,-14.15147186257,
    98.575735931288));
#3326 = SURFACE_CURVE('',#3327,(#3331,#3338),.PCURVE_S1.);
#3327 = LINE('',#3328,#3329);
#3328 = CARTESIAN_POINT('',(7.135987952566,-5.651471862576,
    102.82573593128));
#3329 = VECTOR('',#3330,1.);
#3330 = DIRECTION('',(0.612372435696,0.707106781187,0.353553390593));
#3331 = PCURVE('',#2818,#3332);
#3332 = DEFINITIONAL_REPRESENTATION('',(#3333),#3337);
#3333 = LINE('',#3334,#3335);
#3334 = CARTESIAN_POINT('',(-7.348528137424,5.651471862576));
#3335 = VECTOR('',#3336,1.);
#3336 = DIRECTION('',(0.707106781187,-0.707106781187));
#3337 = ( GEOMETRIC_REPRESENTATION_CONTEXT(2) 
PARAMETRIC_REPRESENTATION_CONTEXT() REPRESENTATION_CONTEXT('2D SPACE',''
  ) );
#3338 = PCURVE('',#2630,#3339);
#3339 = DEFINITIONAL_REPRESENTATION('',(#3340),#3344);
#3340 = LINE('',#3341,#3342);
#3341 = CARTESIAN_POINT('',(-9.192388155425,-1.));
#3342 = VECTOR('',#3343,1.);
#3343 = DIRECTION('',(-1.,-2.52128310243E-17));
#3344 = ( GEOMETRIC_REPRESENTATION_CONTEXT(2) 
PARAMETRIC_REPRESENTATION_CONTEXT() REPRESENTATION_CONTEXT('2D SPACE',''
  ) );
#3345 = ORIENTED_EDGE('',*,*,#3346,.T.);
#3346 = EDGE_CURVE('',#3324,#3273,#3347,.T.);
#3347 = SURFACE_CURVE('',#3348,(#3353,#3364),.PCURVE_S1.);
#3348 = CIRCLE('',#3349,1.2);
#3349 = AXIS2_PLACEMENT_3D('',#3350,#3351,#3352);
#3350 = CARTESIAN_POINT('',(0.509618943233,-15.,99.));
#3351 = DIRECTION('',(-0.5,3.691045839625E-17,0.866025403784));
#3352 = DIRECTION('',(-0.612372435696,0.707106781187,-0.353553390593));
#3353 = PCURVE('',#2818,#3354);
#3354 = DEFINITIONAL_REPRESENTATION('',(#3355),#3363);
#3355 = ( BOUNDED_CURVE() B_SPLINE_CURVE(2,(#3356,#3357,#3358,#3359,
#3360,#3361,#3362),.UNSPECIFIED.,.T.,.F.) B_SPLINE_CURVE_WITH_KNOTS((1,2
    ,2,2,2,1),(-2.094395102393,0.,2.094395102393,4.188790204786,
6.28318530718,8.377580409573),.UNSPECIFIED.) CURVE() 
GEOMETRIC_REPRESENTATION_ITEM() RATIONAL_B_SPLINE_CURVE((1.,0.5,1.,0.5,
1.,0.5,1.)) REPRESENTATION_ITEM('') );
#3356 = CARTESIAN_POINT('',(-15.84852813742,14.151471862576));
#3357 = CARTESIAN_POINT('',(-17.31822198309,15.621165708246));
#3358 = CARTESIAN_POINT('',(-15.31058285412,16.159110991547));
#3359 = CARTESIAN_POINT('',(-13.30294372515,16.697056274848));
#3360 = CARTESIAN_POINT('',(-13.84088900845,14.689417145877));
#3361 = CARTESIAN_POINT('',(-14.37883429175,12.681778016906));
#3362 = CARTESIAN_POINT('',(-15.84852813742,14.151471862576));
#3363 = ( GEOMETRIC_REPRESENTATION_CONTEXT(2) 
PARAMETRIC_REPRESENTATION_CONTEXT() REPRESENTATION_CONTEXT('2D SPACE',''
  ) );
#3364 = PCURVE('',#2661,#3365);
#3365 = DEFINITIONAL_REPRESENTATION('',(#3366),#3370);
#3366 = LINE('',#3367,#3368);
#3367 = CARTESIAN_POINT('',(0.,-1.));
#3368 = VECTOR('',#3369,1.);
#3369 = DIRECTION('',(1.,0.));
#3370 = ( GEOMETRIC_REPRESENTATION_CONTEXT(2) 
PARAMETRIC_REPRESENTATION_CONTEXT() REPRESENTATION_CONTEXT('2D SPACE',''
  ) );
#3371 = FACE_BOUND('',#3372,.F.);
#3372 = EDGE_LOOP('',(#3373,#3398,#3421,#3444));
#3373 = ORIENTED_EDGE('',*,*,#3374,.T.);
#3374 = EDGE_CURVE('',#3375,#3377,#3379,.T.);
#3375 = VERTEX_POINT('',#3376);
#3376 = CARTESIAN_POINT('',(22.160254037844,10.,111.5));
#3377 = VERTEX_POINT('',#3378);
#3378 = CARTESIAN_POINT('',(4.839745962156,10.,101.5));
#3379 = SURFACE_CURVE('',#3380,(#3384,#3391),.PCURVE_S1.);
#3380 = LINE('',#3381,#3382);
#3381 = CARTESIAN_POINT('',(9.169872981078,10.,104.));
#3382 = VECTOR('',#3383,1.);
#3383 = DIRECTION('',(-0.866025403784,0.,-0.5));
#3384 = PCURVE('',#2818,#3385);
#3385 = DEFINITIONAL_REPRESENTATION('',(#3386),#3390);
#3386 = LINE('',#3387,#3388);
#3387 = CARTESIAN_POINT('',(-5.,-10.));
#3388 = VECTOR('',#3389,1.);
#3389 = DIRECTION('',(-1.,-0.));
#3390 = ( GEOMETRIC_REPRESENTATION_CONTEXT(2) 
PARAMETRIC_REPRESENTATION_CONTEXT() REPRESENTATION_CONTEXT('2D SPACE',''
  ) );
#3391 = PCURVE('',#2455,#3392);
#3392 = DEFINITIONAL_REPRESENTATION('',(#3393),#3397);
#3393 = LINE('',#3394,#3395);
#3394 = CARTESIAN_POINT('',(5.,-1.));
#3395 = VECTOR('',#3396,1.);
#3396 = DIRECTION('',(-1.,1.487416814334E-17));
#3397 = ( GEOMETRIC_REPRESENTATION_CONTEXT(2) 
PARAMETRIC_REPRESENTATION_CONTEXT() REPRESENTATION_CONTEXT('2D SPACE',''
  ) );
#3398 = ORIENTED_EDGE('',*,*,#3399,.T.);
#3399 = EDGE_CURVE('',#3377,#3400,#3402,.T.);
#3400 = VERTEX_POINT('',#3401);
#3401 = CARTESIAN_POINT('',(4.839745962156,-10.,101.5));
#3402 = SURFACE_CURVE('',#3403,(#3407,#3414),.PCURVE_S1.);
#3403 = LINE('',#3404,#3405);
#3404 = CARTESIAN_POINT('',(4.839745962156,-5.,101.5));
#3405 = VECTOR('',#3406,1.);
#3406 = DIRECTION('',(0.,-1.,0.));
#3407 = PCURVE('',#2818,#3408);
#3408 = DEFINITIONAL_REPRESENTATION('',(#3409),#3413);
#3409 = LINE('',#3410,#3411);
#3410 = CARTESIAN_POINT('',(-10.,5.));
#3411 = VECTOR('',#3412,1.);
#3412 = DIRECTION('',(0.,1.));
#3413 = ( GEOMETRIC_REPRESENTATION_CONTEXT(2) 
PARAMETRIC_REPRESENTATION_CONTEXT() REPRESENTATION_CONTEXT('2D SPACE',''
  ) );
#3414 = PCURVE('',#2483,#3415);
#3415 = DEFINITIONAL_REPRESENTATION('',(#3416),#3420);
#3416 = LINE('',#3417,#3418);
#3417 = CARTESIAN_POINT('',(5.,-1.));
#3418 = VECTOR('',#3419,1.);
#3419 = DIRECTION('',(-1.,0.));
#3420 = ( GEOMETRIC_REPRESENTATION_CONTEXT(2) 
PARAMETRIC_REPRESENTATION_CONTEXT() REPRESENTATION_CONTEXT('2D SPACE',''
  ) );
#3421 = ORIENTED_EDGE('',*,*,#3422,.T.);
#3422 = EDGE_CURVE('',#3400,#3423,#3425,.T.);
#3423 = VERTEX_POINT('',#3424);
#3424 = CARTESIAN_POINT('',(22.160254037844,-10.,111.5));
#3425 = SURFACE_CURVE('',#3426,(#3430,#3437),.PCURVE_S1.);
#3426 = LINE('',#3427,#3428);
#3427 = CARTESIAN_POINT('',(17.830127018922,-10.,109.));
#3428 = VECTOR('',#3429,1.);
#3429 = DIRECTION('',(0.866025403784,0.,0.5));
#3430 = PCURVE('',#2818,#3431);
#3431 = DEFINITIONAL_REPRESENTATION('',(#3432),#3436);
#3432 = LINE('',#3433,#3434);
#3433 = CARTESIAN_POINT('',(5.,10.));
#3434 = VECTOR('',#3435,1.);
#3435 = DIRECTION('',(1.,0.));
#3436 = ( GEOMETRIC_REPRESENTATION_CONTEXT(2) 
PARAMETRIC_REPRESENTATION_CONTEXT() REPRESENTATION_CONTEXT('2D SPACE',''
  ) );
#3437 = PCURVE('',#2511,#3438);
#3438 = DEFINITIONAL_REPRESENTATION('',(#3439),#3443);
#3439 = LINE('',#3440,#3441);
#3440 = CARTESIAN_POINT('',(5.,-1.));
#3441 = VECTOR('',#3442,1.);
#3442 = DIRECTION('',(-1.,-1.487416814334E-17));
#3443 = ( GEOMETRIC_REPRESENTATION_CONTEXT(2) 
PARAMETRIC_REPRESENTATION_CONTEXT() REPRESENTATION_CONTEXT('2D SPACE',''
  ) );
#3444 = ORIENTED_EDGE('',*,*,#3445,.T.);
#3445 = EDGE_CURVE('',#3423,#3375,#3446,.T.);
#3446 = SURFACE_CURVE('',#3447,(#3451,#3458),.PCURVE_S1.);
#3447 = LINE('',#3448,#3449);
#3448 = CARTESIAN_POINT('',(22.160254037844,5.,111.5));
#3449 = VECTOR('',#3450,1.);
#3450 = DIRECTION('',(0.,1.,0.));
#3451 = PCURVE('',#2818,#3452);
#3452 = DEFINITIONAL_REPRESENTATION('',(#3453),#3457);
#3453 = LINE('',#3454,#3455);
#3454 = CARTESIAN_POINT('',(10.,-5.));
#3455 = VECTOR('',#3456,1.);
#3456 = DIRECTION('',(0.,-1.));
#3457 = ( GEOMETRIC_REPRESENTATION_CONTEXT(2) 
PARAMETRIC_REPRESENTATION_CONTEXT() REPRESENTATION_CONTEXT('2D SPACE',''
  ) );
#3458 = PCURVE('',#2537,#3459);
#3459 = DEFINITIONAL_REPRESENTATION('',(#3460),#3464);
#3460 = LINE('',#3461,#3462);
#3461 = CARTESIAN_POINT('',(5.,-1.));
#3462 = VECTOR('',#3463,1.);
#3463 = DIRECTION('',(-1.,0.));
#3464 = ( GEOMETRIC_REPRESENTATION_CONTEXT(2) 
PARAMETRIC_REPRESENTATION_CONTEXT() REPRESENTATION_CONTEXT('2D SPACE',''
  ) );
#3465 = FACE_BOUND('',#3466,.F.);
#3466 = EDGE_LOOP('',(#3467,#3492,#3518,#3519));
#3467 = ORIENTED_EDGE('',*,*,#3468,.F.);
#3468 = EDGE_CURVE('',#3469,#3471,#3473,.T.);
#3469 = VERTEX_POINT('',#3470);
#3470 = CARTESIAN_POINT('',(25.493177172033,-12.15147186257,
    113.42426406871));
#3471 = VERTEX_POINT('',#3472);
#3472 = CARTESIAN_POINT('',(27.225227979602,-14.15147186257,
    114.42426406871));
#3473 = SURFACE_CURVE('',#3474,(#3478,#3485),.PCURVE_S1.);
#3474 = LINE('',#3475,#3476);
#3475 = CARTESIAN_POINT('',(20.730037451218,-6.651471862576,
    110.67426406871));
#3476 = VECTOR('',#3477,1.);
#3477 = DIRECTION('',(0.612372435696,-0.707106781187,0.353553390593));
#3478 = PCURVE('',#2818,#3479);
#3479 = DEFINITIONAL_REPRESENTATION('',(#3480),#3484);
#3480 = LINE('',#3481,#3482);
#3481 = CARTESIAN_POINT('',(8.348528137424,6.651471862576));
#3482 = VECTOR('',#3483,1.);
#3483 = DIRECTION('',(0.707106781187,0.707106781187));
#3484 = ( GEOMETRIC_REPRESENTATION_CONTEXT(2) 
PARAMETRIC_REPRESENTATION_CONTEXT() REPRESENTATION_CONTEXT('2D SPACE',''
  ) );
#3485 = PCURVE('',#2693,#3486);
#3486 = DEFINITIONAL_REPRESENTATION('',(#3487),#3491);
#3487 = LINE('',#3488,#3489);
#3488 = CARTESIAN_POINT('',(10.606601717798,-1.));
#3489 = VECTOR('',#3490,1.);
#3490 = DIRECTION('',(-1.,-2.52128310243E-17));
#3491 = ( GEOMETRIC_REPRESENTATION_CONTEXT(2) 
PARAMETRIC_REPRESENTATION_CONTEXT() REPRESENTATION_CONTEXT('2D SPACE',''
  ) );
#3492 = ORIENTED_EDGE('',*,*,#3493,.T.);
#3493 = EDGE_CURVE('',#3469,#2803,#3494,.T.);
#3494 = SURFACE_CURVE('',#3495,(#3500,#3511),.PCURVE_S1.);
#3495 = CIRCLE('',#3496,1.2);
#3496 = AXIS2_PLACEMENT_3D('',#3497,#3498,#3499);
#3497 = CARTESIAN_POINT('',(24.758330249198,-13.,113.));
#3498 = DIRECTION('',(-0.5,8.083067676342E-18,0.866025403784));
#3499 = DIRECTION('',(0.612372435696,0.707106781187,0.353553390593));
#3500 = PCURVE('',#2818,#3501);
#3501 = DEFINITIONAL_REPRESENTATION('',(#3502),#3510);
#3502 = ( BOUNDED_CURVE() B_SPLINE_CURVE(2,(#3503,#3504,#3505,#3506,
#3507,#3508,#3509),.UNSPECIFIED.,.T.,.F.) B_SPLINE_CURVE_WITH_KNOTS((1,2
    ,2,2,2,1),(-2.094395102393,0.,2.094395102393,4.188790204786,
6.28318530718,8.377580409573),.UNSPECIFIED.) CURVE() 
GEOMETRIC_REPRESENTATION_ITEM() RATIONAL_B_SPLINE_CURVE((1.,0.5,1.,0.5,
1.,0.5,1.)) REPRESENTATION_ITEM('') );
#3503 = CARTESIAN_POINT('',(13.848528137424,12.151471862576));
#3504 = CARTESIAN_POINT('',(12.378834291754,10.681778016906));
#3505 = CARTESIAN_POINT('',(11.840889008453,12.689417145877));
#3506 = CARTESIAN_POINT('',(11.302943725152,14.697056274848));
#3507 = CARTESIAN_POINT('',(13.310582854123,14.159110991547));
#3508 = CARTESIAN_POINT('',(15.318221983094,13.621165708246));
#3509 = CARTESIAN_POINT('',(13.848528137424,12.151471862576));
#3510 = ( GEOMETRIC_REPRESENTATION_CONTEXT(2) 
PARAMETRIC_REPRESENTATION_CONTEXT() REPRESENTATION_CONTEXT('2D SPACE',''
  ) );
#3511 = PCURVE('',#2726,#3512);
#3512 = DEFINITIONAL_REPRESENTATION('',(#3513),#3517);
#3513 = LINE('',#3514,#3515);
#3514 = CARTESIAN_POINT('',(1.014653635757E-17,-1.));
#3515 = VECTOR('',#3516,1.);
#3516 = DIRECTION('',(1.,0.));
#3517 = ( GEOMETRIC_REPRESENTATION_CONTEXT(2) 
PARAMETRIC_REPRESENTATION_CONTEXT() REPRESENTATION_CONTEXT('2D SPACE',''
  ) );
#3518 = ORIENTED_EDGE('',*,*,#2800,.F.);
#3519 = ORIENTED_EDGE('',*,*,#3520,.T.);
#3520 = EDGE_CURVE('',#2801,#3471,#3521,.T.);
#3521 = SURFACE_CURVE('',#3522,(#3527,#3538),.PCURVE_S1.);
#3522 = CIRCLE('',#3523,1.2);
#3523 = AXIS2_PLACEMENT_3D('',#3524,#3525,#3526);
#3524 = CARTESIAN_POINT('',(26.490381056767,-15.,114.));
#3525 = DIRECTION('',(-0.5,8.083067676342E-18,0.866025403784));
#3526 = DIRECTION('',(-0.612372435696,-0.707106781187,-0.353553390593));
#3527 = PCURVE('',#2818,#3528);
#3528 = DEFINITIONAL_REPRESENTATION('',(#3529),#3537);
#3529 = ( BOUNDED_CURVE() B_SPLINE_CURVE(2,(#3530,#3531,#3532,#3533,
#3534,#3535,#3536),.UNSPECIFIED.,.T.,.F.) B_SPLINE_CURVE_WITH_KNOTS((1,2
    ,2,2,2,1),(-2.094395102393,0.,2.094395102393,4.188790204786,
6.28318530718,8.377580409573),.UNSPECIFIED.) CURVE() 
GEOMETRIC_REPRESENTATION_ITEM() RATIONAL_B_SPLINE_CURVE((1.,0.5,1.,0.5,
1.,0.5,1.)) REPRESENTATION_ITEM('') );
#3530 = CARTESIAN_POINT('',(14.151471862576,15.848528137424));
#3531 = CARTESIAN_POINT('',(15.621165708246,17.318221983094));
#3532 = CARTESIAN_POINT('',(16.159110991547,15.310582854123));
#3533 = CARTESIAN_POINT('',(16.697056274848,13.302943725152));
#3534 = CARTESIAN_POINT('',(14.689417145877,13.840889008453));
#3535 = CARTESIAN_POINT('',(12.681778016906,14.378834291754));
#3536 = CARTESIAN_POINT('',(14.151471862576,15.848528137424));
#3537 = ( GEOMETRIC_REPRESENTATION_CONTEXT(2) 
PARAMETRIC_REPRESENTATION_CONTEXT() REPRESENTATION_CONTEXT('2D SPACE',''
  ) );
#3538 = PCURVE('',#2785,#3539);
#3539 = DEFINITIONAL_REPRESENTATION('',(#3540),#3544);
#3540 = LINE('',#3541,#3542);
#3541 = CARTESIAN_POINT('',(1.014653635757E-17,-1.));
#3542 = VECTOR('',#3543,1.);
#3543 = DIRECTION('',(1.,0.));
#3544 = ( GEOMETRIC_REPRESENTATION_CONTEXT(2) 
PARAMETRIC_REPRESENTATION_CONTEXT() REPRESENTATION_CONTEXT('2D SPACE',''
  ) );
#3545 = ADVANCED_FACE('',(#3546),#2785,.F.);
#3546 = FACE_BOUND('',#3547,.F.);
#3547 = EDGE_LOOP('',(#3548,#3549,#3550,#3551));
#3548 = ORIENTED_EDGE('',*,*,#3520,.F.);
#3549 = ORIENTED_EDGE('',*,*,#2852,.T.);
#3550 = ORIENTED_EDGE('',*,*,#2766,.T.);
#3551 = ORIENTED_EDGE('',*,*,#3552,.F.);
#3552 = EDGE_CURVE('',#3471,#2678,#3553,.T.);
#3553 = SURFACE_CURVE('',#3554,(#3558,#3565),.PCURVE_S1.);
#3554 = LINE('',#3555,#3556);
#3555 = CARTESIAN_POINT('',(26.725227979602,-14.15147186257,
    115.29028947249));
#3556 = VECTOR('',#3557,1.);
#3557 = DIRECTION('',(0.5,0.,-0.866025403784));
#3558 = PCURVE('',#2785,#3559);
#3559 = DEFINITIONAL_REPRESENTATION('',(#3560),#3564);
#3560 = LINE('',#3561,#3562);
#3561 = CARTESIAN_POINT('',(3.14159265359,0.));
#3562 = VECTOR('',#3563,1.);
#3563 = DIRECTION('',(0.,-1.));
#3564 = ( GEOMETRIC_REPRESENTATION_CONTEXT(2) 
PARAMETRIC_REPRESENTATION_CONTEXT() REPRESENTATION_CONTEXT('2D SPACE',''
  ) );
#3565 = PCURVE('',#2693,#3566);
#3566 = DEFINITIONAL_REPRESENTATION('',(#3567),#3571);
#3567 = LINE('',#3568,#3569);
#3568 = CARTESIAN_POINT('',(0.,0.));
#3569 = VECTOR('',#3570,1.);
#3570 = DIRECTION('',(-8.072398225556E-17,-1.));
#3571 = ( GEOMETRIC_REPRESENTATION_CONTEXT(2) 
PARAMETRIC_REPRESENTATION_CONTEXT() REPRESENTATION_CONTEXT('2D SPACE',''
  ) );
#3572 = ADVANCED_FACE('',(#3573),#2726,.F.);
#3573 = FACE_BOUND('',#3574,.F.);
#3574 = EDGE_LOOP('',(#3575,#3576,#3597,#3598));
#3575 = ORIENTED_EDGE('',*,*,#3493,.F.);
#3576 = ORIENTED_EDGE('',*,*,#3577,.T.);
#3577 = EDGE_CURVE('',#3469,#2676,#3578,.T.);
#3578 = SURFACE_CURVE('',#3579,(#3583,#3590),.PCURVE_S1.);
#3579 = LINE('',#3580,#3581);
#3580 = CARTESIAN_POINT('',(24.993177172033,-12.15147186257,
    114.29028947249));
#3581 = VECTOR('',#3582,1.);
#3582 = DIRECTION('',(0.5,0.,-0.866025403784));
#3583 = PCURVE('',#2726,#3584);
#3584 = DEFINITIONAL_REPRESENTATION('',(#3585),#3589);
#3585 = LINE('',#3586,#3587);
#3586 = CARTESIAN_POINT('',(0.,0.));
#3587 = VECTOR('',#3588,1.);
#3588 = DIRECTION('',(0.,-1.));
#3589 = ( GEOMETRIC_REPRESENTATION_CONTEXT(2) 
PARAMETRIC_REPRESENTATION_CONTEXT() REPRESENTATION_CONTEXT('2D SPACE',''
  ) );
#3590 = PCURVE('',#2693,#3591);
#3591 = DEFINITIONAL_REPRESENTATION('',(#3592),#3596);
#3592 = LINE('',#3593,#3594);
#3593 = CARTESIAN_POINT('',(2.828427124746,8.881784197001E-16));
#3594 = VECTOR('',#3595,1.);
#3595 = DIRECTION('',(-8.072398225556E-17,-1.));
#3596 = ( GEOMETRIC_REPRESENTATION_CONTEXT(2) 
PARAMETRIC_REPRESENTATION_CONTEXT() REPRESENTATION_CONTEXT('2D SPACE',''
  ) );
#3597 = ORIENTED_EDGE('',*,*,#2705,.T.);
#3598 = ORIENTED_EDGE('',*,*,#2830,.F.);
#3599 = ADVANCED_FACE('',(#3600),#2693,.F.);
#3600 = FACE_BOUND('',#3601,.F.);
#3601 = EDGE_LOOP('',(#3602,#3603,#3604,#3605));
#3602 = ORIENTED_EDGE('',*,*,#3468,.T.);
#3603 = ORIENTED_EDGE('',*,*,#3552,.T.);
#3604 = ORIENTED_EDGE('',*,*,#2675,.F.);
#3605 = ORIENTED_EDGE('',*,*,#3577,.F.);
#3606 = ADVANCED_FACE('',(#3607),#2630,.F.);
#3607 = FACE_BOUND('',#3608,.F.);
#3608 = EDGE_LOOP('',(#3609,#3610,#3631,#3632));
#3609 = ORIENTED_EDGE('',*,*,#3323,.T.);
#3610 = ORIENTED_EDGE('',*,*,#3611,.T.);
#3611 = EDGE_CURVE('',#3296,#2582,#3612,.T.);
#3612 = SURFACE_CURVE('',#3613,(#3617,#3624),.PCURVE_S1.);
#3613 = LINE('',#3614,#3615);
#3614 = CARTESIAN_POINT('',(1.006822827967,-12.15147186257,
    100.44176133507));
#3615 = VECTOR('',#3616,1.);
#3616 = DIRECTION('',(0.5,0.,-0.866025403784));
#3617 = PCURVE('',#2630,#3618);
#3618 = DEFINITIONAL_REPRESENTATION('',(#3619),#3623);
#3619 = LINE('',#3620,#3621);
#3620 = CARTESIAN_POINT('',(-0.,0.));
#3621 = VECTOR('',#3622,1.);
#3622 = DIRECTION('',(-8.072398225556E-17,-1.));
#3623 = ( GEOMETRIC_REPRESENTATION_CONTEXT(2) 
PARAMETRIC_REPRESENTATION_CONTEXT() REPRESENTATION_CONTEXT('2D SPACE',''
  ) );
#3624 = PCURVE('',#2602,#3625);
#3625 = DEFINITIONAL_REPRESENTATION('',(#3626),#3630);
#3626 = LINE('',#3627,#3628);
#3627 = CARTESIAN_POINT('',(3.14159265359,0.));
#3628 = VECTOR('',#3629,1.);
#3629 = DIRECTION('',(0.,-1.));
#3630 = ( GEOMETRIC_REPRESENTATION_CONTEXT(2) 
PARAMETRIC_REPRESENTATION_CONTEXT() REPRESENTATION_CONTEXT('2D SPACE',''
  ) );
#3631 = ORIENTED_EDGE('',*,*,#2614,.F.);
#3632 = ORIENTED_EDGE('',*,*,#3633,.F.);
#3633 = EDGE_CURVE('',#3324,#2615,#3634,.T.);
#3634 = SURFACE_CURVE('',#3635,(#3639,#3646),.PCURVE_S1.);
#3635 = LINE('',#3636,#3637);
#3636 = CARTESIAN_POINT('',(-0.725227979602,-14.15147186257,
    99.441761335073));
#3637 = VECTOR('',#3638,1.);
#3638 = DIRECTION('',(0.5,0.,-0.866025403784));
#3639 = PCURVE('',#2630,#3640);
#3640 = DEFINITIONAL_REPRESENTATION('',(#3641),#3645);
#3641 = LINE('',#3642,#3643);
#3642 = CARTESIAN_POINT('',(2.828427124746,0.));
#3643 = VECTOR('',#3644,1.);
#3644 = DIRECTION('',(-8.072398225556E-17,-1.));
#3645 = ( GEOMETRIC_REPRESENTATION_CONTEXT(2) 
PARAMETRIC_REPRESENTATION_CONTEXT() REPRESENTATION_CONTEXT('2D SPACE',''
  ) );
#3646 = PCURVE('',#2661,#3647);
#3647 = DEFINITIONAL_REPRESENTATION('',(#3648),#3652);
#3648 = LINE('',#3649,#3650);
#3649 = CARTESIAN_POINT('',(0.,0.));
#3650 = VECTOR('',#3651,1.);
#3651 = DIRECTION('',(0.,-1.));
#3652 = ( GEOMETRIC_REPRESENTATION_CONTEXT(2) 
PARAMETRIC_REPRESENTATION_CONTEXT() REPRESENTATION_CONTEXT('2D SPACE',''
  ) );
#3653 = ADVANCED_FACE('',(#3654),#2661,.F.);
#3654 = FACE_BOUND('',#3655,.F.);
#3655 = EDGE_LOOP('',(#3656,#3657,#3658,#3659));
#3656 = ORIENTED_EDGE('',*,*,#3346,.F.);
#3657 = ORIENTED_EDGE('',*,*,#3633,.T.);
#3658 = ORIENTED_EDGE('',*,*,#2642,.T.);
#3659 = ORIENTED_EDGE('',*,*,#3660,.F.);
#3660 = EDGE_CURVE('',#3273,#2554,#3661,.T.);
#3661 = SURFACE_CURVE('',#3662,(#3666,#3673),.PCURVE_S1.);
#3662 = LINE('',#3663,#3664);
#3663 = CARTESIAN_POINT('',(0.744465866068,-15.84852813742,
    100.29028947249));
#3664 = VECTOR('',#3665,1.);
#3665 = DIRECTION('',(0.5,0.,-0.866025403784));
#3666 = PCURVE('',#2661,#3667);
#3667 = DEFINITIONAL_REPRESENTATION('',(#3668),#3672);
#3668 = LINE('',#3669,#3670);
#3669 = CARTESIAN_POINT('',(3.14159265359,0.));
#3670 = VECTOR('',#3671,1.);
#3671 = DIRECTION('',(0.,-1.));
#3672 = ( GEOMETRIC_REPRESENTATION_CONTEXT(2) 
PARAMETRIC_REPRESENTATION_CONTEXT() REPRESENTATION_CONTEXT('2D SPACE',''
  ) );
#3673 = PCURVE('',#2569,#3674);
#3674 = DEFINITIONAL_REPRESENTATION('',(#3675),#3679);
#3675 = LINE('',#3676,#3677);
#3676 = CARTESIAN_POINT('',(0.,0.));
#3677 = VECTOR('',#3678,1.);
#3678 = DIRECTION('',(8.072398225556E-17,-1.));
#3679 = ( GEOMETRIC_REPRESENTATION_CONTEXT(2) 
PARAMETRIC_REPRESENTATION_CONTEXT() REPRESENTATION_CONTEXT('2D SPACE',''
  ) );
#3680 = ADVANCED_FACE('',(#3681),#2602,.F.);
#3681 = FACE_BOUND('',#3682,.F.);
#3682 = EDGE_LOOP('',(#3683,#3684,#3705,#3706));
#3683 = ORIENTED_EDGE('',*,*,#3295,.F.);
#3684 = ORIENTED_EDGE('',*,*,#3685,.T.);
#3685 = EDGE_CURVE('',#3271,#2552,#3686,.T.);
#3686 = SURFACE_CURVE('',#3687,(#3691,#3698),.PCURVE_S1.);
#3687 = LINE('',#3688,#3689);
#3688 = CARTESIAN_POINT('',(2.476516673637,-13.84852813742,
    101.29028947249));
#3689 = VECTOR('',#3690,1.);
#3690 = DIRECTION('',(0.5,0.,-0.866025403784));
#3691 = PCURVE('',#2602,#3692);
#3692 = DEFINITIONAL_REPRESENTATION('',(#3693),#3697);
#3693 = LINE('',#3694,#3695);
#3694 = CARTESIAN_POINT('',(0.,0.));
#3695 = VECTOR('',#3696,1.);
#3696 = DIRECTION('',(0.,-1.));
#3697 = ( GEOMETRIC_REPRESENTATION_CONTEXT(2) 
PARAMETRIC_REPRESENTATION_CONTEXT() REPRESENTATION_CONTEXT('2D SPACE',''
  ) );
#3698 = PCURVE('',#2569,#3699);
#3699 = DEFINITIONAL_REPRESENTATION('',(#3700),#3704);
#3700 = LINE('',#3701,#3702);
#3701 = CARTESIAN_POINT('',(2.828427124746,0.));
#3702 = VECTOR('',#3703,1.);
#3703 = DIRECTION('',(8.072398225556E-17,-1.));
#3704 = ( GEOMETRIC_REPRESENTATION_CONTEXT(2) 
PARAMETRIC_REPRESENTATION_CONTEXT() REPRESENTATION_CONTEXT('2D SPACE',''
  ) );
#3705 = ORIENTED_EDGE('',*,*,#2581,.T.);
#3706 = ORIENTED_EDGE('',*,*,#3611,.F.);
#3707 = ADVANCED_FACE('',(#3708),#2569,.F.);
#3708 = FACE_BOUND('',#3709,.F.);
#3709 = EDGE_LOOP('',(#3710,#3711,#3712,#3713));
#3710 = ORIENTED_EDGE('',*,*,#3270,.T.);
#3711 = ORIENTED_EDGE('',*,*,#3660,.T.);
#3712 = ORIENTED_EDGE('',*,*,#2551,.F.);
#3713 = ORIENTED_EDGE('',*,*,#3685,.F.);
#3714 = ADVANCED_FACE('',(#3715),#2511,.T.);
#3715 = FACE_BOUND('',#3716,.T.);
#3716 = EDGE_LOOP('',(#3717,#3718,#3739,#3740));
#3717 = ORIENTED_EDGE('',*,*,#3422,.T.);
#3718 = ORIENTED_EDGE('',*,*,#3719,.T.);
#3719 = EDGE_CURVE('',#3423,#2496,#3720,.T.);
#3720 = SURFACE_CURVE('',#3721,(#3725,#3732),.PCURVE_S1.);
#3721 = LINE('',#3722,#3723);
#3722 = CARTESIAN_POINT('',(21.660254037844,-10.,112.36602540378));
#3723 = VECTOR('',#3724,1.);
#3724 = DIRECTION('',(0.5,0.,-0.866025403784));
#3725 = PCURVE('',#2511,#3726);
#3726 = DEFINITIONAL_REPRESENTATION('',(#3727),#3731);
#3727 = LINE('',#3728,#3729);
#3728 = CARTESIAN_POINT('',(0.,0.));
#3729 = VECTOR('',#3730,1.);
#3730 = DIRECTION('',(-1.487416814334E-17,-1.));
#3731 = ( GEOMETRIC_REPRESENTATION_CONTEXT(2) 
PARAMETRIC_REPRESENTATION_CONTEXT() REPRESENTATION_CONTEXT('2D SPACE',''
  ) );
#3732 = PCURVE('',#2537,#3733);
#3733 = DEFINITIONAL_REPRESENTATION('',(#3734),#3738);
#3734 = LINE('',#3735,#3736);
#3735 = CARTESIAN_POINT('',(20.,0.));
#3736 = VECTOR('',#3737,1.);
#3737 = DIRECTION('',(0.,-1.));
#3738 = ( GEOMETRIC_REPRESENTATION_CONTEXT(2) 
PARAMETRIC_REPRESENTATION_CONTEXT() REPRESENTATION_CONTEXT('2D SPACE',''
  ) );
#3739 = ORIENTED_EDGE('',*,*,#2495,.F.);
#3740 = ORIENTED_EDGE('',*,*,#3741,.F.);
#3741 = EDGE_CURVE('',#3400,#2468,#3742,.T.);
#3742 = SURFACE_CURVE('',#3743,(#3747,#3754),.PCURVE_S1.);
#3743 = LINE('',#3744,#3745);
#3744 = CARTESIAN_POINT('',(4.339745962156,-10.,102.36602540378));
#3745 = VECTOR('',#3746,1.);
#3746 = DIRECTION('',(0.5,0.,-0.866025403784));
#3747 = PCURVE('',#2511,#3748);
#3748 = DEFINITIONAL_REPRESENTATION('',(#3749),#3753);
#3749 = LINE('',#3750,#3751);
#3750 = CARTESIAN_POINT('',(20.,1.33226762955E-15));
#3751 = VECTOR('',#3752,1.);
#3752 = DIRECTION('',(-1.487416814334E-17,-1.));
#3753 = ( GEOMETRIC_REPRESENTATION_CONTEXT(2) 
PARAMETRIC_REPRESENTATION_CONTEXT() REPRESENTATION_CONTEXT('2D SPACE',''
  ) );
#3754 = PCURVE('',#2483,#3755);
#3755 = DEFINITIONAL_REPRESENTATION('',(#3756),#3760);
#3756 = LINE('',#3757,#3758);
#3757 = CARTESIAN_POINT('',(0.,0.));
#3758 = VECTOR('',#3759,1.);
#3759 = DIRECTION('',(0.,-1.));
#3760 = ( GEOMETRIC_REPRESENTATION_CONTEXT(2) 
PARAMETRIC_REPRESENTATION_CONTEXT() REPRESENTATION_CONTEXT('2D SPACE',''
  ) );
#3761 = ADVANCED_FACE('',(#3762),#2483,.T.);
#3762 = FACE_BOUND('',#3763,.T.);
#3763 = EDGE_LOOP('',(#3764,#3765,#3766,#3767));
#3764 = ORIENTED_EDGE('',*,*,#3399,.T.);
#3765 = ORIENTED_EDGE('',*,*,#3741,.T.);
#3766 = ORIENTED_EDGE('',*,*,#2467,.F.);
#3767 = ORIENTED_EDGE('',*,*,#3768,.F.);
#3768 = EDGE_CURVE('',#3377,#2440,#3769,.T.);
#3769 = SURFACE_CURVE('',#3770,(#3774,#3781),.PCURVE_S1.);
#3770 = LINE('',#3771,#3772);
#3771 = CARTESIAN_POINT('',(4.339745962156,10.,102.36602540378));
#3772 = VECTOR('',#3773,1.);
#3773 = DIRECTION('',(0.5,0.,-0.866025403784));
#3774 = PCURVE('',#2483,#3775);
#3775 = DEFINITIONAL_REPRESENTATION('',(#3776),#3780);
#3776 = LINE('',#3777,#3778);
#3777 = CARTESIAN_POINT('',(20.,0.));
#3778 = VECTOR('',#3779,1.);
#3779 = DIRECTION('',(0.,-1.));
#3780 = ( GEOMETRIC_REPRESENTATION_CONTEXT(2) 
PARAMETRIC_REPRESENTATION_CONTEXT() REPRESENTATION_CONTEXT('2D SPACE',''
  ) );
#3781 = PCURVE('',#2455,#3782);
#3782 = DEFINITIONAL_REPRESENTATION('',(#3783),#3787);
#3783 = LINE('',#3784,#3785);
#3784 = CARTESIAN_POINT('',(0.,0.));
#3785 = VECTOR('',#3786,1.);
#3786 = DIRECTION('',(1.487416814334E-17,-1.));
#3787 = ( GEOMETRIC_REPRESENTATION_CONTEXT(2) 
PARAMETRIC_REPRESENTATION_CONTEXT() REPRESENTATION_CONTEXT('2D SPACE',''
  ) );
#3788 = ADVANCED_FACE('',(#3789),#2537,.T.);
#3789 = FACE_BOUND('',#3790,.T.);
#3790 = EDGE_LOOP('',(#3791,#3792,#3813,#3814));
#3791 = ORIENTED_EDGE('',*,*,#3445,.T.);
#3792 = ORIENTED_EDGE('',*,*,#3793,.T.);
#3793 = EDGE_CURVE('',#3375,#2438,#3794,.T.);
#3794 = SURFACE_CURVE('',#3795,(#3799,#3806),.PCURVE_S1.);
#3795 = LINE('',#3796,#3797);
#3796 = CARTESIAN_POINT('',(21.660254037844,10.,112.36602540378));
#3797 = VECTOR('',#3798,1.);
#3798 = DIRECTION('',(0.5,0.,-0.866025403784));
#3799 = PCURVE('',#2537,#3800);
#3800 = DEFINITIONAL_REPRESENTATION('',(#3801),#3805);
#3801 = LINE('',#3802,#3803);
#3802 = CARTESIAN_POINT('',(0.,0.));
#3803 = VECTOR('',#3804,1.);
#3804 = DIRECTION('',(0.,-1.));
#3805 = ( GEOMETRIC_REPRESENTATION_CONTEXT(2) 
PARAMETRIC_REPRESENTATION_CONTEXT() REPRESENTATION_CONTEXT('2D SPACE',''
  ) );
#3806 = PCURVE('',#2455,#3807);
#3807 = DEFINITIONAL_REPRESENTATION('',(#3808),#3812);
#3808 = LINE('',#3809,#3810);
#3809 = CARTESIAN_POINT('',(20.,-1.33226762955E-15));
#3810 = VECTOR('',#3811,1.);
#3811 = DIRECTION('',(1.487416814334E-17,-1.));
#3812 = ( GEOMETRIC_REPRESENTATION_CONTEXT(2) 
PARAMETRIC_REPRESENTATION_CONTEXT() REPRESENTATION_CONTEXT('2D SPACE',''
  ) );
#3813 = ORIENTED_EDGE('',*,*,#2523,.F.);
#3814 = ORIENTED_EDGE('',*,*,#3719,.F.);
#3815 = ADVANCED_FACE('',(#3816),#2455,.T.);
#3816 = FACE_BOUND('',#3817,.T.);
#3817 = EDGE_LOOP('',(#3818,#3819,#3820,#3821));
#3818 = ORIENTED_EDGE('',*,*,#3374,.T.);
#3819 = ORIENTED_EDGE('',*,*,#3768,.T.);
#3820 = ORIENTED_EDGE('',*,*,#2437,.F.);
#3821 = ORIENTED_EDGE('',*,*,#3793,.F.);
#3822 = ADVANCED_FACE('',(#3823),#2392,.F.);
#3823 = FACE_BOUND('',#3824,.F.);
#3824 = EDGE_LOOP('',(#3825,#3826,#3847,#3848));
#3825 = ORIENTED_EDGE('',*,*,#3219,.T.);
#3826 = ORIENTED_EDGE('',*,*,#3827,.T.);
#3827 = EDGE_CURVE('',#3192,#2344,#3828,.T.);
#3828 = SURFACE_CURVE('',#3829,(#3833,#3840),.PCURVE_S1.);
#3829 = LINE('',#3830,#3831);
#3830 = CARTESIAN_POINT('',(25.255534133932,15.848528137424,
    114.44176133507));
#3831 = VECTOR('',#3832,1.);
#3832 = DIRECTION('',(0.5,0.,-0.866025403784));
#3833 = PCURVE('',#2392,#3834);
#3834 = DEFINITIONAL_REPRESENTATION('',(#3835),#3839);
#3835 = LINE('',#3836,#3837);
#3836 = CARTESIAN_POINT('',(-0.,0.));
#3837 = VECTOR('',#3838,1.);
#3838 = DIRECTION('',(-8.072398225556E-17,-1.));
#3839 = ( GEOMETRIC_REPRESENTATION_CONTEXT(2) 
PARAMETRIC_REPRESENTATION_CONTEXT() REPRESENTATION_CONTEXT('2D SPACE',''
  ) );
#3840 = PCURVE('',#2364,#3841);
#3841 = DEFINITIONAL_REPRESENTATION('',(#3842),#3846);
#3842 = LINE('',#3843,#3844);
#3843 = CARTESIAN_POINT('',(3.14159265359,0.));
#3844 = VECTOR('',#3845,1.);
#3845 = DIRECTION('',(0.,-1.));
#3846 = ( GEOMETRIC_REPRESENTATION_CONTEXT(2) 
PARAMETRIC_REPRESENTATION_CONTEXT() REPRESENTATION_CONTEXT('2D SPACE',''
  ) );
#3847 = ORIENTED_EDGE('',*,*,#2376,.F.);
#3848 = ORIENTED_EDGE('',*,*,#3849,.F.);
#3849 = EDGE_CURVE('',#3220,#2377,#3850,.T.);
#3850 = SURFACE_CURVE('',#3851,(#3855,#3862),.PCURVE_S1.);
#3851 = LINE('',#3852,#3853);
#3852 = CARTESIAN_POINT('',(23.523483326363,13.848528137424,
    113.44176133507));
#3853 = VECTOR('',#3854,1.);
#3854 = DIRECTION('',(0.5,0.,-0.866025403784));
#3855 = PCURVE('',#2392,#3856);
#3856 = DEFINITIONAL_REPRESENTATION('',(#3857),#3861);
#3857 = LINE('',#3858,#3859);
#3858 = CARTESIAN_POINT('',(2.828427124746,-8.881784197001E-16));
#3859 = VECTOR('',#3860,1.);
#3860 = DIRECTION('',(-8.072398225556E-17,-1.));
#3861 = ( GEOMETRIC_REPRESENTATION_CONTEXT(2) 
PARAMETRIC_REPRESENTATION_CONTEXT() REPRESENTATION_CONTEXT('2D SPACE',''
  ) );
#3862 = PCURVE('',#2423,#3863);
#3863 = DEFINITIONAL_REPRESENTATION('',(#3864),#3868);
#3864 = LINE('',#3865,#3866);
#3865 = CARTESIAN_POINT('',(0.,0.));
#3866 = VECTOR('',#3867,1.);
#3867 = DIRECTION('',(0.,-1.));
#3868 = ( GEOMETRIC_REPRESENTATION_CONTEXT(2) 
PARAMETRIC_REPRESENTATION_CONTEXT() REPRESENTATION_CONTEXT('2D SPACE',''
  ) );
#3869 = ADVANCED_FACE('',(#3870),#2423,.F.);
#3870 = FACE_BOUND('',#3871,.F.);
#3871 = EDGE_LOOP('',(#3872,#3873,#3874,#3875));
#3872 = ORIENTED_EDGE('',*,*,#3242,.F.);
#3873 = ORIENTED_EDGE('',*,*,#3849,.T.);
#3874 = ORIENTED_EDGE('',*,*,#2404,.T.);
#3875 = ORIENTED_EDGE('',*,*,#3876,.F.);
#3876 = EDGE_CURVE('',#3169,#2316,#3877,.T.);
#3877 = SURFACE_CURVE('',#3878,(#3882,#3889),.PCURVE_S1.);
#3878 = LINE('',#3879,#3880);
#3879 = CARTESIAN_POINT('',(24.993177172033,12.151471862576,
    114.29028947249));
#3880 = VECTOR('',#3881,1.);
#3881 = DIRECTION('',(0.5,0.,-0.866025403784));
#3882 = PCURVE('',#2423,#3883);
#3883 = DEFINITIONAL_REPRESENTATION('',(#3884),#3888);
#3884 = LINE('',#3885,#3886);
#3885 = CARTESIAN_POINT('',(3.14159265359,0.));
#3886 = VECTOR('',#3887,1.);
#3887 = DIRECTION('',(0.,-1.));
#3888 = ( GEOMETRIC_REPRESENTATION_CONTEXT(2) 
PARAMETRIC_REPRESENTATION_CONTEXT() REPRESENTATION_CONTEXT('2D SPACE',''
  ) );
#3889 = PCURVE('',#2331,#3890);
#3890 = DEFINITIONAL_REPRESENTATION('',(#3891),#3895);
#3891 = LINE('',#3892,#3893);
#3892 = CARTESIAN_POINT('',(0.,0.));
#3893 = VECTOR('',#3894,1.);
#3894 = DIRECTION('',(8.072398225556E-17,-1.));
#3895 = ( GEOMETRIC_REPRESENTATION_CONTEXT(2) 
PARAMETRIC_REPRESENTATION_CONTEXT() REPRESENTATION_CONTEXT('2D SPACE',''
  ) );
#3896 = ADVANCED_FACE('',(#3897),#2364,.F.);
#3897 = FACE_BOUND('',#3898,.F.);
#3898 = EDGE_LOOP('',(#3899,#3900,#3921,#3922));
#3899 = ORIENTED_EDGE('',*,*,#3191,.F.);
#3900 = ORIENTED_EDGE('',*,*,#3901,.T.);
#3901 = EDGE_CURVE('',#3167,#2314,#3902,.T.);
#3902 = SURFACE_CURVE('',#3903,(#3907,#3914),.PCURVE_S1.);
#3903 = LINE('',#3904,#3905);
#3904 = CARTESIAN_POINT('',(26.725227979602,14.151471862576,
    115.29028947249));
#3905 = VECTOR('',#3906,1.);
#3906 = DIRECTION('',(0.5,0.,-0.866025403784));
#3907 = PCURVE('',#2364,#3908);
#3908 = DEFINITIONAL_REPRESENTATION('',(#3909),#3913);
#3909 = LINE('',#3910,#3911);
#3910 = CARTESIAN_POINT('',(0.,0.));
#3911 = VECTOR('',#3912,1.);
#3912 = DIRECTION('',(0.,-1.));
#3913 = ( GEOMETRIC_REPRESENTATION_CONTEXT(2) 
PARAMETRIC_REPRESENTATION_CONTEXT() REPRESENTATION_CONTEXT('2D SPACE',''
  ) );
#3914 = PCURVE('',#2331,#3915);
#3915 = DEFINITIONAL_REPRESENTATION('',(#3916),#3920);
#3916 = LINE('',#3917,#3918);
#3917 = CARTESIAN_POINT('',(2.828427124746,-8.881784197001E-16));
#3918 = VECTOR('',#3919,1.);
#3919 = DIRECTION('',(8.072398225556E-17,-1.));
#3920 = ( GEOMETRIC_REPRESENTATION_CONTEXT(2) 
PARAMETRIC_REPRESENTATION_CONTEXT() REPRESENTATION_CONTEXT('2D SPACE',''
  ) );
#3921 = ORIENTED_EDGE('',*,*,#2343,.T.);
#3922 = ORIENTED_EDGE('',*,*,#3827,.F.);
#3923 = ADVANCED_FACE('',(#3924),#2331,.F.);
#3924 = FACE_BOUND('',#3925,.F.);
#3925 = EDGE_LOOP('',(#3926,#3927,#3928,#3929));
#3926 = ORIENTED_EDGE('',*,*,#3166,.T.);
#3927 = ORIENTED_EDGE('',*,*,#3876,.T.);
#3928 = ORIENTED_EDGE('',*,*,#2313,.F.);
#3929 = ORIENTED_EDGE('',*,*,#3901,.F.);
#3930 = ADVANCED_FACE('',(#3931),#2268,.F.);
#3931 = FACE_BOUND('',#3932,.F.);
#3932 = EDGE_LOOP('',(#3933,#3934,#3955,#3956));
#3933 = ORIENTED_EDGE('',*,*,#3115,.T.);
#3934 = ORIENTED_EDGE('',*,*,#3935,.T.);
#3935 = EDGE_CURVE('',#3088,#2220,#3936,.T.);
#3936 = SURFACE_CURVE('',#3937,(#3941,#3948),.PCURVE_S1.);
#3937 = LINE('',#3938,#3939);
#3938 = CARTESIAN_POINT('',(-0.725227979602,14.151471862576,
    99.441761335073));
#3939 = VECTOR('',#3940,1.);
#3940 = DIRECTION('',(0.5,0.,-0.866025403784));
#3941 = PCURVE('',#2268,#3942);
#3942 = DEFINITIONAL_REPRESENTATION('',(#3943),#3947);
#3943 = LINE('',#3944,#3945);
#3944 = CARTESIAN_POINT('',(0.,0.));
#3945 = VECTOR('',#3946,1.);
#3946 = DIRECTION('',(8.072398225556E-17,-1.));
#3947 = ( GEOMETRIC_REPRESENTATION_CONTEXT(2) 
PARAMETRIC_REPRESENTATION_CONTEXT() REPRESENTATION_CONTEXT('2D SPACE',''
  ) );
#3948 = PCURVE('',#2240,#3949);
#3949 = DEFINITIONAL_REPRESENTATION('',(#3950),#3954);
#3950 = LINE('',#3951,#3952);
#3951 = CARTESIAN_POINT('',(3.14159265359,0.));
#3952 = VECTOR('',#3953,1.);
#3953 = DIRECTION('',(0.,-1.));
#3954 = ( GEOMETRIC_REPRESENTATION_CONTEXT(2) 
PARAMETRIC_REPRESENTATION_CONTEXT() REPRESENTATION_CONTEXT('2D SPACE',''
  ) );
#3955 = ORIENTED_EDGE('',*,*,#2252,.F.);
#3956 = ORIENTED_EDGE('',*,*,#3957,.F.);
#3957 = EDGE_CURVE('',#3116,#2253,#3958,.T.);
#3958 = SURFACE_CURVE('',#3959,(#3963,#3970),.PCURVE_S1.);
#3959 = LINE('',#3960,#3961);
#3960 = CARTESIAN_POINT('',(1.006822827967,12.151471862576,
    100.44176133507));
#3961 = VECTOR('',#3962,1.);
#3962 = DIRECTION('',(0.5,0.,-0.866025403784));
#3963 = PCURVE('',#2268,#3964);
#3964 = DEFINITIONAL_REPRESENTATION('',(#3965),#3969);
#3965 = LINE('',#3966,#3967);
#3966 = CARTESIAN_POINT('',(2.828427124746,0.));
#3967 = VECTOR('',#3968,1.);
#3968 = DIRECTION('',(8.072398225556E-17,-1.));
#3969 = ( GEOMETRIC_REPRESENTATION_CONTEXT(2) 
PARAMETRIC_REPRESENTATION_CONTEXT() REPRESENTATION_CONTEXT('2D SPACE',''
  ) );
#3970 = PCURVE('',#2299,#3971);
#3971 = DEFINITIONAL_REPRESENTATION('',(#3972),#3976);
#3972 = LINE('',#3973,#3974);
#3973 = CARTESIAN_POINT('',(0.,0.));
#3974 = VECTOR('',#3975,1.);
#3975 = DIRECTION('',(0.,-1.));
#3976 = ( GEOMETRIC_REPRESENTATION_CONTEXT(2) 
PARAMETRIC_REPRESENTATION_CONTEXT() REPRESENTATION_CONTEXT('2D SPACE',''
  ) );
#3977 = ADVANCED_FACE('',(#3978),#2299,.F.);
#3978 = FACE_BOUND('',#3979,.F.);
#3979 = EDGE_LOOP('',(#3980,#3981,#3982,#3983));
#3980 = ORIENTED_EDGE('',*,*,#3138,.F.);
#3981 = ORIENTED_EDGE('',*,*,#3957,.T.);
#3982 = ORIENTED_EDGE('',*,*,#2280,.T.);
#3983 = ORIENTED_EDGE('',*,*,#3984,.F.);
#3984 = EDGE_CURVE('',#3065,#2192,#3985,.T.);
#3985 = SURFACE_CURVE('',#3986,(#3990,#3997),.PCURVE_S1.);
#3986 = LINE('',#3987,#3988);
#3987 = CARTESIAN_POINT('',(2.476516673637,13.848528137424,
    101.29028947249));
#3988 = VECTOR('',#3989,1.);
#3989 = DIRECTION('',(0.5,0.,-0.866025403784));
#3990 = PCURVE('',#2299,#3991);
#3991 = DEFINITIONAL_REPRESENTATION('',(#3992),#3996);
#3992 = LINE('',#3993,#3994);
#3993 = CARTESIAN_POINT('',(3.14159265359,0.));
#3994 = VECTOR('',#3995,1.);
#3995 = DIRECTION('',(0.,-1.));
#3996 = ( GEOMETRIC_REPRESENTATION_CONTEXT(2) 
PARAMETRIC_REPRESENTATION_CONTEXT() REPRESENTATION_CONTEXT('2D SPACE',''
  ) );
#3997 = PCURVE('',#2207,#3998);
#3998 = DEFINITIONAL_REPRESENTATION('',(#3999),#4003);
#3999 = LINE('',#4000,#4001);
#4000 = CARTESIAN_POINT('',(0.,0.));
#4001 = VECTOR('',#4002,1.);
#4002 = DIRECTION('',(-8.072398225556E-17,-1.));
#4003 = ( GEOMETRIC_REPRESENTATION_CONTEXT(2) 
PARAMETRIC_REPRESENTATION_CONTEXT() REPRESENTATION_CONTEXT('2D SPACE',''
  ) );
#4004 = ADVANCED_FACE('',(#4005),#2240,.F.);
#4005 = FACE_BOUND('',#4006,.F.);
#4006 = EDGE_LOOP('',(#4007,#4008,#4029,#4030));
#4007 = ORIENTED_EDGE('',*,*,#3087,.F.);
#4008 = ORIENTED_EDGE('',*,*,#4009,.T.);
#4009 = EDGE_CURVE('',#3063,#2190,#4010,.T.);
#4010 = SURFACE_CURVE('',#4011,(#4015,#4022),.PCURVE_S1.);
#4011 = LINE('',#4012,#4013);
#4012 = CARTESIAN_POINT('',(0.744465866068,15.848528137424,
    100.29028947249));
#4013 = VECTOR('',#4014,1.);
#4014 = DIRECTION('',(0.5,0.,-0.866025403784));
#4015 = PCURVE('',#2240,#4016);
#4016 = DEFINITIONAL_REPRESENTATION('',(#4017),#4021);
#4017 = LINE('',#4018,#4019);
#4018 = CARTESIAN_POINT('',(0.,0.));
#4019 = VECTOR('',#4020,1.);
#4020 = DIRECTION('',(0.,-1.));
#4021 = ( GEOMETRIC_REPRESENTATION_CONTEXT(2) 
PARAMETRIC_REPRESENTATION_CONTEXT() REPRESENTATION_CONTEXT('2D SPACE',''
  ) );
#4022 = PCURVE('',#2207,#4023);
#4023 = DEFINITIONAL_REPRESENTATION('',(#4024),#4028);
#4024 = LINE('',#4025,#4026);
#4025 = CARTESIAN_POINT('',(2.828427124746,0.));
#4026 = VECTOR('',#4027,1.);
#4027 = DIRECTION('',(-8.072398225556E-17,-1.));
#4028 = ( GEOMETRIC_REPRESENTATION_CONTEXT(2) 
PARAMETRIC_REPRESENTATION_CONTEXT() REPRESENTATION_CONTEXT('2D SPACE',''
  ) );
#4029 = ORIENTED_EDGE('',*,*,#2219,.T.);
#4030 = ORIENTED_EDGE('',*,*,#3935,.F.);
#4031 = ADVANCED_FACE('',(#4032),#2207,.F.);
#4032 = FACE_BOUND('',#4033,.F.);
#4033 = EDGE_LOOP('',(#4034,#4035,#4036,#4037));
#4034 = ORIENTED_EDGE('',*,*,#3062,.T.);
#4035 = ORIENTED_EDGE('',*,*,#3984,.T.);
#4036 = ORIENTED_EDGE('',*,*,#2189,.F.);
#4037 = ORIENTED_EDGE('',*,*,#4009,.F.);
#4038 = ADVANCED_FACE('',(#4039),#1860,.T.);
#4039 = FACE_BOUND('',#4040,.T.);
#4040 = EDGE_LOOP('',(#4041,#4064,#4092,#4113));
#4041 = ORIENTED_EDGE('',*,*,#4042,.F.);
#4042 = EDGE_CURVE('',#4043,#1822,#4045,.T.);
#4043 = VERTEX_POINT('',#4044);
#4044 = CARTESIAN_POINT('',(-4.320508075689,23.,97.366025403784));
#4045 = SURFACE_CURVE('',#4046,(#4050,#4057),.PCURVE_S1.);
#4046 = LINE('',#4047,#4048);
#4047 = CARTESIAN_POINT('',(-4.320508075689,23.,97.366025403784));
#4048 = VECTOR('',#4049,1.);
#4049 = DIRECTION('',(0.5,0.,-0.866025403784));
#4050 = PCURVE('',#1860,#4051);
#4051 = DEFINITIONAL_REPRESENTATION('',(#4052),#4056);
#4052 = LINE('',#4053,#4054);
#4053 = CARTESIAN_POINT('',(0.,0.));
#4054 = VECTOR('',#4055,1.);
#4055 = DIRECTION('',(1.487416814334E-17,1.));
#4056 = ( GEOMETRIC_REPRESENTATION_CONTEXT(2) 
PARAMETRIC_REPRESENTATION_CONTEXT() REPRESENTATION_CONTEXT('2D SPACE',''
  ) );
#4057 = PCURVE('',#1667,#4058);
#4058 = DEFINITIONAL_REPRESENTATION('',(#4059),#4063);
#4059 = LINE('',#4060,#4061);
#4060 = CARTESIAN_POINT('',(43.,1.));
#4061 = VECTOR('',#4062,1.);
#4062 = DIRECTION('',(0.,-1.));
#4063 = ( GEOMETRIC_REPRESENTATION_CONTEXT(2) 
PARAMETRIC_REPRESENTATION_CONTEXT() REPRESENTATION_CONTEXT('2D SPACE',''
  ) );
#4064 = ORIENTED_EDGE('',*,*,#4065,.T.);
#4065 = EDGE_CURVE('',#4043,#4066,#4068,.T.);
#4066 = VERTEX_POINT('',#4067);
#4067 = CARTESIAN_POINT('',(2.607695154587,23.,101.36602540378));
#4068 = SURFACE_CURVE('',#4069,(#4073,#4080),.PCURVE_S1.);
#4069 = LINE('',#4070,#4071);
#4070 = CARTESIAN_POINT('',(-4.320508075689,23.,97.366025403784));
#4071 = VECTOR('',#4072,1.);
#4072 = DIRECTION('',(0.866025403784,0.,0.5));
#4073 = PCURVE('',#1860,#4074);
#4074 = DEFINITIONAL_REPRESENTATION('',(#4075),#4079);
#4075 = LINE('',#4076,#4077);
#4076 = CARTESIAN_POINT('',(0.,0.));
#4077 = VECTOR('',#4078,1.);
#4078 = DIRECTION('',(1.,1.487416814334E-17));
#4079 = ( GEOMETRIC_REPRESENTATION_CONTEXT(2) 
PARAMETRIC_REPRESENTATION_CONTEXT() REPRESENTATION_CONTEXT('2D SPACE',''
  ) );
#4080 = PCURVE('',#4081,#4086);
#4081 = PLANE('',#4082);
#4082 = AXIS2_PLACEMENT_3D('',#4083,#4084,#4085);
#4083 = CARTESIAN_POINT('',(-4.320508075689,18.,97.366025403784));
#4084 = DIRECTION('',(0.5,0.,-0.866025403784));
#4085 = DIRECTION('',(0.866025403784,0.,0.5));
#4086 = DEFINITIONAL_REPRESENTATION('',(#4087),#4091);
#4087 = LINE('',#4088,#4089);
#4088 = CARTESIAN_POINT('',(0.,-5.));
#4089 = VECTOR('',#4090,1.);
#4090 = DIRECTION('',(1.,0.));
#4091 = ( GEOMETRIC_REPRESENTATION_CONTEXT(2) 
PARAMETRIC_REPRESENTATION_CONTEXT() REPRESENTATION_CONTEXT('2D SPACE',''
  ) );
#4092 = ORIENTED_EDGE('',*,*,#4093,.T.);
#4093 = EDGE_CURVE('',#4066,#1845,#4094,.T.);
#4094 = SURFACE_CURVE('',#4095,(#4099,#4106),.PCURVE_S1.);
#4095 = LINE('',#4096,#4097);
#4096 = CARTESIAN_POINT('',(2.607695154587,23.,101.36602540378));
#4097 = VECTOR('',#4098,1.);
#4098 = DIRECTION('',(0.5,0.,-0.866025403784));
#4099 = PCURVE('',#1860,#4100);
#4100 = DEFINITIONAL_REPRESENTATION('',(#4101),#4105);
#4101 = LINE('',#4102,#4103);
#4102 = CARTESIAN_POINT('',(8.,0.));
#4103 = VECTOR('',#4104,1.);
#4104 = DIRECTION('',(1.487416814334E-17,1.));
#4105 = ( GEOMETRIC_REPRESENTATION_CONTEXT(2) 
PARAMETRIC_REPRESENTATION_CONTEXT() REPRESENTATION_CONTEXT('2D SPACE',''
  ) );
#4106 = PCURVE('',#1888,#4107);
#4107 = DEFINITIONAL_REPRESENTATION('',(#4108),#4112);
#4108 = LINE('',#4109,#4110);
#4109 = CARTESIAN_POINT('',(0.,5.));
#4110 = VECTOR('',#4111,1.);
#4111 = DIRECTION('',(1.,0.));
#4112 = ( GEOMETRIC_REPRESENTATION_CONTEXT(2) 
PARAMETRIC_REPRESENTATION_CONTEXT() REPRESENTATION_CONTEXT('2D SPACE',''
  ) );
#4113 = ORIENTED_EDGE('',*,*,#1844,.F.);
#4114 = ADVANCED_FACE('',(#4115),#4081,.F.);
#4115 = FACE_BOUND('',#4116,.F.);
#4116 = EDGE_LOOP('',(#4117,#4142,#4163,#4164,#4187,#4210,#4236,#4262));
#4117 = ORIENTED_EDGE('',*,*,#4118,.F.);
#4118 = EDGE_CURVE('',#4119,#4121,#4123,.T.);
#4119 = VERTEX_POINT('',#4120);
#4120 = CARTESIAN_POINT('',(-4.320508075689,18.,97.366025403784));
#4121 = VERTEX_POINT('',#4122);
#4122 = CARTESIAN_POINT('',(-2.952546242212,18.,98.155818536584));
#4123 = SURFACE_CURVE('',#4124,(#4128,#4135),.PCURVE_S1.);
#4124 = LINE('',#4125,#4126);
#4125 = CARTESIAN_POINT('',(-4.320508075689,18.,97.366025403784));
#4126 = VECTOR('',#4127,1.);
#4127 = DIRECTION('',(0.866025403784,0.,0.5));
#4128 = PCURVE('',#4081,#4129);
#4129 = DEFINITIONAL_REPRESENTATION('',(#4130),#4134);
#4130 = LINE('',#4131,#4132);
#4131 = CARTESIAN_POINT('',(0.,0.));
#4132 = VECTOR('',#4133,1.);
#4133 = DIRECTION('',(1.,0.));
#4134 = ( GEOMETRIC_REPRESENTATION_CONTEXT(2) 
PARAMETRIC_REPRESENTATION_CONTEXT() REPRESENTATION_CONTEXT('2D SPACE',''
  ) );
#4135 = PCURVE('',#392,#4136);
#4136 = DEFINITIONAL_REPRESENTATION('',(#4137),#4141);
#4137 = LINE('',#4138,#4139);
#4138 = CARTESIAN_POINT('',(-36.24546771637,18.803701252447));
#4139 = VECTOR('',#4140,1.);
#4140 = DIRECTION('',(-0.5,0.866025403784));
#4141 = ( GEOMETRIC_REPRESENTATION_CONTEXT(2) 
PARAMETRIC_REPRESENTATION_CONTEXT() REPRESENTATION_CONTEXT('2D SPACE',''
  ) );
#4142 = ORIENTED_EDGE('',*,*,#4143,.T.);
#4143 = EDGE_CURVE('',#4119,#4043,#4144,.T.);
#4144 = SURFACE_CURVE('',#4145,(#4149,#4156),.PCURVE_S1.);
#4145 = LINE('',#4146,#4147);
#4146 = CARTESIAN_POINT('',(-4.320508075689,18.,97.366025403784));
#4147 = VECTOR('',#4148,1.);
#4148 = DIRECTION('',(0.,1.,0.));
#4149 = PCURVE('',#4081,#4150);
#4150 = DEFINITIONAL_REPRESENTATION('',(#4151),#4155);
#4151 = LINE('',#4152,#4153);
#4152 = CARTESIAN_POINT('',(0.,0.));
#4153 = VECTOR('',#4154,1.);
#4154 = DIRECTION('',(0.,-1.));
#4155 = ( GEOMETRIC_REPRESENTATION_CONTEXT(2) 
PARAMETRIC_REPRESENTATION_CONTEXT() REPRESENTATION_CONTEXT('2D SPACE',''
  ) );
#4156 = PCURVE('',#1667,#4157);
#4157 = DEFINITIONAL_REPRESENTATION('',(#4158),#4162);
#4158 = LINE('',#4159,#4160);
#4159 = CARTESIAN_POINT('',(38.,1.));
#4160 = VECTOR('',#4161,1.);
#4161 = DIRECTION('',(1.,0.));
#4162 = ( GEOMETRIC_REPRESENTATION_CONTEXT(2) 
PARAMETRIC_REPRESENTATION_CONTEXT() REPRESENTATION_CONTEXT('2D SPACE',''
  ) );
#4163 = ORIENTED_EDGE('',*,*,#4065,.T.);
#4164 = ORIENTED_EDGE('',*,*,#4165,.F.);
#4165 = EDGE_CURVE('',#4166,#4066,#4168,.T.);
#4166 = VERTEX_POINT('',#4167);
#4167 = CARTESIAN_POINT('',(2.607695154587,18.,101.36602540378));
#4168 = SURFACE_CURVE('',#4169,(#4173,#4180),.PCURVE_S1.);
#4169 = LINE('',#4170,#4171);
#4170 = CARTESIAN_POINT('',(2.607695154587,18.,101.36602540378));
#4171 = VECTOR('',#4172,1.);
#4172 = DIRECTION('',(0.,1.,0.));
#4173 = PCURVE('',#4081,#4174);
#4174 = DEFINITIONAL_REPRESENTATION('',(#4175),#4179);
#4175 = LINE('',#4176,#4177);
#4176 = CARTESIAN_POINT('',(8.,0.));
#4177 = VECTOR('',#4178,1.);
#4178 = DIRECTION('',(0.,-1.));
#4179 = ( GEOMETRIC_REPRESENTATION_CONTEXT(2) 
PARAMETRIC_REPRESENTATION_CONTEXT() REPRESENTATION_CONTEXT('2D SPACE',''
  ) );
#4180 = PCURVE('',#1888,#4181);
#4181 = DEFINITIONAL_REPRESENTATION('',(#4182),#4186);
#4182 = LINE('',#4183,#4184);
#4183 = CARTESIAN_POINT('',(0.,0.));
#4184 = VECTOR('',#4185,1.);
#4185 = DIRECTION('',(0.,1.));
#4186 = ( GEOMETRIC_REPRESENTATION_CONTEXT(2) 
PARAMETRIC_REPRESENTATION_CONTEXT() REPRESENTATION_CONTEXT('2D SPACE',''
  ) );
#4187 = ORIENTED_EDGE('',*,*,#4188,.F.);
#4188 = EDGE_CURVE('',#4189,#4166,#4191,.T.);
#4189 = VERTEX_POINT('',#4190);
#4190 = CARTESIAN_POINT('',(0.875644347018,18.,100.36602540378));
#4191 = SURFACE_CURVE('',#4192,(#4196,#4203),.PCURVE_S1.);
#4192 = LINE('',#4193,#4194);
#4193 = CARTESIAN_POINT('',(-4.320508075689,18.,97.366025403784));
#4194 = VECTOR('',#4195,1.);
#4195 = DIRECTION('',(0.866025403784,0.,0.5));
#4196 = PCURVE('',#4081,#4197);
#4197 = DEFINITIONAL_REPRESENTATION('',(#4198),#4202);
#4198 = LINE('',#4199,#4200);
#4199 = CARTESIAN_POINT('',(0.,0.));
#4200 = VECTOR('',#4201,1.);
#4201 = DIRECTION('',(1.,0.));
#4202 = ( GEOMETRIC_REPRESENTATION_CONTEXT(2) 
PARAMETRIC_REPRESENTATION_CONTEXT() REPRESENTATION_CONTEXT('2D SPACE',''
  ) );
#4203 = PCURVE('',#392,#4204);
#4204 = DEFINITIONAL_REPRESENTATION('',(#4205),#4209);
#4205 = LINE('',#4206,#4207);
#4206 = CARTESIAN_POINT('',(-36.24546771637,18.803701252447));
#4207 = VECTOR('',#4208,1.);
#4208 = DIRECTION('',(-0.5,0.866025403784));
#4209 = ( GEOMETRIC_REPRESENTATION_CONTEXT(2) 
PARAMETRIC_REPRESENTATION_CONTEXT() REPRESENTATION_CONTEXT('2D SPACE',''
  ) );
#4210 = ORIENTED_EDGE('',*,*,#4211,.T.);
#4211 = EDGE_CURVE('',#4189,#4212,#4214,.T.);
#4212 = VERTEX_POINT('',#4213);
#4213 = CARTESIAN_POINT('',(0.875644347018,22.,100.36602540378));
#4214 = SURFACE_CURVE('',#4215,(#4219,#4225),.PCURVE_S1.);
#4215 = LINE('',#4216,#4217);
#4216 = CARTESIAN_POINT('',(0.875644347018,20.,100.36602540378));
#4217 = VECTOR('',#4218,1.);
#4218 = DIRECTION('',(-0.,1.,0.));
#4219 = PCURVE('',#4081,#4220);
#4220 = DEFINITIONAL_REPRESENTATION('',(#4221),#4224);
#4221 = B_SPLINE_CURVE_WITH_KNOTS('',1,(#4222,#4223),.UNSPECIFIED.,.F.,
  .F.,(2,2),(-2.,2.),.PIECEWISE_BEZIER_KNOTS.);
#4222 = CARTESIAN_POINT('',(6.,0.));
#4223 = CARTESIAN_POINT('',(6.,-4.));
#4224 = ( GEOMETRIC_REPRESENTATION_CONTEXT(2) 
PARAMETRIC_REPRESENTATION_CONTEXT() REPRESENTATION_CONTEXT('2D SPACE',''
  ) );
#4225 = PCURVE('',#4226,#4231);
#4226 = PLANE('',#4227);
#4227 = AXIS2_PLACEMENT_3D('',#4228,#4229,#4230);
#4228 = CARTESIAN_POINT('',(3.875644347018,22.,95.169872981078));
#4229 = DIRECTION('',(-0.866025403784,-0.,-0.5));
#4230 = DIRECTION('',(-0.5,0.,0.866025403784));
#4231 = DEFINITIONAL_REPRESENTATION('',(#4232),#4235);
#4232 = B_SPLINE_CURVE_WITH_KNOTS('',1,(#4233,#4234),.UNSPECIFIED.,.F.,
  .F.,(2,2),(-2.,2.),.PIECEWISE_BEZIER_KNOTS.);
#4233 = CARTESIAN_POINT('',(6.,-4.));
#4234 = CARTESIAN_POINT('',(6.,0.));
#4235 = ( GEOMETRIC_REPRESENTATION_CONTEXT(2) 
PARAMETRIC_REPRESENTATION_CONTEXT() REPRESENTATION_CONTEXT('2D SPACE',''
  ) );
#4236 = ORIENTED_EDGE('',*,*,#4237,.T.);
#4237 = EDGE_CURVE('',#4212,#4238,#4240,.T.);
#4238 = VERTEX_POINT('',#4239);
#4239 = CARTESIAN_POINT('',(-2.952546242212,22.,98.155818536584));
#4240 = SURFACE_CURVE('',#4241,(#4245,#4251),.PCURVE_S1.);
#4241 = LINE('',#4242,#4243);
#4242 = CARTESIAN_POINT('',(-19.21926999896,22.,88.764221196789));
#4243 = VECTOR('',#4244,1.);
#4244 = DIRECTION('',(-0.866025403784,0.,-0.5));
#4245 = PCURVE('',#4081,#4246);
#4246 = DEFINITIONAL_REPRESENTATION('',(#4247),#4250);
#4247 = B_SPLINE_CURVE_WITH_KNOTS('',1,(#4248,#4249),.UNSPECIFIED.,.F.,
  .F.,(2,2),(-25.20360841399,-17.20360841399),.PIECEWISE_BEZIER_KNOTS.);
#4248 = CARTESIAN_POINT('',(8.,-4.));
#4249 = CARTESIAN_POINT('',(0.,-4.));
#4250 = ( GEOMETRIC_REPRESENTATION_CONTEXT(2) 
PARAMETRIC_REPRESENTATION_CONTEXT() REPRESENTATION_CONTEXT('2D SPACE',''
  ) );
#4251 = PCURVE('',#4252,#4257);
#4252 = PLANE('',#4253);
#4253 = AXIS2_PLACEMENT_3D('',#4254,#4255,#4256);
#4254 = CARTESIAN_POINT('',(-23.12420932813,22.,61.120557687408));
#4255 = DIRECTION('',(-0.,-1.,-0.));
#4256 = DIRECTION('',(0.,0.,-1.));
#4257 = DEFINITIONAL_REPRESENTATION('',(#4258),#4261);
#4258 = B_SPLINE_CURVE_WITH_KNOTS('',1,(#4259,#4260),.UNSPECIFIED.,.F.,
  .F.,(2,2),(-25.20360841399,-17.20360841399),.PIECEWISE_BEZIER_KNOTS.);
#4259 = CARTESIAN_POINT('',(-40.24546771637,25.731904482723));
#4260 = CARTESIAN_POINT('',(-36.24546771637,18.803701252447));
#4261 = ( GEOMETRIC_REPRESENTATION_CONTEXT(2) 
PARAMETRIC_REPRESENTATION_CONTEXT() REPRESENTATION_CONTEXT('2D SPACE',''
  ) );
#4262 = ORIENTED_EDGE('',*,*,#4263,.T.);
#4263 = EDGE_CURVE('',#4238,#4121,#4264,.T.);
#4264 = SURFACE_CURVE('',#4265,(#4269,#4275),.PCURVE_S1.);
#4265 = LINE('',#4266,#4267);
#4266 = CARTESIAN_POINT('',(-2.952546242212,20.,98.155818536584));
#4267 = VECTOR('',#4268,1.);
#4268 = DIRECTION('',(0.,-1.,0.));
#4269 = PCURVE('',#4081,#4270);
#4270 = DEFINITIONAL_REPRESENTATION('',(#4271),#4274);
#4271 = B_SPLINE_CURVE_WITH_KNOTS('',1,(#4272,#4273),.UNSPECIFIED.,.F.,
  .F.,(2,2),(-2.,2.),.PIECEWISE_BEZIER_KNOTS.);
#4272 = CARTESIAN_POINT('',(1.579586265598,-4.));
#4273 = CARTESIAN_POINT('',(1.579586265598,0.));
#4274 = ( GEOMETRIC_REPRESENTATION_CONTEXT(2) 
PARAMETRIC_REPRESENTATION_CONTEXT() REPRESENTATION_CONTEXT('2D SPACE',''
  ) );
#4275 = PCURVE('',#4276,#4281);
#4276 = PLANE('',#4277);
#4277 = AXIS2_PLACEMENT_3D('',#4278,#4279,#4280);
#4278 = CARTESIAN_POINT('',(-0.124355652982,22.,102.09807621135));
#4279 = DIRECTION('',(0.812533446333,0.,-0.582914572292));
#4280 = DIRECTION('',(-0.582914572292,0.,-0.812533446333));
#4281 = DEFINITIONAL_REPRESENTATION('',(#4282),#4285);
#4282 = B_SPLINE_CURVE_WITH_KNOTS('',1,(#4283,#4284),.UNSPECIFIED.,.F.,
  .F.,(2,2),(-2.,2.),.PIECEWISE_BEZIER_KNOTS.);
#4283 = CARTESIAN_POINT('',(4.851809722494,0.));
#4284 = CARTESIAN_POINT('',(4.851809722494,-4.));
#4285 = ( GEOMETRIC_REPRESENTATION_CONTEXT(2) 
PARAMETRIC_REPRESENTATION_CONTEXT() REPRESENTATION_CONTEXT('2D SPACE',''
  ) );
#4286 = ADVANCED_FACE('',(#4287),#4226,.F.);
#4287 = FACE_BOUND('',#4288,.F.);
#4288 = EDGE_LOOP('',(#4289,#4312,#4313,#4336));
#4289 = ORIENTED_EDGE('',*,*,#4290,.F.);
#4290 = EDGE_CURVE('',#4212,#4291,#4293,.T.);
#4291 = VERTEX_POINT('',#4292);
#4292 = CARTESIAN_POINT('',(-0.124355652982,22.,102.09807621135));
#4293 = SURFACE_CURVE('',#4294,(#4298,#4305),.PCURVE_S1.);
#4294 = LINE('',#4295,#4296);
#4295 = CARTESIAN_POINT('',(3.875644347018,22.,95.169872981078));
#4296 = VECTOR('',#4297,1.);
#4297 = DIRECTION('',(-0.5,0.,0.866025403784));
#4298 = PCURVE('',#4226,#4299);
#4299 = DEFINITIONAL_REPRESENTATION('',(#4300),#4304);
#4300 = LINE('',#4301,#4302);
#4301 = CARTESIAN_POINT('',(0.,0.));
#4302 = VECTOR('',#4303,1.);
#4303 = DIRECTION('',(1.,0.));
#4304 = ( GEOMETRIC_REPRESENTATION_CONTEXT(2) 
PARAMETRIC_REPRESENTATION_CONTEXT() REPRESENTATION_CONTEXT('2D SPACE',''
  ) );
#4305 = PCURVE('',#4252,#4306);
#4306 = DEFINITIONAL_REPRESENTATION('',(#4307),#4311);
#4307 = LINE('',#4308,#4309);
#4308 = CARTESIAN_POINT('',(-34.04931529367,26.999853675154));
#4309 = VECTOR('',#4310,1.);
#4310 = DIRECTION('',(-0.866025403784,-0.5));
#4311 = ( GEOMETRIC_REPRESENTATION_CONTEXT(2) 
PARAMETRIC_REPRESENTATION_CONTEXT() REPRESENTATION_CONTEXT('2D SPACE',''
  ) );
#4312 = ORIENTED_EDGE('',*,*,#4211,.F.);
#4313 = ORIENTED_EDGE('',*,*,#4314,.T.);
#4314 = EDGE_CURVE('',#4189,#4315,#4317,.T.);
#4315 = VERTEX_POINT('',#4316);
#4316 = CARTESIAN_POINT('',(-0.124355652982,18.,102.09807621135));
#4317 = SURFACE_CURVE('',#4318,(#4322,#4329),.PCURVE_S1.);
#4318 = LINE('',#4319,#4320);
#4319 = CARTESIAN_POINT('',(3.875644347018,18.,95.169872981078));
#4320 = VECTOR('',#4321,1.);
#4321 = DIRECTION('',(-0.5,0.,0.866025403784));
#4322 = PCURVE('',#4226,#4323);
#4323 = DEFINITIONAL_REPRESENTATION('',(#4324),#4328);
#4324 = LINE('',#4325,#4326);
#4325 = CARTESIAN_POINT('',(0.,-4.));
#4326 = VECTOR('',#4327,1.);
#4327 = DIRECTION('',(1.,0.));
#4328 = ( GEOMETRIC_REPRESENTATION_CONTEXT(2) 
PARAMETRIC_REPRESENTATION_CONTEXT() REPRESENTATION_CONTEXT('2D SPACE',''
  ) );
#4329 = PCURVE('',#392,#4330);
#4330 = DEFINITIONAL_REPRESENTATION('',(#4331),#4335);
#4331 = LINE('',#4332,#4333);
#4332 = CARTESIAN_POINT('',(-34.04931529367,26.999853675154));
#4333 = VECTOR('',#4334,1.);
#4334 = DIRECTION('',(-0.866025403784,-0.5));
#4335 = ( GEOMETRIC_REPRESENTATION_CONTEXT(2) 
PARAMETRIC_REPRESENTATION_CONTEXT() REPRESENTATION_CONTEXT('2D SPACE',''
  ) );
#4336 = ORIENTED_EDGE('',*,*,#4337,.F.);
#4337 = EDGE_CURVE('',#4291,#4315,#4338,.T.);
#4338 = SURFACE_CURVE('',#4339,(#4343,#4350),.PCURVE_S1.);
#4339 = LINE('',#4340,#4341);
#4340 = CARTESIAN_POINT('',(-0.124355652982,22.,102.09807621135));
#4341 = VECTOR('',#4342,1.);
#4342 = DIRECTION('',(0.,-1.,0.));
#4343 = PCURVE('',#4226,#4344);
#4344 = DEFINITIONAL_REPRESENTATION('',(#4345),#4349);
#4345 = LINE('',#4346,#4347);
#4346 = CARTESIAN_POINT('',(8.,0.));
#4347 = VECTOR('',#4348,1.);
#4348 = DIRECTION('',(0.,-1.));
#4349 = ( GEOMETRIC_REPRESENTATION_CONTEXT(2) 
PARAMETRIC_REPRESENTATION_CONTEXT() REPRESENTATION_CONTEXT('2D SPACE',''
  ) );
#4350 = PCURVE('',#4276,#4351);
#4351 = DEFINITIONAL_REPRESENTATION('',(#4352),#4356);
#4352 = LINE('',#4353,#4354);
#4353 = CARTESIAN_POINT('',(0.,0.));
#4354 = VECTOR('',#4355,1.);
#4355 = DIRECTION('',(-0.,-1.));
#4356 = ( GEOMETRIC_REPRESENTATION_CONTEXT(2) 
PARAMETRIC_REPRESENTATION_CONTEXT() REPRESENTATION_CONTEXT('2D SPACE',''
  ) );
#4357 = ADVANCED_FACE('',(#4358),#4252,.F.);
#4358 = FACE_BOUND('',#4359,.F.);
#4359 = EDGE_LOOP('',(#4360,#4381,#4382));
#4360 = ORIENTED_EDGE('',*,*,#4361,.T.);
#4361 = EDGE_CURVE('',#4291,#4238,#4362,.T.);
#4362 = SURFACE_CURVE('',#4363,(#4367,#4374),.PCURVE_S1.);
#4363 = LINE('',#4364,#4365);
#4364 = CARTESIAN_POINT('',(-0.124355652982,22.,102.09807621135));
#4365 = VECTOR('',#4366,1.);
#4366 = DIRECTION('',(-0.582914572292,0.,-0.812533446333));
#4367 = PCURVE('',#4252,#4368);
#4368 = DEFINITIONAL_REPRESENTATION('',(#4369),#4373);
#4369 = LINE('',#4370,#4371);
#4370 = CARTESIAN_POINT('',(-40.97751852394,22.999853675154));
#4371 = VECTOR('',#4372,1.);
#4372 = DIRECTION('',(0.812533446333,-0.582914572292));
#4373 = ( GEOMETRIC_REPRESENTATION_CONTEXT(2) 
PARAMETRIC_REPRESENTATION_CONTEXT() REPRESENTATION_CONTEXT('2D SPACE',''
  ) );
#4374 = PCURVE('',#4276,#4375);
#4375 = DEFINITIONAL_REPRESENTATION('',(#4376),#4380);
#4376 = LINE('',#4377,#4378);
#4377 = CARTESIAN_POINT('',(0.,0.));
#4378 = VECTOR('',#4379,1.);
#4379 = DIRECTION('',(1.,0.));
#4380 = ( GEOMETRIC_REPRESENTATION_CONTEXT(2) 
PARAMETRIC_REPRESENTATION_CONTEXT() REPRESENTATION_CONTEXT('2D SPACE',''
  ) );
#4381 = ORIENTED_EDGE('',*,*,#4237,.F.);
#4382 = ORIENTED_EDGE('',*,*,#4290,.T.);
#4383 = ADVANCED_FACE('',(#4384),#4276,.F.);
#4384 = FACE_BOUND('',#4385,.F.);
#4385 = EDGE_LOOP('',(#4386,#4387,#4388,#4409));
#4386 = ORIENTED_EDGE('',*,*,#4361,.F.);
#4387 = ORIENTED_EDGE('',*,*,#4337,.T.);
#4388 = ORIENTED_EDGE('',*,*,#4389,.T.);
#4389 = EDGE_CURVE('',#4315,#4121,#4390,.T.);
#4390 = SURFACE_CURVE('',#4391,(#4395,#4402),.PCURVE_S1.);
#4391 = LINE('',#4392,#4393);
#4392 = CARTESIAN_POINT('',(-0.124355652982,18.,102.09807621135));
#4393 = VECTOR('',#4394,1.);
#4394 = DIRECTION('',(-0.582914572292,0.,-0.812533446333));
#4395 = PCURVE('',#4276,#4396);
#4396 = DEFINITIONAL_REPRESENTATION('',(#4397),#4401);
#4397 = LINE('',#4398,#4399);
#4398 = CARTESIAN_POINT('',(-0.,-4.));
#4399 = VECTOR('',#4400,1.);
#4400 = DIRECTION('',(1.,0.));
#4401 = ( GEOMETRIC_REPRESENTATION_CONTEXT(2) 
PARAMETRIC_REPRESENTATION_CONTEXT() REPRESENTATION_CONTEXT('2D SPACE',''
  ) );
#4402 = PCURVE('',#392,#4403);
#4403 = DEFINITIONAL_REPRESENTATION('',(#4404),#4408);
#4404 = LINE('',#4405,#4406);
#4405 = CARTESIAN_POINT('',(-40.97751852394,22.999853675154));
#4406 = VECTOR('',#4407,1.);
#4407 = DIRECTION('',(0.812533446333,-0.582914572292));
#4408 = ( GEOMETRIC_REPRESENTATION_CONTEXT(2) 
PARAMETRIC_REPRESENTATION_CONTEXT() REPRESENTATION_CONTEXT('2D SPACE',''
  ) );
#4409 = ORIENTED_EDGE('',*,*,#4263,.F.);
#4410 = ADVANCED_FACE('',(#4411),#1888,.T.);
#4411 = FACE_BOUND('',#4412,.T.);
#4412 = EDGE_LOOP('',(#4413,#4414,#4415,#4436,#4437,#4458));
#4413 = ORIENTED_EDGE('',*,*,#4093,.F.);
#4414 = ORIENTED_EDGE('',*,*,#4165,.F.);
#4415 = ORIENTED_EDGE('',*,*,#4416,.T.);
#4416 = EDGE_CURVE('',#4166,#2925,#4417,.T.);
#4417 = SURFACE_CURVE('',#4418,(#4422,#4429),.PCURVE_S1.);
#4418 = LINE('',#4419,#4420);
#4419 = CARTESIAN_POINT('',(2.607695154587,18.,101.36602540378));
#4420 = VECTOR('',#4421,1.);
#4421 = DIRECTION('',(0.5,0.,-0.866025403784));
#4422 = PCURVE('',#1888,#4423);
#4423 = DEFINITIONAL_REPRESENTATION('',(#4424),#4428);
#4424 = LINE('',#4425,#4426);
#4425 = CARTESIAN_POINT('',(0.,0.));
#4426 = VECTOR('',#4427,1.);
#4427 = DIRECTION('',(1.,0.));
#4428 = ( GEOMETRIC_REPRESENTATION_CONTEXT(2) 
PARAMETRIC_REPRESENTATION_CONTEXT() REPRESENTATION_CONTEXT('2D SPACE',''
  ) );
#4429 = PCURVE('',#392,#4430);
#4430 = DEFINITIONAL_REPRESENTATION('',(#4431),#4435);
#4431 = LINE('',#4432,#4433);
#4432 = CARTESIAN_POINT('',(-40.24546771637,25.731904482723));
#4433 = VECTOR('',#4434,1.);
#4434 = DIRECTION('',(0.866025403784,0.5));
#4435 = ( GEOMETRIC_REPRESENTATION_CONTEXT(2) 
PARAMETRIC_REPRESENTATION_CONTEXT() REPRESENTATION_CONTEXT('2D SPACE',''
  ) );
#4436 = ORIENTED_EDGE('',*,*,#2947,.F.);
#4437 = ORIENTED_EDGE('',*,*,#4438,.F.);
#4438 = EDGE_CURVE('',#1873,#2948,#4439,.T.);
#4439 = SURFACE_CURVE('',#4440,(#4444,#4451),.PCURVE_S1.);
#4440 = LINE('',#4441,#4442);
#4441 = CARTESIAN_POINT('',(2.857695154587,20.,100.93301270189));
#4442 = VECTOR('',#4443,1.);
#4443 = DIRECTION('',(-0.5,0.,0.866025403784));
#4444 = PCURVE('',#1888,#4445);
#4445 = DEFINITIONAL_REPRESENTATION('',(#4446),#4450);
#4446 = LINE('',#4447,#4448);
#4447 = CARTESIAN_POINT('',(0.5,2.));
#4448 = VECTOR('',#4449,1.);
#4449 = DIRECTION('',(-1.,0.));
#4450 = ( GEOMETRIC_REPRESENTATION_CONTEXT(2) 
PARAMETRIC_REPRESENTATION_CONTEXT() REPRESENTATION_CONTEXT('2D SPACE',''
  ) );
#4451 = PCURVE('',#1916,#4452);
#4452 = DEFINITIONAL_REPRESENTATION('',(#4453),#4457);
#4453 = LINE('',#4454,#4455);
#4454 = CARTESIAN_POINT('',(8.,0.5));
#4455 = VECTOR('',#4456,1.);
#4456 = DIRECTION('',(-1.487416814334E-17,1.));
#4457 = ( GEOMETRIC_REPRESENTATION_CONTEXT(2) 
PARAMETRIC_REPRESENTATION_CONTEXT() REPRESENTATION_CONTEXT('2D SPACE',''
  ) );
#4458 = ORIENTED_EDGE('',*,*,#1872,.T.);
#4459 = ADVANCED_FACE('',(#4460),#1916,.F.);
#4460 = FACE_BOUND('',#4461,.F.);
#4461 = EDGE_LOOP('',(#4462,#4463,#4464,#4465));
#4462 = ORIENTED_EDGE('',*,*,#2970,.F.);
#4463 = ORIENTED_EDGE('',*,*,#4438,.F.);
#4464 = ORIENTED_EDGE('',*,*,#1900,.T.);
#4465 = ORIENTED_EDGE('',*,*,#4466,.F.);
#4466 = EDGE_CURVE('',#2971,#1901,#4467,.T.);
#4467 = SURFACE_CURVE('',#4468,(#4472,#4479),.PCURVE_S1.);
#4468 = LINE('',#4469,#4470);
#4469 = CARTESIAN_POINT('',(30.820508075689,20.,116.5));
#4470 = VECTOR('',#4471,1.);
#4471 = DIRECTION('',(0.5,0.,-0.866025403784));
#4472 = PCURVE('',#1916,#4473);
#4473 = DEFINITIONAL_REPRESENTATION('',(#4474),#4478);
#4474 = LINE('',#4475,#4476);
#4475 = CARTESIAN_POINT('',(40.,-2.6645352591E-15));
#4476 = VECTOR('',#4477,1.);
#4477 = DIRECTION('',(1.487416814334E-17,-1.));
#4478 = ( GEOMETRIC_REPRESENTATION_CONTEXT(2) 
PARAMETRIC_REPRESENTATION_CONTEXT() REPRESENTATION_CONTEXT('2D SPACE',''
  ) );
#4479 = PCURVE('',#1944,#4480);
#4480 = DEFINITIONAL_REPRESENTATION('',(#4481),#4485);
#4481 = LINE('',#4482,#4483);
#4482 = CARTESIAN_POINT('',(0.,0.));
#4483 = VECTOR('',#4484,1.);
#4484 = DIRECTION('',(0.,-1.));
#4485 = ( GEOMETRIC_REPRESENTATION_CONTEXT(2) 
PARAMETRIC_REPRESENTATION_CONTEXT() REPRESENTATION_CONTEXT('2D SPACE',''
  ) );
#4486 = ADVANCED_FACE('',(#4487),#1944,.F.);
#4487 = FACE_BOUND('',#4488,.F.);
#4488 = EDGE_LOOP('',(#4489,#4490,#4491,#4512));
#4489 = ORIENTED_EDGE('',*,*,#4466,.T.);
#4490 = ORIENTED_EDGE('',*,*,#1928,.T.);
#4491 = ORIENTED_EDGE('',*,*,#4492,.F.);
#4492 = EDGE_CURVE('',#2994,#1929,#4493,.T.);
#4493 = SURFACE_CURVE('',#4494,(#4498,#4505),.PCURVE_S1.);
#4494 = LINE('',#4495,#4496);
#4495 = CARTESIAN_POINT('',(30.820508075689,-20.,116.5));
#4496 = VECTOR('',#4497,1.);
#4497 = DIRECTION('',(0.5,0.,-0.866025403784));
#4498 = PCURVE('',#1944,#4499);
#4499 = DEFINITIONAL_REPRESENTATION('',(#4500),#4504);
#4500 = LINE('',#4501,#4502);
#4501 = CARTESIAN_POINT('',(40.,0.));
#4502 = VECTOR('',#4503,1.);
#4503 = DIRECTION('',(0.,-1.));
#4504 = ( GEOMETRIC_REPRESENTATION_CONTEXT(2) 
PARAMETRIC_REPRESENTATION_CONTEXT() REPRESENTATION_CONTEXT('2D SPACE',''
  ) );
#4505 = PCURVE('',#1972,#4506);
#4506 = DEFINITIONAL_REPRESENTATION('',(#4507),#4511);
#4507 = LINE('',#4508,#4509);
#4508 = CARTESIAN_POINT('',(0.,0.));
#4509 = VECTOR('',#4510,1.);
#4510 = DIRECTION('',(-1.487416814334E-17,-1.));
#4511 = ( GEOMETRIC_REPRESENTATION_CONTEXT(2) 
PARAMETRIC_REPRESENTATION_CONTEXT() REPRESENTATION_CONTEXT('2D SPACE',''
  ) );
#4512 = ORIENTED_EDGE('',*,*,#2993,.F.);
#4513 = ADVANCED_FACE('',(#4514),#1972,.F.);
#4514 = FACE_BOUND('',#4515,.F.);
#4515 = EDGE_LOOP('',(#4516,#4517,#4518,#4519));
#4516 = ORIENTED_EDGE('',*,*,#3016,.F.);
#4517 = ORIENTED_EDGE('',*,*,#4492,.T.);
#4518 = ORIENTED_EDGE('',*,*,#1956,.T.);
#4519 = ORIENTED_EDGE('',*,*,#4520,.F.);
#4520 = EDGE_CURVE('',#3017,#1957,#4521,.T.);
#4521 = SURFACE_CURVE('',#4522,(#4526,#4533),.PCURVE_S1.);
#4522 = LINE('',#4523,#4524);
#4523 = CARTESIAN_POINT('',(2.857695154587,-20.,100.93301270189));
#4524 = VECTOR('',#4525,1.);
#4525 = DIRECTION('',(0.5,0.,-0.866025403784));
#4526 = PCURVE('',#1972,#4527);
#4527 = DEFINITIONAL_REPRESENTATION('',(#4528),#4532);
#4528 = LINE('',#4529,#4530);
#4529 = CARTESIAN_POINT('',(32.,0.5));
#4530 = VECTOR('',#4531,1.);
#4531 = DIRECTION('',(-1.487416814334E-17,-1.));
#4532 = ( GEOMETRIC_REPRESENTATION_CONTEXT(2) 
PARAMETRIC_REPRESENTATION_CONTEXT() REPRESENTATION_CONTEXT('2D SPACE',''
  ) );
#4533 = PCURVE('',#2000,#4534);
#4534 = DEFINITIONAL_REPRESENTATION('',(#4535),#4539);
#4535 = LINE('',#4536,#4537);
#4536 = CARTESIAN_POINT('',(0.5,3.));
#4537 = VECTOR('',#4538,1.);
#4538 = DIRECTION('',(1.,0.));
#4539 = ( GEOMETRIC_REPRESENTATION_CONTEXT(2) 
PARAMETRIC_REPRESENTATION_CONTEXT() REPRESENTATION_CONTEXT('2D SPACE',''
  ) );
#4540 = ADVANCED_FACE('',(#4541),#2000,.T.);
#4541 = FACE_BOUND('',#4542,.T.);
#4542 = EDGE_LOOP('',(#4543,#4566,#4594,#4615,#4616,#4617));
#4543 = ORIENTED_EDGE('',*,*,#4544,.F.);
#4544 = EDGE_CURVE('',#4545,#2877,#4547,.T.);
#4545 = VERTEX_POINT('',#4546);
#4546 = CARTESIAN_POINT('',(2.607695154587,-18.,101.36602540378));
#4547 = SURFACE_CURVE('',#4548,(#4552,#4559),.PCURVE_S1.);
#4548 = LINE('',#4549,#4550);
#4549 = CARTESIAN_POINT('',(2.607695154587,-18.,101.36602540378));
#4550 = VECTOR('',#4551,1.);
#4551 = DIRECTION('',(0.5,0.,-0.866025403784));
#4552 = PCURVE('',#2000,#4553);
#4553 = DEFINITIONAL_REPRESENTATION('',(#4554),#4558);
#4554 = LINE('',#4555,#4556);
#4555 = CARTESIAN_POINT('',(0.,5.));
#4556 = VECTOR('',#4557,1.);
#4557 = DIRECTION('',(1.,0.));
#4558 = ( GEOMETRIC_REPRESENTATION_CONTEXT(2) 
PARAMETRIC_REPRESENTATION_CONTEXT() REPRESENTATION_CONTEXT('2D SPACE',''
  ) );
#4559 = PCURVE('',#443,#4560);
#4560 = DEFINITIONAL_REPRESENTATION('',(#4561),#4565);
#4561 = LINE('',#4562,#4563);
#4562 = CARTESIAN_POINT('',(-40.24546771637,25.731904482723));
#4563 = VECTOR('',#4564,1.);
#4564 = DIRECTION('',(0.866025403784,0.5));
#4565 = ( GEOMETRIC_REPRESENTATION_CONTEXT(2) 
PARAMETRIC_REPRESENTATION_CONTEXT() REPRESENTATION_CONTEXT('2D SPACE',''
  ) );
#4566 = ORIENTED_EDGE('',*,*,#4567,.F.);
#4567 = EDGE_CURVE('',#4568,#4545,#4570,.T.);
#4568 = VERTEX_POINT('',#4569);
#4569 = CARTESIAN_POINT('',(2.607695154587,-23.,101.36602540378));
#4570 = SURFACE_CURVE('',#4571,(#4575,#4582),.PCURVE_S1.);
#4571 = LINE('',#4572,#4573);
#4572 = CARTESIAN_POINT('',(2.607695154587,-23.,101.36602540378));
#4573 = VECTOR('',#4574,1.);
#4574 = DIRECTION('',(0.,1.,0.));
#4575 = PCURVE('',#2000,#4576);
#4576 = DEFINITIONAL_REPRESENTATION('',(#4577),#4581);
#4577 = LINE('',#4578,#4579);
#4578 = CARTESIAN_POINT('',(0.,0.));
#4579 = VECTOR('',#4580,1.);
#4580 = DIRECTION('',(0.,1.));
#4581 = ( GEOMETRIC_REPRESENTATION_CONTEXT(2) 
PARAMETRIC_REPRESENTATION_CONTEXT() REPRESENTATION_CONTEXT('2D SPACE',''
  ) );
#4582 = PCURVE('',#4583,#4588);
#4583 = PLANE('',#4584);
#4584 = AXIS2_PLACEMENT_3D('',#4585,#4586,#4587);
#4585 = CARTESIAN_POINT('',(-4.320508075689,-23.,97.366025403784));
#4586 = DIRECTION('',(0.5,0.,-0.866025403784));
#4587 = DIRECTION('',(0.866025403784,0.,0.5));
#4588 = DEFINITIONAL_REPRESENTATION('',(#4589),#4593);
#4589 = LINE('',#4590,#4591);
#4590 = CARTESIAN_POINT('',(8.,0.));
#4591 = VECTOR('',#4592,1.);
#4592 = DIRECTION('',(0.,-1.));
#4593 = ( GEOMETRIC_REPRESENTATION_CONTEXT(2) 
PARAMETRIC_REPRESENTATION_CONTEXT() REPRESENTATION_CONTEXT('2D SPACE',''
  ) );
#4594 = ORIENTED_EDGE('',*,*,#4595,.T.);
#4595 = EDGE_CURVE('',#4568,#1985,#4596,.T.);
#4596 = SURFACE_CURVE('',#4597,(#4601,#4608),.PCURVE_S1.);
#4597 = LINE('',#4598,#4599);
#4598 = CARTESIAN_POINT('',(2.607695154587,-23.,101.36602540378));
#4599 = VECTOR('',#4600,1.);
#4600 = DIRECTION('',(0.5,0.,-0.866025403784));
#4601 = PCURVE('',#2000,#4602);
#4602 = DEFINITIONAL_REPRESENTATION('',(#4603),#4607);
#4603 = LINE('',#4604,#4605);
#4604 = CARTESIAN_POINT('',(0.,0.));
#4605 = VECTOR('',#4606,1.);
#4606 = DIRECTION('',(1.,0.));
#4607 = ( GEOMETRIC_REPRESENTATION_CONTEXT(2) 
PARAMETRIC_REPRESENTATION_CONTEXT() REPRESENTATION_CONTEXT('2D SPACE',''
  ) );
#4608 = PCURVE('',#2028,#4609);
#4609 = DEFINITIONAL_REPRESENTATION('',(#4610),#4614);
#4610 = LINE('',#4611,#4612);
#4611 = CARTESIAN_POINT('',(8.,0.));
#4612 = VECTOR('',#4613,1.);
#4613 = DIRECTION('',(1.487416814334E-17,1.));
#4614 = ( GEOMETRIC_REPRESENTATION_CONTEXT(2) 
PARAMETRIC_REPRESENTATION_CONTEXT() REPRESENTATION_CONTEXT('2D SPACE',''
  ) );
#4615 = ORIENTED_EDGE('',*,*,#1984,.T.);
#4616 = ORIENTED_EDGE('',*,*,#4520,.F.);
#4617 = ORIENTED_EDGE('',*,*,#3039,.F.);
#4618 = ADVANCED_FACE('',(#4619),#4583,.F.);
#4619 = FACE_BOUND('',#4620,.F.);
#4620 = EDGE_LOOP('',(#4621,#4622,#4645,#4668,#4691,#4717,#4743,#4769));
#4621 = ORIENTED_EDGE('',*,*,#4567,.F.);
#4622 = ORIENTED_EDGE('',*,*,#4623,.F.);
#4623 = EDGE_CURVE('',#4624,#4568,#4626,.T.);
#4624 = VERTEX_POINT('',#4625);
#4625 = CARTESIAN_POINT('',(-4.320508075689,-23.,97.366025403784));
#4626 = SURFACE_CURVE('',#4627,(#4631,#4638),.PCURVE_S1.);
#4627 = LINE('',#4628,#4629);
#4628 = CARTESIAN_POINT('',(-4.320508075689,-23.,97.366025403784));
#4629 = VECTOR('',#4630,1.);
#4630 = DIRECTION('',(0.866025403784,0.,0.5));
#4631 = PCURVE('',#4583,#4632);
#4632 = DEFINITIONAL_REPRESENTATION('',(#4633),#4637);
#4633 = LINE('',#4634,#4635);
#4634 = CARTESIAN_POINT('',(0.,0.));
#4635 = VECTOR('',#4636,1.);
#4636 = DIRECTION('',(1.,0.));
#4637 = ( GEOMETRIC_REPRESENTATION_CONTEXT(2) 
PARAMETRIC_REPRESENTATION_CONTEXT() REPRESENTATION_CONTEXT('2D SPACE',''
  ) );
#4638 = PCURVE('',#2028,#4639);
#4639 = DEFINITIONAL_REPRESENTATION('',(#4640),#4644);
#4640 = LINE('',#4641,#4642);
#4641 = CARTESIAN_POINT('',(0.,0.));
#4642 = VECTOR('',#4643,1.);
#4643 = DIRECTION('',(1.,1.487416814334E-17));
#4644 = ( GEOMETRIC_REPRESENTATION_CONTEXT(2) 
PARAMETRIC_REPRESENTATION_CONTEXT() REPRESENTATION_CONTEXT('2D SPACE',''
  ) );
#4645 = ORIENTED_EDGE('',*,*,#4646,.T.);
#4646 = EDGE_CURVE('',#4624,#4647,#4649,.T.);
#4647 = VERTEX_POINT('',#4648);
#4648 = CARTESIAN_POINT('',(-4.320508075689,-18.,97.366025403784));
#4649 = SURFACE_CURVE('',#4650,(#4654,#4661),.PCURVE_S1.);
#4650 = LINE('',#4651,#4652);
#4651 = CARTESIAN_POINT('',(-4.320508075689,-23.,97.366025403784));
#4652 = VECTOR('',#4653,1.);
#4653 = DIRECTION('',(0.,1.,0.));
#4654 = PCURVE('',#4583,#4655);
#4655 = DEFINITIONAL_REPRESENTATION('',(#4656),#4660);
#4656 = LINE('',#4657,#4658);
#4657 = CARTESIAN_POINT('',(0.,0.));
#4658 = VECTOR('',#4659,1.);
#4659 = DIRECTION('',(0.,-1.));
#4660 = ( GEOMETRIC_REPRESENTATION_CONTEXT(2) 
PARAMETRIC_REPRESENTATION_CONTEXT() REPRESENTATION_CONTEXT('2D SPACE',''
  ) );
#4661 = PCURVE('',#2056,#4662);
#4662 = DEFINITIONAL_REPRESENTATION('',(#4663),#4667);
#4663 = LINE('',#4664,#4665);
#4664 = CARTESIAN_POINT('',(-3.,1.));
#4665 = VECTOR('',#4666,1.);
#4666 = DIRECTION('',(1.,0.));
#4667 = ( GEOMETRIC_REPRESENTATION_CONTEXT(2) 
PARAMETRIC_REPRESENTATION_CONTEXT() REPRESENTATION_CONTEXT('2D SPACE',''
  ) );
#4668 = ORIENTED_EDGE('',*,*,#4669,.T.);
#4669 = EDGE_CURVE('',#4647,#4670,#4672,.T.);
#4670 = VERTEX_POINT('',#4671);
#4671 = CARTESIAN_POINT('',(-2.952546242212,-18.,98.155818536584));
#4672 = SURFACE_CURVE('',#4673,(#4677,#4684),.PCURVE_S1.);
#4673 = LINE('',#4674,#4675);
#4674 = CARTESIAN_POINT('',(-4.320508075689,-18.,97.366025403784));
#4675 = VECTOR('',#4676,1.);
#4676 = DIRECTION('',(0.866025403784,0.,0.5));
#4677 = PCURVE('',#4583,#4678);
#4678 = DEFINITIONAL_REPRESENTATION('',(#4679),#4683);
#4679 = LINE('',#4680,#4681);
#4680 = CARTESIAN_POINT('',(0.,-5.));
#4681 = VECTOR('',#4682,1.);
#4682 = DIRECTION('',(1.,0.));
#4683 = ( GEOMETRIC_REPRESENTATION_CONTEXT(2) 
PARAMETRIC_REPRESENTATION_CONTEXT() REPRESENTATION_CONTEXT('2D SPACE',''
  ) );
#4684 = PCURVE('',#443,#4685);
#4685 = DEFINITIONAL_REPRESENTATION('',(#4686),#4690);
#4686 = LINE('',#4687,#4688);
#4687 = CARTESIAN_POINT('',(-36.24546771637,18.803701252447));
#4688 = VECTOR('',#4689,1.);
#4689 = DIRECTION('',(-0.5,0.866025403784));
#4690 = ( GEOMETRIC_REPRESENTATION_CONTEXT(2) 
PARAMETRIC_REPRESENTATION_CONTEXT() REPRESENTATION_CONTEXT('2D SPACE',''
  ) );
#4691 = ORIENTED_EDGE('',*,*,#4692,.T.);
#4692 = EDGE_CURVE('',#4670,#4693,#4695,.T.);
#4693 = VERTEX_POINT('',#4694);
#4694 = CARTESIAN_POINT('',(-2.952546242212,-22.,98.155818536584));
#4695 = SURFACE_CURVE('',#4696,(#4700,#4706),.PCURVE_S1.);
#4696 = LINE('',#4697,#4698);
#4697 = CARTESIAN_POINT('',(-2.952546242212,-20.5,98.155818536584));
#4698 = VECTOR('',#4699,1.);
#4699 = DIRECTION('',(0.,-1.,0.));
#4700 = PCURVE('',#4583,#4701);
#4701 = DEFINITIONAL_REPRESENTATION('',(#4702),#4705);
#4702 = B_SPLINE_CURVE_WITH_KNOTS('',1,(#4703,#4704),.UNSPECIFIED.,.F.,
  .F.,(2,2),(-2.5,1.5),.PIECEWISE_BEZIER_KNOTS.);
#4703 = CARTESIAN_POINT('',(1.579586265598,-5.));
#4704 = CARTESIAN_POINT('',(1.579586265598,-1.));
#4705 = ( GEOMETRIC_REPRESENTATION_CONTEXT(2) 
PARAMETRIC_REPRESENTATION_CONTEXT() REPRESENTATION_CONTEXT('2D SPACE',''
  ) );
#4706 = PCURVE('',#4707,#4712);
#4707 = PLANE('',#4708);
#4708 = AXIS2_PLACEMENT_3D('',#4709,#4710,#4711);
#4709 = CARTESIAN_POINT('',(-0.124355652982,-18.,102.09807621135));
#4710 = DIRECTION('',(0.812533446333,0.,-0.582914572292));
#4711 = DIRECTION('',(-0.582914572292,0.,-0.812533446333));
#4712 = DEFINITIONAL_REPRESENTATION('',(#4713),#4716);
#4713 = B_SPLINE_CURVE_WITH_KNOTS('',1,(#4714,#4715),.UNSPECIFIED.,.F.,
  .F.,(2,2),(-2.5,1.5),.PIECEWISE_BEZIER_KNOTS.);
#4714 = CARTESIAN_POINT('',(4.851809722494,0.));
#4715 = CARTESIAN_POINT('',(4.851809722494,-4.));
#4716 = ( GEOMETRIC_REPRESENTATION_CONTEXT(2) 
PARAMETRIC_REPRESENTATION_CONTEXT() REPRESENTATION_CONTEXT('2D SPACE',''
  ) );
#4717 = ORIENTED_EDGE('',*,*,#4718,.F.);
#4718 = EDGE_CURVE('',#4719,#4693,#4721,.T.);
#4719 = VERTEX_POINT('',#4720);
#4720 = CARTESIAN_POINT('',(0.875644347018,-22.,100.36602540378));
#4721 = SURFACE_CURVE('',#4722,(#4726,#4732),.PCURVE_S1.);
#4722 = LINE('',#4723,#4724);
#4723 = CARTESIAN_POINT('',(-19.21926999896,-22.,88.764221196789));
#4724 = VECTOR('',#4725,1.);
#4725 = DIRECTION('',(-0.866025403784,0.,-0.5));
#4726 = PCURVE('',#4583,#4727);
#4727 = DEFINITIONAL_REPRESENTATION('',(#4728),#4731);
#4728 = B_SPLINE_CURVE_WITH_KNOTS('',1,(#4729,#4730),.UNSPECIFIED.,.F.,
  .F.,(2,2),(-25.20360841399,-17.20360841399),.PIECEWISE_BEZIER_KNOTS.);
#4729 = CARTESIAN_POINT('',(8.,-1.));
#4730 = CARTESIAN_POINT('',(0.,-1.));
#4731 = ( GEOMETRIC_REPRESENTATION_CONTEXT(2) 
PARAMETRIC_REPRESENTATION_CONTEXT() REPRESENTATION_CONTEXT('2D SPACE',''
  ) );
#4732 = PCURVE('',#4733,#4738);
#4733 = PLANE('',#4734);
#4734 = AXIS2_PLACEMENT_3D('',#4735,#4736,#4737);
#4735 = CARTESIAN_POINT('',(-23.12420932813,-22.,61.120557687408));
#4736 = DIRECTION('',(-0.,-1.,-0.));
#4737 = DIRECTION('',(0.,0.,-1.));
#4738 = DEFINITIONAL_REPRESENTATION('',(#4739),#4742);
#4739 = B_SPLINE_CURVE_WITH_KNOTS('',1,(#4740,#4741),.UNSPECIFIED.,.F.,
  .F.,(2,2),(-25.20360841399,-17.20360841399),.PIECEWISE_BEZIER_KNOTS.);
#4740 = CARTESIAN_POINT('',(-40.24546771637,25.731904482723));
#4741 = CARTESIAN_POINT('',(-36.24546771637,18.803701252447));
#4742 = ( GEOMETRIC_REPRESENTATION_CONTEXT(2) 
PARAMETRIC_REPRESENTATION_CONTEXT() REPRESENTATION_CONTEXT('2D SPACE',''
  ) );
#4743 = ORIENTED_EDGE('',*,*,#4744,.T.);
#4744 = EDGE_CURVE('',#4719,#4745,#4747,.T.);
#4745 = VERTEX_POINT('',#4746);
#4746 = CARTESIAN_POINT('',(0.875644347018,-18.,100.36602540378));
#4747 = SURFACE_CURVE('',#4748,(#4752,#4758),.PCURVE_S1.);
#4748 = LINE('',#4749,#4750);
#4749 = CARTESIAN_POINT('',(0.875644347018,-20.5,100.36602540378));
#4750 = VECTOR('',#4751,1.);
#4751 = DIRECTION('',(-0.,1.,0.));
#4752 = PCURVE('',#4583,#4753);
#4753 = DEFINITIONAL_REPRESENTATION('',(#4754),#4757);
#4754 = B_SPLINE_CURVE_WITH_KNOTS('',1,(#4755,#4756),.UNSPECIFIED.,.F.,
  .F.,(2,2),(-1.5,2.5),.PIECEWISE_BEZIER_KNOTS.);
#4755 = CARTESIAN_POINT('',(6.,-1.));
#4756 = CARTESIAN_POINT('',(6.,-5.));
#4757 = ( GEOMETRIC_REPRESENTATION_CONTEXT(2) 
PARAMETRIC_REPRESENTATION_CONTEXT() REPRESENTATION_CONTEXT('2D SPACE',''
  ) );
#4758 = PCURVE('',#4759,#4764);
#4759 = PLANE('',#4760);
#4760 = AXIS2_PLACEMENT_3D('',#4761,#4762,#4763);
#4761 = CARTESIAN_POINT('',(3.875644347018,-18.,95.169872981078));
#4762 = DIRECTION('',(-0.866025403784,-0.,-0.5));
#4763 = DIRECTION('',(-0.5,0.,0.866025403784));
#4764 = DEFINITIONAL_REPRESENTATION('',(#4765),#4768);
#4765 = B_SPLINE_CURVE_WITH_KNOTS('',1,(#4766,#4767),.UNSPECIFIED.,.F.,
  .F.,(2,2),(-1.5,2.5),.PIECEWISE_BEZIER_KNOTS.);
#4766 = CARTESIAN_POINT('',(6.,-4.));
#4767 = CARTESIAN_POINT('',(6.,0.));
#4768 = ( GEOMETRIC_REPRESENTATION_CONTEXT(2) 
PARAMETRIC_REPRESENTATION_CONTEXT() REPRESENTATION_CONTEXT('2D SPACE',''
  ) );
#4769 = ORIENTED_EDGE('',*,*,#4770,.T.);
#4770 = EDGE_CURVE('',#4745,#4545,#4771,.T.);
#4771 = SURFACE_CURVE('',#4772,(#4776,#4783),.PCURVE_S1.);
#4772 = LINE('',#4773,#4774);
#4773 = CARTESIAN_POINT('',(-4.320508075689,-18.,97.366025403784));
#4774 = VECTOR('',#4775,1.);
#4775 = DIRECTION('',(0.866025403784,0.,0.5));
#4776 = PCURVE('',#4583,#4777);
#4777 = DEFINITIONAL_REPRESENTATION('',(#4778),#4782);
#4778 = LINE('',#4779,#4780);
#4779 = CARTESIAN_POINT('',(0.,-5.));
#4780 = VECTOR('',#4781,1.);
#4781 = DIRECTION('',(1.,0.));
#4782 = ( GEOMETRIC_REPRESENTATION_CONTEXT(2) 
PARAMETRIC_REPRESENTATION_CONTEXT() REPRESENTATION_CONTEXT('2D SPACE',''
  ) );
#4783 = PCURVE('',#443,#4784);
#4784 = DEFINITIONAL_REPRESENTATION('',(#4785),#4789);
#4785 = LINE('',#4786,#4787);
#4786 = CARTESIAN_POINT('',(-36.24546771637,18.803701252447));
#4787 = VECTOR('',#4788,1.);
#4788 = DIRECTION('',(-0.5,0.866025403784));
#4789 = ( GEOMETRIC_REPRESENTATION_CONTEXT(2) 
PARAMETRIC_REPRESENTATION_CONTEXT() REPRESENTATION_CONTEXT('2D SPACE',''
  ) );
#4790 = ADVANCED_FACE('',(#4791),#4707,.F.);
#4791 = FACE_BOUND('',#4792,.F.);
#4792 = EDGE_LOOP('',(#4793,#4816,#4839,#4860));
#4793 = ORIENTED_EDGE('',*,*,#4794,.F.);
#4794 = EDGE_CURVE('',#4795,#4670,#4797,.T.);
#4795 = VERTEX_POINT('',#4796);
#4796 = CARTESIAN_POINT('',(-0.124355652982,-18.,102.09807621135));
#4797 = SURFACE_CURVE('',#4798,(#4802,#4809),.PCURVE_S1.);
#4798 = LINE('',#4799,#4800);
#4799 = CARTESIAN_POINT('',(-0.124355652982,-18.,102.09807621135));
#4800 = VECTOR('',#4801,1.);
#4801 = DIRECTION('',(-0.582914572292,0.,-0.812533446333));
#4802 = PCURVE('',#4707,#4803);
#4803 = DEFINITIONAL_REPRESENTATION('',(#4804),#4808);
#4804 = LINE('',#4805,#4806);
#4805 = CARTESIAN_POINT('',(0.,0.));
#4806 = VECTOR('',#4807,1.);
#4807 = DIRECTION('',(1.,0.));
#4808 = ( GEOMETRIC_REPRESENTATION_CONTEXT(2) 
PARAMETRIC_REPRESENTATION_CONTEXT() REPRESENTATION_CONTEXT('2D SPACE',''
  ) );
#4809 = PCURVE('',#443,#4810);
#4810 = DEFINITIONAL_REPRESENTATION('',(#4811),#4815);
#4811 = LINE('',#4812,#4813);
#4812 = CARTESIAN_POINT('',(-40.97751852394,22.999853675154));
#4813 = VECTOR('',#4814,1.);
#4814 = DIRECTION('',(0.812533446333,-0.582914572292));
#4815 = ( GEOMETRIC_REPRESENTATION_CONTEXT(2) 
PARAMETRIC_REPRESENTATION_CONTEXT() REPRESENTATION_CONTEXT('2D SPACE',''
  ) );
#4816 = ORIENTED_EDGE('',*,*,#4817,.T.);
#4817 = EDGE_CURVE('',#4795,#4818,#4820,.T.);
#4818 = VERTEX_POINT('',#4819);
#4819 = CARTESIAN_POINT('',(-0.124355652982,-22.,102.09807621135));
#4820 = SURFACE_CURVE('',#4821,(#4825,#4832),.PCURVE_S1.);
#4821 = LINE('',#4822,#4823);
#4822 = CARTESIAN_POINT('',(-0.124355652982,-18.,102.09807621135));
#4823 = VECTOR('',#4824,1.);
#4824 = DIRECTION('',(0.,-1.,0.));
#4825 = PCURVE('',#4707,#4826);
#4826 = DEFINITIONAL_REPRESENTATION('',(#4827),#4831);
#4827 = LINE('',#4828,#4829);
#4828 = CARTESIAN_POINT('',(0.,0.));
#4829 = VECTOR('',#4830,1.);
#4830 = DIRECTION('',(-0.,-1.));
#4831 = ( GEOMETRIC_REPRESENTATION_CONTEXT(2) 
PARAMETRIC_REPRESENTATION_CONTEXT() REPRESENTATION_CONTEXT('2D SPACE',''
  ) );
#4832 = PCURVE('',#4759,#4833);
#4833 = DEFINITIONAL_REPRESENTATION('',(#4834),#4838);
#4834 = LINE('',#4835,#4836);
#4835 = CARTESIAN_POINT('',(8.,0.));
#4836 = VECTOR('',#4837,1.);
#4837 = DIRECTION('',(0.,-1.));
#4838 = ( GEOMETRIC_REPRESENTATION_CONTEXT(2) 
PARAMETRIC_REPRESENTATION_CONTEXT() REPRESENTATION_CONTEXT('2D SPACE',''
  ) );
#4839 = ORIENTED_EDGE('',*,*,#4840,.T.);
#4840 = EDGE_CURVE('',#4818,#4693,#4841,.T.);
#4841 = SURFACE_CURVE('',#4842,(#4846,#4853),.PCURVE_S1.);
#4842 = LINE('',#4843,#4844);
#4843 = CARTESIAN_POINT('',(-0.124355652982,-22.,102.09807621135));
#4844 = VECTOR('',#4845,1.);
#4845 = DIRECTION('',(-0.582914572292,0.,-0.812533446333));
#4846 = PCURVE('',#4707,#4847);
#4847 = DEFINITIONAL_REPRESENTATION('',(#4848),#4852);
#4848 = LINE('',#4849,#4850);
#4849 = CARTESIAN_POINT('',(-0.,-4.));
#4850 = VECTOR('',#4851,1.);
#4851 = DIRECTION('',(1.,0.));
#4852 = ( GEOMETRIC_REPRESENTATION_CONTEXT(2) 
PARAMETRIC_REPRESENTATION_CONTEXT() REPRESENTATION_CONTEXT('2D SPACE',''
  ) );
#4853 = PCURVE('',#4733,#4854);
#4854 = DEFINITIONAL_REPRESENTATION('',(#4855),#4859);
#4855 = LINE('',#4856,#4857);
#4856 = CARTESIAN_POINT('',(-40.97751852394,22.999853675154));
#4857 = VECTOR('',#4858,1.);
#4858 = DIRECTION('',(0.812533446333,-0.582914572292));
#4859 = ( GEOMETRIC_REPRESENTATION_CONTEXT(2) 
PARAMETRIC_REPRESENTATION_CONTEXT() REPRESENTATION_CONTEXT('2D SPACE',''
  ) );
#4860 = ORIENTED_EDGE('',*,*,#4692,.F.);
#4861 = ADVANCED_FACE('',(#4862),#4733,.T.);
#4862 = FACE_BOUND('',#4863,.T.);
#4863 = EDGE_LOOP('',(#4864,#4865,#4866));
#4864 = ORIENTED_EDGE('',*,*,#4840,.T.);
#4865 = ORIENTED_EDGE('',*,*,#4718,.F.);
#4866 = ORIENTED_EDGE('',*,*,#4867,.T.);
#4867 = EDGE_CURVE('',#4719,#4818,#4868,.T.);
#4868 = SURFACE_CURVE('',#4869,(#4873,#4880),.PCURVE_S1.);
#4869 = LINE('',#4870,#4871);
#4870 = CARTESIAN_POINT('',(3.875644347018,-22.,95.169872981078));
#4871 = VECTOR('',#4872,1.);
#4872 = DIRECTION('',(-0.5,0.,0.866025403784));
#4873 = PCURVE('',#4733,#4874);
#4874 = DEFINITIONAL_REPRESENTATION('',(#4875),#4879);
#4875 = LINE('',#4876,#4877);
#4876 = CARTESIAN_POINT('',(-34.04931529367,26.999853675154));
#4877 = VECTOR('',#4878,1.);
#4878 = DIRECTION('',(-0.866025403784,-0.5));
#4879 = ( GEOMETRIC_REPRESENTATION_CONTEXT(2) 
PARAMETRIC_REPRESENTATION_CONTEXT() REPRESENTATION_CONTEXT('2D SPACE',''
  ) );
#4880 = PCURVE('',#4759,#4881);
#4881 = DEFINITIONAL_REPRESENTATION('',(#4882),#4886);
#4882 = LINE('',#4883,#4884);
#4883 = CARTESIAN_POINT('',(0.,-4.));
#4884 = VECTOR('',#4885,1.);
#4885 = DIRECTION('',(1.,0.));
#4886 = ( GEOMETRIC_REPRESENTATION_CONTEXT(2) 
PARAMETRIC_REPRESENTATION_CONTEXT() REPRESENTATION_CONTEXT('2D SPACE',''
  ) );
#4887 = ADVANCED_FACE('',(#4888),#4759,.F.);
#4888 = FACE_BOUND('',#4889,.F.);
#4889 = EDGE_LOOP('',(#4890,#4891,#4892,#4893));
#4890 = ORIENTED_EDGE('',*,*,#4744,.F.);
#4891 = ORIENTED_EDGE('',*,*,#4867,.T.);
#4892 = ORIENTED_EDGE('',*,*,#4817,.F.);
#4893 = ORIENTED_EDGE('',*,*,#4894,.F.);
#4894 = EDGE_CURVE('',#4745,#4795,#4895,.T.);
#4895 = SURFACE_CURVE('',#4896,(#4900,#4907),.PCURVE_S1.);
#4896 = LINE('',#4897,#4898);
#4897 = CARTESIAN_POINT('',(3.875644347018,-18.,95.169872981078));
#4898 = VECTOR('',#4899,1.);
#4899 = DIRECTION('',(-0.5,0.,0.866025403784));
#4900 = PCURVE('',#4759,#4901);
#4901 = DEFINITIONAL_REPRESENTATION('',(#4902),#4906);
#4902 = LINE('',#4903,#4904);
#4903 = CARTESIAN_POINT('',(0.,0.));
#4904 = VECTOR('',#4905,1.);
#4905 = DIRECTION('',(1.,0.));
#4906 = ( GEOMETRIC_REPRESENTATION_CONTEXT(2) 
PARAMETRIC_REPRESENTATION_CONTEXT() REPRESENTATION_CONTEXT('2D SPACE',''
  ) );
#4907 = PCURVE('',#443,#4908);
#4908 = DEFINITIONAL_REPRESENTATION('',(#4909),#4913);
#4909 = LINE('',#4910,#4911);
#4910 = CARTESIAN_POINT('',(-34.04931529367,26.999853675154));
#4911 = VECTOR('',#4912,1.);
#4912 = DIRECTION('',(-0.866025403784,-0.5));
#4913 = ( GEOMETRIC_REPRESENTATION_CONTEXT(2) 
PARAMETRIC_REPRESENTATION_CONTEXT() REPRESENTATION_CONTEXT('2D SPACE',''
  ) );
#4914 = ADVANCED_FACE('',(#4915),#2028,.F.);
#4915 = FACE_BOUND('',#4916,.F.);
#4916 = EDGE_LOOP('',(#4917,#4938,#4939,#4940));
#4917 = ORIENTED_EDGE('',*,*,#4918,.F.);
#4918 = EDGE_CURVE('',#4624,#2013,#4919,.T.);
#4919 = SURFACE_CURVE('',#4920,(#4924,#4931),.PCURVE_S1.);
#4920 = LINE('',#4921,#4922);
#4921 = CARTESIAN_POINT('',(-4.320508075689,-23.,97.366025403784));
#4922 = VECTOR('',#4923,1.);
#4923 = DIRECTION('',(0.5,0.,-0.866025403784));
#4924 = PCURVE('',#2028,#4925);
#4925 = DEFINITIONAL_REPRESENTATION('',(#4926),#4930);
#4926 = LINE('',#4927,#4928);
#4927 = CARTESIAN_POINT('',(0.,0.));
#4928 = VECTOR('',#4929,1.);
#4929 = DIRECTION('',(1.487416814334E-17,1.));
#4930 = ( GEOMETRIC_REPRESENTATION_CONTEXT(2) 
PARAMETRIC_REPRESENTATION_CONTEXT() REPRESENTATION_CONTEXT('2D SPACE',''
  ) );
#4931 = PCURVE('',#2056,#4932);
#4932 = DEFINITIONAL_REPRESENTATION('',(#4933),#4937);
#4933 = LINE('',#4934,#4935);
#4934 = CARTESIAN_POINT('',(-3.,1.));
#4935 = VECTOR('',#4936,1.);
#4936 = DIRECTION('',(0.,-1.));
#4937 = ( GEOMETRIC_REPRESENTATION_CONTEXT(2) 
PARAMETRIC_REPRESENTATION_CONTEXT() REPRESENTATION_CONTEXT('2D SPACE',''
  ) );
#4938 = ORIENTED_EDGE('',*,*,#4623,.T.);
#4939 = ORIENTED_EDGE('',*,*,#4595,.T.);
#4940 = ORIENTED_EDGE('',*,*,#2012,.F.);
#4941 = ADVANCED_FACE('',(#4942),#2056,.F.);
#4942 = FACE_BOUND('',#4943,.F.);
#4943 = EDGE_LOOP('',(#4944,#4945,#4966,#4987,#5008,#5009));
#4944 = ORIENTED_EDGE('',*,*,#2040,.F.);
#4945 = ORIENTED_EDGE('',*,*,#4946,.F.);
#4946 = EDGE_CURVE('',#4947,#2041,#4949,.T.);
#4947 = VERTEX_POINT('',#4948);
#4948 = CARTESIAN_POINT('',(-3.963169066151,-22.,96.747096083739));
#4949 = SURFACE_CURVE('',#4950,(#4954,#4960),.PCURVE_S1.);
#4950 = LINE('',#4951,#4952);
#4951 = CARTESIAN_POINT('',(1.426403221363,-22.,87.412083050699));
#4952 = VECTOR('',#4953,1.);
#4953 = DIRECTION('',(0.5,0.,-0.866025403784));
#4954 = PCURVE('',#2056,#4955);
#4955 = DEFINITIONAL_REPRESENTATION('',(#4956),#4959);
#4956 = B_SPLINE_CURVE_WITH_KNOTS('',1,(#4957,#4958),.UNSPECIFIED.,.F.,
  .F.,(2,2),(-11.4938225941,-6.493822594104),.PIECEWISE_BEZIER_KNOTS.);
#4957 = CARTESIAN_POINT('',(-2.,1.));
#4958 = CARTESIAN_POINT('',(-2.,-4.));
#4959 = ( GEOMETRIC_REPRESENTATION_CONTEXT(2) 
PARAMETRIC_REPRESENTATION_CONTEXT() REPRESENTATION_CONTEXT('2D SPACE',''
  ) );
#4960 = PCURVE('',#502,#4961);
#4961 = DEFINITIONAL_REPRESENTATION('',(#4962),#4965);
#4962 = B_SPLINE_CURVE_WITH_KNOTS('',1,(#4963,#4964),.UNSPECIFIED.,.F.,
  .F.,(2,2),(-11.4938225941,-6.493822594104),.PIECEWISE_BEZIER_KNOTS.);
#4963 = CARTESIAN_POINT('',(-36.24546771637,18.803701252447));
#4964 = CARTESIAN_POINT('',(-31.91534069745,21.303701252447));
#4965 = ( GEOMETRIC_REPRESENTATION_CONTEXT(2) 
PARAMETRIC_REPRESENTATION_CONTEXT() REPRESENTATION_CONTEXT('2D SPACE',''
  ) );
#4966 = ORIENTED_EDGE('',*,*,#4967,.T.);
#4967 = EDGE_CURVE('',#4947,#4968,#4970,.T.);
#4968 = VERTEX_POINT('',#4969);
#4969 = CARTESIAN_POINT('',(-3.963169066151,-18.,96.747096083739));
#4970 = SURFACE_CURVE('',#4971,(#4975,#4981),.PCURVE_S1.);
#4971 = LINE('',#4972,#4973);
#4972 = CARTESIAN_POINT('',(-3.963169066151,-19.,96.747096083739));
#4973 = VECTOR('',#4974,1.);
#4974 = DIRECTION('',(-0.,1.,0.));
#4975 = PCURVE('',#2056,#4976);
#4976 = DEFINITIONAL_REPRESENTATION('',(#4977),#4980);
#4977 = B_SPLINE_CURVE_WITH_KNOTS('',1,(#4978,#4979),.UNSPECIFIED.,.F.,
  .F.,(2,2),(-3.,1.),.PIECEWISE_BEZIER_KNOTS.);
#4978 = CARTESIAN_POINT('',(-2.,0.285321980925));
#4979 = CARTESIAN_POINT('',(2.,0.285321980925));
#4980 = ( GEOMETRIC_REPRESENTATION_CONTEXT(2) 
PARAMETRIC_REPRESENTATION_CONTEXT() REPRESENTATION_CONTEXT('2D SPACE',''
  ) );
#4981 = PCURVE('',#475,#4982);
#4982 = DEFINITIONAL_REPRESENTATION('',(#4983),#4986);
#4983 = B_SPLINE_CURVE_WITH_KNOTS('',1,(#4984,#4985),.UNSPECIFIED.,.F.,
  .F.,(2,2),(-3.,1.),.PIECEWISE_BEZIER_KNOTS.);
#4984 = CARTESIAN_POINT('',(6.585550603196,-4.));
#4985 = CARTESIAN_POINT('',(6.585550603196,0.));
#4986 = ( GEOMETRIC_REPRESENTATION_CONTEXT(2) 
PARAMETRIC_REPRESENTATION_CONTEXT() REPRESENTATION_CONTEXT('2D SPACE',''
  ) );
#4987 = ORIENTED_EDGE('',*,*,#4988,.F.);
#4988 = EDGE_CURVE('',#4647,#4968,#4989,.T.);
#4989 = SURFACE_CURVE('',#4990,(#4994,#5001),.PCURVE_S1.);
#4990 = LINE('',#4991,#4992);
#4991 = CARTESIAN_POINT('',(-4.320508075689,-18.,97.366025403784));
#4992 = VECTOR('',#4993,1.);
#4993 = DIRECTION('',(0.5,0.,-0.866025403784));
#4994 = PCURVE('',#2056,#4995);
#4995 = DEFINITIONAL_REPRESENTATION('',(#4996),#5000);
#4996 = LINE('',#4997,#4998);
#4997 = CARTESIAN_POINT('',(2.,1.));
#4998 = VECTOR('',#4999,1.);
#4999 = DIRECTION('',(0.,-1.));
#5000 = ( GEOMETRIC_REPRESENTATION_CONTEXT(2) 
PARAMETRIC_REPRESENTATION_CONTEXT() REPRESENTATION_CONTEXT('2D SPACE',''
  ) );
#5001 = PCURVE('',#443,#5002);
#5002 = DEFINITIONAL_REPRESENTATION('',(#5003),#5007);
#5003 = LINE('',#5004,#5005);
#5004 = CARTESIAN_POINT('',(-36.24546771637,18.803701252447));
#5005 = VECTOR('',#5006,1.);
#5006 = DIRECTION('',(0.866025403784,0.5));
#5007 = ( GEOMETRIC_REPRESENTATION_CONTEXT(2) 
PARAMETRIC_REPRESENTATION_CONTEXT() REPRESENTATION_CONTEXT('2D SPACE',''
  ) );
#5008 = ORIENTED_EDGE('',*,*,#4646,.F.);
#5009 = ORIENTED_EDGE('',*,*,#4918,.T.);
#5010 = ADVANCED_FACE('',(#5011),#2104,.F.);
#5011 = FACE_BOUND('',#5012,.F.);
#5012 = EDGE_LOOP('',(#5013,#5036,#5064,#5085));
#5013 = ORIENTED_EDGE('',*,*,#5014,.F.);
#5014 = EDGE_CURVE('',#5015,#2090,#5017,.T.);
#5015 = VERTEX_POINT('',#5016);
#5016 = CARTESIAN_POINT('',(3.875644347018,-18.,95.169872981078));
#5017 = SURFACE_CURVE('',#5018,(#5022,#5029),.PCURVE_S1.);
#5018 = LINE('',#5019,#5020);
#5019 = CARTESIAN_POINT('',(3.875644347018,-18.,95.169872981078));
#5020 = VECTOR('',#5021,1.);
#5021 = DIRECTION('',(-0.5,0.,0.866025403784));
#5022 = PCURVE('',#2104,#5023);
#5023 = DEFINITIONAL_REPRESENTATION('',(#5024),#5028);
#5024 = LINE('',#5025,#5026);
#5025 = CARTESIAN_POINT('',(0.,0.));
#5026 = VECTOR('',#5027,1.);
#5027 = DIRECTION('',(1.,0.));
#5028 = ( GEOMETRIC_REPRESENTATION_CONTEXT(2) 
PARAMETRIC_REPRESENTATION_CONTEXT() REPRESENTATION_CONTEXT('2D SPACE',''
  ) );
#5029 = PCURVE('',#443,#5030);
#5030 = DEFINITIONAL_REPRESENTATION('',(#5031),#5035);
#5031 = LINE('',#5032,#5033);
#5032 = CARTESIAN_POINT('',(-34.04931529367,26.999853675154));
#5033 = VECTOR('',#5034,1.);
#5034 = DIRECTION('',(-0.866025403784,-0.5));
#5035 = ( GEOMETRIC_REPRESENTATION_CONTEXT(2) 
PARAMETRIC_REPRESENTATION_CONTEXT() REPRESENTATION_CONTEXT('2D SPACE',''
  ) );
#5036 = ORIENTED_EDGE('',*,*,#5037,.T.);
#5037 = EDGE_CURVE('',#5015,#5038,#5040,.T.);
#5038 = VERTEX_POINT('',#5039);
#5039 = CARTESIAN_POINT('',(3.875644347018,-22.,95.169872981078));
#5040 = SURFACE_CURVE('',#5041,(#5045,#5052),.PCURVE_S1.);
#5041 = LINE('',#5042,#5043);
#5042 = CARTESIAN_POINT('',(3.875644347018,-18.,95.169872981078));
#5043 = VECTOR('',#5044,1.);
#5044 = DIRECTION('',(0.,-1.,0.));
#5045 = PCURVE('',#2104,#5046);
#5046 = DEFINITIONAL_REPRESENTATION('',(#5047),#5051);
#5047 = LINE('',#5048,#5049);
#5048 = CARTESIAN_POINT('',(0.,0.));
#5049 = VECTOR('',#5050,1.);
#5050 = DIRECTION('',(0.,-1.));
#5051 = ( GEOMETRIC_REPRESENTATION_CONTEXT(2) 
PARAMETRIC_REPRESENTATION_CONTEXT() REPRESENTATION_CONTEXT('2D SPACE',''
  ) );
#5052 = PCURVE('',#5053,#5058);
#5053 = PLANE('',#5054);
#5054 = AXIS2_PLACEMENT_3D('',#5055,#5056,#5057);
#5055 = CARTESIAN_POINT('',(-36.,-18.,27.));
#5056 = DIRECTION('',(-0.863172704728,0.,0.504908785635));
#5057 = DIRECTION('',(0.504908785635,0.,0.863172704728));
#5058 = DEFINITIONAL_REPRESENTATION('',(#5059),#5063);
#5059 = LINE('',#5060,#5061);
#5060 = CARTESIAN_POINT('',(78.975936805752,0.));
#5061 = VECTOR('',#5062,1.);
#5062 = DIRECTION('',(0.,-1.));
#5063 = ( GEOMETRIC_REPRESENTATION_CONTEXT(2) 
PARAMETRIC_REPRESENTATION_CONTEXT() REPRESENTATION_CONTEXT('2D SPACE',''
  ) );
#5064 = ORIENTED_EDGE('',*,*,#5065,.T.);
#5065 = EDGE_CURVE('',#5038,#2069,#5066,.T.);
#5066 = SURFACE_CURVE('',#5067,(#5071,#5078),.PCURVE_S1.);
#5067 = LINE('',#5068,#5069);
#5068 = CARTESIAN_POINT('',(3.875644347018,-22.,95.169872981078));
#5069 = VECTOR('',#5070,1.);
#5070 = DIRECTION('',(-0.5,0.,0.866025403784));
#5071 = PCURVE('',#2104,#5072);
#5072 = DEFINITIONAL_REPRESENTATION('',(#5073),#5077);
#5073 = LINE('',#5074,#5075);
#5074 = CARTESIAN_POINT('',(0.,-4.));
#5075 = VECTOR('',#5076,1.);
#5076 = DIRECTION('',(1.,0.));
#5077 = ( GEOMETRIC_REPRESENTATION_CONTEXT(2) 
PARAMETRIC_REPRESENTATION_CONTEXT() REPRESENTATION_CONTEXT('2D SPACE',''
  ) );
#5078 = PCURVE('',#502,#5079);
#5079 = DEFINITIONAL_REPRESENTATION('',(#5080),#5084);
#5080 = LINE('',#5081,#5082);
#5081 = CARTESIAN_POINT('',(-34.04931529367,26.999853675154));
#5082 = VECTOR('',#5083,1.);
#5083 = DIRECTION('',(-0.866025403784,-0.5));
#5084 = ( GEOMETRIC_REPRESENTATION_CONTEXT(2) 
PARAMETRIC_REPRESENTATION_CONTEXT() REPRESENTATION_CONTEXT('2D SPACE',''
  ) );
#5085 = ORIENTED_EDGE('',*,*,#2089,.T.);
#5086 = ADVANCED_FACE('',(#5087),#5053,.F.);
#5087 = FACE_BOUND('',#5088,.F.);
#5088 = EDGE_LOOP('',(#5089,#5114,#5135,#5136));
#5089 = ORIENTED_EDGE('',*,*,#5090,.T.);
#5090 = EDGE_CURVE('',#5091,#5093,#5095,.T.);
#5091 = VERTEX_POINT('',#5092);
#5092 = CARTESIAN_POINT('',(-36.,-18.,27.));
#5093 = VERTEX_POINT('',#5094);
#5094 = CARTESIAN_POINT('',(-36.,-22.,27.));
#5095 = SURFACE_CURVE('',#5096,(#5100,#5107),.PCURVE_S1.);
#5096 = LINE('',#5097,#5098);
#5097 = CARTESIAN_POINT('',(-36.,-18.,27.));
#5098 = VECTOR('',#5099,1.);
#5099 = DIRECTION('',(0.,-1.,0.));
#5100 = PCURVE('',#5053,#5101);
#5101 = DEFINITIONAL_REPRESENTATION('',(#5102),#5106);
#5102 = LINE('',#5103,#5104);
#5103 = CARTESIAN_POINT('',(0.,0.));
#5104 = VECTOR('',#5105,1.);
#5105 = DIRECTION('',(0.,-1.));
#5106 = ( GEOMETRIC_REPRESENTATION_CONTEXT(2) 
PARAMETRIC_REPRESENTATION_CONTEXT() REPRESENTATION_CONTEXT('2D SPACE',''
  ) );
#5107 = PCURVE('',#307,#5108);
#5108 = DEFINITIONAL_REPRESENTATION('',(#5109),#5113);
#5109 = LINE('',#5110,#5111);
#5110 = CARTESIAN_POINT('',(27.,18.));
#5111 = VECTOR('',#5112,1.);
#5112 = DIRECTION('',(0.,1.));
#5113 = ( GEOMETRIC_REPRESENTATION_CONTEXT(2) 
PARAMETRIC_REPRESENTATION_CONTEXT() REPRESENTATION_CONTEXT('2D SPACE',''
  ) );
#5114 = ORIENTED_EDGE('',*,*,#5115,.T.);
#5115 = EDGE_CURVE('',#5093,#5038,#5116,.T.);
#5116 = SURFACE_CURVE('',#5117,(#5121,#5128),.PCURVE_S1.);
#5117 = LINE('',#5118,#5119);
#5118 = CARTESIAN_POINT('',(-36.,-22.,27.));
#5119 = VECTOR('',#5120,1.);
#5120 = DIRECTION('',(0.504908785635,0.,0.863172704728));
#5121 = PCURVE('',#5053,#5122);
#5122 = DEFINITIONAL_REPRESENTATION('',(#5123),#5127);
#5123 = LINE('',#5124,#5125);
#5124 = CARTESIAN_POINT('',(0.,-4.));
#5125 = VECTOR('',#5126,1.);
#5126 = DIRECTION('',(1.,0.));
#5127 = ( GEOMETRIC_REPRESENTATION_CONTEXT(2) 
PARAMETRIC_REPRESENTATION_CONTEXT() REPRESENTATION_CONTEXT('2D SPACE',''
  ) );
#5128 = PCURVE('',#502,#5129);
#5129 = DEFINITIONAL_REPRESENTATION('',(#5130),#5134);
#5130 = LINE('',#5131,#5132);
#5131 = CARTESIAN_POINT('',(34.120557687408,-12.87579067186));
#5132 = VECTOR('',#5133,1.);
#5133 = DIRECTION('',(-0.863172704728,0.504908785635));
#5134 = ( GEOMETRIC_REPRESENTATION_CONTEXT(2) 
PARAMETRIC_REPRESENTATION_CONTEXT() REPRESENTATION_CONTEXT('2D SPACE',''
  ) );
#5135 = ORIENTED_EDGE('',*,*,#5037,.F.);
#5136 = ORIENTED_EDGE('',*,*,#5137,.F.);
#5137 = EDGE_CURVE('',#5091,#5015,#5138,.T.);
#5138 = SURFACE_CURVE('',#5139,(#5143,#5150),.PCURVE_S1.);
#5139 = LINE('',#5140,#5141);
#5140 = CARTESIAN_POINT('',(-36.,-18.,27.));
#5141 = VECTOR('',#5142,1.);
#5142 = DIRECTION('',(0.504908785635,0.,0.863172704728));
#5143 = PCURVE('',#5053,#5144);
#5144 = DEFINITIONAL_REPRESENTATION('',(#5145),#5149);
#5145 = LINE('',#5146,#5147);
#5146 = CARTESIAN_POINT('',(0.,0.));
#5147 = VECTOR('',#5148,1.);
#5148 = DIRECTION('',(1.,0.));
#5149 = ( GEOMETRIC_REPRESENTATION_CONTEXT(2) 
PARAMETRIC_REPRESENTATION_CONTEXT() REPRESENTATION_CONTEXT('2D SPACE',''
  ) );
#5150 = PCURVE('',#443,#5151);
#5151 = DEFINITIONAL_REPRESENTATION('',(#5152),#5156);
#5152 = LINE('',#5153,#5154);
#5153 = CARTESIAN_POINT('',(34.120557687408,-12.87579067186));
#5154 = VECTOR('',#5155,1.);
#5155 = DIRECTION('',(-0.863172704728,0.504908785635));
#5156 = ( GEOMETRIC_REPRESENTATION_CONTEXT(2) 
PARAMETRIC_REPRESENTATION_CONTEXT() REPRESENTATION_CONTEXT('2D SPACE',''
  ) );
#5157 = ADVANCED_FACE('',(#5158),#2153,.F.);
#5158 = FACE_BOUND('',#5159,.F.);
#5159 = EDGE_LOOP('',(#5160,#5161,#5181,#5182));
#5160 = ORIENTED_EDGE('',*,*,#2137,.F.);
#5161 = ORIENTED_EDGE('',*,*,#5162,.F.);
#5162 = EDGE_CURVE('',#2902,#2138,#5163,.T.);
#5163 = SURFACE_CURVE('',#5164,(#5168,#5174),.PCURVE_S1.);
#5164 = LINE('',#5165,#5166);
#5165 = CARTESIAN_POINT('',(1.426403221363,18.,87.412083050699));
#5166 = VECTOR('',#5167,1.);
#5167 = DIRECTION('',(0.5,0.,-0.866025403784));
#5168 = PCURVE('',#2153,#5169);
#5169 = DEFINITIONAL_REPRESENTATION('',(#5170),#5173);
#5170 = B_SPLINE_CURVE_WITH_KNOTS('',1,(#5171,#5172),.UNSPECIFIED.,.F.,
  .F.,(2,2),(-11.4938225941,-6.493822594104),.PIECEWISE_BEZIER_KNOTS.);
#5171 = CARTESIAN_POINT('',(38.,1.));
#5172 = CARTESIAN_POINT('',(38.,-4.));
#5173 = ( GEOMETRIC_REPRESENTATION_CONTEXT(2) 
PARAMETRIC_REPRESENTATION_CONTEXT() REPRESENTATION_CONTEXT('2D SPACE',''
  ) );
#5174 = PCURVE('',#392,#5175);
#5175 = DEFINITIONAL_REPRESENTATION('',(#5176),#5180);
#5176 = LINE('',#5177,#5178);
#5177 = CARTESIAN_POINT('',(-26.29152536329,24.550612549499));
#5178 = VECTOR('',#5179,1.);
#5179 = DIRECTION('',(0.866025403784,0.5));
#5180 = ( GEOMETRIC_REPRESENTATION_CONTEXT(2) 
PARAMETRIC_REPRESENTATION_CONTEXT() REPRESENTATION_CONTEXT('2D SPACE',''
  ) );
#5181 = ORIENTED_EDGE('',*,*,#2901,.F.);
#5182 = ORIENTED_EDGE('',*,*,#5183,.T.);
#5183 = EDGE_CURVE('',#2879,#2116,#5184,.T.);
#5184 = SURFACE_CURVE('',#5185,(#5189,#5195),.PCURVE_S1.);
#5185 = LINE('',#5186,#5187);
#5186 = CARTESIAN_POINT('',(1.426403221363,-18.,87.412083050699));
#5187 = VECTOR('',#5188,1.);
#5188 = DIRECTION('',(0.5,0.,-0.866025403784));
#5189 = PCURVE('',#2153,#5190);
#5190 = DEFINITIONAL_REPRESENTATION('',(#5191),#5194);
#5191 = B_SPLINE_CURVE_WITH_KNOTS('',1,(#5192,#5193),.UNSPECIFIED.,.F.,
  .F.,(2,2),(-11.4938225941,-6.493822594104),.PIECEWISE_BEZIER_KNOTS.);
#5192 = CARTESIAN_POINT('',(2.,1.));
#5193 = CARTESIAN_POINT('',(2.,-4.));
#5194 = ( GEOMETRIC_REPRESENTATION_CONTEXT(2) 
PARAMETRIC_REPRESENTATION_CONTEXT() REPRESENTATION_CONTEXT('2D SPACE',''
  ) );
#5195 = PCURVE('',#443,#5196);
#5196 = DEFINITIONAL_REPRESENTATION('',(#5197),#5201);
#5197 = LINE('',#5198,#5199);
#5198 = CARTESIAN_POINT('',(-26.29152536329,24.550612549499));
#5199 = VECTOR('',#5200,1.);
#5200 = DIRECTION('',(0.866025403784,0.5));
#5201 = ( GEOMETRIC_REPRESENTATION_CONTEXT(2) 
PARAMETRIC_REPRESENTATION_CONTEXT() REPRESENTATION_CONTEXT('2D SPACE',''
  ) );
#5202 = ADVANCED_FACE('',(#5203),#1667,.F.);
#5203 = FACE_BOUND('',#5204,.F.);
#5204 = EDGE_LOOP('',(#5205,#5206,#5207,#5208,#5231,#5250));
#5205 = ORIENTED_EDGE('',*,*,#1821,.F.);
#5206 = ORIENTED_EDGE('',*,*,#4042,.F.);
#5207 = ORIENTED_EDGE('',*,*,#4143,.F.);
#5208 = ORIENTED_EDGE('',*,*,#5209,.T.);
#5209 = EDGE_CURVE('',#4119,#5210,#5212,.T.);
#5210 = VERTEX_POINT('',#5211);
#5211 = CARTESIAN_POINT('',(-3.963169066151,18.,96.747096083739));
#5212 = SURFACE_CURVE('',#5213,(#5217,#5224),.PCURVE_S1.);
#5213 = LINE('',#5214,#5215);
#5214 = CARTESIAN_POINT('',(-4.320508075689,18.,97.366025403784));
#5215 = VECTOR('',#5216,1.);
#5216 = DIRECTION('',(0.5,0.,-0.866025403784));
#5217 = PCURVE('',#1667,#5218);
#5218 = DEFINITIONAL_REPRESENTATION('',(#5219),#5223);
#5219 = LINE('',#5220,#5221);
#5220 = CARTESIAN_POINT('',(38.,1.));
#5221 = VECTOR('',#5222,1.);
#5222 = DIRECTION('',(0.,-1.));
#5223 = ( GEOMETRIC_REPRESENTATION_CONTEXT(2) 
PARAMETRIC_REPRESENTATION_CONTEXT() REPRESENTATION_CONTEXT('2D SPACE',''
  ) );
#5224 = PCURVE('',#392,#5225);
#5225 = DEFINITIONAL_REPRESENTATION('',(#5226),#5230);
#5226 = LINE('',#5227,#5228);
#5227 = CARTESIAN_POINT('',(-36.24546771637,18.803701252447));
#5228 = VECTOR('',#5229,1.);
#5229 = DIRECTION('',(0.866025403784,0.5));
#5230 = ( GEOMETRIC_REPRESENTATION_CONTEXT(2) 
PARAMETRIC_REPRESENTATION_CONTEXT() REPRESENTATION_CONTEXT('2D SPACE',''
  ) );
#5231 = ORIENTED_EDGE('',*,*,#5232,.T.);
#5232 = EDGE_CURVE('',#5210,#1653,#5233,.T.);
#5233 = SURFACE_CURVE('',#5234,(#5238,#5244),.PCURVE_S1.);
#5234 = LINE('',#5235,#5236);
#5235 = CARTESIAN_POINT('',(-3.963169066151,1.,96.747096083739));
#5236 = VECTOR('',#5237,1.);
#5237 = DIRECTION('',(-0.,1.,0.));
#5238 = PCURVE('',#1667,#5239);
#5239 = DEFINITIONAL_REPRESENTATION('',(#5240),#5243);
#5240 = B_SPLINE_CURVE_WITH_KNOTS('',1,(#5241,#5242),.UNSPECIFIED.,.F.,
  .F.,(2,2),(17.,21.),.PIECEWISE_BEZIER_KNOTS.);
#5241 = CARTESIAN_POINT('',(38.,0.285321980925));
#5242 = CARTESIAN_POINT('',(42.,0.285321980925));
#5243 = ( GEOMETRIC_REPRESENTATION_CONTEXT(2) 
PARAMETRIC_REPRESENTATION_CONTEXT() REPRESENTATION_CONTEXT('2D SPACE',''
  ) );
#5244 = PCURVE('',#365,#5245);
#5245 = DEFINITIONAL_REPRESENTATION('',(#5246),#5249);
#5246 = B_SPLINE_CURVE_WITH_KNOTS('',1,(#5247,#5248),.UNSPECIFIED.,.F.,
  .F.,(2,2),(17.,21.),.PIECEWISE_BEZIER_KNOTS.);
#5247 = CARTESIAN_POINT('',(6.585550603196,-4.));
#5248 = CARTESIAN_POINT('',(6.585550603196,0.));
#5249 = ( GEOMETRIC_REPRESENTATION_CONTEXT(2) 
PARAMETRIC_REPRESENTATION_CONTEXT() REPRESENTATION_CONTEXT('2D SPACE',''
  ) );
#5250 = ORIENTED_EDGE('',*,*,#1652,.T.);
#5251 = ADVANCED_FACE('',(#5252),#365,.F.);
#5252 = FACE_BOUND('',#5253,.F.);
#5253 = EDGE_LOOP('',(#5254,#5255,#5256,#5277));
#5254 = ORIENTED_EDGE('',*,*,#1678,.F.);
#5255 = ORIENTED_EDGE('',*,*,#5232,.F.);
#5256 = ORIENTED_EDGE('',*,*,#5257,.T.);
#5257 = EDGE_CURVE('',#5210,#346,#5258,.T.);
#5258 = SURFACE_CURVE('',#5259,(#5263,#5270),.PCURVE_S1.);
#5259 = LINE('',#5260,#5261);
#5260 = CARTESIAN_POINT('',(-0.124355652982,18.,102.09807621135));
#5261 = VECTOR('',#5262,1.);
#5262 = DIRECTION('',(-0.582914572292,0.,-0.812533446333));
#5263 = PCURVE('',#365,#5264);
#5264 = DEFINITIONAL_REPRESENTATION('',(#5265),#5269);
#5265 = LINE('',#5266,#5267);
#5266 = CARTESIAN_POINT('',(-0.,-4.));
#5267 = VECTOR('',#5268,1.);
#5268 = DIRECTION('',(1.,0.));
#5269 = ( GEOMETRIC_REPRESENTATION_CONTEXT(2) 
PARAMETRIC_REPRESENTATION_CONTEXT() REPRESENTATION_CONTEXT('2D SPACE',''
  ) );
#5270 = PCURVE('',#392,#5271);
#5271 = DEFINITIONAL_REPRESENTATION('',(#5272),#5276);
#5272 = LINE('',#5273,#5274);
#5273 = CARTESIAN_POINT('',(-40.97751852394,22.999853675154));
#5274 = VECTOR('',#5275,1.);
#5275 = DIRECTION('',(0.812533446333,-0.582914572292));
#5276 = ( GEOMETRIC_REPRESENTATION_CONTEXT(2) 
PARAMETRIC_REPRESENTATION_CONTEXT() REPRESENTATION_CONTEXT('2D SPACE',''
  ) );
#5277 = ORIENTED_EDGE('',*,*,#345,.F.);
#5278 = ADVANCED_FACE('',(#5279),#392,.T.);
#5279 = FACE_BOUND('',#5280,.T.);
#5280 = EDGE_LOOP('',(#5281,#5301,#5302,#5303,#5304,#5305,#5306,#5307,
    #5308,#5309,#5310,#5311,#5312,#5313));
#5281 = ORIENTED_EDGE('',*,*,#5282,.T.);
#5282 = EDGE_CURVE('',#378,#1704,#5283,.T.);
#5283 = SURFACE_CURVE('',#5284,(#5288,#5295),.PCURVE_S1.);
#5284 = LINE('',#5285,#5286);
#5285 = CARTESIAN_POINT('',(-36.,18.,30.560278843704));
#5286 = VECTOR('',#5287,1.);
#5287 = DIRECTION('',(0.,0.,-1.));
#5288 = PCURVE('',#392,#5289);
#5289 = DEFINITIONAL_REPRESENTATION('',(#5290),#5294);
#5290 = LINE('',#5291,#5292);
#5291 = CARTESIAN_POINT('',(30.560278843704,-12.87579067186));
#5292 = VECTOR('',#5293,1.);
#5293 = DIRECTION('',(1.,0.));
#5294 = ( GEOMETRIC_REPRESENTATION_CONTEXT(2) 
PARAMETRIC_REPRESENTATION_CONTEXT() REPRESENTATION_CONTEXT('2D SPACE',''
  ) );
#5295 = PCURVE('',#307,#5296);
#5296 = DEFINITIONAL_REPRESENTATION('',(#5297),#5300);
#5297 = B_SPLINE_CURVE_WITH_KNOTS('',1,(#5298,#5299),.UNSPECIFIED.,.F.,
  .F.,(2,2),(-4.739721156296,3.560278843704),.PIECEWISE_BEZIER_KNOTS.);
#5298 = CARTESIAN_POINT('',(35.3,-18.));
#5299 = CARTESIAN_POINT('',(27.,-18.));
#5300 = ( GEOMETRIC_REPRESENTATION_CONTEXT(2) 
PARAMETRIC_REPRESENTATION_CONTEXT() REPRESENTATION_CONTEXT('2D SPACE',''
  ) );
#5301 = ORIENTED_EDGE('',*,*,#1726,.T.);
#5302 = ORIENTED_EDGE('',*,*,#1776,.T.);
#5303 = ORIENTED_EDGE('',*,*,#2165,.T.);
#5304 = ORIENTED_EDGE('',*,*,#5162,.F.);
#5305 = ORIENTED_EDGE('',*,*,#2924,.T.);
#5306 = ORIENTED_EDGE('',*,*,#4416,.F.);
#5307 = ORIENTED_EDGE('',*,*,#4188,.F.);
#5308 = ORIENTED_EDGE('',*,*,#4314,.T.);
#5309 = ORIENTED_EDGE('',*,*,#4389,.T.);
#5310 = ORIENTED_EDGE('',*,*,#4118,.F.);
#5311 = ORIENTED_EDGE('',*,*,#5209,.T.);
#5312 = ORIENTED_EDGE('',*,*,#5257,.T.);
#5313 = ORIENTED_EDGE('',*,*,#377,.F.);
#5314 = ADVANCED_FACE('',(#5315),#443,.F.);
#5315 = FACE_BOUND('',#5316,.F.);
#5316 = EDGE_LOOP('',(#5317,#5337,#5338,#5339,#5340,#5341,#5342,#5343,
    #5344,#5345,#5346,#5347,#5348,#5369));
#5317 = ORIENTED_EDGE('',*,*,#5318,.T.);
#5318 = EDGE_CURVE('',#405,#5091,#5319,.T.);
#5319 = SURFACE_CURVE('',#5320,(#5324,#5331),.PCURVE_S1.);
#5320 = LINE('',#5321,#5322);
#5321 = CARTESIAN_POINT('',(-36.,-18.,30.560278843704));
#5322 = VECTOR('',#5323,1.);
#5323 = DIRECTION('',(0.,0.,-1.));
#5324 = PCURVE('',#443,#5325);
#5325 = DEFINITIONAL_REPRESENTATION('',(#5326),#5330);
#5326 = LINE('',#5327,#5328);
#5327 = CARTESIAN_POINT('',(30.560278843704,-12.87579067186));
#5328 = VECTOR('',#5329,1.);
#5329 = DIRECTION('',(1.,0.));
#5330 = ( GEOMETRIC_REPRESENTATION_CONTEXT(2) 
PARAMETRIC_REPRESENTATION_CONTEXT() REPRESENTATION_CONTEXT('2D SPACE',''
  ) );
#5331 = PCURVE('',#307,#5332);
#5332 = DEFINITIONAL_REPRESENTATION('',(#5333),#5336);
#5333 = B_SPLINE_CURVE_WITH_KNOTS('',1,(#5334,#5335),.UNSPECIFIED.,.F.,
  .F.,(2,2),(-4.739721156296,3.560278843704),.PIECEWISE_BEZIER_KNOTS.);
#5334 = CARTESIAN_POINT('',(35.3,18.));
#5335 = CARTESIAN_POINT('',(27.,18.));
#5336 = ( GEOMETRIC_REPRESENTATION_CONTEXT(2) 
PARAMETRIC_REPRESENTATION_CONTEXT() REPRESENTATION_CONTEXT('2D SPACE',''
  ) );
#5337 = ORIENTED_EDGE('',*,*,#5137,.T.);
#5338 = ORIENTED_EDGE('',*,*,#5014,.T.);
#5339 = ORIENTED_EDGE('',*,*,#2115,.T.);
#5340 = ORIENTED_EDGE('',*,*,#5183,.F.);
#5341 = ORIENTED_EDGE('',*,*,#2876,.F.);
#5342 = ORIENTED_EDGE('',*,*,#4544,.F.);
#5343 = ORIENTED_EDGE('',*,*,#4770,.F.);
#5344 = ORIENTED_EDGE('',*,*,#4894,.T.);
#5345 = ORIENTED_EDGE('',*,*,#4794,.T.);
#5346 = ORIENTED_EDGE('',*,*,#4669,.F.);
#5347 = ORIENTED_EDGE('',*,*,#4988,.T.);
#5348 = ORIENTED_EDGE('',*,*,#5349,.T.);
#5349 = EDGE_CURVE('',#4968,#429,#5350,.T.);
#5350 = SURFACE_CURVE('',#5351,(#5355,#5362),.PCURVE_S1.);
#5351 = LINE('',#5352,#5353);
#5352 = CARTESIAN_POINT('',(-0.124355652982,-18.,102.09807621135));
#5353 = VECTOR('',#5354,1.);
#5354 = DIRECTION('',(-0.582914572292,0.,-0.812533446333));
#5355 = PCURVE('',#443,#5356);
#5356 = DEFINITIONAL_REPRESENTATION('',(#5357),#5361);
#5357 = LINE('',#5358,#5359);
#5358 = CARTESIAN_POINT('',(-40.97751852394,22.999853675154));
#5359 = VECTOR('',#5360,1.);
#5360 = DIRECTION('',(0.812533446333,-0.582914572292));
#5361 = ( GEOMETRIC_REPRESENTATION_CONTEXT(2) 
PARAMETRIC_REPRESENTATION_CONTEXT() REPRESENTATION_CONTEXT('2D SPACE',''
  ) );
#5362 = PCURVE('',#475,#5363);
#5363 = DEFINITIONAL_REPRESENTATION('',(#5364),#5368);
#5364 = LINE('',#5365,#5366);
#5365 = CARTESIAN_POINT('',(0.,0.));
#5366 = VECTOR('',#5367,1.);
#5367 = DIRECTION('',(1.,0.));
#5368 = ( GEOMETRIC_REPRESENTATION_CONTEXT(2) 
PARAMETRIC_REPRESENTATION_CONTEXT() REPRESENTATION_CONTEXT('2D SPACE',''
  ) );
#5369 = ORIENTED_EDGE('',*,*,#428,.F.);
#5370 = ADVANCED_FACE('',(#5371),#475,.F.);
#5371 = FACE_BOUND('',#5372,.F.);
#5372 = EDGE_LOOP('',(#5373,#5374,#5375,#5396));
#5373 = ORIENTED_EDGE('',*,*,#5349,.F.);
#5374 = ORIENTED_EDGE('',*,*,#4967,.F.);
#5375 = ORIENTED_EDGE('',*,*,#5376,.T.);
#5376 = EDGE_CURVE('',#4947,#456,#5377,.T.);
#5377 = SURFACE_CURVE('',#5378,(#5382,#5389),.PCURVE_S1.);
#5378 = LINE('',#5379,#5380);
#5379 = CARTESIAN_POINT('',(-0.124355652982,-22.,102.09807621135));
#5380 = VECTOR('',#5381,1.);
#5381 = DIRECTION('',(-0.582914572292,0.,-0.812533446333));
#5382 = PCURVE('',#475,#5383);
#5383 = DEFINITIONAL_REPRESENTATION('',(#5384),#5388);
#5384 = LINE('',#5385,#5386);
#5385 = CARTESIAN_POINT('',(-0.,-4.));
#5386 = VECTOR('',#5387,1.);
#5387 = DIRECTION('',(1.,0.));
#5388 = ( GEOMETRIC_REPRESENTATION_CONTEXT(2) 
PARAMETRIC_REPRESENTATION_CONTEXT() REPRESENTATION_CONTEXT('2D SPACE',''
  ) );
#5389 = PCURVE('',#502,#5390);
#5390 = DEFINITIONAL_REPRESENTATION('',(#5391),#5395);
#5391 = LINE('',#5392,#5393);
#5392 = CARTESIAN_POINT('',(-40.97751852394,22.999853675154));
#5393 = VECTOR('',#5394,1.);
#5394 = DIRECTION('',(0.812533446333,-0.582914572292));
#5395 = ( GEOMETRIC_REPRESENTATION_CONTEXT(2) 
PARAMETRIC_REPRESENTATION_CONTEXT() REPRESENTATION_CONTEXT('2D SPACE',''
  ) );
#5396 = ORIENTED_EDGE('',*,*,#455,.F.);
#5397 = ADVANCED_FACE('',(#5398),#502,.T.);
#5398 = FACE_BOUND('',#5399,.T.);
#5399 = EDGE_LOOP('',(#5400,#5419,#5420,#5421,#5422,#5423,#5424));
#5400 = ORIENTED_EDGE('',*,*,#5401,.T.);
#5401 = EDGE_CURVE('',#488,#5093,#5402,.T.);
#5402 = SURFACE_CURVE('',#5403,(#5407,#5413),.PCURVE_S1.);
#5403 = LINE('',#5404,#5405);
#5404 = CARTESIAN_POINT('',(-36.,-22.,30.560278843704));
#5405 = VECTOR('',#5406,1.);
#5406 = DIRECTION('',(0.,0.,-1.));
#5407 = PCURVE('',#502,#5408);
#5408 = DEFINITIONAL_REPRESENTATION('',(#5409),#5412);
#5409 = B_SPLINE_CURVE_WITH_KNOTS('',1,(#5410,#5411),.UNSPECIFIED.,.F.,
  .F.,(2,2),(-4.739721156296,3.560278843704),.PIECEWISE_BEZIER_KNOTS.);
#5410 = CARTESIAN_POINT('',(25.820557687408,-12.87579067186));
#5411 = CARTESIAN_POINT('',(34.120557687408,-12.87579067186));
#5412 = ( GEOMETRIC_REPRESENTATION_CONTEXT(2) 
PARAMETRIC_REPRESENTATION_CONTEXT() REPRESENTATION_CONTEXT('2D SPACE',''
  ) );
#5413 = PCURVE('',#307,#5414);
#5414 = DEFINITIONAL_REPRESENTATION('',(#5415),#5418);
#5415 = B_SPLINE_CURVE_WITH_KNOTS('',1,(#5416,#5417),.UNSPECIFIED.,.F.,
  .F.,(2,2),(-4.739721156296,3.560278843704),.PIECEWISE_BEZIER_KNOTS.);
#5416 = CARTESIAN_POINT('',(35.3,22.));
#5417 = CARTESIAN_POINT('',(27.,22.));
#5418 = ( GEOMETRIC_REPRESENTATION_CONTEXT(2) 
PARAMETRIC_REPRESENTATION_CONTEXT() REPRESENTATION_CONTEXT('2D SPACE',''
  ) );
#5419 = ORIENTED_EDGE('',*,*,#5115,.T.);
#5420 = ORIENTED_EDGE('',*,*,#5065,.T.);
#5421 = ORIENTED_EDGE('',*,*,#2068,.T.);
#5422 = ORIENTED_EDGE('',*,*,#4946,.F.);
#5423 = ORIENTED_EDGE('',*,*,#5376,.T.);
#5424 = ORIENTED_EDGE('',*,*,#487,.F.);
#5425 = ADVANCED_FACE('',(#5426),#307,.T.);
#5426 = FACE_BOUND('',#5427,.T.);
#5427 = EDGE_LOOP('',(#5428,#5429,#5430,#5431,#5432,#5433,#5434,#5435,
    #5436,#5437,#5438,#5458));
#5428 = ORIENTED_EDGE('',*,*,#1393,.F.);
#5429 = ORIENTED_EDGE('',*,*,#290,.T.);
#5430 = ORIENTED_EDGE('',*,*,#1549,.T.);
#5431 = ORIENTED_EDGE('',*,*,#1703,.T.);
#5432 = ORIENTED_EDGE('',*,*,#5282,.F.);
#5433 = ORIENTED_EDGE('',*,*,#404,.T.);
#5434 = ORIENTED_EDGE('',*,*,#5318,.T.);
#5435 = ORIENTED_EDGE('',*,*,#5090,.T.);
#5436 = ORIENTED_EDGE('',*,*,#5401,.F.);
#5437 = ORIENTED_EDGE('',*,*,#513,.T.);
#5438 = ORIENTED_EDGE('',*,*,#5439,.F.);
#5439 = EDGE_CURVE('',#1503,#514,#5440,.T.);
#5440 = SURFACE_CURVE('',#5441,(#5445,#5451),.PCURVE_S1.);
#5441 = LINE('',#5442,#5443);
#5442 = CARTESIAN_POINT('',(-36.,-35.,0.75));
#5443 = VECTOR('',#5444,1.);
#5444 = DIRECTION('',(0.,-1.,0.));
#5445 = PCURVE('',#307,#5446);
#5446 = DEFINITIONAL_REPRESENTATION('',(#5447),#5450);
#5447 = B_SPLINE_CURVE_WITH_KNOTS('',1,(#5448,#5449),.UNSPECIFIED.,.F.,
  .F.,(2,2),(-70.3,0.3),.PIECEWISE_BEZIER_KNOTS.);
#5448 = CARTESIAN_POINT('',(0.75,-35.3));
#5449 = CARTESIAN_POINT('',(0.75,35.3));
#5450 = ( GEOMETRIC_REPRESENTATION_CONTEXT(2) 
PARAMETRIC_REPRESENTATION_CONTEXT() REPRESENTATION_CONTEXT('2D SPACE',''
  ) );
#5451 = PCURVE('',#552,#5452);
#5452 = DEFINITIONAL_REPRESENTATION('',(#5453),#5457);
#5453 = LINE('',#5454,#5455);
#5454 = CARTESIAN_POINT('',(24.,35.));
#5455 = VECTOR('',#5456,1.);
#5456 = DIRECTION('',(0.,-1.));
#5457 = ( GEOMETRIC_REPRESENTATION_CONTEXT(2) 
PARAMETRIC_REPRESENTATION_CONTEXT() REPRESENTATION_CONTEXT('2D SPACE',''
  ) );
#5458 = ORIENTED_EDGE('',*,*,#1502,.F.);
#5459 = ADVANCED_FACE('',(#5460),#614,.T.);
#5460 = FACE_BOUND('',#5461,.T.);
#5461 = EDGE_LOOP('',(#5462,#5492,#5514,#5515));
#5462 = ORIENTED_EDGE('',*,*,#5463,.F.);
#5463 = EDGE_CURVE('',#5464,#5466,#5468,.T.);
#5464 = VERTEX_POINT('',#5465);
#5465 = CARTESIAN_POINT('',(-36.,-35.3,0.75));
#5466 = VERTEX_POINT('',#5467);
#5467 = CARTESIAN_POINT('',(-36.,-35.3,9.));
#5468 = SURFACE_CURVE('',#5469,(#5473,#5480),.PCURVE_S1.);
#5469 = LINE('',#5470,#5471);
#5470 = CARTESIAN_POINT('',(-36.,-35.3,0.75));
#5471 = VECTOR('',#5472,1.);
#5472 = DIRECTION('',(0.,0.,1.));
#5473 = PCURVE('',#614,#5474);
#5474 = DEFINITIONAL_REPRESENTATION('',(#5475),#5479);
#5475 = LINE('',#5476,#5477);
#5476 = CARTESIAN_POINT('',(0.,0.));
#5477 = VECTOR('',#5478,1.);
#5478 = DIRECTION('',(0.,1.));
#5479 = ( GEOMETRIC_REPRESENTATION_CONTEXT(2) 
PARAMETRIC_REPRESENTATION_CONTEXT() REPRESENTATION_CONTEXT('2D SPACE',''
  ) );
#5480 = PCURVE('',#5481,#5486);
#5481 = PLANE('',#5482);
#5482 = AXIS2_PLACEMENT_3D('',#5483,#5484,#5485);
#5483 = CARTESIAN_POINT('',(-36.,-47.3,0.75));
#5484 = DIRECTION('',(1.,0.,0.));
#5485 = DIRECTION('',(0.,0.,1.));
#5486 = DEFINITIONAL_REPRESENTATION('',(#5487),#5491);
#5487 = LINE('',#5488,#5489);
#5488 = CARTESIAN_POINT('',(0.,-12.));
#5489 = VECTOR('',#5490,1.);
#5490 = DIRECTION('',(1.,0.));
#5491 = ( GEOMETRIC_REPRESENTATION_CONTEXT(2) 
PARAMETRIC_REPRESENTATION_CONTEXT() REPRESENTATION_CONTEXT('2D SPACE',''
  ) );
#5492 = ORIENTED_EDGE('',*,*,#5493,.T.);
#5493 = EDGE_CURVE('',#5464,#538,#5494,.T.);
#5494 = SURFACE_CURVE('',#5495,(#5500,#5507),.PCURVE_S1.);
#5495 = CIRCLE('',#5496,2.);
#5496 = AXIS2_PLACEMENT_3D('',#5497,#5498,#5499);
#5497 = CARTESIAN_POINT('',(-38.,-35.3,0.75));
#5498 = DIRECTION('',(0.,0.,1.));
#5499 = DIRECTION('',(0.,-1.,0.));
#5500 = PCURVE('',#614,#5501);
#5501 = DEFINITIONAL_REPRESENTATION('',(#5502),#5506);
#5502 = LINE('',#5503,#5504);
#5503 = CARTESIAN_POINT('',(-1.570796326795,0.));
#5504 = VECTOR('',#5505,1.);
#5505 = DIRECTION('',(1.,0.));
#5506 = ( GEOMETRIC_REPRESENTATION_CONTEXT(2) 
PARAMETRIC_REPRESENTATION_CONTEXT() REPRESENTATION_CONTEXT('2D SPACE',''
  ) );
#5507 = PCURVE('',#552,#5508);
#5508 = DEFINITIONAL_REPRESENTATION('',(#5509),#5513);
#5509 = CIRCLE('',#5510,2.);
#5510 = AXIS2_PLACEMENT_2D('',#5511,#5512);
#5511 = CARTESIAN_POINT('',(22.,34.7));
#5512 = DIRECTION('',(0.,-1.));
#5513 = ( GEOMETRIC_REPRESENTATION_CONTEXT(2) 
PARAMETRIC_REPRESENTATION_CONTEXT() REPRESENTATION_CONTEXT('2D SPACE',''
  ) );
#5514 = ORIENTED_EDGE('',*,*,#564,.T.);
#5515 = ORIENTED_EDGE('',*,*,#5516,.F.);
#5516 = EDGE_CURVE('',#5466,#565,#5517,.T.);
#5517 = SURFACE_CURVE('',#5518,(#5523,#5530),.PCURVE_S1.);
#5518 = CIRCLE('',#5519,2.);
#5519 = AXIS2_PLACEMENT_3D('',#5520,#5521,#5522);
#5520 = CARTESIAN_POINT('',(-38.,-35.3,9.));
#5521 = DIRECTION('',(0.,0.,1.));
#5522 = DIRECTION('',(0.,-1.,0.));
#5523 = PCURVE('',#614,#5524);
#5524 = DEFINITIONAL_REPRESENTATION('',(#5525),#5529);
#5525 = LINE('',#5526,#5527);
#5526 = CARTESIAN_POINT('',(-1.570796326795,8.25));
#5527 = VECTOR('',#5528,1.);
#5528 = DIRECTION('',(1.,0.));
#5529 = ( GEOMETRIC_REPRESENTATION_CONTEXT(2) 
PARAMETRIC_REPRESENTATION_CONTEXT() REPRESENTATION_CONTEXT('2D SPACE',''
  ) );
#5530 = PCURVE('',#658,#5531);
#5531 = DEFINITIONAL_REPRESENTATION('',(#5532),#5536);
#5532 = CIRCLE('',#5533,2.);
#5533 = AXIS2_PLACEMENT_2D('',#5534,#5535);
#5534 = CARTESIAN_POINT('',(16.,12.));
#5535 = DIRECTION('',(0.,-1.));
#5536 = ( GEOMETRIC_REPRESENTATION_CONTEXT(2) 
PARAMETRIC_REPRESENTATION_CONTEXT() REPRESENTATION_CONTEXT('2D SPACE',''
  ) );
#5537 = ADVANCED_FACE('',(#5538),#5481,.T.);
#5538 = FACE_BOUND('',#5539,.T.);
#5539 = EDGE_LOOP('',(#5540,#5563,#5591,#5612));
#5540 = ORIENTED_EDGE('',*,*,#5541,.F.);
#5541 = EDGE_CURVE('',#5542,#5466,#5544,.T.);
#5542 = VERTEX_POINT('',#5543);
#5543 = CARTESIAN_POINT('',(-36.,-45.3,9.));
#5544 = SURFACE_CURVE('',#5545,(#5549,#5556),.PCURVE_S1.);
#5545 = LINE('',#5546,#5547);
#5546 = CARTESIAN_POINT('',(-36.,-47.3,9.));
#5547 = VECTOR('',#5548,1.);
#5548 = DIRECTION('',(0.,1.,0.));
#5549 = PCURVE('',#5481,#5550);
#5550 = DEFINITIONAL_REPRESENTATION('',(#5551),#5555);
#5551 = LINE('',#5552,#5553);
#5552 = CARTESIAN_POINT('',(8.25,0.));
#5553 = VECTOR('',#5554,1.);
#5554 = DIRECTION('',(0.,-1.));
#5555 = ( GEOMETRIC_REPRESENTATION_CONTEXT(2) 
PARAMETRIC_REPRESENTATION_CONTEXT() REPRESENTATION_CONTEXT('2D SPACE',''
  ) );
#5556 = PCURVE('',#658,#5557);
#5557 = DEFINITIONAL_REPRESENTATION('',(#5558),#5562);
#5558 = LINE('',#5559,#5560);
#5559 = CARTESIAN_POINT('',(18.,0.));
#5560 = VECTOR('',#5561,1.);
#5561 = DIRECTION('',(0.,1.));
#5562 = ( GEOMETRIC_REPRESENTATION_CONTEXT(2) 
PARAMETRIC_REPRESENTATION_CONTEXT() REPRESENTATION_CONTEXT('2D SPACE',''
  ) );
#5563 = ORIENTED_EDGE('',*,*,#5564,.F.);
#5564 = EDGE_CURVE('',#5565,#5542,#5567,.T.);
#5565 = VERTEX_POINT('',#5566);
#5566 = CARTESIAN_POINT('',(-36.,-45.3,0.75));
#5567 = SURFACE_CURVE('',#5568,(#5572,#5579),.PCURVE_S1.);
#5568 = LINE('',#5569,#5570);
#5569 = CARTESIAN_POINT('',(-36.,-45.3,0.75));
#5570 = VECTOR('',#5571,1.);
#5571 = DIRECTION('',(0.,0.,1.));
#5572 = PCURVE('',#5481,#5573);
#5573 = DEFINITIONAL_REPRESENTATION('',(#5574),#5578);
#5574 = LINE('',#5575,#5576);
#5575 = CARTESIAN_POINT('',(0.,-2.));
#5576 = VECTOR('',#5577,1.);
#5577 = DIRECTION('',(1.,0.));
#5578 = ( GEOMETRIC_REPRESENTATION_CONTEXT(2) 
PARAMETRIC_REPRESENTATION_CONTEXT() REPRESENTATION_CONTEXT('2D SPACE',''
  ) );
#5579 = PCURVE('',#5580,#5585);
#5580 = CYLINDRICAL_SURFACE('',#5581,2.);
#5581 = AXIS2_PLACEMENT_3D('',#5582,#5583,#5584);
#5582 = CARTESIAN_POINT('',(-38.,-45.3,0.75));
#5583 = DIRECTION('',(0.,0.,1.));
#5584 = DIRECTION('',(1.,0.,-0.));
#5585 = DEFINITIONAL_REPRESENTATION('',(#5586),#5590);
#5586 = LINE('',#5587,#5588);
#5587 = CARTESIAN_POINT('',(-0.,0.));
#5588 = VECTOR('',#5589,1.);
#5589 = DIRECTION('',(-0.,1.));
#5590 = ( GEOMETRIC_REPRESENTATION_CONTEXT(2) 
PARAMETRIC_REPRESENTATION_CONTEXT() REPRESENTATION_CONTEXT('2D SPACE',''
  ) );
#5591 = ORIENTED_EDGE('',*,*,#5592,.T.);
#5592 = EDGE_CURVE('',#5565,#5464,#5593,.T.);
#5593 = SURFACE_CURVE('',#5594,(#5598,#5605),.PCURVE_S1.);
#5594 = LINE('',#5595,#5596);
#5595 = CARTESIAN_POINT('',(-36.,-47.3,0.75));
#5596 = VECTOR('',#5597,1.);
#5597 = DIRECTION('',(0.,1.,0.));
#5598 = PCURVE('',#5481,#5599);
#5599 = DEFINITIONAL_REPRESENTATION('',(#5600),#5604);
#5600 = LINE('',#5601,#5602);
#5601 = CARTESIAN_POINT('',(0.,0.));
#5602 = VECTOR('',#5603,1.);
#5603 = DIRECTION('',(0.,-1.));
#5604 = ( GEOMETRIC_REPRESENTATION_CONTEXT(2) 
PARAMETRIC_REPRESENTATION_CONTEXT() REPRESENTATION_CONTEXT('2D SPACE',''
  ) );
#5605 = PCURVE('',#552,#5606);
#5606 = DEFINITIONAL_REPRESENTATION('',(#5607),#5611);
#5607 = LINE('',#5608,#5609);
#5608 = CARTESIAN_POINT('',(24.,22.7));
#5609 = VECTOR('',#5610,1.);
#5610 = DIRECTION('',(0.,1.));
#5611 = ( GEOMETRIC_REPRESENTATION_CONTEXT(2) 
PARAMETRIC_REPRESENTATION_CONTEXT() REPRESENTATION_CONTEXT('2D SPACE',''
  ) );
#5612 = ORIENTED_EDGE('',*,*,#5463,.T.);
#5613 = ADVANCED_FACE('',(#5614),#5580,.T.);
#5614 = FACE_BOUND('',#5615,.F.);
#5615 = EDGE_LOOP('',(#5616,#5644,#5672,#5698));
#5616 = ORIENTED_EDGE('',*,*,#5617,.T.);
#5617 = EDGE_CURVE('',#5565,#5618,#5620,.T.);
#5618 = VERTEX_POINT('',#5619);
#5619 = CARTESIAN_POINT('',(-38.,-47.3,0.75));
#5620 = SURFACE_CURVE('',#5621,(#5626,#5633),.PCURVE_S1.);
#5621 = CIRCLE('',#5622,2.);
#5622 = AXIS2_PLACEMENT_3D('',#5623,#5624,#5625);
#5623 = CARTESIAN_POINT('',(-38.,-45.3,0.75));
#5624 = DIRECTION('',(-0.,-0.,-1.));
#5625 = DIRECTION('',(0.,-1.,0.));
#5626 = PCURVE('',#5580,#5627);
#5627 = DEFINITIONAL_REPRESENTATION('',(#5628),#5632);
#5628 = LINE('',#5629,#5630);
#5629 = CARTESIAN_POINT('',(4.712388980385,-0.));
#5630 = VECTOR('',#5631,1.);
#5631 = DIRECTION('',(-1.,0.));
#5632 = ( GEOMETRIC_REPRESENTATION_CONTEXT(2) 
PARAMETRIC_REPRESENTATION_CONTEXT() REPRESENTATION_CONTEXT('2D SPACE',''
  ) );
#5633 = PCURVE('',#552,#5634);
#5634 = DEFINITIONAL_REPRESENTATION('',(#5635),#5643);
#5635 = ( BOUNDED_CURVE() B_SPLINE_CURVE(2,(#5636,#5637,#5638,#5639,
#5640,#5641,#5642),.UNSPECIFIED.,.T.,.F.) B_SPLINE_CURVE_WITH_KNOTS((1,2
    ,2,2,2,1),(-2.094395102393,0.,2.094395102393,4.188790204786,
6.28318530718,8.377580409573),.UNSPECIFIED.) CURVE() 
GEOMETRIC_REPRESENTATION_ITEM() RATIONAL_B_SPLINE_CURVE((1.,0.5,1.,0.5,
1.,0.5,1.)) REPRESENTATION_ITEM('') );
#5636 = CARTESIAN_POINT('',(22.,22.7));
#5637 = CARTESIAN_POINT('',(18.535898384862,22.7));
#5638 = CARTESIAN_POINT('',(20.267949192431,25.7));
#5639 = CARTESIAN_POINT('',(22.,28.7));
#5640 = CARTESIAN_POINT('',(23.732050807569,25.7));
#5641 = CARTESIAN_POINT('',(25.464101615138,22.7));
#5642 = CARTESIAN_POINT('',(22.,22.7));
#5643 = ( GEOMETRIC_REPRESENTATION_CONTEXT(2) 
PARAMETRIC_REPRESENTATION_CONTEXT() REPRESENTATION_CONTEXT('2D SPACE',''
  ) );
#5644 = ORIENTED_EDGE('',*,*,#5645,.T.);
#5645 = EDGE_CURVE('',#5618,#5646,#5648,.T.);
#5646 = VERTEX_POINT('',#5647);
#5647 = CARTESIAN_POINT('',(-38.,-47.3,9.));
#5648 = SURFACE_CURVE('',#5649,(#5653,#5660),.PCURVE_S1.);
#5649 = LINE('',#5650,#5651);
#5650 = CARTESIAN_POINT('',(-38.,-47.3,0.75));
#5651 = VECTOR('',#5652,1.);
#5652 = DIRECTION('',(0.,0.,1.));
#5653 = PCURVE('',#5580,#5654);
#5654 = DEFINITIONAL_REPRESENTATION('',(#5655),#5659);
#5655 = LINE('',#5656,#5657);
#5656 = CARTESIAN_POINT('',(-1.570796326795,0.));
#5657 = VECTOR('',#5658,1.);
#5658 = DIRECTION('',(-0.,1.));
#5659 = ( GEOMETRIC_REPRESENTATION_CONTEXT(2) 
PARAMETRIC_REPRESENTATION_CONTEXT() REPRESENTATION_CONTEXT('2D SPACE',''
  ) );
#5660 = PCURVE('',#5661,#5666);
#5661 = PLANE('',#5662);
#5662 = AXIS2_PLACEMENT_3D('',#5663,#5664,#5665);
#5663 = CARTESIAN_POINT('',(-54.,-47.3,0.75));
#5664 = DIRECTION('',(0.,1.,0.));
#5665 = DIRECTION('',(0.,0.,1.));
#5666 = DEFINITIONAL_REPRESENTATION('',(#5667),#5671);
#5667 = LINE('',#5668,#5669);
#5668 = CARTESIAN_POINT('',(0.,16.));
#5669 = VECTOR('',#5670,1.);
#5670 = DIRECTION('',(1.,0.));
#5671 = ( GEOMETRIC_REPRESENTATION_CONTEXT(2) 
PARAMETRIC_REPRESENTATION_CONTEXT() REPRESENTATION_CONTEXT('2D SPACE',''
  ) );
#5672 = ORIENTED_EDGE('',*,*,#5673,.F.);
#5673 = EDGE_CURVE('',#5542,#5646,#5674,.T.);
#5674 = SURFACE_CURVE('',#5675,(#5680,#5687),.PCURVE_S1.);
#5675 = CIRCLE('',#5676,2.);
#5676 = AXIS2_PLACEMENT_3D('',#5677,#5678,#5679);
#5677 = CARTESIAN_POINT('',(-38.,-45.3,9.));
#5678 = DIRECTION('',(-0.,-0.,-1.));
#5679 = DIRECTION('',(0.,-1.,0.));
#5680 = PCURVE('',#5580,#5681);
#5681 = DEFINITIONAL_REPRESENTATION('',(#5682),#5686);
#5682 = LINE('',#5683,#5684);
#5683 = CARTESIAN_POINT('',(4.712388980385,8.25));
#5684 = VECTOR('',#5685,1.);
#5685 = DIRECTION('',(-1.,0.));
#5686 = ( GEOMETRIC_REPRESENTATION_CONTEXT(2) 
PARAMETRIC_REPRESENTATION_CONTEXT() REPRESENTATION_CONTEXT('2D SPACE',''
  ) );
#5687 = PCURVE('',#658,#5688);
#5688 = DEFINITIONAL_REPRESENTATION('',(#5689),#5697);
#5689 = ( BOUNDED_CURVE() B_SPLINE_CURVE(2,(#5690,#5691,#5692,#5693,
#5694,#5695,#5696),.UNSPECIFIED.,.T.,.F.) B_SPLINE_CURVE_WITH_KNOTS((1,2
    ,2,2,2,1),(-2.094395102393,0.,2.094395102393,4.188790204786,
6.28318530718,8.377580409573),.UNSPECIFIED.) CURVE() 
GEOMETRIC_REPRESENTATION_ITEM() RATIONAL_B_SPLINE_CURVE((1.,0.5,1.,0.5,
1.,0.5,1.)) REPRESENTATION_ITEM('') );
#5690 = CARTESIAN_POINT('',(16.,0.));
#5691 = CARTESIAN_POINT('',(12.535898384862,0.));
#5692 = CARTESIAN_POINT('',(14.267949192431,3.));
#5693 = CARTESIAN_POINT('',(16.,6.));
#5694 = CARTESIAN_POINT('',(17.732050807569,3.));
#5695 = CARTESIAN_POINT('',(19.464101615138,3.10862446895E-15));
#5696 = CARTESIAN_POINT('',(16.,0.));
#5697 = ( GEOMETRIC_REPRESENTATION_CONTEXT(2) 
PARAMETRIC_REPRESENTATION_CONTEXT() REPRESENTATION_CONTEXT('2D SPACE',''
  ) );
#5698 = ORIENTED_EDGE('',*,*,#5564,.F.);
#5699 = ADVANCED_FACE('',(#5700),#5661,.F.);
#5700 = FACE_BOUND('',#5701,.F.);
#5701 = EDGE_LOOP('',(#5702,#5725,#5753,#5774));
#5702 = ORIENTED_EDGE('',*,*,#5703,.F.);
#5703 = EDGE_CURVE('',#5704,#5618,#5706,.T.);
#5704 = VERTEX_POINT('',#5705);
#5705 = CARTESIAN_POINT('',(-52.,-47.3,0.75));
#5706 = SURFACE_CURVE('',#5707,(#5711,#5718),.PCURVE_S1.);
#5707 = LINE('',#5708,#5709);
#5708 = CARTESIAN_POINT('',(-54.,-47.3,0.75));
#5709 = VECTOR('',#5710,1.);
#5710 = DIRECTION('',(1.,0.,0.));
#5711 = PCURVE('',#5661,#5712);
#5712 = DEFINITIONAL_REPRESENTATION('',(#5713),#5717);
#5713 = LINE('',#5714,#5715);
#5714 = CARTESIAN_POINT('',(0.,0.));
#5715 = VECTOR('',#5716,1.);
#5716 = DIRECTION('',(0.,1.));
#5717 = ( GEOMETRIC_REPRESENTATION_CONTEXT(2) 
PARAMETRIC_REPRESENTATION_CONTEXT() REPRESENTATION_CONTEXT('2D SPACE',''
  ) );
#5718 = PCURVE('',#552,#5719);
#5719 = DEFINITIONAL_REPRESENTATION('',(#5720),#5724);
#5720 = LINE('',#5721,#5722);
#5721 = CARTESIAN_POINT('',(6.,22.7));
#5722 = VECTOR('',#5723,1.);
#5723 = DIRECTION('',(1.,0.));
#5724 = ( GEOMETRIC_REPRESENTATION_CONTEXT(2) 
PARAMETRIC_REPRESENTATION_CONTEXT() REPRESENTATION_CONTEXT('2D SPACE',''
  ) );
#5725 = ORIENTED_EDGE('',*,*,#5726,.T.);
#5726 = EDGE_CURVE('',#5704,#5727,#5729,.T.);
#5727 = VERTEX_POINT('',#5728);
#5728 = CARTESIAN_POINT('',(-52.,-47.3,9.));
#5729 = SURFACE_CURVE('',#5730,(#5734,#5741),.PCURVE_S1.);
#5730 = LINE('',#5731,#5732);
#5731 = CARTESIAN_POINT('',(-52.,-47.3,0.75));
#5732 = VECTOR('',#5733,1.);
#5733 = DIRECTION('',(0.,0.,1.));
#5734 = PCURVE('',#5661,#5735);
#5735 = DEFINITIONAL_REPRESENTATION('',(#5736),#5740);
#5736 = LINE('',#5737,#5738);
#5737 = CARTESIAN_POINT('',(0.,2.));
#5738 = VECTOR('',#5739,1.);
#5739 = DIRECTION('',(1.,0.));
#5740 = ( GEOMETRIC_REPRESENTATION_CONTEXT(2) 
PARAMETRIC_REPRESENTATION_CONTEXT() REPRESENTATION_CONTEXT('2D SPACE',''
  ) );
#5741 = PCURVE('',#5742,#5747);
#5742 = CYLINDRICAL_SURFACE('',#5743,2.);
#5743 = AXIS2_PLACEMENT_3D('',#5744,#5745,#5746);
#5744 = CARTESIAN_POINT('',(-52.,-45.3,0.75));
#5745 = DIRECTION('',(0.,0.,1.));
#5746 = DIRECTION('',(-1.,-0.,0.));
#5747 = DEFINITIONAL_REPRESENTATION('',(#5748),#5752);
#5748 = LINE('',#5749,#5750);
#5749 = CARTESIAN_POINT('',(1.570796326795,0.));
#5750 = VECTOR('',#5751,1.);
#5751 = DIRECTION('',(0.,1.));
#5752 = ( GEOMETRIC_REPRESENTATION_CONTEXT(2) 
PARAMETRIC_REPRESENTATION_CONTEXT() REPRESENTATION_CONTEXT('2D SPACE',''
  ) );
#5753 = ORIENTED_EDGE('',*,*,#5754,.T.);
#5754 = EDGE_CURVE('',#5727,#5646,#5755,.T.);
#5755 = SURFACE_CURVE('',#5756,(#5760,#5767),.PCURVE_S1.);
#5756 = LINE('',#5757,#5758);
#5757 = CARTESIAN_POINT('',(-54.,-47.3,9.));
#5758 = VECTOR('',#5759,1.);
#5759 = DIRECTION('',(1.,0.,0.));
#5760 = PCURVE('',#5661,#5761);
#5761 = DEFINITIONAL_REPRESENTATION('',(#5762),#5766);
#5762 = LINE('',#5763,#5764);
#5763 = CARTESIAN_POINT('',(8.25,0.));
#5764 = VECTOR('',#5765,1.);
#5765 = DIRECTION('',(0.,1.));
#5766 = ( GEOMETRIC_REPRESENTATION_CONTEXT(2) 
PARAMETRIC_REPRESENTATION_CONTEXT() REPRESENTATION_CONTEXT('2D SPACE',''
  ) );
#5767 = PCURVE('',#658,#5768);
#5768 = DEFINITIONAL_REPRESENTATION('',(#5769),#5773);
#5769 = LINE('',#5770,#5771);
#5770 = CARTESIAN_POINT('',(0.,0.));
#5771 = VECTOR('',#5772,1.);
#5772 = DIRECTION('',(1.,0.));
#5773 = ( GEOMETRIC_REPRESENTATION_CONTEXT(2) 
PARAMETRIC_REPRESENTATION_CONTEXT() REPRESENTATION_CONTEXT('2D SPACE',''
  ) );
#5774 = ORIENTED_EDGE('',*,*,#5645,.F.);
#5775 = ADVANCED_FACE('',(#5776),#5742,.T.);
#5776 = FACE_BOUND('',#5777,.T.);
#5777 = EDGE_LOOP('',(#5778,#5802,#5803,#5827));
#5778 = ORIENTED_EDGE('',*,*,#5779,.T.);
#5779 = EDGE_CURVE('',#5780,#5704,#5782,.T.);
#5780 = VERTEX_POINT('',#5781);
#5781 = CARTESIAN_POINT('',(-54.,-45.3,0.75));
#5782 = SURFACE_CURVE('',#5783,(#5788,#5795),.PCURVE_S1.);
#5783 = CIRCLE('',#5784,2.);
#5784 = AXIS2_PLACEMENT_3D('',#5785,#5786,#5787);
#5785 = CARTESIAN_POINT('',(-52.,-45.3,0.75));
#5786 = DIRECTION('',(0.,0.,1.));
#5787 = DIRECTION('',(0.,-1.,0.));
#5788 = PCURVE('',#5742,#5789);
#5789 = DEFINITIONAL_REPRESENTATION('',(#5790),#5794);
#5790 = LINE('',#5791,#5792);
#5791 = CARTESIAN_POINT('',(-4.712388980385,0.));
#5792 = VECTOR('',#5793,1.);
#5793 = DIRECTION('',(1.,0.));
#5794 = ( GEOMETRIC_REPRESENTATION_CONTEXT(2) 
PARAMETRIC_REPRESENTATION_CONTEXT() REPRESENTATION_CONTEXT('2D SPACE',''
  ) );
#5795 = PCURVE('',#552,#5796);
#5796 = DEFINITIONAL_REPRESENTATION('',(#5797),#5801);
#5797 = CIRCLE('',#5798,2.);
#5798 = AXIS2_PLACEMENT_2D('',#5799,#5800);
#5799 = CARTESIAN_POINT('',(8.,24.7));
#5800 = DIRECTION('',(0.,-1.));
#5801 = ( GEOMETRIC_REPRESENTATION_CONTEXT(2) 
PARAMETRIC_REPRESENTATION_CONTEXT() REPRESENTATION_CONTEXT('2D SPACE',''
  ) );
#5802 = ORIENTED_EDGE('',*,*,#5726,.T.);
#5803 = ORIENTED_EDGE('',*,*,#5804,.F.);
#5804 = EDGE_CURVE('',#5805,#5727,#5807,.T.);
#5805 = VERTEX_POINT('',#5806);
#5806 = CARTESIAN_POINT('',(-54.,-45.3,9.));
#5807 = SURFACE_CURVE('',#5808,(#5813,#5820),.PCURVE_S1.);
#5808 = CIRCLE('',#5809,2.);
#5809 = AXIS2_PLACEMENT_3D('',#5810,#5811,#5812);
#5810 = CARTESIAN_POINT('',(-52.,-45.3,9.));
#5811 = DIRECTION('',(0.,0.,1.));
#5812 = DIRECTION('',(0.,-1.,0.));
#5813 = PCURVE('',#5742,#5814);
#5814 = DEFINITIONAL_REPRESENTATION('',(#5815),#5819);
#5815 = LINE('',#5816,#5817);
#5816 = CARTESIAN_POINT('',(-4.712388980385,8.25));
#5817 = VECTOR('',#5818,1.);
#5818 = DIRECTION('',(1.,0.));
#5819 = ( GEOMETRIC_REPRESENTATION_CONTEXT(2) 
PARAMETRIC_REPRESENTATION_CONTEXT() REPRESENTATION_CONTEXT('2D SPACE',''
  ) );
#5820 = PCURVE('',#658,#5821);
#5821 = DEFINITIONAL_REPRESENTATION('',(#5822),#5826);
#5822 = CIRCLE('',#5823,2.);
#5823 = AXIS2_PLACEMENT_2D('',#5824,#5825);
#5824 = CARTESIAN_POINT('',(2.,2.));
#5825 = DIRECTION('',(0.,-1.));
#5826 = ( GEOMETRIC_REPRESENTATION_CONTEXT(2) 
PARAMETRIC_REPRESENTATION_CONTEXT() REPRESENTATION_CONTEXT('2D SPACE',''
  ) );
#5827 = ORIENTED_EDGE('',*,*,#5828,.F.);
#5828 = EDGE_CURVE('',#5780,#5805,#5829,.T.);
#5829 = SURFACE_CURVE('',#5830,(#5834,#5841),.PCURVE_S1.);
#5830 = LINE('',#5831,#5832);
#5831 = CARTESIAN_POINT('',(-54.,-45.3,0.75));
#5832 = VECTOR('',#5833,1.);
#5833 = DIRECTION('',(0.,0.,1.));
#5834 = PCURVE('',#5742,#5835);
#5835 = DEFINITIONAL_REPRESENTATION('',(#5836),#5840);
#5836 = LINE('',#5837,#5838);
#5837 = CARTESIAN_POINT('',(0.,0.));
#5838 = VECTOR('',#5839,1.);
#5839 = DIRECTION('',(0.,1.));
#5840 = ( GEOMETRIC_REPRESENTATION_CONTEXT(2) 
PARAMETRIC_REPRESENTATION_CONTEXT() REPRESENTATION_CONTEXT('2D SPACE',''
  ) );
#5841 = PCURVE('',#5842,#5847);
#5842 = PLANE('',#5843);
#5843 = AXIS2_PLACEMENT_3D('',#5844,#5845,#5846);
#5844 = CARTESIAN_POINT('',(-54.,-47.3,0.75));
#5845 = DIRECTION('',(1.,0.,0.));
#5846 = DIRECTION('',(0.,0.,1.));
#5847 = DEFINITIONAL_REPRESENTATION('',(#5848),#5852);
#5848 = LINE('',#5849,#5850);
#5849 = CARTESIAN_POINT('',(0.,-2.));
#5850 = VECTOR('',#5851,1.);
#5851 = DIRECTION('',(1.,0.));
#5852 = ( GEOMETRIC_REPRESENTATION_CONTEXT(2) 
PARAMETRIC_REPRESENTATION_CONTEXT() REPRESENTATION_CONTEXT('2D SPACE',''
  ) );
#5853 = ADVANCED_FACE('',(#5854),#5842,.F.);
#5854 = FACE_BOUND('',#5855,.F.);
#5855 = EDGE_LOOP('',(#5856,#5879,#5880,#5903));
#5856 = ORIENTED_EDGE('',*,*,#5857,.F.);
#5857 = EDGE_CURVE('',#5805,#5858,#5860,.T.);
#5858 = VERTEX_POINT('',#5859);
#5859 = CARTESIAN_POINT('',(-54.,-35.3,9.));
#5860 = SURFACE_CURVE('',#5861,(#5865,#5872),.PCURVE_S1.);
#5861 = LINE('',#5862,#5863);
#5862 = CARTESIAN_POINT('',(-54.,-47.3,9.));
#5863 = VECTOR('',#5864,1.);
#5864 = DIRECTION('',(0.,1.,0.));
#5865 = PCURVE('',#5842,#5866);
#5866 = DEFINITIONAL_REPRESENTATION('',(#5867),#5871);
#5867 = LINE('',#5868,#5869);
#5868 = CARTESIAN_POINT('',(8.25,0.));
#5869 = VECTOR('',#5870,1.);
#5870 = DIRECTION('',(0.,-1.));
#5871 = ( GEOMETRIC_REPRESENTATION_CONTEXT(2) 
PARAMETRIC_REPRESENTATION_CONTEXT() REPRESENTATION_CONTEXT('2D SPACE',''
  ) );
#5872 = PCURVE('',#658,#5873);
#5873 = DEFINITIONAL_REPRESENTATION('',(#5874),#5878);
#5874 = LINE('',#5875,#5876);
#5875 = CARTESIAN_POINT('',(0.,0.));
#5876 = VECTOR('',#5877,1.);
#5877 = DIRECTION('',(0.,1.));
#5878 = ( GEOMETRIC_REPRESENTATION_CONTEXT(2) 
PARAMETRIC_REPRESENTATION_CONTEXT() REPRESENTATION_CONTEXT('2D SPACE',''
  ) );
#5879 = ORIENTED_EDGE('',*,*,#5828,.F.);
#5880 = ORIENTED_EDGE('',*,*,#5881,.T.);
#5881 = EDGE_CURVE('',#5780,#5882,#5884,.T.);
#5882 = VERTEX_POINT('',#5883);
#5883 = CARTESIAN_POINT('',(-54.,-35.3,0.75));
#5884 = SURFACE_CURVE('',#5885,(#5889,#5896),.PCURVE_S1.);
#5885 = LINE('',#5886,#5887);
#5886 = CARTESIAN_POINT('',(-54.,-47.3,0.75));
#5887 = VECTOR('',#5888,1.);
#5888 = DIRECTION('',(0.,1.,0.));
#5889 = PCURVE('',#5842,#5890);
#5890 = DEFINITIONAL_REPRESENTATION('',(#5891),#5895);
#5891 = LINE('',#5892,#5893);
#5892 = CARTESIAN_POINT('',(0.,0.));
#5893 = VECTOR('',#5894,1.);
#5894 = DIRECTION('',(0.,-1.));
#5895 = ( GEOMETRIC_REPRESENTATION_CONTEXT(2) 
PARAMETRIC_REPRESENTATION_CONTEXT() REPRESENTATION_CONTEXT('2D SPACE',''
  ) );
#5896 = PCURVE('',#552,#5897);
#5897 = DEFINITIONAL_REPRESENTATION('',(#5898),#5902);
#5898 = LINE('',#5899,#5900);
#5899 = CARTESIAN_POINT('',(6.,22.7));
#5900 = VECTOR('',#5901,1.);
#5901 = DIRECTION('',(0.,1.));
#5902 = ( GEOMETRIC_REPRESENTATION_CONTEXT(2) 
PARAMETRIC_REPRESENTATION_CONTEXT() REPRESENTATION_CONTEXT('2D SPACE',''
  ) );
#5903 = ORIENTED_EDGE('',*,*,#5904,.T.);
#5904 = EDGE_CURVE('',#5882,#5858,#5905,.T.);
#5905 = SURFACE_CURVE('',#5906,(#5910,#5917),.PCURVE_S1.);
#5906 = LINE('',#5907,#5908);
#5907 = CARTESIAN_POINT('',(-54.,-35.3,0.75));
#5908 = VECTOR('',#5909,1.);
#5909 = DIRECTION('',(0.,0.,1.));
#5910 = PCURVE('',#5842,#5911);
#5911 = DEFINITIONAL_REPRESENTATION('',(#5912),#5916);
#5912 = LINE('',#5913,#5914);
#5913 = CARTESIAN_POINT('',(0.,-12.));
#5914 = VECTOR('',#5915,1.);
#5915 = DIRECTION('',(1.,0.));
#5916 = ( GEOMETRIC_REPRESENTATION_CONTEXT(2) 
PARAMETRIC_REPRESENTATION_CONTEXT() REPRESENTATION_CONTEXT('2D SPACE',''
  ) );
#5917 = PCURVE('',#719,#5918);
#5918 = DEFINITIONAL_REPRESENTATION('',(#5919),#5923);
#5919 = LINE('',#5920,#5921);
#5920 = CARTESIAN_POINT('',(-0.,0.));
#5921 = VECTOR('',#5922,1.);
#5922 = DIRECTION('',(-0.,1.));
#5923 = ( GEOMETRIC_REPRESENTATION_CONTEXT(2) 
PARAMETRIC_REPRESENTATION_CONTEXT() REPRESENTATION_CONTEXT('2D SPACE',''
  ) );
#5924 = ADVANCED_FACE('',(#5925,#5960),#658,.T.);
#5925 = FACE_BOUND('',#5926,.T.);
#5926 = EDGE_LOOP('',(#5927,#5928,#5929,#5930,#5931,#5932,#5933,#5934));
#5927 = ORIENTED_EDGE('',*,*,#5857,.F.);
#5928 = ORIENTED_EDGE('',*,*,#5804,.T.);
#5929 = ORIENTED_EDGE('',*,*,#5754,.T.);
#5930 = ORIENTED_EDGE('',*,*,#5673,.F.);
#5931 = ORIENTED_EDGE('',*,*,#5541,.T.);
#5932 = ORIENTED_EDGE('',*,*,#5516,.T.);
#5933 = ORIENTED_EDGE('',*,*,#643,.T.);
#5934 = ORIENTED_EDGE('',*,*,#5935,.F.);
#5935 = EDGE_CURVE('',#5858,#644,#5936,.T.);
#5936 = SURFACE_CURVE('',#5937,(#5942,#5953),.PCURVE_S1.);
#5937 = CIRCLE('',#5938,2.);
#5938 = AXIS2_PLACEMENT_3D('',#5939,#5940,#5941);
#5939 = CARTESIAN_POINT('',(-52.,-35.3,9.));
#5940 = DIRECTION('',(-0.,-0.,-1.));
#5941 = DIRECTION('',(0.,-1.,0.));
#5942 = PCURVE('',#658,#5943);
#5943 = DEFINITIONAL_REPRESENTATION('',(#5944),#5952);
#5944 = ( BOUNDED_CURVE() B_SPLINE_CURVE(2,(#5945,#5946,#5947,#5948,
#5949,#5950,#5951),.UNSPECIFIED.,.T.,.F.) B_SPLINE_CURVE_WITH_KNOTS((1,2
    ,2,2,2,1),(-2.094395102393,0.,2.094395102393,4.188790204786,
6.28318530718,8.377580409573),.UNSPECIFIED.) CURVE() 
GEOMETRIC_REPRESENTATION_ITEM() RATIONAL_B_SPLINE_CURVE((1.,0.5,1.,0.5,
1.,0.5,1.)) REPRESENTATION_ITEM('') );
#5945 = CARTESIAN_POINT('',(2.,10.));
#5946 = CARTESIAN_POINT('',(-1.464101615138,10.));
#5947 = CARTESIAN_POINT('',(0.267949192431,13.));
#5948 = CARTESIAN_POINT('',(2.,16.));
#5949 = CARTESIAN_POINT('',(3.732050807569,13.));
#5950 = CARTESIAN_POINT('',(5.464101615138,10.));
#5951 = CARTESIAN_POINT('',(2.,10.));
#5952 = ( GEOMETRIC_REPRESENTATION_CONTEXT(2) 
PARAMETRIC_REPRESENTATION_CONTEXT() REPRESENTATION_CONTEXT('2D SPACE',''
  ) );
#5953 = PCURVE('',#719,#5954);
#5954 = DEFINITIONAL_REPRESENTATION('',(#5955),#5959);
#5955 = LINE('',#5956,#5957);
#5956 = CARTESIAN_POINT('',(1.570796326795,8.25));
#5957 = VECTOR('',#5958,1.);
#5958 = DIRECTION('',(-1.,0.));
#5959 = ( GEOMETRIC_REPRESENTATION_CONTEXT(2) 
PARAMETRIC_REPRESENTATION_CONTEXT() REPRESENTATION_CONTEXT('2D SPACE',''
  ) );
#5960 = FACE_BOUND('',#5961,.T.);
#5961 = EDGE_LOOP('',(#5962));
#5962 = ORIENTED_EDGE('',*,*,#5963,.T.);
#5963 = EDGE_CURVE('',#5964,#5964,#5966,.T.);
#5964 = VERTEX_POINT('',#5965);
#5965 = CARTESIAN_POINT('',(-42.75,-40.3,9.));
#5966 = SURFACE_CURVE('',#5967,(#5972,#5983),.PCURVE_S1.);
#5967 = CIRCLE('',#5968,2.25);
#5968 = AXIS2_PLACEMENT_3D('',#5969,#5970,#5971);
#5969 = CARTESIAN_POINT('',(-45.,-40.3,9.));
#5970 = DIRECTION('',(0.,0.,-1.));
#5971 = DIRECTION('',(1.,0.,0.));
#5972 = PCURVE('',#658,#5973);
#5973 = DEFINITIONAL_REPRESENTATION('',(#5974),#5982);
#5974 = ( BOUNDED_CURVE() B_SPLINE_CURVE(2,(#5975,#5976,#5977,#5978,
#5979,#5980,#5981),.UNSPECIFIED.,.T.,.F.) B_SPLINE_CURVE_WITH_KNOTS((1,2
    ,2,2,2,1),(-2.094395102393,0.,2.094395102393,4.188790204786,
6.28318530718,8.377580409573),.UNSPECIFIED.) CURVE() 
GEOMETRIC_REPRESENTATION_ITEM() RATIONAL_B_SPLINE_CURVE((1.,0.5,1.,0.5,
1.,0.5,1.)) REPRESENTATION_ITEM('') );
#5975 = CARTESIAN_POINT('',(11.25,7.));
#5976 = CARTESIAN_POINT('',(11.25,3.10288568297));
#5977 = CARTESIAN_POINT('',(7.875,5.051442841485));
#5978 = CARTESIAN_POINT('',(4.5,7.));
#5979 = CARTESIAN_POINT('',(7.875,8.948557158515));
#5980 = CARTESIAN_POINT('',(11.25,10.89711431703));
#5981 = CARTESIAN_POINT('',(11.25,7.));
#5982 = ( GEOMETRIC_REPRESENTATION_CONTEXT(2) 
PARAMETRIC_REPRESENTATION_CONTEXT() REPRESENTATION_CONTEXT('2D SPACE',''
  ) );
#5983 = PCURVE('',#5984,#5989);
#5984 = CYLINDRICAL_SURFACE('',#5985,2.25);
#5985 = AXIS2_PLACEMENT_3D('',#5986,#5987,#5988);
#5986 = CARTESIAN_POINT('',(-45.,-40.3,-12.));
#5987 = DIRECTION('',(-0.,-0.,-1.));
#5988 = DIRECTION('',(1.,0.,0.));
#5989 = DEFINITIONAL_REPRESENTATION('',(#5990),#5994);
#5990 = LINE('',#5991,#5992);
#5991 = CARTESIAN_POINT('',(-6.28318530718,-21.));
#5992 = VECTOR('',#5993,1.);
#5993 = DIRECTION('',(1.,-0.));
#5994 = ( GEOMETRIC_REPRESENTATION_CONTEXT(2) 
PARAMETRIC_REPRESENTATION_CONTEXT() REPRESENTATION_CONTEXT('2D SPACE',''
  ) );
#5995 = ADVANCED_FACE('',(#5996),#5984,.F.);
#5996 = FACE_BOUND('',#5997,.T.);
#5997 = EDGE_LOOP('',(#5998,#6026,#6047,#6048));
#5998 = ORIENTED_EDGE('',*,*,#5999,.T.);
#5999 = EDGE_CURVE('',#6000,#6000,#6002,.T.);
#6000 = VERTEX_POINT('',#6001);
#6001 = CARTESIAN_POINT('',(-42.75,-40.3,0.75));
#6002 = SURFACE_CURVE('',#6003,(#6008,#6015),.PCURVE_S1.);
#6003 = CIRCLE('',#6004,2.25);
#6004 = AXIS2_PLACEMENT_3D('',#6005,#6006,#6007);
#6005 = CARTESIAN_POINT('',(-45.,-40.3,0.75));
#6006 = DIRECTION('',(0.,0.,-1.));
#6007 = DIRECTION('',(1.,0.,0.));
#6008 = PCURVE('',#5984,#6009);
#6009 = DEFINITIONAL_REPRESENTATION('',(#6010),#6014);
#6010 = LINE('',#6011,#6012);
#6011 = CARTESIAN_POINT('',(-6.28318530718,-12.75));
#6012 = VECTOR('',#6013,1.);
#6013 = DIRECTION('',(1.,-0.));
#6014 = ( GEOMETRIC_REPRESENTATION_CONTEXT(2) 
PARAMETRIC_REPRESENTATION_CONTEXT() REPRESENTATION_CONTEXT('2D SPACE',''
  ) );
#6015 = PCURVE('',#552,#6016);
#6016 = DEFINITIONAL_REPRESENTATION('',(#6017),#6025);
#6017 = ( BOUNDED_CURVE() B_SPLINE_CURVE(2,(#6018,#6019,#6020,#6021,
#6022,#6023,#6024),.UNSPECIFIED.,.T.,.F.) B_SPLINE_CURVE_WITH_KNOTS((1,2
    ,2,2,2,1),(-2.094395102393,0.,2.094395102393,4.188790204786,
6.28318530718,8.377580409573),.UNSPECIFIED.) CURVE() 
GEOMETRIC_REPRESENTATION_ITEM() RATIONAL_B_SPLINE_CURVE((1.,0.5,1.,0.5,
1.,0.5,1.)) REPRESENTATION_ITEM('') );
#6018 = CARTESIAN_POINT('',(17.25,29.7));
#6019 = CARTESIAN_POINT('',(17.25,25.80288568297));
#6020 = CARTESIAN_POINT('',(13.875,27.751442841485));
#6021 = CARTESIAN_POINT('',(10.5,29.7));
#6022 = CARTESIAN_POINT('',(13.875,31.648557158515));
#6023 = CARTESIAN_POINT('',(17.25,33.59711431703));
#6024 = CARTESIAN_POINT('',(17.25,29.7));
#6025 = ( GEOMETRIC_REPRESENTATION_CONTEXT(2) 
PARAMETRIC_REPRESENTATION_CONTEXT() REPRESENTATION_CONTEXT('2D SPACE',''
  ) );
#6026 = ORIENTED_EDGE('',*,*,#6027,.T.);
#6027 = EDGE_CURVE('',#6000,#5964,#6028,.T.);
#6028 = SEAM_CURVE('',#6029,(#6033,#6040),.PCURVE_S1.);
#6029 = LINE('',#6030,#6031);
#6030 = CARTESIAN_POINT('',(-42.75,-40.3,-12.));
#6031 = VECTOR('',#6032,1.);
#6032 = DIRECTION('',(0.,0.,1.));
#6033 = PCURVE('',#5984,#6034);
#6034 = DEFINITIONAL_REPRESENTATION('',(#6035),#6039);
#6035 = LINE('',#6036,#6037);
#6036 = CARTESIAN_POINT('',(-6.28318530718,0.));
#6037 = VECTOR('',#6038,1.);
#6038 = DIRECTION('',(-0.,-1.));
#6039 = ( GEOMETRIC_REPRESENTATION_CONTEXT(2) 
PARAMETRIC_REPRESENTATION_CONTEXT() REPRESENTATION_CONTEXT('2D SPACE',''
  ) );
#6040 = PCURVE('',#5984,#6041);
#6041 = DEFINITIONAL_REPRESENTATION('',(#6042),#6046);
#6042 = LINE('',#6043,#6044);
#6043 = CARTESIAN_POINT('',(-0.,0.));
#6044 = VECTOR('',#6045,1.);
#6045 = DIRECTION('',(-0.,-1.));
#6046 = ( GEOMETRIC_REPRESENTATION_CONTEXT(2) 
PARAMETRIC_REPRESENTATION_CONTEXT() REPRESENTATION_CONTEXT('2D SPACE',''
  ) );
#6047 = ORIENTED_EDGE('',*,*,#5963,.F.);
#6048 = ORIENTED_EDGE('',*,*,#6027,.F.);
#6049 = ADVANCED_FACE('',(#6050),#719,.T.);
#6050 = FACE_BOUND('',#6051,.F.);
#6051 = EDGE_LOOP('',(#6052,#6053,#6079,#6080));
#6052 = ORIENTED_EDGE('',*,*,#5904,.F.);
#6053 = ORIENTED_EDGE('',*,*,#6054,.T.);
#6054 = EDGE_CURVE('',#5882,#670,#6055,.T.);
#6055 = SURFACE_CURVE('',#6056,(#6061,#6068),.PCURVE_S1.);
#6056 = CIRCLE('',#6057,2.);
#6057 = AXIS2_PLACEMENT_3D('',#6058,#6059,#6060);
#6058 = CARTESIAN_POINT('',(-52.,-35.3,0.75));
#6059 = DIRECTION('',(-0.,-0.,-1.));
#6060 = DIRECTION('',(0.,-1.,0.));
#6061 = PCURVE('',#719,#6062);
#6062 = DEFINITIONAL_REPRESENTATION('',(#6063),#6067);
#6063 = LINE('',#6064,#6065);
#6064 = CARTESIAN_POINT('',(1.570796326795,-0.));
#6065 = VECTOR('',#6066,1.);
#6066 = DIRECTION('',(-1.,0.));
#6067 = ( GEOMETRIC_REPRESENTATION_CONTEXT(2) 
PARAMETRIC_REPRESENTATION_CONTEXT() REPRESENTATION_CONTEXT('2D SPACE',''
  ) );
#6068 = PCURVE('',#552,#6069);
#6069 = DEFINITIONAL_REPRESENTATION('',(#6070),#6078);
#6070 = ( BOUNDED_CURVE() B_SPLINE_CURVE(2,(#6071,#6072,#6073,#6074,
#6075,#6076,#6077),.UNSPECIFIED.,.T.,.F.) B_SPLINE_CURVE_WITH_KNOTS((1,2
    ,2,2,2,1),(-2.094395102393,0.,2.094395102393,4.188790204786,
6.28318530718,8.377580409573),.UNSPECIFIED.) CURVE() 
GEOMETRIC_REPRESENTATION_ITEM() RATIONAL_B_SPLINE_CURVE((1.,0.5,1.,0.5,
1.,0.5,1.)) REPRESENTATION_ITEM('') );
#6071 = CARTESIAN_POINT('',(8.,32.7));
#6072 = CARTESIAN_POINT('',(4.535898384862,32.7));
#6073 = CARTESIAN_POINT('',(6.267949192431,35.7));
#6074 = CARTESIAN_POINT('',(8.,38.7));
#6075 = CARTESIAN_POINT('',(9.732050807569,35.7));
#6076 = CARTESIAN_POINT('',(11.464101615138,32.7));
#6077 = CARTESIAN_POINT('',(8.,32.7));
#6078 = ( GEOMETRIC_REPRESENTATION_CONTEXT(2) 
PARAMETRIC_REPRESENTATION_CONTEXT() REPRESENTATION_CONTEXT('2D SPACE',''
  ) );
#6079 = ORIENTED_EDGE('',*,*,#669,.T.);
#6080 = ORIENTED_EDGE('',*,*,#5935,.F.);
#6081 = ADVANCED_FACE('',(#6082,#6115),#552,.F.);
#6082 = FACE_BOUND('',#6083,.F.);
#6083 = EDGE_LOOP('',(#6084,#6085,#6086,#6087,#6107,#6108,#6109,#6110,
    #6111,#6112,#6113,#6114));
#6084 = ORIENTED_EDGE('',*,*,#537,.F.);
#6085 = ORIENTED_EDGE('',*,*,#5439,.F.);
#6086 = ORIENTED_EDGE('',*,*,#1526,.T.);
#6087 = ORIENTED_EDGE('',*,*,#6088,.T.);
#6088 = EDGE_CURVE('',#1478,#24,#6089,.T.);
#6089 = SURFACE_CURVE('',#6090,(#6094,#6101),.PCURVE_S1.);
#6090 = LINE('',#6091,#6092);
#6091 = CARTESIAN_POINT('',(-54.,-35.,0.75));
#6092 = VECTOR('',#6093,1.);
#6093 = DIRECTION('',(0.,-1.,0.));
#6094 = PCURVE('',#552,#6095);
#6095 = DEFINITIONAL_REPRESENTATION('',(#6096),#6100);
#6096 = LINE('',#6097,#6098);
#6097 = CARTESIAN_POINT('',(6.,35.));
#6098 = VECTOR('',#6099,1.);
#6099 = DIRECTION('',(0.,-1.));
#6100 = ( GEOMETRIC_REPRESENTATION_CONTEXT(2) 
PARAMETRIC_REPRESENTATION_CONTEXT() REPRESENTATION_CONTEXT('2D SPACE',''
  ) );
#6101 = PCURVE('',#45,#6102);
#6102 = DEFINITIONAL_REPRESENTATION('',(#6103),#6106);
#6103 = B_SPLINE_CURVE_WITH_KNOTS('',1,(#6104,#6105),.UNSPECIFIED.,.F.,
  .F.,(2,2),(-70.3,0.3),.PIECEWISE_BEZIER_KNOTS.);
#6104 = CARTESIAN_POINT('',(0.75,-35.3));
#6105 = CARTESIAN_POINT('',(0.75,35.3));
#6106 = ( GEOMETRIC_REPRESENTATION_CONTEXT(2) 
PARAMETRIC_REPRESENTATION_CONTEXT() REPRESENTATION_CONTEXT('2D SPACE',''
  ) );
#6107 = ORIENTED_EDGE('',*,*,#748,.F.);
#6108 = ORIENTED_EDGE('',*,*,#6054,.F.);
#6109 = ORIENTED_EDGE('',*,*,#5881,.F.);
#6110 = ORIENTED_EDGE('',*,*,#5779,.T.);
#6111 = ORIENTED_EDGE('',*,*,#5703,.T.);
#6112 = ORIENTED_EDGE('',*,*,#5617,.F.);
#6113 = ORIENTED_EDGE('',*,*,#5592,.T.);
#6114 = ORIENTED_EDGE('',*,*,#5493,.T.);
#6115 = FACE_BOUND('',#6116,.F.);
#6116 = EDGE_LOOP('',(#6117));
#6117 = ORIENTED_EDGE('',*,*,#5999,.T.);
#6118 = ADVANCED_FACE('',(#6119),#45,.F.);
#6119 = FACE_BOUND('',#6120,.F.);
#6120 = EDGE_LOOP('',(#6121,#6122,#6123,#6124));
#6121 = ORIENTED_EDGE('',*,*,#1424,.F.);
#6122 = ORIENTED_EDGE('',*,*,#21,.T.);
#6123 = ORIENTED_EDGE('',*,*,#6088,.F.);
#6124 = ORIENTED_EDGE('',*,*,#1477,.F.);
#6125 = ( GEOMETRIC_REPRESENTATION_CONTEXT(3) 
GLOBAL_UNCERTAINTY_ASSIGNED_CONTEXT((#6129)) 
GLOBAL_UNIT_ASSIGNED_CONTEXT((#6126,#6127,#6128)) REPRESENTATION_CONTEXT
('Context #1','3D Context with UNIT and UNCERTAINTY') );
#6126 = ( LENGTH_UNIT() NAMED_UNIT(*) SI_UNIT(.MILLI.,.METRE.) );
#6127 = ( NAMED_UNIT(*) PLANE_ANGLE_UNIT() SI_UNIT($,.RADIAN.) );
#6128 = ( NAMED_UNIT(*) SI_UNIT($,.STERADIAN.) SOLID_ANGLE_UNIT() );
#6129 = UNCERTAINTY_MEASURE_WITH_UNIT(LENGTH_MEASURE(1.E-07),#6126,
  'distance_accuracy_value','confusion accuracy');
#6130 = PRODUCT_RELATED_PRODUCT_CATEGORY('part',$,(#7));
ENDSEC;
END-ISO-10303-21;
